Customer ID,frequency,recency,T,monetary_value,predicted_purchases_6m,expected_avg_value,CLV_6m,CLV_Bucket
12346,1.0,118.0,648.0,142.31,0.2612054847065662,155.62918781087484,40.651197436628784,Low
12347,7.0,402.0,405.0,717.3985714285715,2.8733508179001337,720.1370546407096,2069.206394952076,High
12348,4.0,363.0,439.0,449.31,1.5890620158221744,453.41130229505256,720.4986780215336,Medium
12349,3.0,571.0,590.0,1120.0566666666666,0.9744081720625979,1127.8549022459094,1098.9910336492767,High
12350,0.0,0.0,311.0,0.0,0.3151559889210759,470.98914615257866,148.43505012680907,Low
12351,0.0,0.0,376.0,0.0,0.2692811004844868,470.98914615257866,126.82847559221516,Low
12352,7.0,356.0,393.0,369.39428571428573,2.9219884201808974,371.61679196304055,1085.859962860778,High
12353,1.0,204.0,409.0,89.0,0.5403980783657558,101.76093202451405,54.99141211875569,Low
12354,0.0,0.0,233.0,0.0,0.3962272512063683,470.98914615257866,186.6187347280707,Low
12355,1.0,353.0,568.0,459.4,0.418675334927422,476.0397154285288,199.30608729579393,Low
12356,5.0,402.0,425.0,1092.648,2.0218834183593133,1097.2635355170069,2218.5389480321514,High
12357,1.0,355.0,389.0,6207.67,0.610696526592158,6284.504894364264,3837.925310339673,High
12358,4.0,730.0,732.0,614.3100000000001,1.0285954297289202,618.8399010641434,636.5358939684751,Medium
12359,8.0,677.0,735.0,1012.1312499999999,1.9038343840393916,1014.9092764089468,1932.219177107892,High
12360,6.0,603.0,656.0,682.4816666666667,1.6198025755531777,685.6169397208809,1110.5640848027706,High
12361,3.0,395.0,683.0,134.01666666666668,0.7691039897469948,138.39686772775988,106.44158313790723,Low
12362,10.0,735.0,739.0,522.6229999999999,2.3542915731945997,524.3370237516046,1234.4422365323394,High
12363,1.0,133.0,243.0,252.9,0.8489576550463617,267.3772727370357,226.9919824755253,Low
12364,3.0,105.0,113.0,229.7266666666667,3.5201933660116573,234.43863934324415,825.2693429528875,Medium
12365,0.0,0.0,292.0,0.0,0.33168009881673316,470.98914615257866,156.21772653749608,Low
12366,0.0,0.0,634.0,0.0,0.17073087253847158,470.98914615257866,80.41238787877947,Low
12367,0.0,0.0,5.0,0.0,1.6297824722868715,470.98914615257866,767.6098550368323,Medium
12368,0.0,0.0,629.0,0.0,0.17194990015269698,470.98914615257866,80.98653665393991,Low
12369,2.0,228.0,642.0,721.415,0.49662445251479503,731.0562710934387,363.06042038928655,Medium
12370,5.0,617.0,669.0,751.47,1.3503425295208638,755.3769171286501,1020.0175770171733,High
12371,3.0,601.0,646.0,1153.2333333333333,0.895014804279201,1161.1465733666184,1039.2433731011888,High
12372,2.0,225.0,297.0,449.41,1.2322694572910289,457.634487772466,563.9290018850347,Medium
12373,2.0,362.0,674.0,344.875,0.5625470368778145,352.5549998238699,198.3287704873764,Low
12374,2.0,563.0,589.0,800.34,0.7017743008119504,810.3923650939453,568.7125353971462,Medium
12375,1.0,88.0,99.0,227.20000000000002,1.6650821845902355,241.40814548681118,401.96440226505695,Medium
12376,1.0,28.0,418.0,70.6,0.3108807994257814,83.16824947960619,25.8554118850628,Low
12377,3.0,274.0,590.0,738.4533333333334,0.7915302836976479,744.9287692639066,589.6336800699996,Medium
12378,1.0,433.0,563.0,4008.62,0.43454694075500805,4062.426712278414,1765.3150998620101,High
12379,3.0,453.0,535.0,417.58,1.0486123662636482,422.943152322112,443.50341975149644,Medium
12380,7.0,641.0,663.0,951.2857142857143,1.8576207918130654,954.3709759218541,1772.8593679753626,High
12381,4.0,115.0,120.0,144.14249999999998,4.34601085435256,147.4511088716192,640.824119642378,Medium
12383,4.0,168.0,353.0,312.46,1.5568204049451293,316.20582507353697,492.27568063699255,Medium
12384,1.0,93.0,122.0,292.58,1.447204537469902,307.47279683388047,444.97602672655313,Medium
12385,0.0,0.0,380.0,0.0,0.26689108588693405,470.98914615257866,125.70280465762161,Low
12386,1.0,29.0,367.0,143.0,0.3821255023479369,156.32641340630886,59.73630925313703,Low
12387,0.0,0.0,416.0,0.0,0.24715144864408414,470.98914615257866,116.40564976725008,Low
12388,7.0,567.0,583.0,491.3557142857143,2.086365439277033,493.75904959361424,1030.1618164023914,High
12389,2.0,253.0,656.0,634.24,0.5075923265965577,643.4272055946215,326.5987122832956,Medium
12390,0.0,0.0,80.0,0.0,0.8024299461987893,470.98914615257866,377.93579520742736,Medium
12391,4.0,641.0,663.0,515.2574999999999,1.1225957880679258,519.5301054303533,583.2223081306,Medium
12392,0.0,0.0,592.0,0.0,0.1815424447981936,470.98914615257866,85.50452106595284,Low
12393,5.0,356.0,429.0,419.13,1.9731276406770253,422.34665505083,833.3438590282776,Medium
12394,1.0,154.0,218.0,891.4,0.9518472397942157,912.5635664828873,868.6211118935015,High
12395,13.0,583.0,603.0,303.2176923076923,3.6229144685413246,304.3608112482028,1102.6731867280891,High
12396,0.0,0.0,675.0,0.0,0.16135144760907524,470.98914615257866,75.99478053988088,Low
12397,1.0,100.0,136.0,1195.09,1.3432407792732035,1219.4337709428369,1637.9931687533174,High
12398,0.0,0.0,46.0,0.0,1.04112876043265,470.98914615257866,490.3603459110665,Medium
12399,6.0,525.0,645.0,292.72,1.6107636559010168,295.18090192995066,475.46666874484686,Medium
12400,0.0,0.0,415.0,0.0,0.24766020398417288,470.98914615257866,116.64526801047904,Low
12401,0.0,0.0,304.0,0.0,0.3210482511012561,470.98914615257866,151.21024165995928,Low
12402,5.0,347.0,671.0,213.04000000000002,0.9908597879221597,215.82861114513722,213.85589186680494,Low
12403,1.0,472.0,522.0,427.7,0.4729754436132303,444.0077569136604,210.00476579395385,Low
12404,0.0,0.0,683.0,0.0,0.15964028714830325,470.98914615257866,75.18884253553182,Low
12405,0.0,0.0,149.0,0.0,0.5484161300551158,470.98914615257866,258.2980448309605,Low
12406,4.0,675.0,698.0,1377.29,1.0714562318227867,1383.8017937237848,1482.6830554928997,High
12407,4.0,215.0,265.0,370.45500000000004,2.415133724385416,374.3514710469517,904.1088624987838,High
12408,6.0,466.0,499.0,691.1116666666667,2.07093803616053,694.2618714684079,1437.773316679919,High
12409,3.0,487.0,566.0,5432.926666666666,0.9993327343081041,5455.675146183572,5452.034761332395,High
12410,1.0,194.0,503.0,693.3299999999999,0.4259813873172864,712.4194017182188,303.477405095678,Medium
12411,0.0,0.0,410.0,0.0,0.25023577369087,470.98914615257866,117.85833338749278,Low
12412,5.0,465.0,540.0,385.21,1.622110438177807,388.3562040377721,629.9566523007803,Medium
12413,3.0,336.0,403.0,252.70000000000002,1.339822148529939,257.4916080324761,344.99295950250104,Medium
12414,3.0,246.0,464.0,187.47,1.0608606485118952,192.0354930760657,203.72289772197664,Low
12415,21.0,503.0,528.0,6760.6180952380955,6.4617106911017315,6764.513780772354,43710.33101732172,High
12416,0.0,0.0,657.0,0.0,0.1653391037320635,470.98914615257866,77.87292329239722,Low
12417,18.0,730.0,734.0,361.0727777777778,4.1588801841956,361.93150954078527,1505.2297830651726,High
12418,3.0,518.0,631.0,559.0866666666667,0.900966557939485,564.9403413521868,508.9923547892374,Medium
12419,1.0,28.0,414.0,180.1,0.31560439692383613,193.81492005935678,61.168840960174805,Low
12420,0.0,0.0,64.0,0.0,0.8993521048130465,470.98914615257866,423.5850799364212,Medium
12421,5.0,490.0,506.0,204.16,1.740875968010518,206.93016760162442,360.2397558340566,Medium
12422,12.0,626.0,722.0,338.52916666666664,2.7884790609189736,339.79814965814535,947.52002526075,High
12423,9.0,465.0,466.0,258.1766666666667,3.218786035017466,259.7765003605252,836.1649715861681,Medium
12424,2.0,386.0,549.0,1446.7450000000001,0.7197009842023325,1460.1642731382583,1050.881664474688,High
12425,1.0,370.0,449.0,777.2,0.534502311086236,797.1676780791657,426.0879662565627,Medium
12426,1.0,468.0,663.0,582.73,0.3709099098665105,600.6612120732835,222.79119603041056,Low
12427,2.0,350.0,372.0,261.15,1.0451200312592888,268.39390422434616,280.50384557275123,Low
12428,6.0,258.0,284.0,497.8733333333334,3.3231284928742095,500.68919444957237,1663.8545281496095,High
12429,5.0,537.0,547.0,1215.7099999999998,1.626954595547773,1220.581132290855,1985.830082419511,High
12430,0.0,0.0,44.0,0.0,1.0597190186051295,470.98914615257866,499.1161557344786,Medium
12431,23.0,658.0,694.0,423.3782608695652,5.517552694951439,424.07831395860194,2339.8744440527466,High
12432,2.0,130.0,173.0,871.33,1.8692261134998327,881.7521283260764,1648.1941039011576,High
12433,7.0,449.0,450.0,2779.31,2.6254898724812885,2785.105626015698,7312.266614894874,High
12434,2.0,297.0,382.0,403.07,1.0020724626048632,411.05311816862087,411.9050103846377,Medium
12435,5.0,658.0,738.0,2583.5860000000002,1.2299063989051957,2591.298177395147,3187.054209849662,High
12436,0.0,0.0,100.0,0.0,0.7073127495047882,470.98914615257866,333.1366279520929,Medium
12437,33.0,736.0,738.0,366.8218181818182,7.479066569235619,367.2919007079883,2747.0005757361237,High
12438,1.0,126.0,141.0,2016.78,1.3306532310451482,2049.72840791704,2727.4777287598367,High
12439,1.0,43.0,726.0,76.52000000000001,0.13795523075138952,89.15024299405482,12.29874234378728,Low
12440,1.0,255.0,718.0,290.69,0.2987014008088428,305.56300498551764,91.27209762453353,Low
12441,0.0,0.0,367.0,0.0,0.27481864156018637,470.98914615257866,129.43659733524373,Low
12442,0.0,0.0,4.0,0.0,1.652714350685279,470.98914615257866,778.410520863373,Medium
12443,0.0,0.0,733.0,0.0,0.14971720869785526,470.98914615257866,70.51518028895028,Low
12444,4.0,150.0,172.0,783.8149999999999,3.3806187652131334,788.7852018784143,2666.582055192597,High
12445,1.0,398.0,421.0,133.4,0.5727062458905077,146.6258833828787,83.97355922258782,Low
12446,0.0,0.0,58.0,0.0,0.9420787360010973,470.98914615257866,443.70885947765737,Medium
12447,0.0,0.0,244.0,0.0,0.38234906500145155,470.98914615257866,180.08225965727047,Low
12448,0.0,0.0,45.0,0.0,1.0503408506142657,470.98914615257866,494.6991403999862,Medium
12449,5.0,416.0,439.0,831.458,1.966526178749689,835.5310502546074,1643.0936834839074,High
12450,4.0,318.0,475.0,134.945,1.4150521342307036,138.22971773720278,195.60225709813653,Low
12451,6.0,519.0,530.0,1753.1016666666667,1.972422393767153,1758.0893415212777,3467.6947874599164,High
12452,0.0,0.0,17.0,0.0,1.3976119808794234,470.98914615257866,658.2600735270137,Medium
12453,0.0,0.0,135.0,0.0,0.5859927140760357,470.98914615257866,275.9962080543042,Low
12454,1.0,1.0,418.0,4098.96,0.22384261463421054,4153.712741686401,929.7779205385193,High
12455,9.0,648.0,722.0,471.50222222222214,2.150661217379586,473.3479800024802,1018.0111429163019,High
12456,2.0,210.0,255.0,1120.435,1.4056660803601715,1132.1546331850714,1591.431365590867,High
12457,5.0,354.0,436.0,397.57599999999996,1.938265957244744,400.74788791829906,776.7559885897713,Medium
12458,3.0,416.0,488.0,465.6266666666667,1.138115307419458,471.1563691948035,536.2302759687796,Medium
12459,0.0,0.0,606.0,0.0,0.1777894586218378,470.98914615257866,83.7369053112286,Low
12460,0.0,0.0,457.0,0.0,0.2279544859007413,470.98914615257866,107.36408867604017,Low
12461,1.0,60.0,155.0,200.0,1.1514895695398635,213.92331042042562,246.3304606305585,Low
12462,1.0,285.0,304.0,427.48,0.7515146739671356,443.78545310062344,333.51128009827255,Medium
12463,3.0,188.0,242.0,331.40333333333336,2.0198853778251484,336.4677606328035,679.6263098117719,Medium
12464,6.0,299.0,310.0,166.35833333333332,3.1122475804721947,168.60060252820105,524.7268172845479,Medium
12465,1.0,152.0,170.0,301.25,1.1686707814851907,316.23358801129086,369.5729544330211,Medium
12466,0.0,0.0,683.0,0.0,0.15964028714830325,470.98914615257866,75.18884253553182,Low
12468,4.0,495.0,683.0,807.3775,1.0432988117042445,812.4089070814248,847.5852473759945,High
12469,1.0,14.0,537.0,1113.7,0.172746332891566,1137.1914648379427,196.44565534634282,Low
12470,0.0,0.0,690.0,0.0,0.15817254178903753,470.98914615257866,74.49755040200185,Low
12471,47.0,730.0,733.0,825.2717021276595,10.661004447376165,825.7028382560881,8802.821630859276,High
12472,18.0,693.0,726.0,921.8977777777777,4.181440757414018,923.0795859840104,3859.8026031703985,High
12473,3.0,162.0,192.0,1075.3,2.4315408650635097,1082.9430899141746,2633.2203776644624,High
12474,28.0,649.0,667.0,438.0625,6.961178276987052,438.64293426282654,3053.471665344248,High
12475,1.0,356.0,410.0,723.38,0.5811595553489685,742.7840816353103,431.6760666034688,Medium
12476,16.0,486.0,502.0,804.45125,5.204557846116355,805.7047594295325,4193.337027342263,High
12477,8.0,601.0,624.0,2281.8925,2.219884826031159,2286.31753308699,5075.361599188801,High
12478,0.0,0.0,4.0,0.0,1.652714350685279,470.98914615257866,778.410520863373,Medium
12479,0.0,0.0,12.0,0.0,1.485694288265705,470.98914615257866,699.7458842740274,Medium
12480,6.0,479.0,508.0,835.4916666666667,2.0406513577535392,838.891679777557,1711.8854453462188,High
12481,12.0,585.0,608.0,782.6491666666667,3.3299441913830696,784.3020289005435,2611.6819854273213,High
12482,5.0,77.0,654.0,3275.76,0.009524336255085858,3284.9098059185053,31.28658555919667,Low
12483,16.0,660.0,678.0,300.64875,3.9816061817911956,301.5757302154308,1200.755791703953,High
12484,11.0,649.0,682.0,527.7136363636364,2.760304812624578,529.2764933624156,1460.9644518373364,High
12485,0.0,0.0,530.0,0.0,0.20026608232353524,470.98914615257866,94.32315111688389,Low
12486,0.0,0.0,432.0,0.0,0.2392869734754787,470.98914615257866,112.70156732265045,Low
12487,0.0,0.0,731.0,0.0,0.15009037186887023,470.98914615257866,70.6909360922422,Low
12488,2.0,66.0,76.0,372.635,3.17375777768268,380.4595924048526,1207.4865904888832,High
12489,0.0,0.0,337.0,0.0,0.2950465737286147,470.98914615257866,138.96373383568408,Low
12490,20.0,733.0,739.0,460.985,4.57687558507142,461.8096121917954,2113.6451389919293,High
12491,0.0,0.0,39.0,0.0,1.1092667469559951,470.98914615257866,522.4525980042526,Medium
12492,2.0,340.0,404.0,131.60500000000002,0.964103128165037,138.17414752753763,133.21412786283634,Low
12493,1.0,32.0,198.0,201.24,0.8426349040635628,215.17629554845203,181.3150571562227,Low
12494,7.0,561.0,577.0,217.57857142857142,2.1056678299531058,219.57598444006848,462.3540866657359,Medium
12495,0.0,0.0,641.0,0.0,0.16905300937395157,470.98914615257866,79.62213253956132,Low
12496,0.0,0.0,621.0,0.0,0.1739370020331218,470.98914615257866,81.92244007191937,Low
12497,2.0,563.0,645.0,2518.37,0.6411125607261619,2537.3710103355056,1626.7404259485245,High
12498,1.0,36.0,58.0,156.45,2.1723549741410157,169.91726015788552,369.12060529639564,Medium
12499,0.0,0.0,561.0,0.0,0.1904447166385695,470.98914615257866,89.69739447886964,Low
12500,16.0,650.0,674.0,347.11125000000004,3.9987924920129165,348.06834392786817,1391.8530804061288,High
12501,0.0,0.0,337.0,0.0,0.2950465737286147,470.98914615257866,138.96373383568408,Low
12502,4.0,214.0,310.0,776.655,2.0636466717197797,781.6066032894041,1612.959865472381,High
12504,2.0,566.0,597.0,306.0,0.6928583596827367,313.47751291516295,217.1955153958237,Low
12505,0.0,0.0,409.0,0.0,0.25075733926599547,470.98914615257866,118.1039851123837,Low
12506,0.0,0.0,233.0,0.0,0.3962272512063683,470.98914615257866,186.6187347280707,Low
12507,2.0,450.0,585.0,629.03,0.6892235383753196,638.1900684423548,439.85561712782714,Medium
12508,1.0,3.0,30.0,123.08,2.7382619544036295,136.19781360769122,372.9452912748978,Medium
12509,0.0,0.0,285.0,0.0,0.3382144121305506,470.98914615257866,159.29531718586438,Low
12510,7.0,593.0,736.0,677.4485714285714,1.634573940113656,680.1278218078585,1111.7192134733898,High
12511,0.0,0.0,429.0,0.0,0.24072315478287643,470.98914615257866,113.37799313034199,Low
12512,0.0,0.0,67.0,0.0,0.8794209617072207,470.98914615257866,414.19772786316344,Medium
12513,0.0,0.0,113.0,0.0,0.6567738122284743,470.98914615257866,309.33333703686316,Medium
12514,1.0,374.0,642.0,1017.68,0.3707936144064487,1040.165955166092,385.6868940985714,Medium
12515,0.0,0.0,354.0,0.0,0.2832324711859836,470.98914615257866,133.39941976657124,Low
12516,3.0,522.0,600.0,653.0533333333334,0.9497681024199603,659.2327364986537,626.1182251974441,Medium
12517,3.0,162.0,191.0,578.63,2.442132260361959,584.5514202008471,1427.5518811128882,High
12518,4.0,110.0,111.0,433.015,4.572881567258068,437.07397491964446,1998.6875234382571,High
12519,1.0,413.0,477.0,340.84,0.5097122771411081,356.23816963916596,181.57896865135965,Low
12520,4.0,194.0,274.0,411.71,2.2977970061219346,415.71363372706577,955.2255429821222,High
12521,0.0,0.0,143.0,0.0,0.5639106905261188,470.98914615257866,265.5958146372077,Low
12522,1.0,12.0,52.0,103.32,2.2021827384918615,116.23088930946408,255.96165811686004,Low
12523,22.0,713.0,733.0,195.345,5.048862155562902,195.9694203594523,989.4225901004368,High
12524,15.0,660.0,670.0,704.4806666666666,3.786397056273955,705.7486847145781,2672.244742272494,High
12525,2.0,149.0,648.0,203.64999999999998,0.36161338124366943,210.59440590278612,76.15375518950826,Low
12526,2.0,94.0,95.0,398.17999999999995,2.82269293832276,406.13764778962206,1146.4018704027824,High
12527,4.0,448.0,530.0,108.42750000000001,1.3514357017642373,111.6433367198733,150.87879110732302,Low
12528,5.0,303.0,313.0,287.99,2.6193426270763682,290.93428046791695,762.0565625074065,Medium
12529,0.0,0.0,529.0,0.0,0.20059981240328728,470.98914615257866,94.48033436219174,Low
12530,8.0,583.0,643.0,425.2825,2.1449404300511716,427.2993251908034,916.5315983353373,High
12531,1.0,672.0,687.0,125.22,0.37265942570562083,138.3602234254142,51.56124140221625,Low
12532,0.0,0.0,31.0,0.0,1.1990808315035197,470.98914615257866,564.7540569977668,Medium
12533,1.0,111.0,739.0,437.96999999999997,0.20804685567300044,454.38530309497577,94.53343357293298,Low
12534,0.0,0.0,131.0,0.0,0.5976986954073057,470.98914615257866,281.5095982063971,Medium
12535,1.0,95.0,187.0,344.9,1.0318127648840771,360.340685461575,371.80411896633126,Medium
12536,1.0,16.0,60.0,8322.12,2.058491767986784,8421.097155618636,17334.759172257884,High
12537,0.0,0.0,409.0,0.0,0.25075733926599547,470.98914615257866,118.1039851123837,Low
12538,1.0,349.0,379.0,363.95,0.6248306573523222,379.59017472681927,237.17957839904133,Low
12539,4.0,694.0,717.0,1087.46,1.0456701733350615,1093.2189405041147,1143.1464390101098,High
12540,30.0,713.0,733.0,726.1963333333333,6.834837183209042,726.8376274296859,4967.816842111857,High
12541,2.0,251.0,281.0,334.39,1.310918377558596,342.0153869560167,448.3542561684568,Medium
12542,1.0,156.0,641.0,117.09,0.2951259396489045,130.14508706182176,38.409191109808624,Low
12543,0.0,0.0,449.0,0.0,0.23146213983750413,470.98914615257866,109.01615560871483,Low
12544,0.0,0.0,37.0,0.0,1.130421845773504,470.98914615257866,532.4164199330846,Medium
12545,1.0,184.0,260.0,372.24,0.8293366189830024,387.96698659080226,321.75522893623975,Medium
12546,1.0,31.0,78.0,401.3,1.8169717469901412,417.3312993492274,758.2791800522313,Medium
12547,2.0,303.0,501.0,103.9,0.7591583644462542,110.32484142321029,83.75402617263667,Low
12548,0.0,0.0,167.0,0.0,0.5066712476672819,470.98914615257866,238.6366583188748,Low
12549,4.0,122.0,698.0,254.315,0.07861010846862426,257.9097894648777,20.27431652495408,Low
12550,0.0,0.0,80.0,0.0,0.8024299461987893,470.98914615257866,377.93579520742736,Medium
12551,0.0,0.0,358.0,0.0,0.2805891408857014,470.98914615257866,132.15443988544212,Low
12552,1.0,1.0,40.0,120.0,2.4254536285213746,133.08556022517402,322.79285495194824,Medium
12553,10.0,415.0,424.0,406.446,3.851421920440798,408.0395005151672,1571.5322766898294,High
12554,0.0,0.0,449.0,0.0,0.23146213983750413,470.98914615257866,109.01615560871483,Low
12555,0.0,0.0,683.0,0.0,0.15964028714830325,470.98914615257866,75.18884253553182,Low
12556,1.0,101.0,152.0,290.81,1.2337201287710506,305.68426161081055,377.12882659777273,Medium
12557,7.0,706.0,723.0,2394.785714285714,1.718554771559687,2400.01121607756,4124.550727186858,High
12559,1.0,9.0,320.0,75.60000000000001,0.38765962944843285,88.22060886680943,34.19956854302247,Low
12560,2.0,138.0,144.0,420.85,2.167258434747196,428.92572825831377,929.5929024479142,High
12561,0.0,0.0,303.0,0.0,0.32190807738873656,470.98914615257866,151.61521050893924,Low
12562,8.0,427.0,436.0,567.615,3.049726912115728,569.8164446048883,1737.7845460776286,High
12563,0.0,0.0,409.0,0.0,0.25075733926599547,470.98914615257866,118.1039851123837,Low
12564,0.0,0.0,262.0,0.0,0.36162777054291173,470.98914615257866,170.32275487306663,Low
12565,0.0,0.0,289.0,0.0,0.3344492703279168,470.98914615257866,157.5219762630985,Low
12566,0.0,0.0,87.0,0.0,0.7663403858190339,470.98914615257866,360.93800397914447,Medium
12567,13.0,644.0,667.0,992.4030769230769,3.3076683201164947,994.0960397183621,3288.139977729695,High
12568,0.0,0.0,645.0,0.0,0.16810896609976136,470.98914615257866,79.1774984039194,Low
12569,25.0,250.0,253.0,151.0404,14.258883657093829,151.5714854562512,2161.240176853575,High
12570,0.0,0.0,683.0,0.0,0.15964028714830325,470.98914615257866,75.18884253553182,Low
12571,1.0,82.0,122.0,271.26,1.4332573174666576,285.9295364068459,409.81060033496095,Medium
12572,1.0,43.0,52.0,487.68,2.313782333191788,504.61586012255026,1167.5712621999353,High
12573,4.0,238.0,466.0,141.34750000000003,1.257133780944767,144.64884866822766,181.84295403559645,Low
12574,0.0,0.0,316.0,0.0,0.3110782108246574,470.98914615257866,146.51446090297725,Low
12575,1.0,69.0,527.0,281.02,0.2884484504216354,295.7917419306666,85.32066960741706,Low
12576,7.0,491.0,527.0,252.56714285714287,2.2725809090136737,254.61643251953166,578.6364436650559,Medium
12577,4.0,701.0,737.0,360.79999999999995,1.0181681186024603,364.67139152503904,371.29678461719016,Medium
12578,3.0,422.0,444.0,1210.1966666666667,1.2494077081511008,1218.3073658695619,1522.162613814694,High
12579,0.0,0.0,79.0,0.0,0.8078670417070272,470.98914615257866,380.49660817840237,Medium
12580,1.0,330.0,577.0,415.7,0.4072479135956337,431.88209438437264,175.88308185734832,Low
12581,0.0,0.0,40.0,0.0,1.0989862711322556,470.98914615257866,517.6106054739873,Medium
12582,3.0,339.0,578.0,381.09666666666664,0.9020062353781952,386.3333522200162,348.4750926370151,Medium
12583,26.0,731.0,734.0,524.2307692307693,5.949294252577984,524.8902296378575,3122.726426418844,High
12584,8.0,277.0,281.0,234.315,4.40120031022192,236.0841213427066,1039.0535080919897,High
12585,1.0,117.0,352.0,777.25,0.5700806822375513,797.2182016730377,454.4786963019591,Medium
12586,3.0,706.0,724.0,546.7733333333333,0.8104852886700082,552.5843247622241,447.8614659694328,Medium
12587,0.0,0.0,8.0,0.0,1.5647000965030486,470.98914615257866,736.9567624368283,Medium
12588,2.0,558.0,598.0,314.94,0.6908265852003548,322.4640783933325,222.7667581262454,Low
12589,4.0,661.0,690.0,604.98,1.08184202128977,609.4856657519275,659.3672045842063,Medium
12590,0.0,0.0,212.0,0.0,0.42573827237933004,470.98914615257866,200.5181053924146,Low
12591,2.0,91.0,409.0,327.0,0.6015746214600015,334.5868949108632,201.27898465147982,Low
12592,2.0,427.0,520.0,218.8,0.7718763487594118,225.82331719968414,174.30767754483068,Low
12593,2.0,110.0,219.0,91.05,1.4781941800925416,97.40791005917468,143.98780574444976,Low
12594,13.0,609.0,647.0,379.69,3.3890349667867383,380.8941298519194,1290.8635247119632,High
12595,0.0,0.0,505.0,0.0,0.2089573196770195,470.98914615257866,98.41662957701084,Low
12596,1.0,191.0,243.0,348.32,0.8843275610160105,363.796499282422,321.7152709165871,Medium
12597,3.0,249.0,269.0,1098.3566666666666,1.8917173684313744,1106.0796808055584,2092.3901430489054,High
12598,8.0,639.0,649.0,485.5475,2.1468194987609217,487.64249489195964,1046.8804164584822,High
12599,12.0,548.0,578.0,149.77,3.4782246504170957,150.87582725452543,524.7800215087618,Medium
12600,20.0,704.0,733.0,237.901,4.594337322305685,238.6099573436722,1096.2546324978005,High
12601,5.0,215.0,405.0,115.41199999999999,1.6854705329901887,117.99784016922871,198.881882561721,Low
12602,0.0,0.0,59.0,0.0,0.9346755101752721,470.98914615257866,440.22202046717723,Medium
12603,0.0,0.0,22.0,0.0,1.319497517373435,470.98914615257866,621.4690090581614,Medium
12604,1.0,182.0,262.0,75.68,0.822598749452949,88.30144661700467,72.63665956203438,Low
12605,3.0,82.0,459.0,325.32,0.3540514049402607,330.3633398757158,116.96560462375403,Low
12606,0.0,0.0,683.0,0.0,0.15964028714830325,470.98914615257866,75.18884253553182,Low
12608,0.0,0.0,405.0,0.0,0.25286556030762813,470.98914615257866,119.09693434068316,Low
12609,8.0,641.0,720.0,388.15749999999997,1.929755463281999,390.126170371996,752.8481086446433,Medium
12610,4.0,104.0,127.0,288.1975,4.140936102604283,291.8803015727184,1208.6576784214953,High
12611,0.0,0.0,53.0,0.0,0.9809434483406048,470.98914615257866,462.0137171579076,Medium
12612,0.0,0.0,75.0,0.0,0.8303785825312143,470.98914615257866,391.0992995697652,Medium
12613,7.0,668.0,726.0,783.4657142857143,1.7013612794308914,786.3021535436548,1337.7840379722977,High
12614,0.0,0.0,278.0,0.0,0.3450120167350719,470.98914615257866,162.4969151744307,Low
12615,6.0,629.0,632.0,764.25,1.6878966523780978,767.5267497760035,1295.5058315575582,High
12616,2.0,293.0,389.0,356.65,0.9827063511004479,364.3913318714589,358.0896761160337,Medium
12617,0.0,0.0,30.0,0.0,1.2113523663161674,470.98914615257866,570.5338167011573,Medium
12618,0.0,0.0,22.0,0.0,1.319497517373435,470.98914615257866,621.4690090581614,Medium
12619,8.0,544.0,561.0,406.445,2.443156079702515,408.43739107903815,997.8762951925858,High
12620,2.0,190.0,205.0,388.875,1.6800446419114505,396.784181148194,666.6151375332457,Medium
12621,31.0,667.0,669.0,790.3667741935484,7.6904283905833095,791.008833929001,6083.196793649787,High
12622,0.0,0.0,233.0,0.0,0.3962272512063683,470.98914615257866,186.6187347280707,Low
12623,6.0,420.0,697.0,361.3533333333333,1.2539726968698233,363.9329856231071,456.3620274616942,Medium
12624,1.0,71.0,178.0,341.19,1.0407149508810691,356.59183479627023,371.1104538345907,Medium
12625,3.0,385.0,597.0,1398.3966666666665,0.902219310930475,1407.1597472093813,1269.5666974963494,High
12626,8.0,303.0,327.0,690.56,3.8684261770986406,692.9209165024847,2680.5134120573935,High
12627,6.0,130.0,141.0,618.4183333333334,5.602853723851686,621.4427631060788,3481.852899429575,High
12628,2.0,60.0,65.0,226.41,3.4483368321364267,233.4729551514593,805.0933905565132,Medium
12629,1.0,38.0,424.0,853.86,0.33006843882918413,874.6304522037656,288.68790791136024,Medium
12630,1.0,34.0,44.0,569.09,2.474885143911783,586.8783756649932,1452.45657321637,High
12631,4.0,636.0,694.0,685.8475,1.0715225216920592,690.5632246062271,739.9540478178643,Medium
12632,1.0,44.0,565.0,410.56,0.21812804119148715,426.68826893432777,93.0726763020314,Low
12633,6.0,467.0,526.0,576.9616666666667,1.9648933844103194,579.9143675309555,1139.4699042860689,High
12634,1.0,13.0,549.0,130.0,0.16343760764902415,143.1902789995805,23.40267663828774,Low
12635,3.0,367.0,457.0,733.0266666666666,1.1960564845334074,739.4832914597757,884.4637859545725,High
12636,0.0,0.0,739.0,0.0,0.1486087772250233,470.98914615257866,69.9931210959925,Low
12637,10.0,476.0,544.0,764.2470000000001,3.0466795058232563,766.2116870195579,2334.40144396475,High
12638,1.0,606.0,640.0,671.69,0.39611741019412583,690.5527902904033,273.53998289216185,Low
12639,2.0,389.0,628.0,529.395,0.6223150132013718,538.0361029594221,334.82794451600745,Medium
12640,2.0,58.0,82.0,204.995,3.0081236358809447,211.94641155917742,637.5610101513118,Medium
12641,0.0,0.0,116.0,0.0,0.6461255449034196,470.98914615257866,304.3181187014312,Medium
12642,2.0,82.0,108.0,323.40500000000003,2.569887776542284,330.9731697549326,850.5639033166556,High
12643,10.0,483.0,612.0,613.722,2.629126919280615,615.5305308082185,1618.307888186973,High
12644,3.0,565.0,695.0,415.52000000000004,0.8242388186471215,420.8760114849174,346.90234650324066,Medium
12645,7.0,635.0,669.0,452.2357142857143,1.8392558045767906,454.5810473803193,836.0908300448493,Medium
12646,1.0,45.0,50.0,615.28,2.362101580156796,633.5520716839765,1496.5143496363326,High
12647,31.0,673.0,696.0,533.5787096774193,7.391676163757851,534.1348960106931,3948.1521790735187,High
12648,3.0,547.0,702.0,302.0833333333333,0.8113407354585968,307.04612502768384,249.11902889967325,Low
12649,6.0,589.0,697.0,331.39166666666665,1.5133169034859373,333.91947885885565,505.32599176032136,Medium
12650,0.0,0.0,4.0,0.0,1.652714350685279,470.98914615257866,778.410520863373,Medium
12651,3.0,131.0,466.0,92.91666666666667,0.6425902520124497,97.15439762644961,62.430468854897995,Low
12652,1.0,103.0,435.0,919.98,0.429641756940683,941.442852740141,404.4831613105229,Medium
12653,2.0,378.0,527.0,1104.925,0.7488154048659132,1116.563846768247,836.1002089764064,Medium
12654,3.0,285.0,296.0,145.12666666666667,1.7573051920366964,149.54537971864931,262.79687222468175,Low
12655,0.0,0.0,424.0,0.0,0.2431555443037791,470.98914615257866,114.52362219390243,Low
12656,7.0,545.0,563.0,780.4042857142857,2.151440024671751,783.2361858711785,1685.0856790544963,High
12657,2.0,67.0,79.0,266.81,3.104492017806503,274.0833852765206,850.8896818043426,High
12658,0.0,0.0,19.0,0.0,1.3652688327800393,470.98914615257866,643.0268018197984,Medium
12659,0.0,0.0,30.0,0.0,1.2113523663161674,470.98914615257866,570.5338167011573,Medium
12660,0.0,0.0,12.0,0.0,1.485694288265705,470.98914615257866,699.7458842740274,Medium
12661,0.0,0.0,437.0,0.0,0.23693109732714998,470.98914615257866,111.59197522710788,Low
12662,18.0,617.0,618.0,361.75888888888886,4.861587161788646,362.61801590235314,1762.899090744151,High
12663,1.0,44.0,669.0,85.65,0.16206103618983075,98.37585123508791,15.942892387214988,Low
12664,10.0,718.0,727.0,552.096,2.388426691818288,553.840599350454,1322.8076705012627,High
12665,2.0,345.0,670.0,72.4,0.5585262884743951,78.66076842966001,43.93410703956188,Low
12666,0.0,0.0,395.0,0.0,0.2582947889087922,470.98914615257866,121.65404208381258,Low
12667,0.0,0.0,59.0,0.0,0.9346755101752721,470.98914615257866,440.22202046717723,Medium
12668,9.0,666.0,678.0,1076.548888888889,2.3034876907646353,1079.0921512336686,2485.675487567486,High
12669,1.0,106.0,257.0,471.43,0.7789282868871533,488.1956921141398,380.26943412415505,Medium
12670,6.0,656.0,667.0,589.115,1.6062639062061064,592.0887287327645,951.0507542348979,High
12671,0.0,0.0,607.0,0.0,0.1775273221803609,470.98914615257866,83.61344189248192,Low
12672,1.0,266.0,596.0,225.89999999999998,0.376763026666418,240.09453204613828,90.45874257976034,Low
12673,2.0,396.0,402.0,305.26,0.9822915318806541,312.73365850198115,307.1956244805524,Medium
12674,3.0,169.0,208.0,461.2866666666667,2.2816212500609705,466.80132490673327,1065.063822463818,High
12675,0.0,0.0,579.0,0.0,0.18517220601708279,470.98914615257866,87.21409920317521,Low
12676,8.0,459.0,484.0,284.8825,2.7770931999977284,286.71721242149556,796.2404209380395,Medium
12677,1.0,111.0,667.0,204.4,0.24389875923041804,218.36938668116446,53.260022465443384,Low
12678,17.0,659.0,702.0,1891.2282352941177,4.068515558314944,1893.0708770894016,7701.988316431148,High
12679,3.0,225.0,284.0,106.32000000000001,1.7822408669451393,110.60419262055898,197.1233121438322,Low
12680,3.0,113.0,114.0,189.67666666666665,3.513990082218689,194.24980898904764,682.5919022603881,Medium
12681,42.0,712.0,727.0,710.8033333333333,9.59421246209553,711.2575562167232,6823.956109614098,High
12682,47.0,735.0,739.0,502.2895744680851,10.580719879371362,502.64947833643936,5318.393327790009,High
12683,16.0,722.0,727.0,777.405,3.7435987534489095,778.6409799596373,2914.9194019611355,High
12684,6.0,206.0,214.0,299.0883333333333,4.167630319614745,301.5602538432957,1256.7916571080382,High
12685,5.0,65.0,94.0,462.76800000000003,5.9761612693931205,466.07529011297095,2785.3410973942996,High
12686,0.0,0.0,372.0,0.0,0.2717143821262589,470.98914615257866,127.97452483502217,Low
12687,0.0,0.0,481.0,0.0,0.2180423946858452,470.98914615257866,102.69560129814978,Low
12688,0.0,0.0,114.0,0.0,0.6531853826149943,470.98914615257866,307.64322563718156,Medium
12689,1.0,102.0,128.0,736.5799999999999,1.40723818926248,756.1223104175267,1064.044190972923,High
12690,0.0,0.0,206.0,0.0,0.4349978680294209,470.98914615257866,204.87927444136906,Low
12691,6.0,392.0,421.0,172.63333333333333,2.3997340507077816,174.88645962156517,419.68099216160147,Medium
12692,0.0,0.0,638.0,0.0,0.16976803504368818,470.98914615257866,79.95890186922774,Low
12693,6.0,395.0,523.0,187.27833333333334,1.9043010240969627,189.55679860679504,360.9732057114615,Medium
12694,2.0,351.0,422.0,434.83500000000004,0.9275233942651329,442.9835714587836,410.877625803142,Medium
12695,6.0,658.0,666.0,152.24333333333334,1.6090248038796242,154.4611805564346,248.53187075183243,Low
12696,1.0,74.0,509.0,534.76,0.3116260317576994,552.1888761124558,172.07642824366846,Low
12697,2.0,141.0,170.0,283.54499999999996,1.9099811370286979,290.90555230976065,555.624117568558,Medium
12698,0.0,0.0,591.0,0.0,0.18181659285528617,470.98914615257866,85.63364182528227,Low
12699,0.0,0.0,418.0,0.0,0.2461401922075257,470.98914615257866,115.92935896165412,Low
12700,3.0,208.0,216.0,1282.52,2.2505095822268695,1290.8814026731407,2905.140966234365,High
12701,5.0,554.0,634.0,379.81800000000004,1.4080144342690541,382.95300498522477,539.2033586659055,Medium
12702,0.0,0.0,20.0,0.0,1.349658729187219,470.98914615257866,635.6746124572627,Medium
12703,2.0,613.0,685.0,178.5,0.6087107457191027,185.31340794126902,112.80226273967814,Low
12704,6.0,162.0,170.0,335.2133333333333,4.93267689661288,337.74775782700544,1666.0005619160718,High
12705,11.0,518.0,534.0,928.8390909090908,3.4441796972567453,930.780213821997,3205.774315054014,High
12707,0.0,0.0,292.0,0.0,0.33168009881673316,470.98914615257866,156.21772653749608,Low
12708,17.0,692.0,722.0,300.5076470588235,3.9792756253326393,301.37997969500094,1199.274007163563,High
12709,28.0,715.0,731.0,1051.135,6.409204179908731,1051.942428533021,6742.113809977181,High
12710,2.0,105.0,202.0,215.03000000000003,1.5855194760764875,222.03368052712275,352.0387248206979,Medium
12711,1.0,65.0,677.0,789.75,0.18776422133946458,809.8491001410458,152.06068569044953,Low
12712,20.0,702.0,731.0,342.99300000000005,4.605737487166552,343.7564408534666,1583.2519260937627,High
12713,0.0,0.0,1.0,0.0,1.7256140234693884,470.98914615257866,812.745475502763,Medium
12714,11.0,726.0,736.0,1219.1872727272728,2.5845771640826496,1221.4021973128627,3156.808227335195,High
12715,0.0,0.0,107.0,0.0,0.6791658584450884,470.98914615257866,319.8797477650353,Medium
12716,1.0,130.0,134.0,375.59000000000003,1.3845794514023508,391.35206738022845,541.8580307584925,Medium
12717,2.0,439.0,591.0,515.49,0.6795116395084263,524.0586764522692,356.1039704346974,Medium
12718,0.0,0.0,72.0,0.0,0.8481097616671857,470.98914615257866,399.45049249129477,Medium
12719,1.0,60.0,66.0,361.35,2.0793662597434,376.96294784547365,783.8440349232889,Medium
12720,23.0,504.0,507.0,317.96434782608696,7.354269713769968,318.61688204044407,2343.1944858858565,High
12721,7.0,440.0,472.0,465.93285714285713,2.5036872183655516,468.29849863729675,1172.4729654179775,High
12722,2.0,65.0,151.0,324.03000000000003,1.9207642680367907,331.6014251714713,636.9281686994377,Medium
12723,2.0,62.0,66.0,212.82999999999998,3.4253001718865717,219.8222214609065,752.957092954531,Medium
12724,6.0,530.0,536.0,291.02000000000004,1.9543683215137613,293.47796056601135,573.5640291926774,Medium
12725,3.0,213.0,585.0,561.87,0.6580068027186857,567.7333229040598,373.5723886009556,Medium
12726,10.0,596.0,625.0,363.32399999999996,2.729956239171636,364.8727653007817,996.0866821366769,High
12727,8.0,644.0,655.0,615.02625,2.128807093775556,617.2891917133915,1314.0896102304469,High
12728,4.0,312.0,384.0,209.08249999999998,1.7780960812420883,212.55979495686012,377.95173844241475,Medium
12729,0.0,0.0,114.0,0.0,0.6531853826149943,470.98914615257866,307.64322563718156,Medium
12730,0.0,0.0,522.0,0.0,0.20296746870592633,470.98914615257866,95.59547478255448,Low
12731,15.0,624.0,648.0,1609.9540000000002,3.8934113650468283,1611.8480332485808,6275.587451378403,High
12732,0.0,0.0,180.0,0.0,0.48028260073809936,470.98914615257866,226.20789203357725,Low
12733,3.0,455.0,690.0,431.55,0.7951683193786359,436.96157829085416,347.4580038425747,Medium
12734,2.0,40.0,393.0,254.65,0.37527239588434225,261.86004789234374,98.26884755894844,Low
12735,1.0,22.0,338.0,459.8,0.4066690745524437,476.44390417950507,193.7550015888325,Low
12736,0.0,0.0,333.0,0.0,0.29797130501368135,470.98914615257866,140.34125052636335,Low
12737,0.0,0.0,499.0,0.0,0.21115678136924676,470.98914615257866,99.45255216142826,Low
12738,0.0,0.0,373.0,0.0,0.27110194122884895,470.98914615257866,127.68607181968213,Low
12739,3.0,316.0,395.0,427.0133333333333,1.3557514330069087,432.4091856057055,586.2393730302856,Medium
12740,0.0,0.0,64.0,0.0,0.8993521048130465,470.98914615257866,423.5850799364212,Medium
12741,1.0,4.0,534.0,170.0,0.14955819686309843,183.60915409720627,27.46025401433695,Low
12742,0.0,0.0,626.0,0.0,0.17268971543298167,470.98914615257866,81.33498162111182,Low
12743,0.0,0.0,135.0,0.0,0.5859927140760357,470.98914615257866,275.9962080543042,Low
12744,5.0,535.0,592.0,2381.0420000000004,1.5040723725290484,2388.3334984450053,3592.226431396781,High
12745,2.0,196.0,683.0,361.92499999999995,0.40692832144674673,369.69380758704546,150.43888057065297,Low
12746,0.0,0.0,541.0,0.0,0.19666709657151574,470.98914615257866,92.62806789052493,Low
12747,25.0,730.0,733.0,355.8356,5.732679681951153,356.4516152660674,2043.4229324344542,High
12748,197.0,735.0,736.0,268.90903553299495,44.10732754470653,268.9826086771631,11864.104024753255,High
12749,6.0,518.0,522.0,1010.7433333333333,2.0011351194907143,1014.4465693457722,2030.044656764697,High
12750,0.0,0.0,129.0,0.0,0.6037297744738492,470.98914615257866,284.3501709863271,Medium
12751,0.0,0.0,445.0,0.0,0.23325681701251125,470.98914615257866,109.86142907899095,Low
12752,0.0,0.0,82.0,0.0,0.7917739303878477,470.98914615257866,372.9169274192436,Medium
12753,5.0,340.0,363.0,3567.7599999999998,2.3098433560845875,3577.5162827997815,8263.502217109506,High
12754,0.0,0.0,236.0,0.0,0.3923430605094748,470.98914615257866,184.78932306824706,Low
12755,1.0,142.0,508.0,7588.799999999999,0.387781463064714,7680.097918453861,2978.199607298303,High
12756,0.0,0.0,87.0,0.0,0.7663403858190339,470.98914615257866,360.93800397914447,Medium
12757,7.0,196.0,212.0,522.1242857142857,4.818691267027909,524.5732407881054,2527.756494302172,High
12758,6.0,622.0,739.0,1241.4266666666667,1.4333715841893842,1245.5290342309056,1785.3059249494268,High
12759,7.0,683.0,736.0,644.64,1.682026336254389,647.2706059580728,1088.7262059048155,High
12760,0.0,0.0,456.0,0.0,0.2283871099981759,470.98914615257866,107.56784993029594,Low
12761,1.0,7.0,465.0,25.0,0.2031711747788111,37.090731868312794,7.535767567090998,Low
12762,1.0,18.0,26.0,1436.93,2.9525748579562756,1463.8062897830823,4321.997648131787,High
12763,1.0,231.0,370.0,174.0,0.6101985824013194,187.65104160696885,114.5043995747034,Low
12764,0.0,0.0,317.0,0.0,0.31027531204966974,470.98914615257866,146.13630429449884,Low
12765,5.0,169.0,642.0,251.516,0.16399756911734367,254.3845248591235,41.718443697966734,Low
12766,8.0,404.0,408.0,1149.24,3.2312601034694035,1152.195870099537,3723.044546434849,High
12767,0.0,0.0,376.0,0.0,0.2692811004844868,470.98914615257866,126.82847559221516,Low
12769,0.0,0.0,239.0,0.0,0.3885345033549189,470.98914615257866,182.99553398594946,Low
12770,1.0,246.0,457.0,1351.45,0.4965374169727489,1377.431153699456,683.9461071157214,Medium
12771,0.0,0.0,486.0,0.0,0.21608502961477286,470.98914615257866,101.77370359461653,Low
12772,0.0,0.0,60.0,0.0,0.9273887010786552,470.98914615257866,436.7900124725848,Medium
12774,0.0,0.0,536.0,0.0,0.1982868144630162,470.98914615257866,93.39093743725078,Low
12775,6.0,392.0,410.0,252.33333333333334,2.461020085608602,254.72435768389508,626.8817605538156,Medium
12776,0.0,0.0,668.0,0.0,0.16287911269746594,470.98914615257866,76.71429421546911,Low
12777,0.0,0.0,458.0,0.0,0.2275234998467401,470.98914615257866,107.16109892246249,Low
12778,8.0,583.0,603.0,174.635,2.2900025170784595,176.3267104447558,403.7886107466555,Medium
12779,12.0,699.0,737.0,527.1208333333333,2.7925691648557094,528.5528272815864,1476.0203274638636,High
12780,0.0,0.0,599.0,0.0,0.1796463355444766,470.98914615257866,84.61147418753268,Low
12781,1.0,221.0,285.0,277.48,0.7778686429135453,292.2146714845268,227.30462994709632,Low
12782,9.0,515.0,520.0,479.20444444444445,2.922444899660436,481.05908143262633,1405.868658968113,High
12783,3.0,73.0,76.0,421.6166666666666,4.4338571741964055,426.9938117943493,1893.2295757618454,High
12784,2.0,520.0,530.0,287.21,0.7724722563150122,294.5896420723436,227.5623254986551,Low
12785,2.0,367.0,732.0,366.75,0.5097378831689546,374.5439394027242,190.91923482490586,Low
12786,0.0,0.0,610.0,0.0,0.17674553441455482,470.98914615257866,83.24522834019238,Low
12787,3.0,404.0,414.0,154.5533333333333,1.3297643535140307,159.00472322607067,211.43881298639323,Low
12788,3.0,65.0,529.0,94.60000000000001,0.15085476459693778,98.8435661099177,14.911022897433492,Low
12789,2.0,628.0,694.0,92.05,0.6022151743791456,98.41311872563661,59.265873454554814,Low
12790,1.0,218.0,411.0,324.92,0.5437408436042109,340.1514573503109,184.95424037285983,Low
12791,3.0,251.0,625.0,210.35666666666668,0.6721312931064558,215.00149467505975,144.50923263576868,Low
12792,1.0,278.0,535.0,400.53999999999996,0.4286573692780383,416.56334072237246,178.56294577172332,Low
12793,2.0,67.0,402.0,338.64,0.5078338330930092,346.2875237884798,175.8565205577903,Low
12794,1.0,45.0,99.0,543.41,1.5888242610467729,560.9294578523173,891.218331371575,High
12795,0.0,0.0,19.0,0.0,1.3652688327800393,470.98914615257866,643.0268018197984,Medium
12796,0.0,0.0,629.0,0.0,0.17194990015269698,470.98914615257866,80.98653665393991,Low
12797,1.0,59.0,425.0,508.06,0.3749242290892688,525.2092769847906,196.91368328405485,Low
12798,3.0,411.0,422.0,2325.68,1.3079274344060403,2337.6574394342792,3057.4862972794704,High
12799,0.0,0.0,530.0,0.0,0.20026608232353524,470.98914615257866,94.32315111688389,Low
12800,1.0,206.0,677.0,180.92,0.30159076632230364,194.6435069988581,58.70268443544629,Low
12801,0.0,0.0,501.0,0.0,0.21041849481150834,470.98914615257866,99.10482720598311,Low
12802,6.0,377.0,564.0,273.695,1.6778669182833978,276.1229846070419,463.2976212498314,Medium
12803,0.0,0.0,394.0,0.0,0.25885058274552675,470.98914615257866,121.91581494841306,Low
12804,1.0,35.0,501.0,147.09,0.24697930291918396,160.4592433850411,39.630112078177135,Low
12805,3.0,293.0,675.0,389.48333333333335,0.6624665018695484,394.74909064458205,261.50804919550154,Low
12806,3.0,153.0,589.0,508.15333333333336,0.42965445073042263,513.830451396954,220.7695403635234,Low
12807,0.0,0.0,384.0,0.0,0.2645431928862236,470.98914615257866,124.59697253795936,Low
12808,4.0,426.0,463.0,179.1125,1.5371051383312957,182.5119458349835,280.54004974979625,Medium
12809,2.0,470.0,648.0,561.13,0.6229917860948434,569.9363999895909,355.06569578998034,Medium
12810,1.0,142.0,677.0,375.33,0.2640230480587711,391.0893446920938,103.25660084891396,Low
12811,4.0,167.0,428.0,187.7375,1.0484789459191213,191.1593498615496,200.42655364542205,Low
12812,0.0,0.0,45.0,0.0,1.0503408506142657,470.98914615257866,494.6991403999862,Medium
12813,2.0,192.0,694.0,721.8,0.38928545089785216,731.4432764300265,284.7402256712652,Medium
12814,0.0,0.0,102.0,0.0,0.6990340330013196,470.98914615257866,329.23744233488503,Medium
12815,1.0,51.0,199.0,448.1,0.8961996536637258,464.6213832134496,416.39352272065474,Medium
12816,1.0,81.0,177.0,253.55,1.0626049522204044,268.0340794573721,284.81434019524096,Medium
12817,2.0,153.0,435.0,247.69,0.7239865037589718,254.8637955737688,184.51794829219418,Low
12818,0.0,0.0,262.0,0.0,0.36162777054291173,470.98914615257866,170.32275487306663,Low
12819,0.0,0.0,459.0,0.0,0.2270941425401071,470.98914615257866,106.95887629121704,Low
12820,10.0,731.0,735.0,254.122,2.3659843384005566,255.55747800238828,604.6449905147954,Medium
12821,1.0,397.0,612.0,92.72,0.39400155778499324,105.51988740859325,41.575000016282836,Low
12822,1.0,17.0,88.0,257.98,1.6202589113250088,272.5104698744342,441.53751724341737,Medium
12823,14.0,605.0,680.0,434.64285714285717,3.432588624308951,435.8016224171145,1495.927691564372,High
12824,0.0,0.0,60.0,0.0,0.9273887010786552,470.98914615257866,436.7900124725848,Medium
12825,1.0,120.0,642.0,303.8,0.2665893616560881,318.8102912987645,84.99143204672913,Low
12826,11.0,719.0,722.0,227.05,2.6322315192973442,228.32932773389456,601.0156532411305,Medium
12827,2.0,39.0,45.0,106.2,4.053149069617344,112.63682135607269,456.53382768402105,Medium
12828,5.0,128.0,131.0,158.342,5.009202713772094,161.01700473263014,806.566817070145,Medium
12829,2.0,214.0,551.0,146.5,0.6028778140544975,153.1467306144878,92.3287661824554,Low
12830,4.0,134.0,172.0,1148.2,3.340626016363919,1154.116716802506,3855.472330070961,High
12831,1.0,201.0,464.0,215.05,0.47030272908937387,229.13091217590733,107.76089331506687,Low
12832,1.0,66.0,99.0,115.23,1.6335795122462862,128.26560936978217,209.53207159226142,Low
12833,0.0,0.0,146.0,0.0,0.5560549814619257,470.98914615257866,261.89586093264035,Low
12834,0.0,0.0,283.0,0.0,0.340129031003813,470.98914615257866,160.19708189418984,Low
12835,36.0,309.0,737.0,159.95055555555555,2.6453833529072037e-09,160.32188388555474,4.2411284273756817e-07,Low
12836,13.0,679.0,739.0,473.9807692307692,2.990635933763206,475.26012586662927,1421.3300103015656,High
12837,1.0,396.0,570.0,134.1,0.42418702342878717,147.33321369708713,62.49683737036481,Low
12838,9.0,559.0,593.0,352.27000000000004,2.588353570594788,353.9783055409189,916.2210110599302,High
12839,25.0,730.0,733.0,389.0292,5.732679681951153,389.65898085302996,2233.7901224259585,High
12840,6.0,531.0,675.0,648.6616666666666,1.5316895415351315,651.7384238806299,998.2609276745511,High
12841,38.0,515.0,520.0,189.35736842105263,11.761477149551766,189.71716983222342,2231.354157859327,High
12842,3.0,667.0,738.0,506.93,0.7907491524850891,512.6028774693643,405.34029092031784,Medium
12843,27.0,661.0,727.0,241.16925925925923,6.059771967303671,241.69559720187385,1464.6202045446348,High
12844,3.0,564.0,594.0,175.18999999999997,0.9669447071942904,179.71292536696373,173.7724619979881,Low
12845,3.0,23.0,291.0,96.33333333333333,0.36048418490461615,100.58290791467692,36.25854757495838,Low
12846,0.0,0.0,683.0,0.0,0.15964028714830325,470.98914615257866,75.18884253553182,Low
12847,1.0,365.0,388.0,871.54,0.6137231293140928,892.4955949969161,547.7451894605505,Medium
12848,0.0,0.0,676.0,0.0,0.16113554763070734,470.98914615257866,75.89309399341502,Low
12849,5.0,560.0,592.0,523.654,1.511435376208944,527.0877488506195,796.6590699791615,Medium
12850,0.0,0.0,446.0,0.0,0.23280554011040677,470.98914615257866,109.64888255619039,Low
12851,1.0,381.0,478.0,135.18,0.5042874925244244,148.42452332472303,74.84863069655752,Low
12852,0.0,0.0,295.0,0.0,0.32895651156419287,470.98914615257866,154.93494650295005,Low
12853,6.0,538.0,673.0,582.4166666666666,1.5427090865399058,585.3788058487723,903.0692028507805,High
12854,6.0,650.0,729.0,411.44666666666666,1.46577873450717,414.11299114718463,606.9980161066992,Medium
12855,2.0,30.0,403.0,133.81,0.29446352592716485,140.39063263708613,41.339920693461686,Low
12856,5.0,56.0,64.0,357.23799999999994,7.51264010347336,360.3261068757068,2707.000360842863,High
12857,5.0,473.0,684.0,696.6800000000001,1.23588590448931,700.473119634386,865.7048550297918,High
12858,0.0,0.0,384.0,0.0,0.2645431928862236,470.98914615257866,124.59697253795936,Low
12859,0.0,0.0,459.0,0.0,0.2270941425401071,470.98914615257866,106.95887629121704,Low
12860,0.0,0.0,694.0,0.0,0.15734589294860324,470.98914615257866,74.10820777047769,Low
12861,0.0,0.0,620.0,0.0,0.17418862641869573,470.98914615257866,82.040952426432,Low
12862,1.0,70.0,496.0,497.64,0.3174039397238985,514.6801600218591,163.36151048866463,Low
12863,5.0,537.0,590.0,432.03999999999996,1.5098942761171326,435.2834688060946,657.2320180387327,Medium
12864,1.0,370.0,509.0,147.12,0.47194864789366936,160.48955754136432,75.74282968270013,Low
12865,3.0,450.0,477.0,760.1066666666667,1.1732155477026556,766.6571622710527,899.4541025339968,High
12866,2.0,219.0,503.0,442.26,0.6885536902290638,450.44724580726324,310.1571133541093,Medium
12867,12.0,697.0,724.0,634.8041666666667,2.8434066374694082,636.3292377031366,1809.3427781009475,High
12868,7.0,207.0,393.0,278.0014285714286,1.8941333507681515,280.08842899212533,530.5248345182418,Medium
12869,0.0,0.0,682.0,0.0,0.15985219327541073,470.98914615257866,75.28864802140268,Low
12870,2.0,249.0,625.0,733.825,0.5402798310122656,743.5309106442311,401.71475475526114,Medium
12871,2.0,355.0,440.0,190.32,0.8915464785342285,197.19497437884883,175.8084849921101,Low
12872,11.0,410.0,737.0,298.02454545454543,0.6411255548354129,299.37080300057704,191.93427217526803,Low
12873,2.0,399.0,682.0,767.45,0.5693863421662227,777.331052054013,442.6016843812561,Medium
12874,1.0,169.0,555.0,459.15999999999997,0.36521180522035007,475.79720217794306,173.76675512619846,Low
12875,4.0,554.0,698.0,262.9275,1.0440245068504896,266.5446610218401,278.27915827695756,Low
12876,3.0,533.0,591.0,1065.4166666666667,0.9665364647453345,1073.025496738961,1037.1182701996818,High
12877,19.0,687.0,691.0,139.7726315789474,4.630149525388663,140.4653705162763,650.3756686294794,Medium
12878,1.0,30.0,267.0,539.81,0.592119334047956,557.291759093531,329.98322526487556,Medium
12879,2.0,47.0,92.0,216.36,2.7440949566746644,223.3706080535171,612.9501590290095,Medium
12880,1.0,193.0,575.0,302.95,0.3629859740267842,317.95139020293993,115.41189506598427,Low
12881,0.0,0.0,276.0,0.0,0.34700479356435426,470.98914615257866,163.43549143172703,Low
12882,1.0,24.0,34.0,991.1999999999999,2.7152366618680417,1013.4086598514637,2751.644346683254,High
12883,1.0,65.0,90.0,411.84000000000003,1.7376466502697843,427.9816729374518,743.6809203566214,Medium
12884,0.0,0.0,89.0,0.0,0.7566216966789203,470.98914615257866,356.36060687932,Medium
12885,1.0,60.0,124.0,529.87,1.3791426739578727,547.247668631771,754.7326130340325,Medium
12886,1.0,152.0,220.0,603.4,0.9430252792265483,621.5476657799817,586.1351610747765,Medium
12887,0.0,0.0,384.0,0.0,0.2645431928862236,470.98914615257866,124.59697253795936,Low
12888,1.0,41.0,256.0,81.36,0.6594531652948066,94.04092688086753,62.015586898845555,Low
12889,3.0,121.0,503.0,95.35000000000001,0.4752291017703771,99.59616592928468,47.330996474347394,Low
12890,1.0,363.0,388.0,380.46999999999997,0.6134210485505687,396.2831701421387,243.08843775153414,Low
12891,9.0,474.0,660.0,88.72222222222223,2.0828179929549773,90.12670693724971,187.71752685468385,Low
12892,0.0,0.0,397.0,0.0,0.25719034219649733,470.98914615257866,121.1338596698178,Low
12893,0.0,0.0,31.0,0.0,1.1990808315035197,470.98914615257866,564.7540569977668,Medium
12894,0.0,0.0,576.0,0.0,0.18603057093230413,470.98914615257866,87.61837976168265,Low
12895,1.0,44.0,87.0,105.0,1.731285620772332,117.92848206356437,204.16788527615685,Low
12897,3.0,339.0,544.0,136.70000000000002,0.9720329873269571,141.0895026370506,137.1436507287669,Low
12898,1.0,196.0,660.0,152.64000000000001,0.3067304142779375,166.0673623048367,50.9379108378069,Low
12899,0.0,0.0,414.0,0.0,0.24817106132100666,470.98914615257866,116.88587627136016,Low
12900,0.0,0.0,423.0,0.0,0.24364794153851851,470.98914615257866,114.75553594706024,Low
12901,22.0,262.0,271.0,772.67,11.896299064407033,773.5665041257467,9202.57847928774,High
12902,0.0,0.0,265.0,0.0,0.3583911826236957,470.98914615257866,168.79835709254732,Low
12903,0.0,0.0,429.0,0.0,0.24072315478287643,470.98914615257866,113.37799313034199,Low
12904,1.0,154.0,173.0,264.89,1.1537434947176606,279.49283054754903,322.46303506446014,Medium
12905,1.0,106.0,683.0,424.76,0.23056457303792738,441.0369695939849,101.68750058837848,Low
12906,1.0,67.0,79.0,983.22,1.8874230444928604,1005.3450942694874,1897.5114985920775,High
12907,1.0,99.0,495.0,180.48,0.3583905721916747,194.1988993727842,69.59905466520559,Low
12908,3.0,454.0,631.0,356.0,0.8808389643513931,361.1496898199542,318.11471875683526,Medium
12909,6.0,614.0,654.0,469.84666666666664,1.6281265323381033,472.6140356495694,769.4754509964501,Medium
12910,9.0,598.0,622.0,530.9511111111111,2.4850801538343887,532.8654022353907,1324.213235760148,High
12911,0.0,0.0,552.0,0.0,0.19319530876338442,470.98914615257866,90.99289351515023,Low
12912,4.0,38.0,41.0,336.06,7.498100727392686,339.86712768535847,2548.3579573144493,High
12913,12.0,734.0,739.0,513.575,2.7987569251167694,514.9952854815376,1441.346621643941,High
12914,0.0,0.0,401.0,0.0,0.2550095875284621,470.98914615257866,120.10674789075163,Low
12915,3.0,441.0,590.0,322.81666666666666,0.9429170318312985,327.85132892307314,309.1366019500909,Medium
12916,6.0,546.0,685.0,712.4483333333333,1.5168501122681672,715.6354551362026,1085.5117204664298,High
12917,4.0,602.0,731.0,701.575,1.0074224785126416,706.3315778616264,711.5743088211045,Medium
12919,5.0,161.0,170.0,225.798,4.181125317609374,228.61310920010752,955.860058813966,High
12920,2.0,708.0,726.0,174.595,0.5820180617429634,181.38806809873526,105.57113181812656,Low
12921,48.0,729.0,739.0,731.7779166666668,10.793540952941138,732.1798788860798,7902.813507676385,High
12922,0.0,0.0,162.0,0.0,0.5176130149720487,470.98914615257866,243.79011195914714,Low
12923,2.0,511.0,576.0,181.83499999999998,0.7108750945116157,188.6657788439195,134.11780336677884,Low
12924,10.0,642.0,731.0,225.98499999999999,2.3352682689727042,227.39128838392983,531.0196604038128,Medium
12925,2.0,588.0,593.0,347.025,0.6996857157379838,354.7161984567629,248.18985720107685,Low
12926,3.0,314.0,726.0,385.9333333333334,0.614500075381527,391.18678483291177,240.38430876808144,Low
12927,0.0,0.0,395.0,0.0,0.2582947889087922,470.98914615257866,121.65404208381258,Low
12928,10.0,514.0,550.0,382.01000000000005,3.053082306601932,383.5781503528667,1171.095664041433,High
12929,0.0,0.0,312.0,0.0,0.31433188465276213,470.98914615257866,148.04690596113528,Low
12930,1.0,93.0,172.0,194.24,1.106098050955943,208.10299240636752,230.18231429878253,Low
12931,41.0,717.0,739.0,1927.8029268292682,9.214076987737354,1928.575923460304,17770.047035459902,High
12932,6.0,128.0,668.0,212.3066666666667,0.017658639929500272,214.628436314909,3.7900462755166586,Low
12933,6.0,705.0,730.0,255.20666666666668,1.477470765983983,257.6026624990238,380.6004030819461,Medium
12934,0.0,0.0,737.0,0.0,0.14897642507131617,470.98914615257866,70.16627924120282,Low
12935,12.0,605.0,608.0,313.76666666666665,3.340048554978521,315.01424596153214,1052.1628770214638,High
12936,2.0,61.0,79.0,132.72,3.087606725889237,139.29495519064264,430.08804052906805,Medium
12937,8.0,721.0,737.0,365.94375,1.9116750916995242,367.8836069280558,703.2739280089428,Medium
12938,0.0,0.0,26.0,0.0,1.2630882296182389,470.98914615257866,594.9008467832665,Medium
12939,15.0,632.0,697.0,1651.32,3.6033417729502886,1653.2426323733007,5957.198238053012,High
12940,1.0,33.0,88.0,552.27,1.6858456880155366,569.8822386864415,960.7335147661782,High
12941,0.0,0.0,725.0,0.0,0.15122111405164462,470.98914615257866,71.22350338742582,Low
12942,2.0,234.0,366.0,212.575,1.0097355700364372,219.5658932509587,221.7034923823163,Low
12943,1.0,47.0,606.0,180.64999999999998,0.19834423464673973,194.3706795919491,38.552303681431816,Low
12944,1.0,319.0,355.0,317.56,0.6586861557265644,332.7143843323478,219.15435877080483,Low
12945,1.0,368.0,657.0,462.95,0.3605586264900472,479.6268905934431,172.933612900064,Low
12946,0.0,0.0,437.0,0.0,0.23693109732714998,470.98914615257866,111.59197522710788,Low
12947,5.0,230.0,374.0,259.99,2.0183214569501344,262.8761251505343,530.5685239112322,Medium
12948,8.0,721.0,738.0,273.61875,1.909085628562773,275.4388522170419,525.8363543153803,Medium
12949,15.0,706.0,737.0,915.4666666666667,3.4615444865406757,916.880553663189,3173.822825349174,High
12950,2.0,22.0,25.0,765.7,4.9411099261047715,775.5719368877046,3832.186195764141,High
12951,14.0,690.0,699.0,217.53,3.4104610117860723,218.52793069491815,745.2809876213073,Medium
12952,2.0,73.0,79.0,328.125,3.118906326717214,335.7177546606328,1047.0722290023452,High
12953,1.0,513.0,523.0,329.85,0.47576794346930945,345.1330837060933,164.20325745806906,Low
12954,0.0,0.0,639.0,0.0,0.16952902149875645,470.98914615257866,79.84632908378146,Low
12955,9.0,266.0,268.0,474.0377777777778,5.105865290590359,475.8864585748394,2429.8121510992396,High
12956,3.0,418.0,725.0,156.29666666666665,0.7265734401547491,160.75409969508812,116.79965923443967,Low
12957,10.0,719.0,729.0,759.902,2.382185326873738,761.8621794710558,1814.8969050359956,High
12958,1.0,183.0,584.0,372.6,0.35077246583563326,388.3307564666809,136.21573700563445,Low
12959,0.0,0.0,485.0,0.0,0.21647368277238707,470.98914615257866,101.95675501347077,Low
12960,3.0,248.0,662.0,302.8,0.5939452434638235,307.7652759661901,182.7957217634496,Low
12961,0.0,0.0,380.0,0.0,0.26689108588693405,470.98914615257866,125.70280465762161,Low
12962,1.0,106.0,114.0,95.85000000000001,1.5321317461115234,108.68266438498247,166.51616035621586,Low
12963,10.0,511.0,520.0,288.55100000000004,3.22534690845177,290.0221950075383,935.42219004996,High
12964,0.0,0.0,438.0,0.0,0.2364654855642906,470.98914615257866,111.37267714048014,Low
12965,0.0,0.0,90.0,0.0,0.751854825076943,470.98914615257866,354.1154620936858,Medium
12966,0.0,0.0,10.0,0.0,1.524160513486826,470.98914615257866,717.863058846636,Medium
12967,2.0,25.0,384.0,1514.65,0.2992027196307575,1528.4229676343546,457.30830866231213,Medium
12968,0.0,0.0,113.0,0.0,0.6567738122284743,470.98914615257866,309.33333703686316,Medium
12969,0.0,0.0,603.0,0.0,0.17858053756629405,470.98914615257866,84.10949490781734,Low
12970,4.0,728.0,736.0,316.0825,1.0228438948370997,319.83773476469474,327.1440743425956,Medium
12971,97.0,721.0,725.0,161.76484536082475,22.0776712823645,161.90282684279347,3574.4373907207737,High
12972,3.0,248.0,662.0,230.56333333333336,0.5939452434638235,235.27820625284912,139.74237149458014,Low
12973,0.0,0.0,414.0,0.0,0.24817106132100666,470.98914615257866,116.88587627136016,Low
12974,1.0,368.0,566.0,144.8,0.4228775678814508,158.14526278570204,66.8760840987906,Low
12975,4.0,297.0,734.0,414.615,0.6060379974251422,418.6261796629701,253.7033715926842,Low
12976,6.0,454.0,666.0,463.1266666666667,1.4564245089907144,465.8824086109389,678.5225582085981,Medium
12977,2.0,355.0,512.0,146.34,0.7640899169719295,152.98589722785388,116.89498151070701,Low
12978,4.0,344.0,730.0,389.31,0.7503271952138879,393.25544819720136,295.0702574483865,Medium
12979,0.0,0.0,730.0,0.0,0.15027765235295168,470.98914615257866,70.77914316753076,Low
12980,20.0,580.0,738.0,774.5790000000001,3.417130868936337,775.5661907112875,2650.2111711829066,High
12981,1.0,104.0,134.0,185.04,1.3624438785573643,198.80665113391356,270.86290485389003,Low
12982,7.0,364.0,607.0,291.8342857142857,1.5348750822014314,293.9417957548822,451.1639379217112,Medium
12983,0.0,0.0,599.0,0.0,0.1796463355444766,470.98914615257866,84.61147418753268,Low
12984,0.0,0.0,19.0,0.0,1.3652688327800393,470.98914615257866,643.0268018197984,Medium
12985,1.0,28.0,29.0,485.0,2.885511591676096,501.9077954910093,1448.2607618419026,High
12986,6.0,259.0,688.0,404.3283333333334,0.3603920751366746,406.9823415732782,146.67321062357664,Low
12987,4.0,615.0,689.0,257.47,1.0753907130586693,261.0729847928564,280.755463276745,Medium
12988,0.0,0.0,293.0,0.0,0.33076722747832277,470.98914615257866,155.787774045271,Low
12989,26.0,721.0,730.0,502.9788461538462,5.974777992390446,503.6298323680077,3009.076438743662,High
12990,6.0,588.0,620.0,139.75,1.7101598511105094,141.94623108183768,242.7507454126135,Low
12991,2.0,366.0,390.0,251.88,1.0039566529181672,259.0756198862442,260.1006921936931,Low
12992,0.0,0.0,726.0,0.0,0.15103147456557572,470.98914615257866,71.1341852478054,Low
12993,6.0,636.0,660.0,181.67999999999998,1.6188516668394,183.94877895829302,297.785787429705,Medium
12994,2.0,264.0,269.0,310.90999999999997,1.3677581073919136,318.4130874674909,435.51208188335124,Medium
12995,0.0,0.0,86.0,0.0,0.7712946225764735,470.98914615257866,363.2713957193687,Medium
12996,0.0,0.0,376.0,0.0,0.2692811004844868,470.98914615257866,126.82847559221516,Low
12997,6.0,560.0,583.0,306.035,1.8092879271386517,308.51893973045156,558.1995929479233,Medium
12998,2.0,161.0,654.0,309.94000000000005,0.3788916429107643,317.43803506102296,120.2746186266358,Low
12999,2.0,49.0,246.0,67.8,1.0122431681617754,74.03680856393521,74.94325366134464,Low
13000,3.0,619.0,726.0,178.28333333333333,0.7972483060028529,182.81698151084177,145.7505288180735,Low
13001,32.0,732.0,737.0,728.1928125000001,7.263001599719099,728.7946595095675,5293.236777884725,High
13002,2.0,116.0,435.0,116.875,0.6272914812699357,123.36742387055361,77.3873340602156,Low
13003,2.0,109.0,215.0,45.0,1.5027042960400785,51.11805096860358,76.8153147957163,Low
13004,32.0,713.0,725.0,344.5890625,7.365391709702639,345.06663734684275,2541.5509500094026,High
13005,3.0,284.0,458.0,256.65000000000003,1.1326200104894226,261.4553004144756,296.1295050979585,Medium
13006,0.0,0.0,57.0,0.0,0.9496012072289162,470.98914615257866,447.2518617782051,Medium
13007,0.0,0.0,580.0,0.0,0.18488784357445445,470.98914615257866,87.08016757912382,Low
13008,2.0,400.0,724.0,211.40999999999997,0.5306532762166839,218.39482515453057,115.89192947702149,Low
13009,0.0,0.0,673.0,0.0,0.16178498918934597,470.98914615257866,76.19897391859423,Low
13010,1.0,274.0,649.0,153.0,0.34377967297901163,166.4311321807153,57.215640194612966,Low
13011,0.0,0.0,373.0,0.0,0.27110194122884895,470.98914615257866,127.68607181968213,Low
13012,9.0,583.0,593.0,286.21555555555557,2.599056174220411,287.8477127941282,748.1323751728025,Medium
13013,26.0,724.0,726.0,456.51,6.009704555729973,457.14245678668493,2747.291105168533,High
13014,10.0,422.0,433.0,346.628,3.7810769918423257,348.1594446955366,1316.417665830894,High
13015,8.0,550.0,604.0,731.3475,2.270702769255701,733.761321948198,1666.1538657204972,High
13016,1.0,50.0,124.0,364.64,1.356703873105772,380.2874003222533,515.9373889105262,Medium
13017,0.0,0.0,8.0,0.0,1.5647000965030486,470.98914615257866,736.9567624368283,Medium
13018,23.0,632.0,649.0,388.8895652173913,5.889240985094412,389.57407136429066,2294.295587808676,High
13019,5.0,354.0,734.0,194.99,0.811355205900436,197.7411217351816,160.43828854043144,Low
13020,1.0,97.0,660.0,170.95000000000002,0.2339403253344515,184.5691023807749,43.17815585764617,Low
13021,15.0,730.0,735.0,310.2353333333333,3.4829818666789794,311.23078281144393,1084.011172884563,High
13022,0.0,0.0,430.0,0.0,0.24024251325531712,470.98914615257866,113.15161618767137,Low
13023,2.0,464.0,529.0,344.95000000000005,0.765829507477053,352.63039047385456,270.0547582580329,Low
13024,1.0,112.0,583.0,308.04,0.29821178212386257,323.09469205911284,96.35064391370862,Low
13025,0.0,0.0,732.0,0.0,0.14990355789782986,470.98914615257866,70.60294873953252,Low
13026,8.0,725.0,727.0,174.63750000000002,1.938622570813029,176.32921368750456,341.83579354831,Medium
13027,17.0,575.0,689.0,985.8352941176471,3.8801417522734725,987.1256635214681,3830.1875017703037,High
13028,1.0,23.0,46.0,305.38,2.3897715440117127,320.40683686512074,765.6991412470685,Medium
13029,4.0,493.0,524.0,394.9,1.3820422786963678,398.8599686039845,551.2413398902124,Medium
13030,1.0,357.0,369.0,371.74,0.6418731328618255,387.46175065208195,248.7012877551793,Low
13031,4.0,147.0,555.0,610.2574999999999,0.36178809449519683,614.7768744186176,222.4189539356246,Low
13032,5.0,408.0,461.0,460.01599999999996,1.8711465140227324,463.31757427606243,866.9350639921225,High
13033,1.0,72.0,430.0,190.55,0.39210683431701543,204.37435117861153,80.13657985623936,Low
13034,2.0,347.0,402.0,404.315,0.9707680325906909,412.304602958366,400.2521282419789,Medium
13035,2.0,358.0,432.0,460.94,0.9086108906955337,469.22454369677183,426.34253058452924,Medium
13036,0.0,0.0,685.0,0.0,0.15921815712074425,470.98914615257866,74.99002387428645,Low
13037,10.0,598.0,737.0,360.17600000000004,2.251826703926498,361.72149953261504,814.5341320318788,Medium
13038,2.0,210.0,291.0,256.68,1.2454061724484975,263.9006214852614,328.66346291073916,Medium
13039,3.0,138.0,723.0,282.6433333333334,0.1877199418889342,287.5387377096919,53.976755133680854,Low
13040,1.0,25.0,34.0,373.74,2.71872161500751,389.4826944069632,1058.8950199555757,High
13041,3.0,139.0,590.0,180.99,0.3690529516635363,185.53303063673505,68.47151258756838,Low
13042,2.0,134.0,733.0,444.22,0.24973244552493679,452.41745479352863,112.98331738375543,Low
13043,0.0,0.0,274.0,0.0,0.3490207829840967,470.98914615257866,164.38500056718416,Low
13044,10.0,409.0,701.0,467.65500000000003,1.1095400819241155,469.3119993727647,520.7204742320278,Medium
13045,2.0,387.0,487.0,241.74,0.8145118900930459,248.88280400832042,202.71800310447418,Low
13046,2.0,426.0,457.0,314.655,0.8756861208954093,322.1775939233908,282.1264474621905,Medium
13047,18.0,692.0,724.0,471.60333333333335,4.192825587983329,472.52573882478833,1981.2180087253,High
13048,8.0,667.0,682.0,461.20125,2.051455147429001,463.26466538334313,950.366682422633,High
13049,3.0,337.0,402.0,386.8933333333334,1.343559609634717,392.15011260170144,526.8770522053524,Medium
13050,33.0,710.0,725.0,361.35121212121214,7.587312922175865,361.8195761129829,2745.238345338229,High
13051,1.0,41.0,620.0,80.8,0.18074580040299476,93.47506262950077,16.89522501268918,Low
13052,5.0,442.0,655.0,521.512,1.2722059727040511,524.9412999688396,667.8334571393867,Medium
13053,0.0,0.0,622.0,0.0,0.17368610417723312,470.98914615257866,81.80426990500285,Low
13055,2.0,351.0,430.0,607.2049999999999,0.910692396055742,616.2513892968235,561.2154542914041,Medium
13056,0.0,0.0,552.0,0.0,0.19319530876338442,470.98914615257866,90.99289351515023,Low
13057,2.0,101.0,632.0,184.29999999999998,0.26507668157300385,191.1436182067481,50.667716018101984,Low
13058,2.0,127.0,152.0,111.925,2.0679695977956682,118.39164097156713,244.83031416234084,Low
13059,8.0,369.0,619.0,209.635,1.5337236620863313,211.37210892713313,324.1864049666335,Medium
13060,0.0,0.0,254.0,0.0,0.3705523331062524,470.98914615257866,174.52612697455973,Low
13061,0.0,0.0,73.0,0.0,0.842115185657118,470.98914615257866,396.62711225476625,Medium
13062,0.0,0.0,192.0,0.0,0.4582599515666794,470.98914615257866,215.83546330431238,Low
13063,0.0,0.0,481.0,0.0,0.2180423946858452,470.98914615257866,102.69560129814978,Low
13064,5.0,579.0,592.0,288.218,1.5158833607433813,291.1627540183585,441.3687740846477,Medium
13065,4.0,174.0,548.0,268.33500000000004,0.5509300494360194,271.966207372409,149.834356072608,Low
13066,1.0,8.0,33.0,318.99,2.673608525416773,334.1593591170879,893.4113113832512,High
13067,2.0,364.0,447.0,128.555,0.8803868338266121,135.10826109482878,118.94753420909554,Low
13068,1.0,309.0,320.0,179.0,0.72245464458146,192.70340099417209,139.21946707488317,Low
13069,31.0,543.0,544.0,276.1051612903226,9.25742620112867,276.57524498633904,2560.374919520116,High
13070,3.0,540.0,733.0,199.16666666666666,0.7719290377057318,203.77270537010443,157.29806836703833,Low
13071,0.0,0.0,613.0,0.0,0.17597060795064337,470.98914615257866,82.8802463866237,Low
13072,0.0,0.0,267.0,0.0,0.35626553529821753,470.98914615257866,167.79720027369885,Low
13073,1.0,26.0,438.0,115.2,0.2832125777328616,128.23529521345895,36.317848513738205,Low
13074,3.0,212.0,724.0,355.1466666666667,0.3963575433328382,360.2933984699189,142.8050062965764,Low
13075,0.0,0.0,130.0,0.0,0.6006990184031485,470.98914615257866,282.9227177723911,Medium
13076,0.0,0.0,458.0,0.0,0.2275234998467401,470.98914615257866,107.16109892246249,Low
13077,9.0,727.0,729.0,316.2477777777778,2.1590095880600253,317.9145564980257,686.3805756630882,Medium
13078,54.0,735.0,739.0,535.2244444444444,12.136925371765198,535.5440070268021,6499.8576465803935,High
13079,5.0,413.0,418.0,44.02,2.0582684639444997,46.45756072570784,95.622132153511,Low
13080,3.0,430.0,610.0,70.14333333333333,0.9043495206511556,74.30212222238215,67.19508861517488,Low
13081,24.0,720.0,732.0,2371.64875,5.509437402601118,2373.1612607066395,13074.783412141182,High
13082,15.0,591.0,718.0,476.238,3.314316007349375,477.348218393836,1582.0828413023962,High
13083,2.0,421.0,426.0,151.875,0.9349837075943046,158.5497271967206,148.24141177245536,Low
13084,0.0,0.0,492.0,0.0,0.21378213936205745,470.98914615257866,100.68906728080701,Low
13085,4.0,581.0,739.0,445.545,0.9890675201871199,449.63652245041243,444.7208802455897,Medium
13086,0.0,0.0,383.0,0.0,0.26512627835299996,470.98914615257866,124.87159946409035,Low
13087,0.0,0.0,727.0,0.0,0.15084231043433738,470.98914615257866,71.04509099515077,Low
13088,0.0,0.0,418.0,0.0,0.2461401922075257,470.98914615257866,115.92935896165412,Low
13089,127.0,735.0,738.0,900.1664566929134,28.40380468414495,900.3321008462881,25572.857143303863,High
13090,21.0,486.0,495.0,654.0009523809524,6.866481719423591,654.8815769948166,4496.732376822201,High
13091,1.0,701.0,730.0,345.82,0.3520395350454195,361.27031958882037,127.18143533375844,Low
13092,11.0,597.0,668.0,153.8390909090909,2.7832757663018746,155.04937991423483,431.54518169542246,Medium
13093,42.0,460.0,736.0,1284.5280952380951,7.701347307194684e-05,1285.1239176468055,0.09897185622580708,Low
13094,11.0,368.0,390.0,176.8418181818182,4.510810533458565,178.07379902317106,803.2571683667035,Medium
13095,0.0,0.0,71.0,0.0,0.854190966359199,470.98914615257866,402.31467389676516,Medium
13096,0.0,0.0,395.0,0.0,0.2582947889087922,470.98914615257866,121.65404208381258,Low
13097,21.0,706.0,739.0,596.6261904761905,4.777137698304273,597.4784870651615,2854.237004484785,High
13098,25.0,316.0,318.0,1129.3455999999999,11.86943097635307,1130.2823945479593,13415.80886587407,High
13099,0.0,0.0,100.0,0.0,0.7073127495047882,470.98914615257866,333.1366279520929,Medium
13101,3.0,447.0,682.0,175.61666666666667,0.8024072179497671,180.14107104198143,144.54649565328768,Low
13102,32.0,581.0,583.0,344.54,8.97878550845029,345.01755895256906,3097.8386584842206,High
13103,2.0,538.0,578.0,293.15,0.7119921508766196,300.56058155112737,213.99677492731482,Low
13104,8.0,650.0,654.0,201.555,2.1335509977735234,203.28162836320146,433.7117210233351,Medium
13105,0.0,0.0,437.0,0.0,0.23693109732714998,470.98914615257866,111.59197522710788,Low
13106,1.0,280.0,414.0,76.5,0.5600813000219065,89.13003355650599,49.920065065324025,Low
13107,8.0,629.0,674.0,580.84625,2.0635641478645557,583.0648568526013,1203.1917344808073,High
13108,1.0,63.0,436.0,700.12,0.3690535451875409,719.2805057660408,265.45302063724483,Low
13109,2.0,492.0,552.0,393.27,0.7386835289846287,401.20207323729414,296.3613632948739,Medium
13110,10.0,707.0,739.0,259.469,2.3459241260158574,260.9100250361835,612.0751224517843,Medium
13111,0.0,0.0,719.0,0.0,0.152369034583783,470.98914615257866,71.76416149870869,Low
13112,0.0,0.0,542.0,0.0,0.19634632645889166,470.98914615257866,92.47698864906884,Low
13113,35.0,621.0,622.0,517.2057142857143,9.253775404902163,517.6934682285863,4790.619083572191,High
13114,0.0,0.0,731.0,0.0,0.15009037186887023,470.98914615257866,70.6909360922422,Low
13115,9.0,588.0,600.0,526.6888888888889,2.571212903805443,528.5982664757195,1359.138683691558,High
13116,0.0,0.0,139.0,0.0,0.5747386330053562,470.98914615257866,270.695658020093,Low
13117,17.0,602.0,624.0,147.9758823529412,4.545455152481438,148.7551735276304,676.159969969438,Medium
13118,7.0,420.0,440.0,313.4342857142857,2.6674036769277523,315.5738215168241,841.7627718561189,High
13119,0.0,0.0,669.0,0.0,0.16265910480672102,470.98914615257866,76.61067288686034,Low
13120,0.0,0.0,239.0,0.0,0.3885345033549189,470.98914615257866,182.99553398594946,Low
13121,0.0,0.0,270.0,0.0,0.35312404449020524,470.98914615257866,166.31759220038697,Low
13122,1.0,146.0,241.0,18.72,0.8653967245057008,30.744968477985545,26.606595015879712,Low
13123,1.0,57.0,530.0,151.31,0.2664595578165871,164.72343470784062,43.89213357428067,Low
13124,3.0,296.0,386.0,1288.7766666666666,1.3743115208395376,1297.1597576107042,1782.701599253813,High
13125,0.0,0.0,524.0,0.0,0.2022853053951096,470.98914615257866,95.27418326725629,Low
13126,11.0,643.0,648.0,321.21818181818185,2.9027531534926765,322.58631122988936,936.3884321961314,High
13127,0.0,0.0,78.0,0.0,0.8133788715032176,470.98914615257866,383.09262018784847,Medium
13128,0.0,0.0,632.0,0.0,0.17121640184758077,470.98914615257866,80.64106691350887,Low
13129,1.0,77.0,530.0,124.5,0.2978219931486999,137.63268367365694,40.99004017409304,Low
13130,0.0,0.0,95.0,0.0,0.7288995105730369,470.98914615257866,343.3037581158271,Medium
13131,5.0,645.0,669.0,532.472,1.356267080626229,535.9240636216438,726.8561652054722,Medium
13132,0.0,0.0,262.0,0.0,0.36162777054291173,470.98914615257866,170.32275487306663,Low
13133,2.0,186.0,460.0,54.900000000000006,0.7278323860192601,61.06961676657653,44.44844488449921,Low
13134,5.0,331.0,417.0,440.276,2.005756275088485,443.5365747773077,889.626268090838,High
13135,1.0,295.0,492.0,3096.0,0.47333964270231654,3140.249867488533,1486.404750273019,High
13136,8.0,675.0,732.0,715.68375,1.9112570241540268,718.0772545059599,1372.4301965597547,High
13137,15.0,492.0,503.0,458.1433333333333,4.887427396768318,459.2410416554009,2244.507248707027,High
13138,6.0,374.0,397.0,192.60333333333332,2.5262075511911726,194.89101199678132,492.33514616555834,Medium
13139,6.0,421.0,438.0,844.1566666666668,2.326293018521559,847.571672082577,1971.7000634623432,High
13140,4.0,383.0,492.0,240.845,1.4239832555820668,244.4048002199101,348.02834309703223,Medium
13141,14.0,646.0,731.0,522.6521428571428,3.205755268984738,523.8761043460883,1679.4185818026708,High
13142,0.0,0.0,20.0,0.0,1.349658729187219,470.98914615257866,635.6746124572627,Medium
13143,0.0,0.0,585.0,0.0,0.1834790440497688,470.98914615257866,86.41663829389198,Low
13144,1.0,99.0,432.0,110.95,0.4285460790041683,123.9407897343362,53.114339469329856,Low
13145,6.0,560.0,600.0,220.25333333333333,1.7583468327965348,222.58885241614672,391.3884036617469,Medium
13146,0.0,0.0,27.0,0.0,1.2497397043087282,470.98914615257866,588.613836245344,Medium
13147,3.0,89.0,100.0,198.0,3.783028512105723,202.60199453997805,766.449121954225,Medium
13148,17.0,703.0,733.0,487.67117647058825,3.9250886758380323,488.65767528288865,1918.0247076142045,High
13149,3.0,275.0,290.0,433.1066666666666,1.7845437781710358,438.5236410270514,782.5646351757333,Medium
13150,1.0,146.0,631.0,273.45,0.2944368055593483,288.14246981844093,84.83974835932268,Low
13151,2.0,332.0,628.0,779.6850000000001,0.5978093344295937,789.6297800881745,472.04805328029806,Medium
13152,6.0,277.0,695.0,277.65166666666664,0.4464429483815358,280.0864971540927,125.04264159132978,Low
13153,0.0,0.0,6.0,0.0,1.607486771704494,470.98914615257866,757.1088220566647,Medium
13154,1.0,228.0,736.0,675.88,0.2797343381599389,694.7866674568796,194.3556885833998,Low
13155,5.0,458.0,492.0,302.896,1.7778344489022178,305.87123986652074,543.788427163134,Medium
13156,2.0,291.0,677.0,396.31,0.5175916663058718,404.25790758333835,209.24052400338525,Low
13157,7.0,592.0,642.0,784.88,1.9028093675260276,787.7185361828294,1498.878209622578,High
13158,4.0,294.0,389.0,300.265,1.7368547953525708,303.9791477281487,527.9676404188226,Medium
13159,3.0,107.0,116.0,326.84666666666664,3.4611839755478884,331.8952986191383,1148.7506891402427,High
13160,0.0,0.0,23.0,0.0,1.304922566593975,470.98914615257866,614.6043654353277,Medium
13161,1.0,187.0,501.0,112.75,0.4242440105351126,125.75963911372936,53.352773661056965,Low
13162,15.0,613.0,736.0,572.086,3.2761588599307854,573.2624846247065,1878.098968069168,High
13164,1.0,98.0,668.0,96.4,0.2306079448504176,109.23842391757483,25.191248438330636,Low
13165,2.0,367.0,414.0,510.74,0.9491515256944373,519.2839352865751,492.8791394458642,Medium
13166,1.0,131.0,415.0,417.2,0.48477479233679893,433.3978022005336,210.10032956098874,Low
13167,4.0,372.0,391.0,197.83249999999998,1.7830061855617874,201.28057231351303,358.8845054684104,Medium
13168,4.0,506.0,543.0,329.7975,1.337956256802962,333.58836041389526,446.3266340124127,Medium
13169,2.0,499.0,563.0,356.44,0.7254209881835367,364.1802380515019,264.18398816423615,Low
13170,0.0,0.0,27.0,0.0,1.2497397043087282,470.98914615257866,588.613836245344,Medium
13171,2.0,278.0,300.0,164.03,1.2473164117222313,170.76803853756513,213.00177706551946,Low
13172,0.0,0.0,401.0,0.0,0.2550095875284621,470.98914615257866,120.10674789075163,Low
13173,9.0,725.0,730.0,259.6277777777778,2.1556438125356934,261.2292843287553,563.1172904164087,Medium
13174,10.0,719.0,736.0,886.445,2.359559654626098,888.5364565044489,2096.5547744323344,High
13175,1.0,153.0,736.0,512.3,0.24124975458827785,529.4936777451389,127.74021981205945,Low
13176,0.0,0.0,47.0,0.0,1.032078349029399,470.98914615257866,486.0977003719197,Medium
13177,1.0,366.0,431.0,282.45,0.5555012743122101,297.2367167154067,165.11537490778582,Low
13178,20.0,697.0,724.0,672.02,4.6480574008327284,672.9540204006928,3127.928914943579,High
13179,0.0,0.0,619.0,0.0,0.17444098049665588,470.98914615257866,82.15980845813858,Low
13180,0.0,0.0,608.0,0.0,0.17726595827040612,470.98914615257866,83.49034232769722,Low
13181,0.0,0.0,382.0,0.0,0.2657119441891347,470.98914615257866,125.14744171618219,Low
13182,0.0,0.0,46.0,0.0,1.04112876043265,470.98914615257866,490.3603459110665,Medium
13183,14.0,628.0,636.0,467.33857142857147,3.714949775935655,468.5215572926296,1740.5340542852787,High
13184,7.0,276.0,291.0,208.3957142857143,3.7688483096307497,210.3795121121741,792.8884686049091,Medium
13185,0.0,0.0,268.0,0.0,0.3552121634942718,470.98914615257866,167.30107358717726,Low
13186,2.0,89.0,129.0,293.775,2.273974656787713,301.1888369676661,684.895782171839,Medium
13187,1.0,287.0,625.0,236.02,0.36287979212632065,250.32050744583765,90.83625370690066,Low
13188,0.0,0.0,12.0,0.0,1.485694288265705,470.98914615257866,699.7458842740274,Medium
13189,1.0,97.0,116.0,133.68,1.5046947166390603,146.90881550856207,221.05291852343578,Low
13190,2.0,188.0,733.0,211.78,0.34513096122325854,218.7667523611215,75.50317952608442,Low
13191,0.0,0.0,659.0,0.0,0.16488631653194796,470.98914615257866,77.65966543562598,Low
13192,4.0,591.0,687.0,458.41499999999996,1.073160330298606,462.5399531544014,496.3795289034791,Medium
13193,0.0,0.0,62.0,0.0,0.9131534603832515,470.98914615257866,430.0853686121802,Medium
13194,1.0,286.0,422.0,60.7,0.551039302116458,73.16457789294381,40.31655794177299,Low
13195,0.0,0.0,415.0,0.0,0.24766020398417288,470.98914615257866,116.64526801047904,Low
13196,5.0,606.0,618.0,573.774,1.4588953183245952,577.3118468687345,842.2375506101224,High
13197,0.0,0.0,610.0,0.0,0.17674553441455482,470.98914615257866,83.24522834019238,Low
13198,7.0,424.0,435.0,593.1985714285714,2.6987554958719477,595.7529065095431,1607.791430624316,High
13199,56.0,731.0,735.0,290.97589285714287,12.644042045705365,291.23883140193965,3682.436029588221,High
13200,3.0,107.0,127.0,183.59,3.244777347334048,188.1420433438739,610.4790403233427,Medium
13201,3.0,140.0,643.0,307.9533333333333,0.2861597824831702,312.9364729472627,89.54983302963917,Low
13202,6.0,336.0,731.0,210.01666666666668,0.6868733531034585,212.33447412466137,145.8468922214657,Low
13203,9.0,713.0,723.0,256.48333333333335,2.1734647221380112,258.081214933586,560.9304161046668,Medium
13204,0.0,0.0,732.0,0.0,0.14990355789782986,470.98914615257866,70.60294873953252,Low
13205,0.0,0.0,444.0,0.0,0.23370984924460841,470.98914615257866,110.074802343166,Low
13206,11.0,332.0,733.0,664.5909090909091,0.10665135279545476,666.2828429311221,71.05996654300567,Low
13207,3.0,597.0,613.0,107.22000000000001,0.9420858056350269,111.50731240379935,105.04945624012993,Low
13208,8.0,678.0,737.0,240.9225,1.898787471237016,242.7001919276297,460.8360836990025,Medium
13209,10.0,654.0,685.0,825.2209999999999,2.5132200864766157,827.2489420856941,2079.058657766297,High
13210,0.0,0.0,94.0,0.0,0.7333770087138042,470.98914615257866,345.41261114204684,Medium
13211,8.0,723.0,734.0,311.685,1.9199068587245476,313.55447793075035,601.9953927630423,Medium
13212,1.0,42.0,62.0,496.61,2.1125803086447816,513.6393739880953,1085.1044272318827,High
13213,9.0,512.0,569.0,395.1077777777778,2.668009233593914,396.8654671880411,1058.8407309522563,High
13214,6.0,229.0,647.0,269.43333333333334,0.3058294790345364,271.85394434469606,83.14095017242225,Low
13215,0.0,0.0,403.0,0.0,0.2539330412985549,470.98914615257866,119.59970630113385,Low
13216,0.0,0.0,268.0,0.0,0.3552121634942718,470.98914615257866,167.30107358717726,Low
13217,2.0,533.0,656.0,68.51,0.6261319735333785,74.75050671712317,46.80368229341239,Low
13218,0.0,0.0,128.0,0.0,0.6067914308252615,470.98914615257866,285.79217789709145,Medium
13219,0.0,0.0,619.0,0.0,0.17444098049665588,470.98914615257866,82.15980845813858,Low
13220,4.0,497.0,576.0,204.8225,1.2584750789241792,208.2887293159127,262.1261750648602,Low
13221,1.0,119.0,360.0,349.25,0.557979012566043,364.7362381284418,203.51516599796108,Low
13222,0.0,0.0,578.0,0.0,0.18545744534294178,470.98914615257866,87.34844382971067,Low
13223,5.0,465.0,666.0,150.50400000000002,1.2717631351807621,153.16272539771424,194.78670784462722,Low
13224,1.0,91.0,152.0,943.69,1.2218951471164574,965.4011409542587,1179.6189691526997,High
13225,14.0,719.0,723.0,1059.6264285714285,3.309198004771006,1061.2481741183763,3511.880340359404,High
13226,1.0,120.0,394.0,108.21000000000001,0.5042708078847905,121.17209679014884,61.10355114146239,Low
13227,0.0,0.0,202.0,0.0,0.44139879550640154,470.98914615257866,207.89404180833674,Low
13228,0.0,0.0,82.0,0.0,0.7917739303878477,470.98914615257866,372.9169274192436,Medium
13229,0.0,0.0,226.0,0.0,0.40559748176909827,470.98914615257866,191.03201162006368,Low
13230,28.0,627.0,632.0,217.0635714285714,7.324124995038265,217.56217933235428,1593.4525956230934,High
13232,6.0,231.0,244.0,206.69500000000002,3.7629335626643288,209.00706026355257,786.4796818995279,Medium
13233,3.0,620.0,695.0,295.27666666666664,0.8340522506393514,300.21586355591774,250.3957166764496,Low
13234,1.0,60.0,733.0,118.10000000000001,0.15738001451347047,131.1656636580368,20.64285405017082,Low
13235,0.0,0.0,213.0,0.0,0.42423332264151875,470.98914615257866,199.80929040040033,Low
13236,1.0,82.0,107.0,305.62,1.573052641647134,320.6493501157065,504.3983072419489,Medium
13237,0.0,0.0,388.0,0.0,0.26223631616077103,470.98914615257866,123.51045863875922,Low
13238,5.0,573.0,591.0,177.926,1.5170805685580315,180.64168022318808,274.0479829382723,Low
13239,3.0,241.0,503.0,433.37000000000006,0.9383790802996056,438.78788718585145,411.74937402406636,Medium
13240,6.0,556.0,653.0,263.87,1.608016367002999,266.28098525368694,428.1841825096128,Medium
13241,0.0,0.0,412.0,0.0,0.24919913437712668,470.98914615257866,117.3700875222446,Low
13242,5.0,556.0,669.0,116.47999999999999,1.3303545571626727,119.06805837919174,158.4027340772689,Low
13243,2.0,428.0,632.0,492.69000000000005,0.6298550598707038,501.13991885693764,315.6455135952361,Medium
13244,0.0,0.0,93.0,0.0,0.7379102243289635,470.98914615257866,347.5477064939563,Medium
13245,1.0,382.0,433.0,430.5,0.5554106677493484,446.8370781704942,248.17807996184197,Low
13246,10.0,507.0,526.0,323.026,3.1873367564500827,324.53295973356995,1034.3958312383422,High
13247,3.0,65.0,83.0,65.35000000000001,4.17771902158448,69.49217315460567,290.31877363923843,Medium
13248,1.0,65.0,190.0,78.21000000000001,0.9694808793535714,90.8579404669295,88.08503602013326,Low
13249,8.0,592.0,685.0,191.56625000000003,2.0076287481340374,193.27992196060586,388.0343277652156,Medium
13250,1.0,42.0,503.0,120.0,0.26026333645781735,133.08556022517402,34.63729193856158,Low
13251,0.0,0.0,403.0,0.0,0.2539330412985549,470.98914615257866,119.59970630113385,Low
13252,1.0,231.0,626.0,52.4,0.3437327324106882,64.77766131018646,22.266202521324512,Low
13253,3.0,547.0,704.0,658.9066666666666,0.8088501182653158,665.1063599778021,537.9713579270589,Medium
13254,0.0,0.0,377.0,0.0,0.26867958599642533,470.98914615257866,126.5451687970847,Low
13255,2.0,503.0,513.0,312.605,0.7949537499082445,320.1169161571439,254.47814290818468,Low
13257,0.0,0.0,437.0,0.0,0.23693109732714998,470.98914615257866,111.59197522710788,Low
13258,4.0,389.0,401.0,224.745,1.7478858203212022,228.26297937032004,398.9776249456535,Medium
13259,6.0,637.0,699.0,213.55499999999998,1.5275248823286967,215.87892953215456,329.7604364308494,Medium
13260,0.0,0.0,62.0,0.0,0.9131534603832515,470.98914615257866,430.0853686121802,Medium
13261,1.0,17.0,286.0,99.0,0.49319699218759333,111.8656507989205,55.17180250313524,Low
13262,2.0,337.0,601.0,170.51999999999998,0.6326237950536447,177.29184278290293,112.15903841337419,Low
13263,36.0,412.0,414.0,230.94,13.602289714433967,231.3317700123347,3146.641755860584,High
13264,0.0,0.0,443.0,0.0,0.23416464708034065,470.98914615257866,110.28900718748956,Low
13265,4.0,220.0,274.0,450.055,2.3479900469879977,454.1582374834342,1066.359021368715,High
13266,17.0,711.0,723.0,340.85235294117643,3.985942338170999,341.7492950769282,1362.1929842872219,High
13267,26.0,730.0,733.0,363.5273076923077,5.956701225383767,364.12268768031356,2168.970059895354,High
13268,8.0,250.0,268.0,319.115,4.549660057988947,320.9941153800093,1460.414105593924,High
13269,20.0,736.0,738.0,434.44300000000004,4.584487992546372,435.25385185497663,1995.416057538698,High
13270,0.0,0.0,367.0,0.0,0.27481864156018637,470.98914615257866,129.43659733524373,Low
13271,0.0,0.0,38.0,0.0,1.1197433701259325,470.98914615257866,527.3869738056238,Medium
13272,1.0,58.0,90.0,135.6,1.724786767251574,148.8489215132481,256.7326501457184,Low
13273,0.0,0.0,114.0,0.0,0.6531853826149943,470.98914615257866,307.64322563718156,Medium
13274,0.0,0.0,410.0,0.0,0.25023577369087,470.98914615257866,117.85833338749278,Low
13275,1.0,249.0,633.0,61.5,0.3458320732580238,73.97295539489632,25.58222052924031,Low
13276,4.0,579.0,643.0,385.6075,1.1460141903291077,389.5433307005798,446.4221847309288,Medium
13277,6.0,524.0,540.0,86.06666666666666,1.9386181507423876,88.170014089206,170.9279896645468,Low
13278,3.0,570.0,611.0,379.3866666666667,0.9412788295629455,384.61742463185954,362.03223928699117,Medium
13279,0.0,0.0,79.0,0.0,0.8078670417070272,470.98914615257866,380.49660817840237,Medium
13280,5.0,522.0,645.0,368.826,1.3681321007526133,371.9381748692008,508.8605565338925,Medium
13281,0.0,0.0,440.0,0.0,0.23553973815669177,470.98914615257866,110.9366601594222,Low
13282,3.0,388.0,407.0,377.38000000000005,1.3467589608757249,382.60380200404217,515.2750988140654,Medium
13283,3.0,581.0,641.0,81.85333333333334,0.8989766361329994,86.0527140687652,77.35937942365337,Low
13284,0.0,0.0,331.0,0.0,0.2994555671014377,470.98914615257866,141.04032185974236,Low
13285,5.0,601.0,625.0,604.858,1.4418163882238513,608.4604075789317,877.2881872326678,High
13286,0.0,0.0,601.0,0.0,0.17911184966955745,470.98914615257866,84.35973714167389,Low
13287,1.0,101.0,705.0,294.68,0.21467948041287302,309.5947877765058,66.46364817839397,Low
13288,4.0,223.0,667.0,140.4625,0.4742892019660982,143.76154982028436,68.18455073767214,Low
13289,0.0,0.0,724.0,0.0,0.1514112306876721,470.98914615257866,71.3130462594978,Low
13291,10.0,511.0,667.0,314.14700000000005,2.377737254272687,315.6447485659867,750.5202777808819,Medium
13292,4.0,488.0,527.0,196.015,1.3730008092953392,199.45835123313228,273.85647766380464,Low
13293,5.0,276.0,669.0,191.26799999999997,0.6501973184477892,194.0113912319209,126.14568632731988,Low
13294,2.0,457.0,647.0,436.87,0.6211577508747346,445.0291710950336,276.4333189910385,Low
13295,3.0,217.0,577.0,265.1566666666667,0.6884603195863697,269.99145481014006,185.8784032641779,Low
13296,5.0,440.0,578.0,134.23200000000003,1.4890437280390034,136.85692885041243,203.78595154338677,Low
13297,5.0,535.0,543.0,742.41,1.6380352625653303,746.2980997295255,1222.4626037424603,High
13298,0.0,0.0,2.0,0.0,1.7005997199183167,470.98914615257866,800.9640100316424,Medium
13299,2.0,260.0,529.0,433.76,0.6848085799648539,441.90297214233703,302.6189468350422,Medium
13300,2.0,405.0,575.0,485.265,0.6906765738646855,493.67624450845784,340.9706171554864,Medium
13301,3.0,189.0,293.0,148.06,1.679491457011585,152.4888812343957,256.1037733224218,Low
13302,1.0,371.0,527.0,63.75,0.45574148709345913,76.24651711913778,34.74870109757274,Low
13303,0.0,0.0,401.0,0.0,0.2550095875284621,470.98914615257866,120.10674789075163,Low
13304,3.0,318.0,670.0,303.38000000000005,0.7097224262680295,308.34728649316725,218.84098430309385,Low
13305,15.0,635.0,640.0,222.59533333333331,3.9487646507637826,223.53019132833012,882.668117895775,High
13306,0.0,0.0,431.0,0.0,0.23976378997776246,470.98914615257866,112.92614271993254,Low
13307,2.0,472.0,593.0,22.799999999999997,0.68399938640923,28.802418573149108,19.7008366311358,Low
13308,3.0,574.0,597.0,461.83666666666664,0.9636468682503284,467.35323144093564,450.36347784472855,Medium
13309,5.0,385.0,393.0,291.358,2.1681180872847348,294.30927572180786,638.0972639481217,Medium
13310,4.0,374.0,403.0,322.9375,1.7338561571414204,326.71054109537425,566.4690832812197,Medium
13311,1.0,146.0,151.0,108.46000000000001,1.2771366529304153,121.42471475950902,155.07595379098976,Low
13312,0.0,0.0,452.0,0.0,0.23013417524101215,470.98914615257866,108.39069869729222,Low
13313,10.0,715.0,738.0,306.14300000000003,2.351893584776135,307.63244513256654,723.5187741762796,Medium
13314,2.0,72.0,74.0,138.16,3.2372837772060725,144.76329033619544,468.6398513403381,Medium
13315,0.0,0.0,690.0,0.0,0.15817254178903753,470.98914615257866,74.49755040200185,Low
13316,9.0,602.0,640.0,1241.5788888888887,2.416248151917142,1244.3123996634583,3006.567536094415,High
13317,13.0,660.0,727.0,466.27853846153846,3.0278330010105883,467.5517501263195,1415.6686187127268,High
13318,2.0,36.0,38.0,168.9,4.337344472230647,175.66340474323465,761.9126975362836,Medium
13319,39.0,728.0,734.0,550.1512820512821,8.854703985216862,550.5977535063115,4875.380122223788,High
13320,4.0,400.0,479.0,480.375,1.4748967435472948,484.556995754215,714.671535100952,Medium
13321,1.0,14.0,87.0,308.32,1.6177635156050638,323.3776241847962,523.1485221692091,Medium
13322,0.0,0.0,18.0,0.0,1.3812487825271869,470.98914615257866,650.5531847067685,Medium
13323,4.0,81.0,85.0,166.8875,5.338922913062449,170.2551905625463,908.979337962192,High
13324,10.0,527.0,564.0,1014.561,2.985512959898126,1016.785365384515,3035.6258857902208,High
13325,0.0,0.0,82.0,0.0,0.7917739303878477,470.98914615257866,372.9169274192436,Medium
13326,0.0,0.0,433.0,0.0,0.23881205236516487,470.98914615257866,112.4778846344139,Low
13327,18.0,683.0,722.0,498.0733333333333,4.196243649911735,499.0109874913994,2093.971687496969,High
13328,0.0,0.0,317.0,0.0,0.31027531204966974,470.98914615257866,146.13630429449884,Low
13329,5.0,704.0,736.0,955.664,1.242619498856769,959.9950230885657,1192.908534495306,High
13330,5.0,562.0,655.0,433.52200000000005,1.3634364569787276,436.76854688396475,595.5061600832202,Medium
13331,0.0,0.0,402.0,0.0,0.2544701740471112,470.98914615257866,119.85268999574699,Low
13332,0.0,0.0,15.0,0.0,1.4315450678082657,470.98914615257866,674.2421891659504,Medium
13333,2.0,247.0,659.0,426.78000000000003,0.4980933104082551,434.8866156504329,216.6141140415666,Low
13334,4.0,570.0,653.0,1268.0325,1.1258988020664948,1274.2604899055186,1434.6883591052883,High
13336,0.0,0.0,78.0,0.0,0.8133788715032176,470.98914615257866,383.09262018784847,Medium
13337,0.0,0.0,547.0,0.0,0.19475806030282042,470.98914615257866,91.72893252835782,Low
13338,3.0,546.0,704.0,562.84,0.8086002861721311,568.7066853371078,459.8563885115895,Medium
13339,0.0,0.0,201.0,0.0,0.4430286743672905,470.98914615257866,208.66169706135895,Low
13340,8.0,610.0,656.0,2006.8775,2.1138293143136155,2010.9458112689617,4250.796205356507,High
13341,0.0,0.0,261.0,0.0,0.3627196979328441,470.98914615257866,170.83704082211148,Low
13343,0.0,0.0,178.0,0.0,0.48416132599924255,470.98914615257866,228.03472953248354,Low
13344,1.0,210.0,278.0,887.5699999999999,0.7914908965275559,908.6934591922897,719.2226006848314,Medium
13345,0.0,0.0,288.0,0.0,0.33538265607301987,470.98914615257866,157.96159081821557,Low
13346,4.0,134.0,597.0,63.375,0.21114789150024504,66.4738097741493,14.035804773800006,Low
13347,0.0,0.0,71.0,0.0,0.854190966359199,470.98914615257866,402.31467389676516,Medium
13348,0.0,0.0,65.0,0.0,0.8926079489280784,470.98914615257866,420.4086557146402,Medium
13349,0.0,0.0,11.0,0.0,1.5046783775233217,470.98914615257866,708.6871842639566,Medium
13350,1.0,63.0,80.0,332.55,1.8665674723557,347.8613577751831,649.3066953126453,Medium
13351,0.0,0.0,67.0,0.0,0.8794209617072207,470.98914615257866,414.19772786316344,Medium
13352,0.0,0.0,61.0,0.0,0.9202155691366966,470.98914615257866,433.4115451840019,Medium
13354,0.0,0.0,72.0,0.0,0.8481097616671857,470.98914615257866,399.45049249129477,Medium
13355,0.0,0.0,123.0,0.0,0.6225802580918461,470.98914615257866,293.22854417013065,Medium
13356,0.0,0.0,81.0,0.0,0.7970660678316085,470.98914615257866,375.4094667152026,Medium
13357,3.0,370.0,628.0,755.0966666666667,0.8370971493773514,761.6297954776812,637.5581306752221,Medium
13358,0.0,0.0,269.0,0.0,0.35416501827836694,470.98914615257866,166.80787955604046,Low
13359,1.0,340.0,404.0,439.56,0.5866846271106361,455.99195338010645,267.5234691342583,Low
13360,3.0,269.0,701.0,283.7,0.5728927347830859,288.59906723297775,165.3363088829483,Low
13361,1.0,145.0,618.0,633.25,0.30219082854542373,651.7102513215849,196.94086081841607,Low
13362,6.0,416.0,426.0,764.2683333333334,2.3857583257324966,767.5451148299284,1831.1771480808068,High
13363,2.0,392.0,410.0,496.25,0.9635967116746518,504.718461709542,486.3450500248033,Medium
13365,1.0,184.0,218.0,1524.77,0.9680379840117455,1552.5661394974686,1502.942995724028,High
13366,0.0,0.0,51.0,0.0,0.9974107826435347,470.98914615257866,469.7696528806536,Medium
13367,0.0,0.0,432.0,0.0,0.2392869734754787,470.98914615257866,112.70156732265045,Low
13368,2.0,167.0,424.0,311.7,0.7776299983765843,319.2072023139959,248.22509621722662,Low
13369,0.0,0.0,366.0,0.0,0.2754480397125815,470.98914615257866,129.73303703363035,Low
13370,0.0,0.0,372.0,0.0,0.2717143821262589,470.98914615257866,127.97452483502217,Low
13371,1.0,127.0,633.0,1108.65,0.27821263801398644,1132.0885818568677,314.96135082391197,Medium
13372,0.0,0.0,90.0,0.0,0.751854825076943,470.98914615257866,354.1154620936858,Medium
13373,5.0,673.0,734.0,1367.7540000000001,1.2402851187096817,1372.9409239721458,1702.838196870173,High
13374,1.0,35.0,450.0,123.2,0.2939453925967451,136.3190702329841,40.070362618057786,Low
13375,1.0,356.0,445.0,778.65,0.5369336494940077,798.6328623014547,428.8128573613654,Medium
13376,2.0,135.0,235.0,321.88,1.4305643447672307,329.44022653857814,471.2854418181291,Medium
13377,1.0,249.0,646.0,737.56,0.33755225992372756,757.1125728574185,255.56505998468944,Low
13379,2.0,110.0,137.0,218.135,2.2129411162076043,225.15485343648695,498.25443268329894,Medium
13380,0.0,0.0,433.0,0.0,0.23881205236516487,470.98914615257866,112.4778846344139,Low
13381,11.0,707.0,739.0,746.0881818181817,2.567323530095241,747.8569685232969,1919.9907924355562,High
13382,4.0,451.0,732.0,283.135,0.9217125817587606,286.8046513832122,264.3514556868418,Low
13383,0.0,0.0,544.0,0.0,0.19570791834587162,470.98914615257866,92.17630535702065,Low
13384,9.0,470.0,501.0,633.7355555555555,3.0042067347066315,635.7683377369906,1909.9795219427074,High
13385,0.0,0.0,330.0,0.0,0.30020326828378047,470.98914615257866,141.39248100119127,Low
13386,1.0,23.0,438.0,521.76,0.27487805626381795,539.0527417057274,148.17376986375226,Low
13387,0.0,0.0,418.0,0.0,0.2461401922075257,470.98914615257866,115.92935896165412,Low
13388,1.0,472.0,604.0,677.0999999999999,0.4088191433471774,696.019443147357,284.54607250048196,Medium
13389,2.0,221.0,233.0,270.03499999999997,1.5268402370098129,277.3251832258602,423.4312484853622,Medium
13390,0.0,0.0,75.0,0.0,0.8303785825312143,470.98914615257866,391.0992995697652,Medium
13391,0.0,0.0,204.0,0.0,0.43817487562556184,470.98914615257866,206.37561053639573,Low
13392,0.0,0.0,678.0,0.0,0.16070547766021034,470.98914615257866,75.69053570522478,Low
13393,3.0,149.0,733.0,374.1766666666667,0.2075327959836475,379.3893645533236,78.73573559221057,Low
13394,18.0,737.0,739.0,350.9538888888889,4.134036850851678,351.8067914277505,1454.3822401422108,High
13395,2.0,236.0,422.0,333.675,0.8687950696843832,341.2966627594964,296.51685790518417,Medium
13396,1.0,290.0,320.0,973.72,0.7184809774746317,995.7456114338013,715.4242802190323,Medium
13397,9.0,616.0,689.0,318.7633333333333,2.2427489271974324,320.43301201416114,718.6507939334018,Medium
13398,1.0,256.0,449.0,457.34,0.5091139880088227,473.9581433610011,241.29872051577655,Low
13399,2.0,55.0,520.0,87.75,0.24163812549515523,94.09072145985037,22.73590556004502,Low
13400,0.0,0.0,583.0,0.0,0.18403997726286894,470.98914615257866,86.68083174897863,Low
13402,3.0,437.0,565.0,414.8433333333333,0.9860633132195127,420.196999203444,414.34084523944495,Medium
13403,2.0,706.0,724.0,75.45,0.5834800481385248,81.72665486236885,47.68587251329558,Low
13404,1.0,211.0,213.0,34.68,0.9981283291993611,46.872099641938235,46.784370501673784,Low
13405,5.0,650.0,725.0,213.47020000000003,1.2509389311820889,216.25970466004932,270.5276838051963,Low
13406,1.0,204.0,632.0,428.76,0.32810503087451737,445.07885710374745,146.03261215161996,Low
13407,2.0,83.0,662.0,430.34000000000003,0.19249613813906266,438.4651585030373,84.40284972036667,Low
13408,75.0,734.0,736.0,682.57496,16.87214036166256,682.8253961142882,11520.725925748107,High
13410,8.0,707.0,732.0,265.105,1.921374477232772,266.91405903620364,512.841860646763,Medium
13411,0.0,0.0,108.0,0.0,0.6753277825597244,470.98914615257866,318.0720556809189,Medium
13412,0.0,0.0,621.0,0.0,0.1739370020331218,470.98914615257866,81.92244007191937,Low
13413,2.0,48.0,688.0,167.815,0.09795454588061027,174.57275334012348,17.100194776559587,Low
13414,5.0,470.0,604.0,454.85599999999994,1.4391563083087853,458.146857081859,659.3449395012009,Medium
13415,2.0,256.0,729.0,158.625,0.4347977939572174,165.3348856953385,71.88724356450189,Low
13416,2.0,693.0,737.0,356.25,0.5722330918199541,363.9892484048741,208.2866930039424,Low
13417,4.0,665.0,670.0,266.34749999999997,1.1143489931376314,269.97354470541757,300.84474771627936,Medium
13418,24.0,717.0,729.0,475.91,5.530089475495025,476.60356495002225,2635.6603585135276,High
13419,0.0,0.0,64.0,0.0,0.8993521048130465,470.98914615257866,423.5850799364212,Medium
13420,1.0,21.0,171.0,104.05,0.932292222961705,116.96853377999575,109.04885437432353,Low
13421,5.0,623.0,664.0,656.726,1.3620081106551047,660.436136150432,899.5193740066074,High
13422,0.0,0.0,65.0,0.0,0.8926079489280784,470.98914615257866,420.4086557146402,Medium
13423,0.0,0.0,429.0,0.0,0.24072315478287643,470.98914615257866,113.37799313034199,Low
13424,0.0,0.0,450.0,0.0,0.23101778310009466,470.98914615257866,108.8068684083752,Low
13425,4.0,471.0,580.0,641.7675,1.2394657170942407,646.3687237956725,801.1518737466924,Medium
13426,20.0,730.0,731.0,378.28900000000004,4.625009860352762,379.0707395818351,1753.2059083372012,High
13427,5.0,703.0,723.0,182.106,1.2648335217473294,184.83036198128306,233.77963767061996,Low
13428,1.0,504.0,515.0,218.47,0.48217360889955846,232.58672599675432,112.14718105598779,Low
13429,3.0,65.0,76.0,225.4,4.407013384349337,230.0969746075182,1014.0404467936223,High
13430,1.0,68.0,87.0,343.14,1.78055312686418,358.56225495727944,638.4391442396552,Medium
13431,6.0,592.0,660.0,503.79833333333335,1.605878471762801,506.62444596800776,813.57729104878,Medium
13432,1.0,41.0,613.0,308.8,0.18443179358652437,323.86265068596776,59.730569541699055,Low
13433,3.0,195.0,697.0,187.70666666666662,0.3877626606779777,192.27298013017702,74.55628235176138,Low
13434,4.0,581.0,656.0,331.92,1.1232801741912062,335.7163737526067,377.10354678766817,Medium
13435,8.0,495.0,501.0,518.9225,2.704189749007355,521.0607855876552,1409.0472349958568,High
13436,0.0,0.0,2.0,0.0,1.7005997199183167,470.98914615257866,800.9640100316424,Medium
13437,6.0,176.0,191.0,327.86,4.521169571761425,330.3817016527897,1493.711696579354,High
13438,0.0,0.0,548.0,0.0,0.19444348864467023,470.98914615257866,91.58077269168186,Low
13439,2.0,271.0,527.0,351.16499999999996,0.6965598178128499,358.87776233591524,249.97982874978837,Low
13440,2.0,28.0,452.0,25.275,0.2098595207305129,31.290310022642345,6.566569464860886,Low
13441,1.0,340.0,432.0,296.64,0.5498911125433458,311.5753126562895,171.33249531760782,Low
13442,2.0,71.0,739.0,110.935,0.11977672871564093,117.39648439176985,14.061366863162991,Low
13443,5.0,229.0,678.0,210.07799999999997,0.35914899059306266,212.86045914334835,76.44861903850942,Low
13444,1.0,132.0,507.0,496.39,0.38042395132620904,513.4170701750583,195.3161505143212,Low
13445,0.0,0.0,627.0,0.0,0.17244240341964145,470.98914615257866,81.21850034711544,Low
13446,10.0,233.0,664.0,334.07,0.02464268749992387,335.5884168948258,8.269800486133365,Low
13447,2.0,12.0,36.0,452.71500000000003,4.277660763523356,460.9567024151226,1971.8163996042815,High
13448,10.0,717.0,734.0,794.7810000000001,2.3654162703974904,796.7773633109183,1884.7101390600585,High
13449,0.0,0.0,24.0,0.0,1.2906697127470192,470.98914615257866,607.8914259717126,Medium
13450,12.0,577.0,604.0,323.3666666666666,3.347016563209005,324.6225438105977,1086.5170309251114,High
13451,10.0,602.0,629.0,631.798,2.715401178355117,633.6252830399153,1720.5468402021804,High
13452,2.0,213.0,473.0,295.0,0.7376279745619858,302.4202175840819,223.07361256314138,Low
13453,2.0,237.0,403.0,178.49,0.9145848870770118,185.3033558546044,169.47564878927471,Low
13454,0.0,0.0,642.0,0.0,0.16881600513569917,470.98914615257866,79.51050611575228,Low
13455,5.0,706.0,731.0,522.1160000000001,1.2514686861232938,525.5465544621148,657.7050560093269,Medium
13456,5.0,190.0,208.0,311.812,3.5957885212393763,314.8057581811559,1131.9749316878592,High
13457,1.0,49.0,738.0,35.72,0.14164084255522236,47.9229903944765,6.787852737239479,Low
13458,15.0,381.0,389.0,709.1293333333334,6.103509005116452,710.400565320175,4335.936247671507,High
13459,1.0,58.0,683.0,529.62,0.1757366919138661,546.9950506624109,96.12710069666969,Low
13460,1.0,20.0,50.0,75.98,2.284676506041696,88.60458818023686,202.43282094288688,Low
13461,5.0,559.0,598.0,764.68,1.4961028756109551,768.6143539766009,1149.9261452202493,High
13462,4.0,473.0,726.0,245.5075,0.9521521344474746,249.07941138209728,237.16149319438452,Low
13464,4.0,560.0,619.0,699.575,1.1865981796792096,704.3263827250314,835.7524036415646,Medium
13465,1.0,140.0,587.0,319.62,0.32002861347710765,334.79595639987554,107.14428572439435,Low
13466,3.0,444.0,629.0,250.34666666666666,0.8798068613181586,255.13011704370683,224.46522750395815,Low
13467,1.0,26.0,37.0,301.25,2.634986893305679,316.23358801129086,833.2713596327793,Medium
13468,69.0,735.0,737.0,189.51144927536234,15.513698324734348,189.7095996401726,2943.0974981237696,High
13469,0.0,0.0,654.0,0.0,0.1660229701408657,470.98914615257866,78.1950169483614,Low
13470,1.0,16.0,116.0,49.5,1.3052020682538705,61.84729286560859,80.72321456409517,Low
13471,3.0,46.0,48.0,529.97,5.50789623032359,535.7227439203178,2950.7052817373287,High
13472,1.0,92.0,556.0,330.06,0.2965814659994683,345.34528280035585,102.4230102489305,Low
13473,6.0,664.0,725.0,378.17,1.4784431829252944,380.7787487232516,562.959745252715,Medium
13474,2.0,259.0,496.0,149.37,0.7391774367534983,156.0316794872335,115.33509689571667,Low
13475,3.0,107.0,299.0,371.5533333333333,1.3057903090225293,376.7569376295822,491.9655580137139,Medium
13476,4.0,466.0,645.0,455.1675,1.0983809757118783,459.2840175513553,504.4688273269291,Medium
13477,9.0,646.0,684.0,267.94111111111107,2.2762426778193396,269.55220136573627,613.5662246488414,Medium
13478,3.0,208.0,678.0,609.8633333333333,0.4575649068926381,615.893021567374,281.81103306930106,Medium
13479,3.0,277.0,478.0,154.67,1.0675974871609086,159.1217943090833,169.8780277569123,Low
13480,1.0,263.0,680.0,133.88,0.3219471941502154,147.1109098840502,47.361944666055145,Low
13481,8.0,690.0,736.0,438.08,1.905772310982423,440.1134248216098,838.7559787166681,High
13482,1.0,395.0,628.0,184.64,0.3830825598398274,198.4024623829373,76.00452316818068,Low
13483,0.0,0.0,66.0,0.0,0.8859649921801986,470.98914615257866,417.2798951880278,Medium
13484,2.0,398.0,640.0,312.47,0.6121857742344643,319.9812129871716,195.88794661303467,Low
13485,8.0,503.0,737.0,356.74,1.6336936310395187,358.66791874856494,585.9534945177302,Medium
13486,2.0,77.0,156.0,460.125,1.9141816404926473,468.40529863360536,896.612822953923,High
13487,4.0,677.0,735.0,185.73000000000002,1.0174657619137972,189.14663524319232,192.45022534114577,Low
13488,18.0,666.0,684.0,846.5083333333333,4.426003351003778,847.6467116754054,3751.6871863426773,High
13489,3.0,189.0,295.0,124.08,1.6676401237613265,128.42575634316896,214.16794420226424,Low
13490,0.0,0.0,655.0,0.0,0.16579438647773653,470.98914615257866,78.08735652403976,Low
13491,26.0,681.0,733.0,167.10230769230768,5.873721900234103,167.61936331693158,984.5495252179579,High
13492,2.0,78.0,215.0,477.27,1.3977785978555088,485.63960122009485,678.8166408565327,Medium
13493,1.0,12.0,288.0,439.28,0.4666480931506959,455.709021254423,212.65574579994646,Low
13494,0.0,0.0,312.0,0.0,0.31433188465276213,470.98914615257866,148.04690596113528,Low
13495,9.0,725.0,733.0,546.9000000000001,2.1469056661888395,548.8326771817722,1178.2919844311368,High
13496,1.0,349.0,360.0,152.32,0.6554267665013979,165.74401130405568,108.63306139598835,Low
13497,5.0,387.0,670.0,220.67600000000002,1.1222579475494192,223.48047093097773,250.8027346243767,Low
13498,0.0,0.0,731.0,0.0,0.15009037186887023,470.98914615257866,70.6909360922422,Low
13499,4.0,252.0,270.0,250.22,2.4153426590300544,253.80415242269936,613.0239963855119,Medium
13500,3.0,378.0,402.0,388.92333333333335,1.3594554493323459,394.1871494461214,535.8798683713135,Medium
13501,2.0,282.0,571.0,1144.97,0.6392745606834027,1156.8174278167144,739.523952958434,Medium
13502,4.0,532.0,549.0,118.15,1.329636898284497,121.39109157764594,161.40607448467048,Low
13503,4.0,590.0,662.0,243.5925,1.1149007673555216,247.15943703880754,275.55824601372524,Low
13504,0.0,0.0,65.0,0.0,0.8926079489280784,470.98914615257866,420.4086557146402,Medium
13505,3.0,160.0,233.0,1127.98,2.0446578546623884,1135.805701226511,2322.3340483831075,High
13506,4.0,144.0,461.0,302.97,0.6745425479710514,306.6911741503935,206.8762460516399,Low
13507,3.0,142.0,146.0,412.26,2.986276732344437,417.60471093673556,1247.0832315877979,High
13508,1.0,399.0,643.0,110.97,0.37415347167232543,123.96099917188502,46.38043819213104,Low
13509,7.0,499.0,508.0,139.96,2.3591454639339138,141.8423299609948,334.62668932129833,Medium
13510,9.0,717.0,719.0,476.84333333333336,2.186365974055974,478.69524840621835,1046.603003057628,High
13511,0.0,0.0,677.0,0.0,0.1609202250860837,470.98914615257866,75.79167941197532,Low
13512,3.0,323.0,584.0,186.6966666666667,0.873723663584101,191.25947904009624,167.10793272209946,Low
13513,2.0,529.0,656.0,262.475,0.6255334135245274,269.7258057074082,168.7225039598085,Low
13514,3.0,609.0,683.0,156.53333333333333,0.8473105608226377,160.99158674919948,136.40987165619055,Low
13515,5.0,572.0,645.0,215.544,1.3891255131680897,218.33781189209174,303.2986249885998,Medium
13516,3.0,396.0,418.0,463.1366666666667,1.3156762598381282,468.6577377945051,616.6018596056726,Medium
13517,2.0,120.0,180.0,513.28,1.792709208746628,521.8371652993883,935.5022916984498,High
13518,0.0,0.0,86.0,0.0,0.7712946225764735,470.98914615257866,363.2713957193687,Medium
13519,1.0,364.0,443.0,122.75,0.5406039827442238,135.8643578881358,73.44881298731282,Low
13520,10.0,664.0,723.0,632.0,2.3802076725283334,633.8274925968308,1508.641060938372,High
13521,2.0,9.0,11.0,402.885,5.830935981102529,410.86715456532545,2395.7400750081706,High
13522,0.0,0.0,31.0,0.0,1.1990808315035197,470.98914615257866,564.7540569977668,Medium
13523,4.0,369.0,403.0,1132.9575,1.7316183179471543,1138.834623367731,1972.026894936011,High
13524,4.0,179.0,220.0,130.245,2.7951886920938094,133.51750916620443,373.20663181790616,Medium
13525,1.0,234.0,249.0,345.9,0.8815661742129437,361.35115733901563,318.55495732277546,Medium
13526,0.0,0.0,739.0,0.0,0.1486087772250233,470.98914615257866,69.9931210959925,Low
13527,10.0,654.0,688.0,446.494,2.5020283603653777,448.1290467297609,1121.2315840213635,High
13529,1.0,126.0,205.0,126.66000000000001,0.9831320337186108,139.81530292892873,137.45690311350134,Low
13530,0.0,0.0,635.0,0.0,0.17048913989609285,470.98914615257866,80.2985344279483,Low
13531,4.0,531.0,737.0,356.705,0.9713077321897672,360.5657544828607,350.2203052920398,Medium
13532,0.0,0.0,34.0,0.0,1.163728872765088,470.98914615257866,548.1036681367317,Medium
13533,1.0,85.0,268.0,124.14999999999999,0.7189975659034767,137.2790185165527,98.7032801630197,Low
13534,24.0,518.0,521.0,312.34250000000003,7.48442181287499,312.96540494476284,2342.365103443837,High
13535,0.0,0.0,403.0,0.0,0.2539330412985549,470.98914615257866,119.59970630113385,Low
13536,6.0,74.0,76.0,498.8533333333333,8.161898170205795,501.6708900593726,4094.5867196211057,High
13537,1.0,26.0,452.0,302.0,0.2690407814282843,316.99144191937137,85.28362524006627,Low
13538,11.0,632.0,676.0,226.2681818181818,2.776078276502655,227.5467722885448,631.6876514385256,Medium
13539,5.0,505.0,591.0,244.654,1.4948509806486265,247.5082726524135,369.98798409310797,Medium
13540,1.0,188.0,656.0,263.14,0.30502368758103704,277.7245047620279,84.71255257413102,Low
13541,1.0,143.0,571.0,474.9,0.3343928128521506,491.7020295288588,164.42162473926632,Low
13542,16.0,353.0,730.0,239.26625,0.017499791722944837,240.15344641228452,4.202635293762373,Low
13543,1.0,53.0,688.0,851.16,0.16671263243916,871.9021781346758,145.35710734626923,Low
13544,4.0,605.0,645.0,158.67000000000002,1.1477021037343706,162.01634504506146,185.9465000475707,Low
13545,1.0,154.0,545.0,250.5,0.3635345880678727,264.95214023117813,96.31926715664258,Low
13546,4.0,412.0,425.0,224.9325,1.6629735740573175,228.45096641437584,379.9079201149628,Medium
13547,0.0,0.0,409.0,0.0,0.25075733926599547,470.98914615257866,118.1039851123837,Low
13548,2.0,375.0,472.0,341.205,0.837126834678657,348.8658840179546,292.0449932153218,Medium
13549,7.0,362.0,388.0,131.17142857142858,2.9640765851903974,133.04072794462792,394.3429065773574,Medium
13550,0.0,0.0,384.0,0.0,0.2645431928862236,470.98914615257866,124.59697253795936,Low
13551,1.0,347.0,667.0,91.80000000000001,0.350705943752287,104.59025328134787,36.680423484325836,Low
13552,13.0,592.0,659.0,480.45846153846156,3.3024305576005526,481.7429861877299,1590.9227584961002,High
13553,0.0,0.0,675.0,0.0,0.16135144760907524,470.98914615257866,75.99478053988088,Low
13554,5.0,66.0,447.0,306.366,0.05659976455742344,309.34844697192494,17.50904926481554,Low
13555,8.0,616.0,690.0,1022.83875,2.0070480456950035,1025.6306651018056,2058.4900219974456,High
13556,1.0,6.0,436.0,93.6,0.22454767415710852,106.40910266074101,23.893916511614382,Low
13557,11.0,703.0,732.0,250.88727272727274,2.590852435782373,252.18907928333203,653.3846903389348,Medium
13558,3.0,63.0,69.0,134.35666666666665,4.649719282147787,138.73804631253955,645.0929691069279,Medium
13559,1.0,31.0,544.0,660.0,0.2066056818279257,678.7403740431222,140.2316177633206,Low
13560,0.0,0.0,8.0,0.0,1.5647000965030486,470.98914615257866,736.9567624368283,Medium
13561,9.0,434.0,650.0,180.13555555555556,1.9086237137664879,181.6454225836687,346.69276104032485,Medium
13562,6.0,613.0,695.0,649.7966666666667,1.5285668831027326,652.875387673613,997.9636963907428,High
13563,1.0,56.0,141.0,466.65,1.2374504797166903,483.3656365399735,598.1410388149535,Medium
13564,24.0,383.0,738.0,690.8229166666666,0.0009645544135724439,691.6093224794641,0.6670948244654148,Low
13565,2.0,392.0,412.0,120.10999999999999,0.9592058130130365,126.61927390655788,121.45394357066021,Low
13566,4.0,599.0,640.0,354.25,1.1555438903034827,358.1043774526903,413.8053254563885,Medium
13567,2.0,113.0,542.0,333.9,0.4117212306963524,341.5228347094503,140.61220181748183,Low
13568,0.0,0.0,174.0,0.0,0.492110587433571,470.98914615257866,231.7787453879815,Low
13569,3.0,411.0,429.0,218.42666666666665,1.2878566720921336,223.09946873144835,287.3201393460061,Medium
13570,0.0,0.0,244.0,0.0,0.38234906500145155,470.98914615257866,180.08225965727047,Low
13571,25.0,719.0,732.0,177.412,5.7325962313582455,177.95402191849516,1020.138555405008,High
13572,0.0,0.0,206.0,0.0,0.4349978680294209,470.98914615257866,204.87927444136906,Low
13573,4.0,587.0,638.0,208.655,1.1568185419196073,212.13118449641294,245.39728754481962,Low
13574,0.0,0.0,412.0,0.0,0.24919913437712668,470.98914615257866,117.3700875222446,Low
13575,4.0,153.0,177.0,160.88,3.3088280105895898,164.23208567099894,543.4157253057505,Medium
13576,27.0,721.0,732.0,415.6644444444445,6.182303647916079,416.25778422712386,2573.432017900812,High
13577,8.0,697.0,723.0,386.235,1.9428380636322624,388.20117669821406,754.2120224361239,Medium
13578,0.0,0.0,410.0,0.0,0.25023577369087,470.98914615257866,117.85833338749278,Low
13579,4.0,645.0,660.0,288.8725,1.128224059866736,292.5570549313192,330.06990825726865,Medium
13580,0.0,0.0,407.0,0.0,0.25180703038366353,470.98914615257866,118.59837823561811,Low
13581,1.0,105.0,415.0,118.0,0.45804753648467156,131.06461647029275,60.033824694525904,Low
13582,1.0,228.0,618.0,164.18,0.3478953641176631,177.72820777050174,61.83081955629838,Low
13583,1.0,524.0,680.0,781.03,0.36665978902314145,801.0377853697634,293.7083453832419,Medium
13584,1.0,192.0,499.0,142.4,0.4288800746215302,155.72013027984448,66.7852610944941,Low
13585,2.0,208.0,739.0,335.895,0.368748237614671,343.52822599904187,126.6754279080411,Low
13586,0.0,0.0,542.0,0.0,0.19634632645889166,470.98914615257866,92.47698864906884,Low
13587,2.0,600.0,664.0,552.6,0.6267513162446829,561.3619700646708,351.8343536277407,Medium
13588,7.0,240.0,256.0,337.1742857142857,4.170627574934995,339.34902020147706,1415.298381179453,High
13589,5.0,719.0,734.0,170.318,1.2483023769816315,173.01787859266497,215.97862910754301,Low
13590,16.0,727.0,739.0,373.89437499999997,3.685113995248276,374.86882785871387,1381.4343639244632,High
13591,6.0,661.0,726.0,340.12333333333333,1.4754910341467664,342.66625317814777,505.60098426902294,Medium
13592,3.0,229.0,265.0,57.080000000000005,1.9024944823889802,61.19350581305248,116.42030716737034,Low
13593,12.0,539.0,648.0,420.24500000000006,3.021827141049397,421.5846148301529,1273.955831342612,High
13594,1.0,433.0,486.0,396.97,0.5028923188320235,412.9559561199094,207.67237834863656,Low
13595,2.0,130.0,647.0,135.265,0.3210646380012023,141.8532112467882,45.544049918258125,Low
13596,1.0,7.0,13.0,285.44,3.435657113959382,300.25802762895427,1031.5836286468293,High
13597,1.0,2.0,403.0,16.5,0.242553447066667,28.501720910067313,6.913190654068928,Low
13598,3.0,604.0,652.0,173.74,0.8872095179197498,178.25789904952097,158.15210468111292,Low
13599,22.0,737.0,739.0,433.0081818181818,5.023601184521862,433.7446089218746,2178.959931159901,High
13600,1.0,322.0,635.0,219.52,0.3650674649500942,233.647721468067,85.29718136771292,Low
13601,3.0,501.0,547.0,325.8533333333333,1.0371497442008992,330.89852196948783,343.19131741710993,Medium
13602,3.0,496.0,561.0,285.2633333333333,1.0104019854005517,290.1678197453471,293.18614117004813,Medium
13603,0.0,0.0,27.0,0.0,1.2497397043087282,470.98914615257866,588.613836245344,Medium
13604,0.0,0.0,659.0,0.0,0.16488631653194796,470.98914615257866,77.65966543562598,Low
13605,1.0,184.0,572.0,352.78000000000003,0.36048325848865664,368.30320385580734,132.7671390377534,Low
13606,2.0,282.0,312.0,105.26,1.2054489937959938,111.69192520959848,134.6389188590479,Low
13607,1.0,362.0,403.0,678.01,0.5917186849620699,696.9389725558282,412.39181233955077,Medium
13608,0.0,0.0,541.0,0.0,0.19666709657151574,470.98914615257866,92.62806789052493,Low
13609,0.0,0.0,594.0,0.0,0.1809966236592575,470.98914615257866,85.2474452337733,Low
13610,13.0,691.0,704.0,140.7023076923077,3.154615482065649,141.71576908706655,447.05875921490065,Medium
13611,9.0,647.0,737.0,331.28888888888895,2.101215316794719,332.97300717025416,699.6479827453359,Medium
13612,0.0,0.0,633.0,0.0,0.17097329221055604,470.98914615257866,80.52656491314512,Low
13613,2.0,208.0,661.0,285.925,0.4486070490169807,293.2979489359401,131.57552735488517,Low
13614,5.0,527.0,552.0,410.86800000000005,1.6100700916355575,414.06749507825094,666.6776897439453,Medium
13615,7.0,362.0,681.0,780.6257142857143,1.045103563725908,783.457942749029,818.7946879963787,Medium
13616,1.0,123.0,692.0,105.85,0.2410398301910923,118.78738315938891,28.63249066558332,Low
13617,7.0,455.0,496.0,166.65,2.3928669775604625,168.57190253443144,403.37013891918184,Medium
13618,0.0,0.0,174.0,0.0,0.492110587433571,470.98914615257866,231.7787453879815,Low
13619,1.0,130.0,675.0,128.95,0.2559222089435561,142.1292835282678,36.374040196119275,Low
13620,0.0,0.0,529.0,0.0,0.20059981240328728,470.98914615257866,94.48033436219174,Low
13621,0.0,0.0,117.0,0.0,0.6426528665207559,470.98914615257866,302.68252487511796,Medium
13622,0.0,0.0,697.0,0.0,0.1567315585192785,470.98914615257866,73.81886292215789,Low
13623,9.0,707.0,738.0,214.38333333333333,2.1274045481714015,215.93268158271545,459.3761688979159,Medium
13624,0.0,0.0,389.0,0.0,0.2616658799210825,470.98914615257866,123.24178936129381,Low
13625,0.0,0.0,597.0,0.0,0.1801840237365208,470.98914615257866,84.86471948999989,Low
13626,1.0,127.0,380.0,257.23,0.5325948497990427,271.7526159663537,144.73404368309707,Low
13627,6.0,581.0,641.0,323.5833333333333,1.651143980585355,326.0976354372326,538.4341478353042,Medium
13628,0.0,0.0,677.0,0.0,0.1609202250860837,470.98914615257866,75.79167941197532,Low
13629,18.0,643.0,667.0,706.1588888888889,4.522743734423444,707.2164156296242,3198.5586126702888,High
13630,5.0,280.0,286.0,344.98799999999994,2.82081709638824,348.05066392435185,981.7872632070894,High
13631,6.0,168.0,268.0,498.40333333333336,3.1372608875622867,501.2201114630358,1572.4582517525919,High
13632,7.0,587.0,612.0,468.8514285714286,1.9951112139559855,471.22139735632106,940.1390941216055,High
13634,13.0,665.0,699.0,325.34076923076924,3.1643699549385205,326.50153833938606,1033.1716581623607,High
13635,3.0,671.0,739.0,872.2633333333333,0.7901568044747136,879.2026117032332,694.7079261492491,Medium
13636,4.0,249.0,286.0,198.655,2.291038888067065,202.10520881343777,463.0308928725005,Medium
13637,2.0,174.0,227.0,193.95,1.5281605322160763,200.84388183810557,306.9216933620622,Medium
13638,0.0,0.0,16.0,0.0,1.4143724889872349,470.98914615257866,666.1540909297952,Medium
13639,1.0,362.0,437.0,1033.34,0.547493454349397,1055.9899447668124,578.1475826186111,Medium
13640,0.0,0.0,612.0,0.0,0.17622815999322694,470.98914615257866,83.00155060324998,Low
13641,2.0,94.0,735.0,359.135,0.16735169359565175,366.8892754076167,61.39954160154616,Low
13642,1.0,217.0,433.0,354.8,0.5143736577280178,370.3443570482374,190.49538155383289,Low
13643,9.0,700.0,732.0,204.99666666666667,2.142922033136193,206.5351938617296,442.5888175443553,Medium
13644,3.0,89.0,106.0,591.0566666666667,3.6378039541677536,597.0211629857365,2171.845947431343,High
13645,0.0,0.0,121.0,0.0,0.6291295677810236,470.98914615257866,296.31319794852516,Medium
13646,0.0,0.0,400.0,0.0,0.25555129631946877,470.98914615257866,120.36188685169121,Low
13647,6.0,594.0,604.0,459.3633333333334,1.7564096757076653,462.1125639052772,811.6589785093057,Medium
13648,6.0,338.0,739.0,250.155,0.6677607590816618,252.54225536755325,168.63780814443223,Low
13649,5.0,271.0,528.0,273.694,1.2506212586978998,276.6085880244419,345.9325805217763,Medium
13650,7.0,666.0,683.0,386.94571428571425,1.8096359731478653,389.1942435841529,704.2999037319559,Medium
13651,2.0,346.0,382.0,47.1,1.0185505279262421,53.22898916817361,54.21641501822346,Low
13652,4.0,607.0,653.0,544.2225,1.1339906064456455,548.5703439960909,622.0736170662235,Medium
13653,0.0,0.0,488.0,0.0,0.21531189999686415,470.98914615257866,101.40956793601245,Low
13654,9.0,694.0,738.0,683.1133333333333,2.1229278088771153,685.2030387692599,1454.636585730366,High
13655,5.0,477.0,592.0,351.486,1.4769001084774833,354.5621601119359,523.652892731329,Medium
13656,3.0,431.0,596.0,251.23333333333335,0.9284690704013903,256.01985727460294,237.7065188880472,Low
13657,1.0,191.0,202.0,229.8,1.0349412828437448,244.03537236815683,252.56228133795116,Low
13658,6.0,663.0,673.0,840.54,1.5935034560418804,843.9487478083139,1344.8352463547656,High
13659,10.0,455.0,661.0,447.38500000000005,2.083127563406423,449.0209710624917,935.3679613677944,High
13660,0.0,0.0,401.0,0.0,0.2550095875284621,470.98914615257866,120.10674789075163,Low
13661,0.0,0.0,604.0,0.0,0.1783160628512712,470.98914615257866,83.98493018760976,Low
13662,6.0,573.0,659.0,324.94,1.6005842212653036,327.4566494276704,524.1219462223333,Medium
13663,4.0,467.0,647.0,375.515,1.09500823839426,379.4246147425371,415.4730789926463,Medium
13665,2.0,118.0,505.0,539.425,0.4881452581643803,548.1183458840351,267.5613714561954,Low
13666,3.0,675.0,736.0,36.13333333333333,0.7939183723399063,40.174229080154376,31.895058561326692,Low
13667,0.0,0.0,150.0,0.0,0.5459164866524274,470.98914615257866,257.1207399190424,Low
13668,34.0,726.0,729.0,366.9011764705882,7.787628839274513,367.35745302074736,2860.843495466804,High
13669,2.0,357.0,408.0,109.27499999999999,0.9598632788499781,115.72783800544305,111.08290204212368,Low
13670,0.0,0.0,76.0,0.0,0.8246330158471796,470.98914615257866,388.393200023089,Medium
13671,0.0,0.0,395.0,0.0,0.2582947889087922,470.98914615257866,121.65404208381258,Low
13672,1.0,429.0,731.0,124.26,0.32960062748501084,137.3901704230712,45.28388638171685,Low
13673,1.0,14.0,33.0,183.32,2.70471053992657,197.06863950471566,533.0136263573941,Medium
13674,0.0,0.0,433.0,0.0,0.23881205236516487,470.98914615257866,112.4778846344139,Low
13675,1.0,133.0,285.0,178.38000000000002,0.728546998556727,192.0769084301589,139.93705512884756,Low
13676,1.0,80.0,620.0,115.60000000000001,0.23768108588221315,128.63948396443521,30.575172235994508,Low
13677,1.0,116.0,521.0,282.23,0.35246917684198,297.0144129023698,104.68842562590225,Low
13678,0.0,0.0,152.0,0.0,0.5409852492338384,470.98914615257866,254.7981806177855,Low
13679,2.0,242.0,736.0,77.23,0.4134809257613517,83.51592628867105,34.53224251765652,Low
13680,10.0,734.0,736.0,929.434,2.3635312052512303,931.5700537432415,2201.7948918997167,High
13681,3.0,138.0,156.0,208.12333333333333,2.8343585735694092,212.76041965738918,603.0393195721465,Medium
13682,0.0,0.0,188.0,0.0,0.4653720952392876,470.98914615257866,219.18520577998856,Low
13683,0.0,0.0,458.0,0.0,0.2275234998467401,470.98914615257866,107.16109892246249,Low
13684,3.0,336.0,622.0,135.48333333333335,0.8157168249916228,139.86861848563308,114.09318538706522,Low
13685,5.0,58.0,61.0,357.056,7.719749064912937,360.1437288661438,2780.219214148672,High
13686,2.0,219.0,402.0,91.80000000000001,0.9012286546191366,98.16181655902113,88.4662418724571,Low
13687,0.0,0.0,439.0,0.0,0.23600170276351695,470.98914615257866,111.15424047514351,Low
13688,0.0,0.0,636.0,0.0,0.17024809136482208,470.98914615257866,80.18500318602375,Low
13689,1.0,381.0,445.0,910.0,0.5408221816434583,931.3583434032834,503.6992511712009,Medium
13690,0.0,0.0,60.0,0.0,0.9273887010786552,470.98914615257866,436.7900124725848,Medium
13691,0.0,0.0,397.0,0.0,0.25719034219649733,470.98914615257866,121.1338596698178,Low
13692,3.0,396.0,421.0,658.1233333333333,1.3068236027756508,664.3203112775744,868.1494625808016,High
13693,8.0,358.0,733.0,229.78375,0.5943783720763139,231.5469938606131,137.62652527003547,Low
13694,80.0,732.0,736.0,2409.724,17.983508233210802,2410.1825490207943,43343.53771385645,High
13695,14.0,546.0,578.0,178.86642857142857,4.027772391733065,179.83571776013517,724.3373390417721,Medium
13696,2.0,245.0,667.0,857.2,0.4870337072120375,867.5485298689696,422.5253766884373,Medium
13697,0.0,0.0,39.0,0.0,1.1092667469559951,470.98914615257866,522.4525980042526,Medium
13698,1.0,85.0,682.0,281.23,0.20938308174927117,296.0039410249292,61.978217381729195,Low
13699,1.0,395.0,551.0,308.58000000000004,0.43907822499332533,323.6403468729308,142.10342904119057,Low
13700,9.0,644.0,671.0,281.3233333333333,2.3202754380186024,282.9498507634107,656.521588917371,Medium
13701,0.0,0.0,447.0,0.0,0.23235600834428594,470.98914615257866,109.43715797349667,Low
13702,0.0,0.0,446.0,0.0,0.23280554011040677,470.98914615257866,109.64888255619039,Low
13703,0.0,0.0,319.0,0.0,0.3086819103403993,470.98914615257866,145.38582938397153,Low
13704,8.0,83.0,89.0,277.4375,9.73702350861177,279.26255551574417,2719.1860681318008,High
13705,6.0,617.0,625.0,297.47999999999996,1.7038432407065665,299.94913774898055,511.0663109093633,Medium
13706,1.0,324.0,627.0,330.79,0.37070133076864453,346.0829272708875,128.29340169562602,Low
13707,3.0,269.0,537.0,881.7866666666665,0.9030272629605997,888.7589569651506,802.5735683399573,Medium
13708,0.0,0.0,272.0,0.0,0.35106039379992177,470.98914615257866,165.34563512381317,Low
13709,11.0,694.0,698.0,662.2736363636363,2.7141680307575404,663.963384989033,1802.1081931307942,High
13710,2.0,581.0,613.0,140.76,0.6766089013490968,147.37683286899642,99.71647697180113,Low
13711,7.0,506.0,725.0,237.96571428571428,1.5410555638013441,239.993354787203,369.84309467016914,Medium
13712,1.0,364.0,611.0,228.84,0.3893290190379261,243.06531936581382,94.63238235083251,Low
13713,2.0,175.0,584.0,246.39,0.4940992447076161,253.5570243073683,125.28233420058133,Low
13714,0.0,0.0,466.0,0.0,0.2241334800431882,470.98914615257866,105.56443638974724,Low
13715,15.0,357.0,639.0,509.01733333333334,0.2446535336889773,510.1502143061532,124.81005264218945,Low
13716,0.0,0.0,270.0,0.0,0.35312404449020524,470.98914615257866,166.31759220038697,Low
13717,7.0,453.0,486.0,226.19,2.4405203760506615,228.20018095415486,556.927191437063,Medium
13718,1.0,49.0,296.0,192.5,0.574810120092106,206.3447713396208,118.60906279410557,Low
13719,10.0,556.0,572.0,241.362,2.9611749820342492,242.78424064476204,718.9266194294521,Medium
13720,3.0,138.0,255.0,177.9,1.8057524211645648,182.4323193809431,329.4276024208052,Medium
13721,1.0,359.0,396.0,524.14,0.6011403031395033,541.4576647740362,325.4920247394717,Medium
13722,5.0,515.0,647.0,994.174,1.3594621354365326,998.5850074197232,1357.5385066017227,High
13723,4.0,394.0,612.0,222.2425,1.1095930711018203,225.7539789556555,250.4950508228615,Low
13724,0.0,0.0,638.0,0.0,0.16976803504368818,470.98914615257866,79.95890186922774,Low
13725,7.0,259.0,309.0,147.55857142857144,3.5306867815871925,149.45216759510654,527.6687926075964,Medium
13726,1.0,62.0,101.0,786.98,1.6043606510206831,807.0500930405352,1294.799412676816,High
13727,5.0,702.0,731.0,187.34,1.2508326101415577,190.07523287168237,237.75229965615085,Low
13728,15.0,694.0,731.0,181.34466666666668,3.483140119423457,182.25100527470815,634.805788277592,Medium
13729,2.0,249.0,685.0,183.425,0.47173305656333986,190.26406062359396,89.75384687212058,Low
13730,1.0,26.0,162.0,445.84999999999997,1.0061724289632021,462.34782148920806,465.20163057364147,Medium
13731,1.0,27.0,247.0,302.47,0.6399477822459798,317.4663637017685,203.16189538864236,Low
13732,0.0,0.0,29.0,0.0,1.2238805039598608,470.98914615257866,576.4344335528425,Medium
13733,1.0,325.0,736.0,337.93,0.30896457394530424,353.2976964758137,109.1564722675072,Low
13734,1.0,10.0,519.0,419.89,0.17374052599185402,436.11597155084894,75.77101829069294,Low
13735,11.0,702.0,727.0,847.2590909090909,2.6086170720938444,849.1232829443258,2215.03749220094,High
13736,5.0,728.0,734.0,409.084,1.2495397584771122,412.27978975374333,515.159988913887,Medium
13737,0.0,0.0,201.0,0.0,0.4430286743672905,470.98914615257866,208.66169706135895,Low
13738,0.0,0.0,397.0,0.0,0.25719034219649733,470.98914615257866,121.1338596698178,Low
13739,1.0,509.0,528.0,216.9,0.4710608410781993,231.00028514917253,108.81518861167308,Low
13740,4.0,497.0,738.0,321.52,0.949609891307569,325.28935904231247,308.89799288367914,Medium
13741,2.0,146.0,218.0,252.735,1.5518924296418903,259.93507329606916,403.39127244657965,Medium
13742,10.0,304.0,321.0,266.184,4.853251408291893,267.6319912475049,1298.8853384259169,High
13743,6.0,257.0,260.0,199.98000000000002,3.591522057681283,202.28044187599238,726.4946688351433,Medium
13744,1.0,197.0,293.0,263.2,0.7486551039894397,277.7851330746743,207.96525768874065,Low
13745,1.0,384.0,547.0,300.04,0.4407162890306917,315.0109170395877,138.8304423618422,Low
13746,0.0,0.0,414.0,0.0,0.24817106132100666,470.98914615257866,116.88587627136016,Low
13747,1.0,51.0,425.0,159.2,0.3586667512631141,172.6960578208473,61.94033401455021,Low
13748,7.0,643.0,739.0,299.32142857142856,1.6594270209258946,301.44003960530137,500.21774691000894,Medium
13750,10.0,564.0,618.0,328.908,2.741205831520344,330.4210617819679,905.7521414138744,High
13751,0.0,0.0,289.0,0.0,0.3344492703279168,470.98914615257866,157.5219762630985,Low
13752,6.0,403.0,528.0,197.71333333333337,1.8947131901384253,200.00985339074003,378.9613073770878,Medium
13753,3.0,449.0,737.0,484.1233333333333,0.730260744542868,489.71715318443603,357.62121289988,Medium
13754,2.0,286.0,438.0,141.3,0.8677437476177171,147.91964554888585,128.35634757487458,Low
13755,7.0,60.0,64.0,237.9557142857143,10.242057820079014,239.9833399604614,2457.923243730724,High
13756,20.0,722.0,725.0,451.2625,4.658958142739576,452.0820716946693,2106.231449108456,High
13757,0.0,0.0,675.0,0.0,0.16135144760907524,470.98914615257866,75.99478053988088,Low
13758,13.0,727.0,739.0,639.8492307692309,3.018720973393311,641.2609200928027,1935.7877889016356,High
13759,1.0,38.0,72.0,99.0,1.9307797281175103,111.8656507989205,215.98793083522807,Low
13760,4.0,539.0,594.0,266.33,1.2317295839591187,269.9559992479724,332.5127906409732,Medium
13761,4.0,606.0,657.0,410.0675,1.1268582340499078,414.0668672211371,466.5946587753882,Medium
13762,3.0,105.0,699.0,572.8000000000001,0.12441376936136268,578.7012109383013,71.99839898681911,Low
13763,2.0,372.0,436.0,1010.48,0.9042740529824725,1021.6269142642517,923.8307103977119,High
13764,4.0,572.0,643.0,500.005,1.144394235956209,504.2379860198953,577.0470447513356,Medium
13765,0.0,0.0,654.0,0.0,0.1660229701408657,470.98914615257866,78.1950169483614,Low
13766,0.0,0.0,496.0,0.0,0.2122739880300109,470.98914615257866,99.97874437265754,Low
13767,58.0,736.0,739.0,591.7746551724138,13.027765472052454,592.0822811306517,7713.509098727959,High
13768,1.0,4.0,731.0,356.55,0.07913566292352035,372.1126828337585,29.447383838299153,Low
13769,17.0,721.0,724.0,328.59823529411767,3.985113521153905,329.487702652289,1313.0458988935743,High
13770,3.0,308.0,731.0,203.67999999999998,0.5974763132129568,208.30168383865058,124.45532209596789,Low
13771,6.0,588.0,653.0,809.8766666666667,1.6223026616085021,813.2323603438483,1319.3090226919896,High
13772,6.0,621.0,655.0,425.27,1.627510168524224,427.9602418065105,696.5096452641816,Medium
13773,1.0,263.0,660.0,210.14000000000001,0.3336571734812083,224.16949525767376,74.79576016838456,Low
13774,0.0,0.0,82.0,0.0,0.7917739303878477,470.98914615257866,372.9169274192436,Medium
13775,0.0,0.0,591.0,0.0,0.18181659285528617,470.98914615257866,85.63364182528227,Low
13777,45.0,737.0,738.0,1118.408888888889,10.151958464687075,1118.9267151283773,11359.297537012033,High
13778,3.0,462.0,566.0,257.26,0.9925554442822033,262.0674149342273,260.1164394619305,Low
13779,0.0,0.0,516.0,0.0,0.20504187707919774,470.98914615257866,96.57249861105333,Low
13780,2.0,400.0,408.0,180.00500000000002,0.9695953694702077,186.82624698429422,181.14586397146903,Low
13781,2.0,471.0,722.0,232.195,0.5536887389035503,239.28808728694145,132.49111928454928,Low
13782,12.0,721.0,734.0,138.44333333333333,2.8135991976765253,139.53937027844037,392.6078602597074,Medium
13783,3.0,186.0,674.0,351.06999999999994,0.3959756335784716,356.20260034064853,141.04755035218741,Low
13784,13.0,441.0,451.0,193.92615384615385,4.685927411590158,194.98207813317427,913.6718646930552,High
13785,2.0,32.0,461.0,231.13,0.21724845776790716,238.2175400571595,51.75239319068255,Low
13786,5.0,369.0,737.0,527.17,0.8589676108898382,530.6110514969023,455.77770721603906,Medium
13787,5.0,619.0,695.0,211.632,1.2989438548846508,214.4176867634631,278.5165365999823,Low
13788,0.0,0.0,506.0,0.0,0.20859519480703037,470.98914615257866,98.24607269369405,Low
13789,0.0,0.0,389.0,0.0,0.2616658799210825,470.98914615257866,123.24178936129381,Low
13790,0.0,0.0,5.0,0.0,1.6297824722868715,470.98914615257866,767.6098550368323,Medium
13791,1.0,41.0,169.0,579.0,1.0188971057649594,596.89215197043,608.1716860964893,Medium
13792,2.0,356.0,423.0,97.775,0.9268300628028528,104.16793834113106,96.5459768347542,Low
13793,0.0,0.0,647.0,0.0,0.16764089043935285,470.98914615257866,78.95703984828879,Low
13794,0.0,0.0,547.0,0.0,0.19475806030282042,470.98914615257866,91.72893252835782,Low
13795,3.0,249.0,638.0,204.6,0.6417379423995421,209.22487295040742,134.26753946600007,Low
13796,0.0,0.0,500.0,0.0,0.2107869908778219,470.98914615257866,99.27838485361673,Low
13797,2.0,211.0,648.0,412.48,0.46778634704217853,420.5121317200275,196.7098339842311,Low
13798,98.0,730.0,732.0,768.9068367346938,22.115417414752372,769.1076212427156,17009.136080649925,High
13799,8.0,528.0,645.0,303.15875,2.089848952586108,305.01716853616836,637.4398101860919,Medium
13800,2.0,427.0,737.0,600.4300000000001,0.5286802975548339,609.4411005815442,322.1995023975963,Medium
13801,0.0,0.0,67.0,0.0,0.8794209617072207,470.98914615257866,414.19772786316344,Medium
13802,17.0,523.0,662.0,1520.8441176470587,3.659552916809235,1522.460832208862,5571.5259792377565,High
13803,2.0,363.0,619.0,452.68999999999994,0.6227145816245887,460.93157219846097,287.02881113912855,Medium
13804,7.0,406.0,437.0,380.82714285714286,2.6758346325557736,383.0666003078039,1025.0228756790218,High
13805,1.0,77.0,130.0,424.36,1.3598319958710465,440.6327808430087,599.1865538199579,Medium
13806,0.0,0.0,64.0,0.0,0.8993521048130465,470.98914615257866,423.5850799364212,Medium
13807,2.0,368.0,736.0,213.425,0.5066673314094523,220.42032061745135,111.67977563565995,Low
13808,4.0,91.0,97.0,293.55,4.945852121087543,297.2467050570309,1470.1382466925995,High
13809,2.0,155.0,461.0,276.325,0.6697966830290476,283.6479457379057,189.9864532032525,Low
13810,1.0,28.0,57.0,246.01,2.166865389675374,260.4151215014697,564.284513729642,Medium
13811,1.0,56.0,240.0,333.0,0.7499757045614747,348.3160701200313,261.2285900983545,Low
13812,2.0,63.0,106.0,130.13,2.5477869598500256,136.69146474450628,348.2607313988526,Medium
13813,7.0,694.0,734.0,354.6171428571429,1.6898097948780502,356.817739417966,602.9541110547226,Medium
13814,2.0,435.0,528.0,789.56,0.7618177116710125,799.5562156694857,609.1160865736622,Medium
13815,7.0,643.0,666.0,962.4114285714286,1.8498109438573465,965.5131860166956,1786.0168579322574,High
13816,1.0,41.0,65.0,199.98000000000002,2.0560917709844615,213.90310098287682,439.80440571895133,Medium
13817,1.0,322.0,352.0,254.28,0.6644636370105679,268.7717239279038,178.5890372067352,Low
13818,0.0,0.0,430.0,0.0,0.24024251325531712,470.98914615257866,113.15161618767137,Low
13819,5.0,437.0,739.0,404.05,1.0426339064066652,407.2353342584682,424.5973673847307,Medium
13820,2.0,262.0,681.0,212.76500000000001,0.4888300185249317,219.7568828975865,107.42376113780846,Low
13821,5.0,560.0,705.0,220.30599999999998,1.2566045334179503,223.109702449998,280.36066354819746,Low
13822,1.0,35.0,41.0,163.62,2.5538890222447317,177.16234351913496,452.4529642686689,Medium
13823,6.0,706.0,725.0,501.98333333333335,1.4878478178076004,504.80630562944907,751.0749602462924,Medium
13824,11.0,605.0,638.0,292.52727272727276,2.9307246797274455,293.8683462819375,861.2472150391653,High
13825,1.0,109.0,731.0,112.23,0.20989408920804964,125.23419373746023,26.28591703222865,Low
13826,0.0,0.0,177.0,0.0,0.4861243712998185,470.98914615257866,228.95930256246064,Low
13827,2.0,86.0,144.0,149.655,2.0782269072502615,156.31816395717513,324.86461442775936,Medium
13828,0.0,0.0,23.0,0.0,1.304922566593975,470.98914615257866,614.6043654353277,Medium
13830,0.0,0.0,582.0,0.0,0.18432173320092607,470.98914615257866,86.81353573766758,Low
13831,16.0,713.0,730.0,380.27625,3.7240120881038026,381.25483913955463,1419.7976296037723,High
13832,1.0,403.0,423.0,52.199999999999996,0.5707777880263417,64.57556693469832,36.85829925553408,Low
13833,1.0,245.0,405.0,384.8,0.5620957266193238,400.65851337145676,225.20843819974706,Low
13834,1.0,93.0,670.0,121.74,0.22430018564472426,134.84378129192075,30.24548517681442,Low
13835,6.0,620.0,646.0,161.8033333333333,1.6499057363747651,164.03772140305784,270.64677752475075,Low
13836,1.0,15.0,415.0,299.5,0.2752040035436172,314.4652622257697,86.54209913992524,Low
13837,1.0,106.0,318.0,157.54000000000002,0.6246133471420471,171.01867450429586,106.8205467059245,Low
13838,5.0,574.0,580.0,345.13,1.545306751364632,348.19295885489004,538.064930096089,Medium
13839,0.0,0.0,487.0,0.0,0.21569777119030908,470.98914615257866,101.59130907993796,Low
13840,0.0,0.0,417.0,0.0,0.2466447823374633,470.98914615257866,116.16701543611045,Low
13841,0.0,0.0,253.0,0.0,0.3716990577251108,470.98914615257866,175.06622182366797,Low
13842,15.0,603.0,662.0,351.0513333333333,3.7807249878731546,352.0750016838169,1331.0987564714894,High
13843,0.0,0.0,382.0,0.0,0.2657119441891347,470.98914615257866,125.14744171618219,Low
13844,0.0,0.0,12.0,0.0,1.485694288265705,470.98914615257866,699.7458842740274,Medium
13845,0.0,0.0,65.0,0.0,0.8926079489280784,470.98914615257866,420.4086557146402,Medium
13846,3.0,375.0,400.0,288.3533333333333,1.364894999882057,293.268531001139,400.28075158621067,Medium
13847,0.0,0.0,720.0,0.0,0.15217650495208554,470.98914615257866,71.67348213186642,Low
13848,7.0,638.0,731.0,407.85714285714283,1.6769960408661275,410.1366769904563,687.797583526985,Medium
13849,4.0,573.0,625.0,739.9124999999999,1.1780357585894532,744.7686621362325,877.3641158733088,High
13850,0.0,0.0,130.0,0.0,0.6006990184031485,470.98914615257866,282.9227177723911,Medium
13851,6.0,584.0,680.0,734.5266666666666,1.55238308348864,737.7519887127748,1145.2737070878138,High
13852,0.0,0.0,611.0,0.0,0.17648646770346707,470.98914615257866,83.1232107311406,Low
13853,0.0,0.0,58.0,0.0,0.9420787360010973,470.98914615257866,443.70885947765737,Medium
13854,37.0,692.0,701.0,325.0078378378379,8.763208374276868,325.4153714075664,2851.682707837203,High
13855,3.0,231.0,732.0,332.2966666666667,0.4350019609643621,337.3641906398717,146.75408448749909,Low
13856,10.0,451.0,620.0,103.44500000000001,2.414714321972663,104.72416410465723,252.87893892013128,Low
13857,4.0,178.0,572.0,196.565,0.49857226033407764,200.00977989569594,99.71932805151849,Low
13858,0.0,0.0,58.0,0.0,0.9420787360010973,470.98914615257866,443.70885947765737,Medium
13859,1.0,203.0,530.0,201.16,0.40526811135577845,215.09545779825677,87.17132994310607,Low
13860,3.0,85.0,87.0,280.00666666666666,4.12235663483653,284.89293123360613,1174.4302652888834,High
13861,1.0,101.0,531.0,144.82999999999998,0.3276259335651996,158.17557694202523,51.82242106284507,Low
13862,8.0,371.0,390.0,276.17,3.3465382399408172,277.99341144213236,930.315581842697,High
13863,3.0,346.0,594.0,311.6766666666667,0.8775199186516135,316.672712939409,277.8866132977759,Low
13864,0.0,0.0,387.0,0.0,0.2628092490546711,470.98914615257866,123.78030381325995,Low
13865,3.0,231.0,290.0,126.08666666666666,1.7534649021241426,130.43937897098635,228.72087288049454,Low
13866,0.0,0.0,75.0,0.0,0.8303785825312143,470.98914615257866,391.0992995697652,Medium
13867,2.0,187.0,219.0,438.22,1.5874720717927684,446.3862027947572,708.6256301703,Medium
13868,1.0,31.0,39.0,2685.0,2.5956174946360813,2724.945925860428,7072.9173171006405,High
13869,9.0,568.0,692.0,761.4655555555556,2.1821335776732407,763.6455863095961,1666.3766753281384,High
13870,11.0,667.0,670.0,463.68545454545455,2.8171387187462433,465.1879322328466,1310.4989353866558,High
13871,15.0,697.0,720.0,488.79,3.5405696015502706,489.90889644376807,1734.5565462778447,High
13872,2.0,198.0,726.0,333.725,0.3667087696913647,341.34692319281953,125.1749102419716,Low
13873,7.0,527.0,647.0,127.05285714285715,1.8447990391881262,128.91605001660685,237.82420520656473,Low
13874,6.0,315.0,674.0,316.4666666666667,0.7943655868241053,318.9686554136829,253.37772313618603,Low
13875,12.0,669.0,723.0,387.4816666666666,2.8313611041782663,388.7929622056854,1100.8132707674283,High
13876,0.0,0.0,64.0,0.0,0.8993521048130465,470.98914615257866,423.5850799364212,Medium
13877,2.0,603.0,690.0,147.425,0.6031937964528659,154.07654863096508,92.93801831306644,Low
13878,3.0,550.0,605.0,615.2933333333334,0.9472498567340003,621.3418442595911,588.5659729577371,Medium
13879,0.0,0.0,646.0,0.0,0.16787460173377663,470.98914615257866,79.06711533129565,Low
13880,13.0,541.0,563.0,320.46846153846155,3.849448472191962,321.62534343689805,1238.0801869113823,High
13881,30.0,642.0,646.0,1394.6666666666667,7.6843075833740855,1395.5389603768087,10723.750616117499,High
13882,4.0,62.0,65.0,249.5925,6.144297727183227,253.17502244859267,1555.5827150104506,High
13883,11.0,721.0,732.0,594.1245454545455,2.5971528436619766,595.7500287039169,1547.2538811600818,High
13884,7.0,463.0,471.0,233.44,2.520734218324018,235.46093034184375,593.5344241910935,Medium
13885,1.0,11.0,201.0,107.65,0.7351449578839002,120.60623253878208,88.66306374025883,Low
13886,0.0,0.0,72.0,0.0,0.8481097616671857,470.98914615257866,399.45049249129477,Medium
13887,0.0,0.0,205.0,0.0,0.43658057219543284,470.98914615257866,205.62471092513113,Low
13888,4.0,456.0,576.0,470.2825,1.241628552572358,474.4382797961723,589.0761146282408,Medium
13889,5.0,594.0,687.0,334.37,1.3072166104672172,337.4106105972101,441.0687547205591,Medium
13890,12.0,732.0,734.0,226.14416666666668,2.8170235030304323,227.31600864072465,640.3545389559902,Medium
13891,2.0,204.0,583.0,232.58,0.5420410110821778,239.6750926235293,129.91372953687244,Low
13892,5.0,549.0,576.0,148.482,1.5499868998058548,151.13652575300893,234.25963499933403,Low
13893,0.0,0.0,298.0,0.0,0.3262773901172908,470.98914615257866,153.6731093802346,Low
13894,1.0,287.0,311.0,403.77,0.7366738181672372,419.8271648865057,309.27568052726843,Medium
13895,5.0,708.0,737.0,635.504,1.2415696965320133,639.1700585738072,793.5741756558309,Medium
13896,0.0,0.0,626.0,0.0,0.17268971543298167,470.98914615257866,81.33498162111182,Low
13897,2.0,627.0,678.0,339.025,0.6164079437420708,346.67452912506764,213.69293364573355,Low
13898,1.0,86.0,412.0,155.93,0.43734138809155243,169.3918147816164,74.08205140793926,Low
13899,1.0,258.0,275.0,90.02,0.8148616773295032,102.79161333950351,83.76094646123357,Low
13900,5.0,441.0,625.0,270.01800000000003,1.353716813836676,272.9249530620598,369.4630978756959,Medium
13901,11.0,631.0,704.0,490.65727272727275,2.655236766328455,492.1851851492213,1306.8681994503902,High
13902,4.0,92.0,725.0,8416.4,0.02972021374750362,8441.196362702538,250.8741601841695,Low
13903,0.0,0.0,401.0,0.0,0.2550095875284621,470.98914615257866,120.10674789075163,Low
13904,1.0,257.0,295.0,131.52,0.7650802084988907,144.72619625329028,110.7271484047187,Low
13905,0.0,0.0,733.0,0.0,0.14971720869785526,470.98914615257866,70.51518028895028,Low
13906,0.0,0.0,410.0,0.0,0.25023577369087,470.98914615257866,117.85833338749278,Low
13907,0.0,0.0,692.0,0.0,0.15775813369784783,470.98914615257866,74.3023686889737,Low
13908,3.0,197.0,277.0,624.5166666666668,1.7906804541969545,630.5971495937619,1129.1979902498624,High
13909,1.0,98.0,522.0,174.14,0.33200876600361945,187.79250766981053,62.348758736179036,Low
13911,18.0,591.0,649.0,227.43055555555554,4.579523791224064,228.21229957047717,1045.1036553329534,High
13912,0.0,0.0,424.0,0.0,0.2431555443037791,470.98914615257866,114.52362219390243,Low
13913,0.0,0.0,507.0,0.0,0.20823432431699918,470.98914615257866,98.07610660972259,Low
13914,1.0,25.0,37.0,305.38,2.6315473615069958,320.40683686512074,843.1657661612109,High
13915,0.0,0.0,395.0,0.0,0.2582947889087922,470.98914615257866,121.65404208381258,Low
13916,3.0,212.0,676.0,303.77,0.4727891880303688,308.738638399238,145.96829016237737,Low
13917,1.0,142.0,192.0,206.66,1.052430247695903,220.6530531241803,232.22194735433834,Low
13918,1.0,204.0,254.0,1014.64,0.855851083846214,1037.0941206586724,887.598127216261,High
13919,3.0,481.0,541.0,247.80333333333337,1.0441583066704068,252.5779674340313,263.7313827781713,Low
13920,3.0,131.0,563.0,417.01,0.3865272762951769,422.37117645939304,163.25798042243875,Low
13921,3.0,319.0,722.0,209.3166666666667,0.6281121004335668,213.9578895922042,134.38953943609255,Low
13922,2.0,116.0,468.0,221.0,0.5537273566217783,228.03477626590035,126.26909387955563,Low
13923,0.0,0.0,54.0,0.0,0.9729137947226096,470.98914615257866,458.2318374564671,Medium
13924,4.0,71.0,73.0,284.0675,5.799893446051024,287.73957361564965,1668.8588671829225,High
13925,2.0,42.0,135.0,149.065,1.984771500349519,155.72509084396262,309.07872219643684,Medium
13926,0.0,0.0,24.0,0.0,1.2906697127470192,470.98914615257866,607.8914259717126,Medium
13927,1.0,363.0,438.0,348.99,0.5464400846970734,364.47351544030727,199.16293864704159,Low
13928,3.0,123.0,134.0,120.12333333333333,3.1516347058643386,124.45537418499738,392.23787661277044,Medium
13929,8.0,525.0,695.0,397.275,1.883349181813619,399.2554966766553,751.9375130005689,Medium
13930,1.0,79.0,137.0,127.33999999999999,1.3090740246879384,140.50242380558836,183.92807340959197,Low
13931,7.0,641.0,737.0,577.3828571428572,1.663422465246345,579.9137426728726,964.6415474671442,High
13932,0.0,0.0,295.0,0.0,0.32895651156419287,470.98914615257866,154.93494650295005,Low
13933,1.0,39.0,149.0,307.8,1.1361929965462458,322.85217880852707,366.82238448194477,Medium
13934,0.0,0.0,264.0,0.0,0.3594635718080661,470.98914615257866,169.30344075883718,Low
13935,2.0,56.0,653.0,1898.4450000000002,0.1327223674580523,1914.2170277791047,254.05941575535903,Low
13936,2.0,235.0,415.0,265.74,0.8841734905969655,273.00781200340634,241.38627009929192,Low
13937,1.0,233.0,403.0,158.85,0.5607277153447208,172.34239266374308,96.63715609538342,Low
13938,0.0,0.0,36.0,0.0,1.141308103438488,470.98914615257866,537.5437291355124,Medium
13939,6.0,589.0,613.0,232.59666666666666,1.7298328865794876,234.95354235863135,406.4303643903072,Medium
13940,3.0,127.0,145.0,206.84,2.97864813153206,211.47263774425014,629.9025772870668,Medium
13941,13.0,702.0,724.0,795.476923076923,3.071513371114416,797.0127748278451,2448.0353948327293,High
13942,0.0,0.0,535.0,0.0,0.19861396823004804,470.98914615257866,93.5450233106457,Low
13943,0.0,0.0,578.0,0.0,0.18545744534294178,470.98914615257866,87.34844382971067,Low
13944,0.0,0.0,654.0,0.0,0.1660229701408657,470.98914615257866,78.1950169483614,Low
13945,1.0,85.0,480.0,338.5,0.3554266344987843,353.8736654459549,125.77612594720449,Low
13946,5.0,656.0,736.0,319.206,1.232908211308855,322.21511533889617,397.26166150915486,Medium
13947,0.0,0.0,66.0,0.0,0.8859649921801986,470.98914615257866,417.2798951880278,Medium
13948,3.0,375.0,736.0,131.03666666666666,0.6760051903659716,135.4065377788084,91.5355223479605,Low
13949,5.0,92.0,95.0,377.884,6.111625691040775,381.0149881143741,2328.6209900314043,High
13950,3.0,235.0,247.0,188.58333333333334,2.0278782300689695,193.15268569681493,391.69012640392503,Medium
13951,2.0,118.0,295.0,230.945,1.0889676453698862,238.03157645386406,259.2086853346464,Low
13952,10.0,506.0,724.0,1159.6731,1.9604266426701025,1162.0480061967087,2278.1098714097,High
13953,11.0,721.0,729.0,558.2436363636364,2.607783337678235,559.8352835033239,1459.929124164339,High
13954,1.0,69.0,71.0,212.51,2.011205714009973,226.56431360720808,455.66744211756435,Medium
13955,2.0,221.0,376.0,161.48,0.9712178353962062,168.20475643808726,163.3634594511452,Low
13956,4.0,266.0,272.0,226.675,2.4098935991067165,230.19799267713427,554.7526690798406,Medium
13957,2.0,241.0,659.0,177.70499999999998,0.49170305230107425,184.5142670514318,90.72622830228455,Low
13958,4.0,355.0,735.0,974.4200000000001,0.7654404419710209,979.8853113837632,750.0438458264991,Medium
13959,5.0,432.0,512.0,206.586,1.6950951276276556,209.3612063444805,354.8871607887771,Medium
13960,1.0,50.0,72.0,102.12,1.9608423232948184,115.01832305653532,225.5327958036507,Low
13961,0.0,0.0,393.0,0.0,0.259408777495595,470.98914615257866,122.17871861713455,Low
13962,2.0,414.0,436.0,84.775,0.9135221267020949,91.10022567712619,83.2220719036091,Low
13963,16.0,289.0,598.0,169.15875,0.0269612437551342,170.0005076800876,4.583425126059406,Low
13964,1.0,43.0,431.0,133.25,0.33377784810322286,146.4743126012626,48.88988086244821,Low
13965,2.0,227.0,704.0,204.14999999999998,0.4272310653114153,211.09701023601707,90.18720056718831,Low
13966,0.0,0.0,436.0,0.0,0.23739854890552198,470.98914615257866,111.81213984687298,Low
13967,1.0,251.0,397.0,80.7,0.5754531287928272,93.37401544175671,53.73236933390866,Low
13968,0.0,0.0,424.0,0.0,0.2431555443037791,470.98914615257866,114.52362219390243,Low
13969,32.0,617.0,625.0,406.40375,8.428990997108237,406.9013503155817,3429.7678185212226,High
13970,1.0,51.0,438.0,558.0,0.34321953861073584,575.6722425441764,197.58196147701983,Low
13971,13.0,664.0,683.0,338.4884615384616,3.239681097324577,339.659720100252,1100.389174731343,High
13972,1.0,131.0,202.0,44.349999999999994,0.9999634306919094,56.64336269678926,56.64129128820751,Low
13973,0.0,0.0,288.0,0.0,0.33538265607301987,470.98914615257866,157.96159081821557,Low
13974,1.0,533.0,583.0,413.59000000000003,0.42923975128046316,429.7499987229729,184.46578256462826,Low
13975,10.0,644.0,676.0,480.51800000000003,2.542934507745534,482.1883435836696,1226.1733781315734,High
13976,3.0,462.0,669.0,305.65000000000003,0.8276271900035954,310.6251552797846,257.0818244086386,Low
13977,0.0,0.0,412.0,0.0,0.24919913437712668,470.98914615257866,117.3700875222446,Low
13978,1.0,31.0,46.0,37.800000000000004,2.4173211346429433,50.02477189955305,120.92593836848201,Low
13979,5.0,663.0,737.0,642.49,1.2328475662131222,646.1705683254942,796.6298125186355,Medium
13980,4.0,596.0,657.0,145.755,1.1248555800313005,149.06779745049897,167.67974376516943,Low
13981,0.0,0.0,416.0,0.0,0.24715144864408414,470.98914615257866,116.40564976725008,Low
13982,8.0,649.0,689.0,451.2675,2.024975921987737,453.3180303212198,917.9580964033769,High
13983,17.0,701.0,731.0,407.0311764705882,3.9348310069053647,407.9684864239721,1605.2870502212957,High
13984,9.0,706.0,733.0,150.73555555555558,2.1418326179810467,152.2115299348423,326.0116196472438,Medium
13985,21.0,664.0,669.0,466.5004761904762,5.254102562523864,467.28852494030764,2455.181836326867,High
13986,0.0,0.0,18.0,0.0,1.3812487825271869,470.98914615257866,650.5531847067685,Medium
13987,1.0,21.0,401.0,305.08,0.31059663451780073,320.10369530188854,99.42313045747812,Low
13988,7.0,606.0,626.0,635.3714285714285,1.9566274225957572,637.9882922581071,1248.3053879272488,High
13989,4.0,498.0,564.0,416.095,1.2860748687045942,420.11002406405044,540.2929440396575,Medium
13990,0.0,0.0,214.0,0.0,0.4227390100581703,470.98914615257866,199.105485392684,Low
13991,4.0,131.0,144.0,182.405,3.840789687222267,185.81299832860307,713.668647732347,Medium
13992,2.0,433.0,464.0,71.8,0.8642823486772745,78.05764322978285,67.46384322284948,Low
13993,17.0,694.0,737.0,365.8211764705882,3.8941451450996114,366.73334911152233,1428.1128909887557,High
13994,5.0,145.0,149.0,404.914,4.5933045018703424,408.10112876540455,1874.532751976501,High
13995,13.0,706.0,722.0,289.10076923076923,3.0818432500386796,290.232625449267,894.4514576818278,High
13996,1.0,13.0,400.0,403.38,0.2856058275100088,419.4330808543039,119.79253214246589,Low
13997,1.0,31.0,551.0,238.76,0.20202850067197423,253.08920039002498,51.13123169106558,Low
13998,2.0,130.0,577.0,151.32500000000002,0.406971441013745,157.99686243016654,64.3002107788553,Low
13999,28.0,724.0,735.0,326.8467857142858,6.38248769912368,327.38604160114795,2089.5373833841204,High
14000,4.0,526.0,738.0,463.58500000000004,0.9671241265343015,467.72338258249965,452.3465678397689,Medium
14001,7.0,448.0,494.0,575.6457142857142,2.397853680690509,578.1740241988961,1386.3767120049663,High
14002,1.0,22.0,157.0,304.94,1.0195057288305893,319.96222923904685,326.20332571861456,Medium
14003,0.0,0.0,733.0,0.0,0.14971720869785526,470.98914615257866,70.51518028895028,Low
14004,8.0,392.0,436.0,677.1625,3.0209651964996636,679.5060386119804,2052.7640934581495,High
14005,4.0,206.0,216.0,671.89,2.8782201567902055,676.5694690467145,1947.3158832791007,High
14006,6.0,537.0,653.0,311.00166666666667,1.5966393339261709,313.4941997937251,500.53717034837115,Medium
14007,0.0,0.0,513.0,0.0,0.20609508177030963,470.98914615257866,97.06854658924401,Low
14008,0.0,0.0,433.0,0.0,0.23881205236516487,470.98914615257866,112.4778846344139,Low
14009,2.0,264.0,463.0,347.805,0.8038786775140696,355.5002612166033,285.77907984270934,Medium
14010,0.0,0.0,566.0,0.0,0.18895021967055314,470.98914615257866,88.993502627976,Low
14011,1.0,127.0,608.0,165.48000000000002,0.2945284428839829,179.04182121117458,52.73290881243971,Low
14012,0.0,0.0,278.0,0.0,0.3450120167350719,470.98914615257866,162.4969151744307,Low
14013,4.0,513.0,624.0,227.5925,1.1629396385338462,231.11787594604723,268.77613911140645,Low
14014,2.0,499.0,577.0,835.775,0.7078753825960964,846.0119341900231,598.8710215956262,Medium
14015,0.0,0.0,53.0,0.0,0.9809434483406048,470.98914615257866,462.0137171579076,Medium
14016,10.0,539.0,701.0,1021.2949999999998,2.277242657568577,1023.5263513066351,2330.8178683409906,High
14017,0.0,0.0,572.0,0.0,0.18718752529902458,470.98914615257866,88.1632927110018,Low
14018,0.0,0.0,646.0,0.0,0.16787460173377663,470.98914615257866,79.06711533129565,Low
14019,2.0,92.0,139.0,518.66,2.1534346588297115,527.2451879249534,1135.3880613787792,High
14020,3.0,513.0,530.0,314.77666666666664,1.07187605611767,319.78345885945913,342.7682326939442,Medium
14021,6.0,437.0,593.0,235.915,1.6851942429174993,238.27761711902656,401.5440685850837,Medium
14022,1.0,261.0,487.0,440.0,0.46893068582154807,456.43656100618034,214.037109586657,Low
14023,1.0,243.0,251.0,310.93,0.8781705615693638,326.0149557849163,286.29673680165126,Medium
14024,2.0,269.0,391.0,163.85,0.9657723386270066,170.58710097760198,164.74830345074,Low
14025,7.0,119.0,584.0,546.35,0.012354087788745773,548.8348739144951,6.78035421386489,Low
14026,1.0,155.0,626.0,326.58,0.30403113866639153,341.8288406668624,103.9266116569587,Low
14027,0.0,0.0,61.0,0.0,0.9202155691366966,470.98914615257866,433.4115451840019,Medium
14028,0.0,0.0,551.0,0.0,0.1935058474867999,470.98914615257866,91.13915388333899,Low
14029,1.0,81.0,145.0,302.46,1.2548400948911986,317.45625898299403,398.35684214602514,Medium
14030,15.0,711.0,730.0,501.0093333333333,3.4985916625314193,502.1366778319773,1756.7711945141812,High
14031,37.0,729.0,737.0,970.3548648648648,8.373964923644943,970.9432047384138,8130.644339330887,High
14032,15.0,723.0,726.0,302.73133333333334,3.5230888923789214,303.7215947866917,1070.0381769686053,High
14033,0.0,0.0,556.0,0.0,0.19196306717883657,470.98914615257866,90.41252110339033,Low
14034,1.0,135.0,158.0,177.91,1.2263904965842287,191.60198664776178,234.97885555147332,Low
14035,8.0,584.0,613.0,330.29875,2.25322027757572,332.1923718165032,748.5025882329181,Medium
14036,0.0,0.0,285.0,0.0,0.3382144121305506,470.98914615257866,159.29531718586438,Low
14037,5.0,556.0,733.0,123.724,1.1982340442764032,126.32710399058891,151.3694367163691,Low
14038,4.0,595.0,674.0,591.3325,1.0956304302215247,595.802715438587,652.7795854431317,Medium
14039,1.0,542.0,576.0,152.2,0.43509431088591183,165.6227546787628,72.06151831398273,Low
14040,31.0,698.0,739.0,387.4916129032258,6.95526851401123,387.99894573531344,2698.6368507423776,High
14041,0.0,0.0,267.0,0.0,0.35626553529821753,470.98914615257866,167.79720027369885,Low
14042,0.0,0.0,726.0,0.0,0.15103147456557572,470.98914615257866,71.1341852478054,Low
14043,1.0,238.0,730.0,139.94,0.2865668406677151,153.2343694613405,43.91188913824575,Low
14044,8.0,658.0,685.0,359.74125,2.0399403727428767,361.6730616684288,737.791480230952,Medium
14045,12.0,591.0,701.0,775.4525,2.8316876348640427,777.0991417282752,2200.502030695417,High
14046,0.0,0.0,285.0,0.0,0.3382144121305506,470.98914615257866,159.29531718586438,Low
14047,10.0,668.0,677.0,371.74899999999997,2.54811694023056,373.3065054840106,951.2286305220798,High
14048,1.0,77.0,383.0,409.93,0.46555407091438616,426.0516716515401,198.35009015725387,Low
14049,9.0,601.0,618.0,1374.9144444444444,2.5022457008810224,1377.8016659387595,3447.5982952619715,High
14050,1.0,75.0,107.0,260.38,1.5631437431054196,274.9356023802917,429.7638666176725,Medium
14051,34.0,736.0,737.0,632.9835294117647,7.7120471851793715,633.5209337938529,4885.743334217091,High
14052,1.0,371.0,391.0,225.36,0.6101933718191263,239.5488772323204,146.17113711387552,Low
14053,3.0,362.0,487.0,133.83333333333334,1.1175500841141746,138.21289888302573,154.4598367723893,Low
14054,0.0,0.0,66.0,0.0,0.8859649921801986,470.98914615257866,417.2798951880278,Medium
14055,2.0,617.0,724.0,623.32,0.575719919223801,632.4503269568573,364.1142511486684,Medium
14056,22.0,283.0,285.0,346.1677272727273,11.453524693189392,346.86322790010354,3972.8065459132154,High
14057,18.0,713.0,737.0,460.51666666666665,4.132106337665044,461.43268542280515,1906.6889238413737,High
14058,1.0,68.0,531.0,147.96,0.2836119029967297,161.33835391841447,45.75747758116141,Low
14059,0.0,0.0,267.0,0.0,0.35626553529821753,470.98914615257866,167.79720027369885,Low
14060,27.0,634.0,639.0,346.34555555555556,6.998204471796661,346.9122785974815,2427.763059402064,High
14061,2.0,231.0,739.0,271.5,0.3981066204085645,278.79781392222696,110.99125547787361,Low
14062,21.0,720.0,730.0,1177.6471428571429,4.850765896390776,1178.786310806553,5718.0164355927245,High
14063,6.0,45.0,732.0,1169.8233333333335,0.00021489616014553703,1173.8018118019259,0.2522455021281082,Low
14064,13.0,658.0,688.0,224.63615384615383,3.212465757503831,225.71657909497216,725.1067812435032,Medium
14065,2.0,42.0,432.0,290.075,0.3099928165050551,297.469564901757,92.21342824842894,Low
14066,0.0,0.0,267.0,0.0,0.35626553529821753,470.98914615257866,167.79720027369885,Low
14067,1.0,33.0,97.0,150.03,1.5758016624992162,163.43003070471661,257.53331408679037,Low
14068,3.0,357.0,678.0,346.8666666666666,0.7433450974793026,351.9846964641074,261.64609850433465,Low
14069,1.0,47.0,562.0,110.44,0.22551520495657296,123.42544907684147,27.834315445420962,Low
14070,0.0,0.0,685.0,0.0,0.15921815712074425,470.98914615257866,74.99002387428645,Low
14071,5.0,261.0,265.0,216.402,2.99935183634432,219.19759393717436,657.4507058977205,Medium
14072,0.0,0.0,667.0,0.0,0.16309971699718828,470.98914615257866,76.81819644623293,Low
14073,0.0,0.0,33.0,0.0,1.1752764695789877,470.98914615257866,553.5424609002245,Medium
14074,0.0,0.0,624.0,0.0,0.17318647549489605,470.98914615257866,81.56895021851558,Low
14075,5.0,537.0,542.0,344.974,1.6414109739568985,348.0366348466932,571.2711517763921,Medium
14076,0.0,0.0,130.0,0.0,0.6006990184031485,470.98914615257866,282.9227177723911,Medium
14077,5.0,355.0,396.0,99.88399999999999,2.136209365753824,102.43758889178878,218.8281367958791,Low
14078,8.0,520.0,622.0,166.02,2.1733776137479337,167.70053593259354,364.47659060942976,Medium
14079,1.0,558.0,683.0,375.1,0.36776205229954345,390.8569361602825,143.74234899781712,Low
14080,4.0,705.0,738.0,220.2025,1.017311746874212,223.70867991632855,227.58146795660417,Low
14081,7.0,427.0,730.0,654.0114285714286,1.21823290134552,656.6559293045239,799.9598579423888,Medium
14082,1.0,28.0,393.0,182.25,0.34204565331349396,195.98743459585418,67.03665010757462,Low
14083,9.0,717.0,722.0,149.23222222222225,2.177404812682517,150.7064635420282,328.14897901877447,Medium
14084,0.0,0.0,513.0,0.0,0.20609508177030963,470.98914615257866,97.06854658924401,Low
14085,29.0,729.0,732.0,334.07344827586206,6.637023899409696,334.5966859065267,2220.7262010248974,High
14086,0.0,0.0,463.0,0.0,0.22539281731179991,470.98914615257866,106.15757057460878,Low
14087,2.0,733.0,736.0,304.765,0.5758049742630912,312.23608021208247,179.78708813052663,Low
14088,13.0,411.0,422.0,3931.754615384615,4.960676937393594,3935.792642971644,19524.195794352814,High
14089,0.0,0.0,57.0,0.0,0.9496012072289162,470.98914615257866,447.2518617782051,Medium
14090,0.0,0.0,325.0,0.0,0.3039986065030653,470.98914615257866,143.18004410845248,Low
14091,1.0,44.0,699.0,4010.08,0.14952134015338284,4063.9020012194774,607.6400734743507,Medium
14092,21.0,716.0,724.0,337.7738095238095,4.888606709276679,338.49830119563853,1654.7850663037568,High
14093,0.0,0.0,13.0,0.0,1.4671892492562184,470.98914615257866,691.0302117514292,Medium
14094,0.0,0.0,440.0,0.0,0.23553973815669177,470.98914615257866,110.9366601594222,Low
14095,0.0,0.0,723.0,0.0,0.151601826277843,470.98914615257866,71.40281471377283,Low
14096,16.0,97.0,102.0,4071.434375,17.388498398722145,4074.8053122554957,70854.74564725917,High
14097,1.0,164.0,646.0,290.86,0.29724153491927874,305.73478520468257,90.87707683245584,Low
14098,0.0,0.0,37.0,0.0,1.130421845773504,470.98914615257866,532.4164199330846,Medium
14099,19.0,713.0,730.0,282.9089473684211,4.39720986276282,283.67980113708325,1247.399619426578,High
14100,0.0,0.0,138.0,0.0,0.5775112308375357,470.98914615257866,272.00152150569573,Low
14101,12.0,548.0,622.0,775.4341666666666,3.20988394821847,777.080792548355,2494.3391624698515,High
14102,4.0,39.0,45.0,234.79500000000002,7.211602875368353,238.33908493171012,1718.806830206183,High
14104,4.0,406.0,561.0,153.2775,1.2467968843765922,156.60983765801706,195.26065765473956,Low
14105,4.0,482.0,722.0,1335.6325000000002,0.9660360365637806,1342.036085522431,1296.4552209836602,High
14106,0.0,0.0,738.0,0.0,0.14879237389849828,470.98914615257866,70.07959313646893,Low
14107,10.0,679.0,731.0,471.404,2.3605119263617502,473.06488862462527,1116.675311541421,High
14108,3.0,708.0,739.0,264.21999999999997,0.794253940079263,269.0515412579528,213.6952467285274,Low
14109,0.0,0.0,73.0,0.0,0.842115185657118,470.98914615257866,396.62711225476625,Medium
14110,31.0,735.0,739.0,409.7706451612903,7.023556085072315,410.285428403119,2881.662717277228,High
14111,3.0,227.0,242.0,199.55000000000004,2.0582456257515123,204.15736750000318,420.2060086218255,Medium
14112,8.0,632.0,655.0,598.8925,2.1252941044556355,601.1345146343899,1277.587639937269,High
14113,13.0,728.0,732.0,498.52076923076925,3.0477757436500883,499.81970429719,1523.3383709553354,High
14114,6.0,333.0,607.0,175.05666666666664,1.2652224573868232,177.31398584035702,224.34163689398886,Low
14115,1.0,165.0,667.0,504.87,0.2852779820185987,521.985871695755,148.91107611958418,Low
14116,4.0,102.0,122.0,265.6925,4.258443446231538,269.31684329818273,1146.8705463029123,High
14117,0.0,0.0,144.0,0.0,0.5612674561622893,470.98914615257866,264.35087994110654,Low
14118,0.0,0.0,429.0,0.0,0.24072315478287643,470.98914615257866,113.37799313034199,Low
14119,1.0,343.0,719.0,116.89,0.32137730817887583,129.94299268633364,41.76072920624125,Low
14121,3.0,56.0,60.0,849.0166666666668,4.9834975849053755,855.8753621909431,4265.252800458578,High
14122,2.0,331.0,738.0,136.36,0.4852540181032234,142.953914736564,69.36896152950328,Low
14123,0.0,0.0,734.0,0.0,0.14953132253563808,470.98914615257866,70.42762992412602,Low
14124,0.0,0.0,85.0,0.0,0.7763137868811056,470.98914615257866,365.6353676296069,Medium
14125,2.0,68.0,79.0,722.5,3.1070530217420824,732.1469224965499,2274.8193079020716,High
14126,1.0,434.0,445.0,643.6300000000001,0.5475232758933647,662.1989494094189,362.56933807378954,Medium
14127,5.0,303.0,426.0,283.392,1.9140496912553693,286.3267305340124,548.0435901767858,Medium
14128,2.0,491.0,552.0,318.75,0.738532022401532,326.2939234125524,240.9785111552029,Low
14129,7.0,578.0,580.0,311.63142857142856,2.100047149391995,313.76829132425996,658.9282057651093,Medium
14130,3.0,409.0,729.0,508.1166666666666,0.7147685511998977,513.793657628007,367.24354827846685,Medium
14131,0.0,0.0,649.0,0.0,0.16717541616890327,470.98914615257866,78.73780651909374,Low
14132,10.0,181.0,184.0,327.91700000000003,7.50724018933915,329.4290337081899,2473.1028813892844,High
14133,2.0,604.0,734.0,302.82,0.566170316857234,310.2809493558141,175.67186341154462,Low
14134,10.0,347.0,730.0,1046.219,0.25841155939620264,1048.4762077252462,270.9383718280978,Low
14135,22.0,736.0,738.0,404.71000000000004,5.029817546608558,405.4330906365584,2039.2544732594993,High
14136,4.0,331.0,732.0,317.00750000000005,0.7124845959938128,320.76513751537,228.54021941153817,Low
14137,0.0,0.0,696.0,0.0,0.15693580257215703,470.98914615257866,73.91505965422989,Low
14138,1.0,62.0,64.0,344.17,2.1176365708159293,359.6030409910434,761.5085505792531,Medium
14139,3.0,496.0,543.0,247.49333333333334,1.0436472645923063,252.26689284202627,263.27765266178113,Low
14140,1.0,28.0,32.0,394.06,2.7895130003284168,410.0154829565571,1143.7435200432503,High
14141,3.0,103.0,106.0,209.99,3.671318818659554,214.63355698559144,787.9882168770396,Medium
14142,1.0,273.0,647.0,623.62,0.34472213219151343,641.9794071418315,221.30451005297587,Low
14143,0.0,0.0,134.0,0.0,0.5888757923691408,470.98914615257866,277.3541066378648,Low
14144,0.0,0.0,487.0,0.0,0.21569777119030908,470.98914615257866,101.59130907993796,Low
14145,5.0,564.0,611.0,1124.49,1.4655861577706621,1129.1716705747249,1654.898370141091,High
14146,7.0,687.0,696.0,1065.7085714285715,1.7807112661269353,1068.963484878766,1903.5153206019284,High
14147,6.0,562.0,641.0,390.3333333333333,1.6433794850470596,392.9631272272015,645.7875416651206,Medium
14148,1.0,181.0,415.0,157.2,0.5204273888849104,170.675114065966,88.82400396098492,Low
14149,0.0,0.0,221.0,0.0,0.4125673948254212,470.98914615257866,194.31476501921892,Low
14150,1.0,324.0,360.0,352.46000000000004,0.6511075681985102,367.9798528550263,239.5944671384818,Low
14151,1.0,43.0,717.0,327.4,0.14122816164341306,342.6574276063637,48.39287857430764,Low
14152,5.0,584.0,660.0,339.206,1.3601333075407023,342.25665485131236,465.51467599073203,Medium
14153,0.0,0.0,484.0,0.0,0.21686373821952676,470.98914615257866,102.14046689547125,Low
14154,4.0,456.0,696.0,1438.79,0.9923442851368213,1445.4615441740823,1434.3955027461955,High
14155,0.0,0.0,267.0,0.0,0.35626553529821753,470.98914615257866,167.79720027369885,Low
14156,115.0,729.0,739.0,2648.259304347826,25.655338348665506,2648.5997802065353,67950.72351139976,High
14157,4.0,627.0,647.0,212.48250000000002,1.1478772180871135,215.96862668907173,247.905466397946,Low
14158,0.0,0.0,41.0,0.0,1.0888964513854604,470.98914615257866,512.8584098866108,Medium
14159,18.0,717.0,737.0,419.13111111111107,4.134839645471587,420.0232887437444,1736.728946318994,High
14160,6.0,88.0,699.0,794.515,0.002729168805924495,797.8441147051931,2.1774512698438575,Low
14161,6.0,511.0,727.0,468.9583333333333,1.3666096531935341,471.7241653093933,644.6627979564794,Medium
14162,1.0,119.0,293.0,111.68,0.6957429473463348,124.67843420486788,86.74414128422086,Low
14163,4.0,375.0,463.0,611.4775,1.5123441770606323,616.0000434519405,931.6040787836388,High
14164,1.0,10.0,81.0,358.0,1.677422648719092,373.57786705604747,626.6479752599839,Medium
14165,0.0,0.0,276.0,0.0,0.34700479356435426,470.98914615257866,163.43549143172703,Low
14166,1.0,121.0,627.0,144.9,0.2767867934291429,158.2463099734461,43.80048870954435,Low
14167,7.0,642.0,682.0,163.50571428571428,1.8058580420597843,165.42295486895298,298.7303733913915,Medium
14168,1.0,144.0,565.0,67.5,0.3398414060426537,80.0357866595402,27.199474272108006,Low
14169,1.0,14.0,445.0,145.2,0.2416674338162444,158.54945153667828,38.31623908584204,Low
14170,2.0,20.0,396.0,217.68,0.24683818121581957,224.6974834932468,55.463918149244684,Low
14171,1.0,632.0,731.0,363.79,0.34789549587314544,379.4284992264288,132.00146588678183,Low
14172,2.0,37.0,643.0,136.20999999999998,0.0947022479651398,142.8031334365947,13.523777752911338,Low
14173,4.0,720.0,731.0,140.6,1.0288818060007519,143.89940698592525,148.05548174211597,Low
14174,0.0,0.0,34.0,0.0,1.163728872765088,470.98914615257866,548.1036681367317,Medium
14175,7.0,568.0,628.0,975.2742857142857,1.936057235849316,978.3951145855134,1894.2289411129038,High
14176,3.0,84.0,382.0,245.48333333333335,0.6244730927642875,250.2499253261228,156.2743448324359,Low
14177,8.0,565.0,652.0,219.45,2.1009164078463964,221.1998399586912,464.7223731822113,Medium
14178,6.0,174.0,183.0,237.26,4.676872182227111,239.62494425696676,1120.69523596313,High
14179,1.0,12.0,53.0,168.1,2.1804695218566064,181.68925753006906,396.1678884930715,Medium
14180,31.0,538.0,549.0,202.17580645161289,9.166734560399059,202.62116717137712,1857.374455778258,High
14181,1.0,152.0,563.0,94.45,0.3473544811713316,107.26800375656558,37.260021791146286,Low
14182,3.0,153.0,597.0,173.82333333333335,0.4137088264331865,178.34152125167284,73.78146146133876,Low
14183,1.0,70.0,482.0,146.71,0.33094347779055244,160.07526407161367,52.9758646001009,Low
14184,0.0,0.0,67.0,0.0,0.8794209617072207,470.98914615257866,414.19772786316344,Medium
14185,0.0,0.0,332.0,0.0,0.2987115886043623,470.98914615257866,140.68991606264896,Low
14186,4.0,217.0,645.0,336.5725,0.501488997172248,340.38095893911094,170.69730575490289,Low
14187,0.0,0.0,474.0,0.0,0.22084312080124469,470.98914615257866,104.01471289984902,Low
14188,5.0,280.0,311.0,331.27200000000005,2.615833559262549,334.3061761267369,874.4893145810547,High
14189,14.0,386.0,389.0,354.6657142857143,5.717885649018272,355.7652334595911,2034.224922818231,High
14190,0.0,0.0,667.0,0.0,0.16309971699718828,470.98914615257866,76.81819644623293,Low
14191,14.0,727.0,729.0,342.98285714285714,3.2850365570811335,344.07372179742646,1130.2947544355095,High
14192,0.0,0.0,389.0,0.0,0.2616658799210825,470.98914615257866,123.24178936129381,Low
14193,2.0,329.0,397.0,426.695,0.9769707436625968,434.8011729137836,424.7880252469485,Medium
14194,24.0,698.0,703.0,749.19875,5.721091484156995,750.0103737606805,4290.877962351634,High
14195,4.0,433.0,635.0,452.1,1.0952513993228574,456.20854951060267,499.66305223453867,Medium
14196,0.0,0.0,107.0,0.0,0.6791658584450884,470.98914615257866,319.8797477650353,Medium
14197,0.0,0.0,411.0,0.0,0.24971637656544896,470.98914615257866,117.6137029788766,Low
14198,8.0,685.0,704.0,179.31,1.9922465895511008,181.00777438490192,360.612121200556,Medium
14199,3.0,312.0,531.0,290.34999999999997,0.9752288424379215,295.2721189646982,287.9578867821349,Medium
14200,0.0,0.0,618.0,0.0,0.17469406744809832,470.98914615257866,82.2790096653008,Low
14201,9.0,528.0,589.0,112.39888888888889,2.5851449079291675,113.83066833006309,294.2687725996366,Medium
14202,2.0,243.0,625.0,303.28,0.5341158794035831,310.74334534238653,165.9729551663601,Low
14203,0.0,0.0,398.0,0.0,0.2566416587623721,470.98914615257866,120.87543572767109,Low
14204,3.0,735.0,738.0,230.56333333333336,0.7978032237656331,235.27820625284912,187.70571143031856,Low
14205,7.0,626.0,643.0,311.65,1.9109153207455896,313.7868902882087,599.6201761008535,Medium
14206,2.0,163.0,403.0,321.28,0.8233848186138882,328.83710133870096,270.75947703928307,Low
14207,0.0,0.0,688.0,0.0,0.1585891343704379,470.98914615257866,74.69376098620911,Low
14208,1.0,457.0,552.0,151.74,0.44602990287185557,165.1579376151401,73.66537887299692,Low
14209,14.0,676.0,687.0,338.3085714285714,3.4635885471665553,339.39597342880296,1175.5280065224465,High
14210,14.0,597.0,703.0,373.82928571428573,3.261293391953211,374.94300103015945,1222.799131618765,High
14211,15.0,677.0,731.0,280.966,3.46786602699765,281.94121360047006,977.7343562555578,High
14212,1.0,356.0,446.0,1070.48,0.5357562095376969,1093.518870294958,585.8595250071711,Medium
14213,0.0,0.0,405.0,0.0,0.25286556030762813,470.98914615257866,119.09693434068316,Low
14214,4.0,247.0,278.0,91.4325,2.348943347573493,94.60419104665695,222.21988521161663,Low
14215,8.0,720.0,732.0,373.8425,1.9244697370020687,375.79260239270366,723.2014906940094,Medium
14216,4.0,411.0,415.0,459.825,1.7000727777405622,463.95361572570096,788.7549122295698,Medium
14217,21.0,526.0,528.0,142.8709523809524,6.495275605109202,143.49921336169714,932.0669399005919,High
14218,0.0,0.0,43.0,0.0,1.0692678251740813,470.98914615257866,503.61353998716527,Medium
14219,2.0,489.0,494.0,119.095,0.8223576863903167,125.59898711009905,103.28729245282825,Low
14220,3.0,322.0,570.0,402.3666666666666,0.9010694350051882,407.67708309726356,367.34535893101446,Medium
14221,13.0,570.0,613.0,467.08384615384614,3.5511094869636946,468.35770030683966,1663.1894728521172,High
14222,0.0,0.0,178.0,0.0,0.48416132599924255,470.98914615257866,228.03472953248354,Low
14223,2.0,172.0,265.0,343.115,1.3241096972686142,350.7858325708969,464.47892257156906,Medium
14224,8.0,434.0,545.0,191.78375,2.4096967570843053,193.4977040797463,466.27079002422323,Medium
14225,3.0,262.0,697.0,464.50666666666666,0.564587461189756,470.0324867978821,265.37444839792374,Low
14226,5.0,413.0,442.0,446.438,1.9524172119130259,449.7113731010831,878.0242252355952,High
14227,9.0,643.0,670.0,658.9644444444444,2.323397441781798,661.026310771165,1535.8268393961846,High
14228,2.0,109.0,547.0,332.225,0.3922674196680233,339.83911019312666,133.30781085773484,Low
14229,5.0,420.0,472.0,440.88,1.8343095166723635,444.1418292705826,814.6935841833018,Medium
14230,1.0,113.0,549.0,504.3,0.3254026860581794,521.4099027256138,169.66818288424878,Low
14231,3.0,267.0,451.0,308.57,1.1325965709239114,313.55527724318665,355.13163180072956,Medium
14232,4.0,222.0,265.0,338.72249999999997,2.4249487810746198,342.5365437109506,830.6335741453828,Medium
14233,6.0,595.0,645.0,413.1616666666667,1.6454337806863162,415.8309584643352,684.2223061123856,Medium
14234,3.0,35.0,58.0,135.22666666666666,4.947424921192888,139.61106210300525,690.7152479226162,Medium
14235,6.0,544.0,620.0,723.9683333333332,1.6937050571703007,727.1753872024265,1231.6206307545212,High
14236,4.0,425.0,506.0,360.7275,1.4066708211029646,364.5987032013375,512.8703572053015,Medium
14237,1.0,217.0,591.0,322.0,0.36233694603893324,337.20087946818427,122.18033686814431,Low
14238,2.0,408.0,735.0,137.565,0.5239561352170391,144.1651911796506,75.5362364033153,Low
14239,20.0,691.0,735.0,206.321,4.564844987253483,207.01358512467067,944.9849263497251,High
14240,2.0,393.0,424.0,445.17,0.9337701571200325,453.3724030266675,423.345620008098,Medium
14241,1.0,513.0,697.0,213.70000000000002,0.3564069756647081,227.76677514136247,81.17766748503661,Low
14242,1.0,91.0,326.0,142.2,0.5884992023451572,155.51803590435634,91.52224007999922,Low
14243,16.0,468.0,477.0,304.415625,5.449847741123046,305.34504663787976,1664.0840126825601,High
14244,0.0,0.0,661.0,0.0,0.1644360044011526,470.98914615257866,77.44757330964053,Low
14245,1.0,44.0,264.0,688.35,0.6447015821600508,707.3872517685644,456.0536804150437,Medium
14246,2.0,135.0,246.0,512.21,1.3680301808471913,520.7615920262741,712.417574917975,Medium
14247,4.0,273.0,552.0,147.0775,1.0402607961137689,150.3937327345724,156.4487041449877,Low
14248,2.0,197.0,516.0,360.485,0.6371755557524245,368.24630710734033,234.63754538489755,Low
14249,7.0,269.0,680.0,756.7872857142858,0.30860414109104456,759.5841695554477,234.4108202320133,Low
14250,1.0,82.0,90.0,675.22,1.7627829056354354,694.1197560177687,1223.5824403719619,High
14251,4.0,56.0,58.0,405.06,6.4903792740463215,409.0463598978873,2654.8660164053404,High
14252,0.0,0.0,382.0,0.0,0.2657119441891347,470.98914615257866,125.14744171618219,Low
14253,1.0,130.0,624.0,158.05,0.28646501840214894,171.5340151617906,49.138494809916835,Low
14254,0.0,0.0,433.0,0.0,0.23881205236516487,470.98914615257866,112.4778846344139,Low
14256,3.0,434.0,695.0,506.83,0.7773958225631548,512.502530826782,398.41732651778483,Medium
14257,8.0,584.0,649.0,595.6387500000001,2.1245038547129873,597.8765441969032,1270.1910227888006,High
14258,21.0,726.0,736.0,1466.2066666666667,4.814700454790041,1467.4883070395304,7065.516619302295,High
14259,0.0,0.0,142.0,0.0,0.5665790603250603,470.98914615257866,266.8525878504305,Low
14260,1.0,77.0,549.0,285.48,0.2825212084019674,300.2984465040519,84.84067998755832,Low
14261,1.0,28.0,79.0,219.7,1.7916401737660672,233.82960640600632,418.9385166529083,Medium
14262,7.0,232.0,241.0,339.7471428571429,4.382416630952556,341.9256920531476,1498.4608394036763,High
14263,0.0,0.0,424.0,0.0,0.2431555443037791,470.98914615257866,114.52362219390243,Low
14264,5.0,457.0,612.0,206.95600000000005,1.4064856483755592,209.73197482546024,294.98501259747394,Medium
14265,3.0,503.0,613.0,373.60999999999996,0.9247227811752312,378.82073357869075,350.3041623217282,Medium
14266,0.0,0.0,429.0,0.0,0.24072315478287643,470.98914615257866,113.37799313034199,Low
14267,1.0,98.0,261.0,679.88,0.7573357722535531,698.8285549666422,529.2478633484965,Medium
14268,0.0,0.0,471.0,0.0,0.2220656073608564,470.98914615257866,104.59049080074354,Low
14269,0.0,0.0,440.0,0.0,0.23553973815669177,470.98914615257866,110.9366601594222,Low
14270,0.0,0.0,332.0,0.0,0.2987115886043623,470.98914615257866,140.68991606264896,Low
14271,1.0,184.0,410.0,112.32,0.5289600336338565,125.32513620642989,66.2919882629208,Low
14272,3.0,509.0,583.0,248.74,0.9749312909218698,253.5178809862185,247.16251498167097,Low
14273,3.0,191.0,243.0,149.05666666666667,2.0162531957127467,153.48900277213227,309.4726923460743,Medium
14274,0.0,0.0,687.0,0.0,0.1587982552533611,470.98914615257866,74.79225465229979,Low
14275,4.0,212.0,608.0,252.945,0.5797925982136054,256.5362307963101,148.73780778931777,Low
14276,5.0,562.0,661.0,358.95799999999997,1.3502525986303078,362.0496792737746,488.8585202726836,Medium
14277,5.0,711.0,727.0,951.4200000000001,1.2590985822311889,955.7422084040312,1203.3736595800212,High
14278,0.0,0.0,410.0,0.0,0.25023577369087,470.98914615257866,117.85833338749278,Low
14279,1.0,161.0,682.0,81.36,0.27422647402183964,94.04092688086753,25.78851179228594,Low
14280,0.0,0.0,197.0,0.0,0.4496708033101382,470.98914615257866,211.79006770078612,Low
14281,0.0,0.0,409.0,0.0,0.25075733926599547,470.98914615257866,118.1039851123837,Low
14282,24.0,659.0,663.0,289.69416666666666,6.033882521377278,290.3072876913203,1751.6800690291027,High
14283,3.0,106.0,570.0,131.79666666666665,0.26270931689075805,136.1691722624336,35.77291022664389,Low
14284,2.0,623.0,654.0,297.625,0.6385804810533283,305.05889033354447,194.80465293878936,Low
14285,7.0,710.0,732.0,447.6028571428572,1.6982675180380917,449.94132121987104,764.1207308508501,Medium
14286,5.0,712.0,736.0,1373.848,1.2438848314586863,1379.0475810615787,1715.376367942291,High
14287,1.0,190.0,199.0,93.35,1.0473102348155268,106.15648469138085,111.17877290932095,Low
14288,0.0,0.0,214.0,0.0,0.4227390100581703,470.98914615257866,199.105485392684,Low
14289,5.0,281.0,290.0,117.804,2.7872742857753288,120.3948082949137,335.57335330126324,Medium
14290,7.0,720.0,732.0,520.8471428571429,1.7002996177338974,523.2942043442446,889.756935608883,High
14291,13.0,729.0,731.0,576.5838461538461,3.0522064040900156,577.9450612745006,1764.0076172342274,High
14292,10.0,623.0,631.0,852.167,2.715489308247221,854.2228961482803,2319.6331413506314,High
14293,7.0,726.0,730.0,361.4614285714286,1.706026001824261,363.6721729778512,620.4341832401445,Medium
14294,0.0,0.0,408.0,0.0,0.2512810869167688,470.98914615257866,118.35066457122085,Low
14295,4.0,691.0,732.0,588.2275,1.023790143675372,592.6896499890232,606.7898219171681,Medium
14296,1.0,153.0,575.0,288.15,0.33870538652516063,302.9964064168184,102.62651495114314,Low
14297,2.0,257.0,275.0,528.94,1.3388779799691541,537.578733016182,719.752328135083,Medium
14298,44.0,720.0,729.0,2023.1975,10.030786844753793,2023.9402535489276,20301.71326986624,High
14299,23.0,729.0,738.0,534.5247826086957,5.248324538261906,535.2749387390209,2809.296595700642,High
14300,0.0,0.0,19.0,0.0,1.3652688327800393,470.98914615257866,643.0268018197984,Medium
14301,3.0,549.0,667.0,561.6433333333333,0.8571585376795516,567.5058705142067,486.4425020945184,Medium
14302,2.0,307.0,738.0,314.15000000000003,0.4695909591276809,321.6699635468276,151.05330670452093,Low
14303,1.0,27.0,435.0,115.34,0.2891166267314357,128.37676127630064,37.11585617091084,Low
14304,2.0,348.0,571.0,526.52,0.6760826604660901,535.1461280433441,361.803017985671,Medium
14305,2.0,64.0,136.0,407.38,2.1003517604195183,415.3855675210717,872.4558079957437,High
14306,5.0,626.0,678.0,569.864,1.334247087917351,573.3937258940572,765.0489090042255,Medium
14307,8.0,644.0,733.0,603.61625,1.8937726197042544,605.8643918081365,1147.3693964600193,High
14309,10.0,542.0,551.0,311.65700000000004,3.064509205439639,313.1521654139107,959.6576936142859,High
14310,0.0,0.0,433.0,0.0,0.23881205236516487,470.98914615257866,112.4778846344139,Low
14311,1.0,325.0,568.0,310.26,0.413102853075499,325.33793962703106,134.39803107363096,Low
14312,10.0,458.0,505.0,230.496,3.2777499940972974,231.9069681425703,760.1330634604319,Medium
14314,1.0,324.0,431.0,120.0,0.5480961547548209,133.08556022517402,72.94368381280901,Low
14315,7.0,590.0,635.0,404.6271428571428,1.9234862290356174,406.9018879529066,782.6701780460096,Medium
14316,3.0,208.0,631.0,328.32,0.5441458282759543,333.3737391531837,181.40392941696106,Low
14317,0.0,0.0,65.0,0.0,0.8926079489280784,470.98914615257866,420.4086557146402,Medium
14318,0.0,0.0,461.0,0.0,0.22624027733541335,470.98914615257866,106.55671504752893,Low
14319,0.0,0.0,425.0,0.0,0.24266513613991259,470.98914615257866,114.29264527153668,Low
14320,4.0,481.0,688.0,282.6325,1.0257394427242559,286.3008461051427,293.670070335372,Medium
14321,6.0,463.0,474.0,306.8233333333333,2.175140161603664,309.30863704921944,672.7896387766483,Medium
14322,3.0,230.0,660.0,118.63333333333333,0.552039087035776,122.96020921052165,67.8788416343044,Low
14323,1.0,124.0,239.0,305.24,0.8543222178398399,320.26537080227905,273.6098218811017,Low
14324,1.0,284.0,694.0,339.8,0.32044608430668453,355.1872788866277,113.81837271476618,Low
14325,0.0,0.0,570.0,0.0,0.18777142096889785,470.98914615257866,88.4383012339976,Low
14326,2.0,290.0,533.0,316.765,0.7002250342591719,324.29858420962546,227.08198723838595,Low
14327,5.0,537.0,701.0,313.262,1.2517940696109713,316.2587697958061,395.8908524928514,Medium
14329,13.0,706.0,724.0,738.9669230769231,3.073267931361934,740.4576901859956,2275.6248737789506,High
14330,0.0,0.0,624.0,0.0,0.17318647549489605,470.98914615257866,81.56895021851558,Low
14331,1.0,11.0,136.0,79.0,1.1077643671439572,91.65621325010761,101.53348706581704,Low
14332,4.0,394.0,417.0,345.50250000000005,1.686682147119254,349.3341552240078,589.2156829953202,Medium
14333,0.0,0.0,68.0,0.0,0.8729736524498797,470.98914615257866,411.1611151810668,Medium
14334,11.0,552.0,569.0,349.23545454545456,3.255440690529855,350.63000456737126,1141.4551841892894,High
14335,1.0,80.0,97.0,109.01,1.677386408570657,121.98047429210136,204.60838968857325,Low
14336,3.0,260.0,277.0,360.16333333333336,1.8500726392743356,365.32745503946245,675.8823289442345,Medium
14338,2.0,375.0,537.0,294.11,0.7332206871029846,301.52558187093086,221.08479431853115,Low
14339,1.0,186.0,429.0,309.52,0.5046747441432085,324.59019043772497,163.81247131055414,Low
14340,0.0,0.0,219.0,0.0,0.41542311607076615,470.98914615257866,195.65977873021373,Low
14341,11.0,693.0,739.0,380.5,2.5608159740403056,381.9240328476315,978.0371641861092,High
14342,5.0,451.0,473.0,151.43200000000002,1.8442887310818166,154.09265283109033,284.1913431588825,Medium
14343,3.0,269.0,691.0,279.58666666666664,0.5896073805856927,284.4714753347606,167.7264814234757,Low
14344,19.0,499.0,627.0,156.74105263157895,4.161399594902573,157.44305186977007,655.1834522710859,Medium
14345,0.0,0.0,39.0,0.0,1.1092667469559951,470.98914615257866,522.4525980042526,Medium
14346,3.0,377.0,498.0,547.6066666666667,1.0992044334768476,553.420546783743,608.3223186018715,Medium
14347,0.0,0.0,737.0,0.0,0.14897642507131617,470.98914615257866,70.16627924120282,Low
14348,0.0,0.0,261.0,0.0,0.3627196979328441,470.98914615257866,170.83704082211148,Low
14349,0.0,0.0,11.0,0.0,1.5046783775233217,470.98914615257866,708.6871842639566,Medium
14350,2.0,156.0,431.0,294.19,0.7397170431630675,301.6059985642478,223.10309745818975,Low
14351,0.0,0.0,165.0,0.0,0.510991732490887,470.98914615257866,240.67155977690976,Low
14352,2.0,116.0,274.0,423.83,1.1805208195063255,431.92125008437023,509.8920281117973,Medium
14353,2.0,216.0,432.0,95.72999999999999,0.827136671593955,102.11228661821643,84.46081688223948,Low
14354,1.0,25.0,31.0,75.84,2.8111201966312183,88.46312211739517,248.68046924126338,Low
14355,2.0,262.0,628.0,356.65500000000003,0.5490078962559465,364.3963579147912,200.05647786212845,Low
14356,1.0,2.0,82.0,356.2,1.608781888009539,371.75901767665425,598.0791743424194,Medium
14357,0.0,0.0,44.0,0.0,1.0597190186051295,470.98914615257866,499.1161557344786,Medium
14358,1.0,39.0,429.0,150.6,0.3266545936085619,164.00599967485778,53.573313173156606,Low
14359,2.0,68.0,88.0,214.395,2.9072704721413714,221.3953730239194,643.6562306611652,Medium
14360,2.0,63.0,95.0,496.77,2.7502553073511558,505.24117021610215,1389.5422098791437,High
14361,0.0,0.0,579.0,0.0,0.18517220601708279,470.98914615257866,87.21409920317521,Low
14362,0.0,0.0,23.0,0.0,1.304922566593975,470.98914615257866,614.6043654353277,Medium
14363,1.0,49.0,452.0,149.32,0.32343686713842534,162.71259567173374,52.627252188026866,Low
14364,6.0,103.0,212.0,499.70000000000005,3.166347073523129,502.5190216406287,1591.1496335615107,High
14365,1.0,287.0,682.0,310.18,0.32797857542249476,325.2571018768358,106.67736091961385,Low
14366,0.0,0.0,526.0,0.0,0.2016077170675729,470.98914615257866,94.95504651942683,Low
14367,12.0,268.0,277.0,684.7008333333333,6.516893961171279,686.2690330165614,4472.342517004482,High
14368,0.0,0.0,320.0,0.0,0.307891343667266,470.98914615257866,145.01348106161578,Low
14369,1.0,19.0,662.0,299.44,0.12421901683186148,314.4046339131233,39.05503451206951,Low
14370,4.0,226.0,677.0,229.6825,0.46388070080641325,233.21330486378906,108.18315129759418,Low
14371,0.0,0.0,296.0,0.0,0.32805858460761883,470.98914615257866,154.5120326523659,Low
14372,1.0,156.0,600.0,269.73,0.3223963707169834,284.38351443436176,91.68421294537909,Low
14373,0.0,0.0,359.0,0.0,0.2799360134698105,470.98914615257866,131.84682396150282,Low
14374,0.0,0.0,542.0,0.0,0.19634632645889166,470.98914615257866,92.47698864906884,Low
14375,2.0,356.0,542.0,393.995,0.7193721913467557,401.93084952047906,289.13787598941013,Medium
14376,0.0,0.0,684.0,0.0,0.15942894250679596,470.98914615257866,75.08930150328437,Low
14377,1.0,71.0,263.0,302.45,0.7096426702793059,317.4461542642196,225.2733365819573,Low
14378,0.0,0.0,622.0,0.0,0.17368610417723312,470.98914615257866,81.80426990500285,Low
14379,3.0,436.0,481.0,316.05,1.160344939193611,321.06120610834,372.54174567920916,Medium
14380,0.0,0.0,683.0,0.0,0.15964028714830325,470.98914615257866,75.18884253553182,Low
14381,1.0,399.0,452.0,202.68,0.5351977590011406,216.63137505196656,115.94062645714811,Low
14382,1.0,364.0,391.0,626.0699999999999,0.6091537257403666,644.455063241561,392.5722028458405,Medium
14383,2.0,125.0,164.0,502.8,1.9449647497820612,511.3025784748675,994.4654916062934,High
14384,0.0,0.0,501.0,0.0,0.21041849481150834,470.98914615257866,99.10482720598311,Low
14385,2.0,14.0,24.0,73.475,4.949370220381817,79.74136774610656,394.66955085509494,Medium
14386,0.0,0.0,297.0,0.0,0.32716555748263015,470.98914615257866,154.09142656927636,Low
14387,2.0,77.0,110.0,664.9000000000001,2.524495782456532,674.2469033083438,1702.133463736291,High
14388,15.0,678.0,689.0,425.24733333333336,3.6912502946409615,426.3222984168283,1573.6623096431294,High
14389,4.0,525.0,591.0,417.40250000000003,1.2343459630190194,421.42092038459947,520.17921180849,Medium
14390,10.0,415.0,426.0,571.9399999999999,3.834358187692515,573.7051857238658,2199.79117620196,High
14391,0.0,0.0,577.0,0.0,0.18574356561772112,470.98914615257866,87.48320337362594,Low
14392,0.0,0.0,433.0,0.0,0.23881205236516487,470.98914615257866,112.4778846344139,Low
14393,0.0,0.0,219.0,0.0,0.41542311607076615,470.98914615257866,195.65977873021373,Low
14394,0.0,0.0,565.0,0.0,0.18924723782550548,470.98914615257866,89.13339495516881,Low
14395,18.0,598.0,601.0,422.85055555555556,4.983551305851253,423.74487586171784,2111.7543294484412,High
14396,5.0,672.0,738.0,321.392,1.2331460141733523,324.40565560760325,400.03954118780916,Medium
14397,18.0,211.0,214.0,135.97333333333333,11.784370194589332,136.7023912624656,1610.9515851224887,High
14398,1.0,126.0,528.0,261.3,0.35573976878252,275.86523650753713,98.13623545032645,Low
14399,7.0,280.0,675.0,236.3942857142857,0.3964332188626044,238.41959629923102,94.51744800082683,Low
14400,2.0,482.0,632.0,538.11,0.642119221018291,546.7964964876377,351.1085403801726,Medium
14401,21.0,721.0,726.0,294.1061904761905,4.878043881523115,294.8091218424367,1438.0918330207007,High
14402,0.0,0.0,653.0,0.0,0.16625218547183784,470.98914615257866,78.30297488138105,Low
14403,5.0,509.0,640.0,340.822,1.372683951228594,343.87601124391557,472.03308184702644,Medium
14404,11.0,686.0,720.0,241.8381818181818,2.6278417868984265,243.13145497750457,638.9109970993,Medium
14405,0.0,0.0,387.0,0.0,0.2628092490546711,470.98914615257866,123.78030381325995,Low
14406,0.0,0.0,120.0,0.0,0.6324564573140425,470.98914615257866,297.8801268090257,Medium
14407,5.0,169.0,277.0,360.11,2.6138438440717433,363.2040719496898,949.3587276074873,High
14408,10.0,722.0,733.0,378.87700000000007,2.370062817759396,380.4419001458571,901.6712018534289,High
14409,7.0,496.0,568.0,407.6628571428572,2.1068902349772958,409.94210321376164,863.7030141671291,High
14410,8.0,345.0,438.0,273.87125000000003,2.9128082926696965,275.69167973466483,803.0370109511698,Medium
14411,0.0,0.0,311.0,0.0,0.3151559889210759,470.98914615257866,148.43505012680907,Low
14412,2.0,382.0,425.0,385.015,0.9292530482779736,392.90407569565104,365.1073100210234,Medium
14413,3.0,327.0,690.0,215.89,0.6891844375048202,220.55400889794495,152.0023905617633,Low
14414,7.0,283.0,375.0,213.8542857142857,2.916359526406158,215.8461768235749,629.4850540177807,Medium
14415,22.0,722.0,724.0,526.0031818181818,5.118491255967375,526.7834359341234,2696.3364106172608,High
14416,1.0,20.0,43.0,129.22,2.4519743688081195,142.40211093517678,349.1663260772239,Medium
14417,0.0,0.0,388.0,0.0,0.26223631616077103,470.98914615257866,123.51045863875922,Low
14418,2.0,105.0,109.0,893.405,2.595840692468781,903.9421096382231,2346.489711834976,High
14419,6.0,372.0,383.0,176.34333333333333,2.611364862370549,178.60287871580914,466.3972817966928,Medium
14420,3.0,592.0,692.0,412.78999999999996,0.8332321441262206,418.13654814242153,348.40481254624655,Medium
14421,5.0,634.0,692.0,298.87399999999997,1.30858322241651,301.84088627057383,394.9839196130028,Medium
14422,18.0,722.0,723.0,547.2838888888889,4.217860212954229,548.2498919459129,2312.4414059951214,High
14423,2.0,476.0,695.0,335.905,0.5787873981731496,343.53827808570645,198.83562614610997,Low
14424,0.0,0.0,18.0,0.0,1.3812487825271869,470.98914615257866,650.5531847067685,Medium
14425,2.0,303.0,738.0,219.14499999999998,0.4667202768539187,226.17011418961349,105.55817831065882,Low
14426,13.0,622.0,646.0,868.5153846153846,3.4036920397220767,870.1095076966855,2961.584805033703,High
14427,3.0,581.0,632.0,222.80666666666664,0.9118140373558833,227.49465167655148,207.43281682206677,Low
14428,4.0,318.0,326.0,260.32,2.080276395625173,263.9303878625043,549.0481559585644,Medium
14429,0.0,0.0,404.0,0.0,0.25339817482924165,470.98914615257866,119.34778999944638,Low
14430,1.0,96.0,608.0,585.4,0.2641306963680245,603.35917198605,159.36567825671005,Low
14431,3.0,385.0,688.0,692.3166666666666,0.7537906384781067,698.6321732645363,526.622391946422,Medium
14432,5.0,80.0,90.0,400.152,6.273841915348737,403.32923820749824,2530.423880351878,High
14433,0.0,0.0,466.0,0.0,0.2241334800431882,470.98914615257866,105.56443638974724,Low
14434,5.0,51.0,73.0,212.4,6.909982519855409,215.1872818807399,1486.9403562911114,High
14435,0.0,0.0,502.0,0.0,0.2100512863788108,470.98914615257866,98.93187601980686,Low
14436,1.0,455.0,554.0,89.06,0.44420371956809107,101.82156033716049,45.2295158339935,Low
14437,4.0,218.0,584.0,148.34,0.6876962556560148,151.65951216454806,104.29567865017752,Low
14438,0.0,0.0,307.0,0.0,0.3184961725700602,470.98914615257866,150.008240371637,Low
14439,4.0,368.0,688.0,1733.995,0.8955802722385703,1741.4333593233514,1559.593362028135,High
14440,11.0,729.0,738.0,510.3654545454546,2.578477466381557,511.9119520093813,1319.9534330275867,High
14441,10.0,690.0,691.0,424.225,2.5035231319811673,425.8369446359538,1066.092641348294,High
14442,5.0,486.0,691.0,905.6539999999999,1.2329628935113637,909.8811535377689,1121.8496998173848,High
14443,4.0,326.0,380.0,430.925,1.807343850609944,434.97854600190266,786.1558002637934,Medium
14444,0.0,0.0,457.0,0.0,0.2279544859007413,470.98914615257866,107.36408867604017,Low
14445,0.0,0.0,456.0,0.0,0.2283871099981759,470.98914615257866,107.56784993029594,Low
14446,4.0,386.0,387.0,259.895,1.8052312907711001,263.50428389597784,475.68617854125046,Medium
14447,4.0,382.0,401.0,290.8075,1.745288750328921,294.49708122597497,513.9824428683966,Medium
14448,1.0,355.0,365.0,273.0,0.6480696728482327,287.6877574735926,186.44171086835289,Low
14449,6.0,418.0,437.0,371.16499999999996,2.3298897640089575,373.76162857360765,870.8233925929663,High
14450,6.0,430.0,611.0,155.39333333333335,1.605879010060954,157.6166307307927,253.1132389271083,Low
14451,11.0,631.0,692.0,290.49454545454546,2.706615192079454,291.8337021240281,789.8815317296844,Medium
14452,3.0,511.0,522.0,179.42999999999998,1.0873594311300432,183.96762301245172,200.03892990516576,Low
14453,0.0,0.0,191.0,0.0,0.46001745390047855,470.98914615257866,216.6632278278696,Low
14454,4.0,357.0,734.0,212.84,0.7720862979729581,216.32705531973807,167.02315529320788,Low
14455,3.0,63.0,496.0,133.95000000000002,0.18188927246452155,138.32996996603836,25.160737597161834,Low
14456,7.0,137.0,143.0,417.1457142857143,6.410640882985259,419.43902034390516,2688.8729317359243,High
14457,0.0,0.0,311.0,0.0,0.3151559889210759,470.98914615257866,148.43505012680907,Low
14458,0.0,0.0,381.0,0.0,0.2663002075856835,470.98914615257866,125.42450739103553,Low
14459,1.0,496.0,652.0,1837.92,0.3803087342068584,1868.9954079180065,710.795277823728,Medium
14460,7.0,614.0,725.0,126.73714285714286,1.6793898611947313,128.59986762947793,215.96931384792975,Low
14461,11.0,542.0,691.0,582.2827272727272,2.5374410704052286,583.8970435514447,1481.6043391956262,High
14462,9.0,366.0,433.0,222.6688888888889,3.3478352903769366,224.22778881938584,750.677704492727,Medium
14463,3.0,401.0,500.0,176.54,1.105206372733339,181.06760504182432,200.1170709877875,Low
14464,1.0,59.0,628.0,51.0,0.20464800982001424,63.363000681769556,12.967111985748346,Low
14465,9.0,455.0,702.0,406.83444444444444,1.6667946087302923,408.6056524871988,681.0616986623863,Medium
14466,12.0,697.0,727.0,369.0916666666667,2.8313798950206497,370.3870666385692,1048.7064938561184,High
14467,11.0,720.0,738.0,191.9227272727273,2.5756929915423368,193.1689295846911,497.5438581150241,Medium
14468,0.0,0.0,734.0,0.0,0.14953132253563808,470.98914615257866,70.42762992412602,Low
14469,3.0,263.0,680.0,557.6866666666667,0.5957818760221382,563.5354883560352,335.7442304578105,Medium
14470,2.0,419.0,431.0,230.595,0.9244447151358287,237.6797534206024,219.72179194446278,Low
14471,1.0,141.0,733.0,192.12,0.23449238105699352,205.96079202619333,48.29623652660632,Low
14472,8.0,586.0,690.0,242.105,1.9862151592278836,243.88422574778428,484.4065462768045,Medium
14473,1.0,208.0,283.0,149.34000000000003,0.7779094242801039,162.7328051092826,126.59138273404838,Low
14474,1.0,533.0,580.0,547.66,0.43143835366734223,565.2239633314401,243.85929619304676,Low
14475,3.0,337.0,409.0,308.6166666666667,1.3210252348334979,313.6021056763917,414.2762952954348,Medium
14476,0.0,0.0,258.0,0.0,0.36603551441004284,470.98914615257866,172.39875439350598,Low
14477,6.0,685.0,705.0,300.76666666666665,1.5259539862912237,303.24149105259653,462.7325620806041,Medium
14478,3.0,356.0,739.0,331.46,0.6516272589119444,336.52462373026674,219.2886181177272,Low
14479,3.0,480.0,734.0,314.66,0.7493901566905721,319.6663877764465,239.55484442450043,Low
14480,3.0,707.0,719.0,331.89000000000004,0.8161800167027808,336.95611429337055,275.0168469920673,Low
14481,4.0,513.0,678.0,473.79249999999996,1.0615164578033103,477.9573972608965,507.35964332127645,Medium
14482,9.0,452.0,471.0,424.5788888888889,3.1787329020321704,426.3705529256629,1355.3181050424535,High
14483,1.0,455.0,737.0,137.1,0.32995247791449084,150.36462932940907,49.61318203793245,Low
14484,3.0,672.0,723.0,211.84333333333333,0.8080090074856551,216.49331476144937,174.92854838767823,Low
14485,0.0,0.0,39.0,0.0,1.1092667469559951,470.98914615257866,522.4525980042526,Medium
14486,1.0,42.0,554.0,78.0,0.22175933473493162,90.64574137266696,20.101539303357292,Low
14487,5.0,353.0,380.0,264.286,2.2206715059354036,267.18104783780126,593.3213398593692,Medium
14488,0.0,0.0,68.0,0.0,0.8729736524498797,470.98914615257866,411.1611151810668,Medium
14489,3.0,405.0,613.0,374.6933333333333,0.8865195214294941,379.9078222066653,336.7957007299742,Medium
14490,1.0,22.0,429.0,796.39,0.28146336701052127,816.5586334072517,229.83134232031497,Low
14491,1.0,197.0,373.0,213.73,0.5911227736869781,227.79708929768566,134.65604726346817,Low
14492,5.0,189.0,620.0,283.95,0.2925764925005425,286.88588948640887,83.93606729383177,Low
14493,9.0,634.0,642.0,508.4944444444444,2.421020128479639,510.3828472722224,1235.6471464768,High
14494,2.0,706.0,732.0,143.57999999999998,0.5771152665898738,150.211521308419,86.68936216477874,Low
14495,2.0,609.0,660.0,61.9,0.6314767846219361,68.10607743180992,43.00740678985194,Low
14496,6.0,322.0,634.0,318.995,1.0463646989967257,321.5013633049534,336.40767724162447,Medium
14497,1.0,364.0,674.0,475.37,0.3498541558916853,492.17695131125595,172.19015185034255,Low
14498,9.0,508.0,551.0,400.2888888888889,2.7558220958522672,402.0525511419896,1107.9853041308686,High
14499,6.0,443.0,470.0,296.9766666666667,2.184338220941852,299.4449335412261,654.0890134014928,Medium
14500,2.0,101.0,190.0,36.0,1.6687497798982451,42.07117297044637,70.20626063449338,Low
14501,1.0,136.0,320.0,184.28,0.6502540861425782,198.03869250705867,128.7754690170485,Low
14502,7.0,294.0,314.0,317.9871428571428,3.538177075759368,320.1334290633393,1132.6887598961448,High
14503,5.0,175.0,179.0,589.238,4.037844682627631,592.8079652197348,2393.6664901818117,High
14504,3.0,231.0,279.0,175.34333333333333,1.8174864445967718,179.86679021892323,326.90545305602416,Medium
14505,15.0,713.0,731.0,740.5673333333333,3.494736288173006,741.8603005443434,2592.606113067249,High
14506,6.0,582.0,600.0,483.195,1.7648888992682277,485.9854644572064,857.7103514262374,High
14507,9.0,706.0,730.0,345.8811111111111,2.150730549741626,347.5820514694619,747.5553366372378,Medium
14508,3.0,518.0,541.0,188.77666666666667,1.0516145971780018,193.34668920580728,203.3262006848653,Low
14509,0.0,0.0,535.0,0.0,0.19861396823004804,470.98914615257866,93.5450233106457,Low
14510,1.0,61.0,437.0,505.75,0.36416149042293533,522.8750869479028,190.41097096797017,Low
14511,4.0,122.0,134.0,294.1625,4.031289147904681,297.86079606761314,1200.762994773618,High
14512,6.0,545.0,733.0,178.365,1.3927040928694179,180.62804329861146,251.5614151889706,Low
14513,5.0,468.0,569.0,103.30999999999999,1.5364941494753728,105.87070461026568,162.6697182345086,Low
14514,8.0,665.0,727.0,467.775,1.921090124705808,469.8469421911582,902.6183207666546,High
14515,9.0,533.0,551.0,394.79555555555555,2.771003756897528,396.552885032549,1098.849534233747,High
14516,0.0,0.0,517.0,0.0,0.20469319949055378,470.98914615257866,96.40827525129538,Low
14517,1.0,108.0,142.0,78.0,1.3080871618235062,90.64574137266696,118.5725305635595,Low
14518,0.0,0.0,65.0,0.0,0.8926079489280784,470.98914615257866,420.4086557146402,Medium
14519,1.0,45.0,729.0,83.14,0.13958882469877804,95.83956682271187,13.37813249242235,Low
14520,1.0,289.0,291.0,105.60000000000001,0.7823368049091087,118.53476519002876,92.73410946941854,Low
14521,0.0,0.0,492.0,0.0,0.21378213936205745,470.98914615257866,100.68906728080701,Low
14522,7.0,660.0,685.0,222.6314285714286,1.8029084540714435,224.63633332366564,404.99874444084753,Medium
14523,0.0,0.0,109.0,0.0,0.6715330972525998,470.98914615257866,316.28480008819855,Medium
14524,7.0,385.0,417.0,314.71857142857147,2.7839936007523876,316.86001140835765,882.1362440951962,High
14525,16.0,707.0,727.0,490.0525,3.7363426109616906,491.10223835504985,1834.9262195046374,High
14526,0.0,0.0,390.0,0.0,0.2610979240292292,470.98914615257866,122.97428830073751,Low
14527,118.0,735.0,738.0,226.90364406779662,26.400433587961967,227.02278868598825,5993.500055658356,High
14528,0.0,0.0,38.0,0.0,1.1197433701259325,470.98914615257866,527.3869738056238,Medium
14529,2.0,50.0,111.0,242.4,2.4038977267331494,249.5462417281853,599.8836432051856,Medium
14530,15.0,662.0,688.0,399.858,3.6874962171237167,400.9154117133222,1478.374064079473,High
14531,0.0,0.0,480.0,0.0,0.2184381359570055,470.98914615257866,102.88199114155091,Low
14532,10.0,462.0,699.0,358.323,1.7964213820593786,359.8665772110098,646.4720139903803,Medium
14533,10.0,586.0,611.0,299.091,2.7878366564212893,300.57312931391607,837.9487878365916,Medium
14534,25.0,632.0,635.0,235.97639999999998,6.52938889051228,236.54270892988018,1544.4793358184395,High
14535,8.0,593.0,654.0,690.64125,2.112315341021609,693.0022718918189,1463.839330279917,High
14536,0.0,0.0,260.0,0.0,0.36381825709487575,470.98914615257866,171.35445026383488,Low
14537,1.0,566.0,624.0,355.56,0.4035614246256364,371.1123156750923,149.76661480995912,Low
14538,4.0,619.0,684.0,229.56,1.0842500676814086,233.0904866616726,252.72837593881098,Low
14539,1.0,29.0,45.0,465.35,2.435131523369947,482.0520230993007,1173.860077353365,High
14540,10.0,723.0,733.0,363.884,2.370333069586953,365.4333462506462,866.1987453477261,High
14541,12.0,643.0,702.0,191.4125,2.903106074442386,192.55432133574573,559.0056199299346,Medium
14542,0.0,0.0,186.0,0.0,0.4690119180872667,470.98914615257866,220.8995228353049,Low
14543,34.0,710.0,739.0,375.62970588235294,7.650443826775412,376.0886437389057,2877.2450428126485,High
14544,2.0,446.0,471.0,1012.225,0.8541856458691742,1023.3810033872277,874.1573633485626,High
14545,0.0,0.0,675.0,0.0,0.16135144760907524,470.98914615257866,75.99478053988088,Low
14546,10.0,728.0,734.0,465.017,2.368428097851073,466.67126268393883,1105.2773310002797,High
14547,7.0,51.0,55.0,502.4771428571429,10.990753487468899,504.8969676198522,5549.198107680362,High
14548,5.0,583.0,734.0,389.442,1.2110346457699097,392.5969937985994,475.4485613152182,Medium
14549,3.0,426.0,738.0,200.11,0.7149273946926427,204.7193086984638,146.3594420110716,Low
14550,3.0,473.0,484.0,354.6000000000001,1.1618037465931192,359.7448368238026,417.9528992394242,Medium
14551,4.0,663.0,682.0,182.7975,1.094740826909339,186.20651787415986,203.84787735346637,Low
14552,2.0,441.0,593.0,168.78,0.6775691892065532,175.54277970325924,118.94237891460195,Low
14553,6.0,490.0,510.0,225.33833333333334,2.0371956378798153,227.68265055475334,463.8341025310578,Medium
14554,3.0,42.0,53.0,676.4033333333333,5.2356807139222665,682.6636775416121,3574.209050599867,High
14555,5.0,664.0,722.0,404.996,1.2595216727440377,408.1832990774055,514.1157116401536,Medium
14556,2.0,92.0,689.0,243.315,0.19377882913109706,250.46600765799792,48.53500970110723,Low
14558,2.0,77.0,732.0,174.52499999999998,0.13483404295792717,181.3177034920829,24.447799021684208,Low
14559,0.0,0.0,391.0,0.0,0.2605324323206955,470.98914615257866,122.70794784377887,Low
14560,37.0,730.0,738.0,156.58891891891892,8.363611825490626,156.94926670960464,1312.6627430545316,High
14561,2.0,109.0,185.0,429.345,1.729067141997814,437.4649758799077,756.4063155688146,Medium
14562,23.0,667.0,671.0,286.94347826086954,5.726027008211001,287.5820287725942,1646.7024638279875,High
14563,1.0,83.0,593.0,149.65,0.2586914510555508,163.04605139128915,42.1786196232905,Low
14564,1.0,301.0,736.0,1616.44,0.303179267758882,1645.1960965024525,498.7893478573845,Medium
14565,4.0,378.0,474.0,774.78,1.477794887309932,779.7267328488463,1152.2761793029022,High
14566,3.0,423.0,534.0,1082.3333333333333,1.0408206685910197,1090.0008037757937,1134.4953653506705,High
14567,1.0,74.0,131.0,729.6,1.3472114093520395,749.0692167129911,1009.1545951501371,High
14568,0.0,0.0,436.0,0.0,0.23739854890552198,470.98914615257866,111.81213984687298,Low
14569,3.0,602.0,604.0,138.51,0.9564179822912326,142.90577686778954,136.67765476965238,Low
14570,1.0,163.0,444.0,218.06,0.4721412983312881,232.17243252700365,109.61819373003289,Low
14571,0.0,0.0,426.0,0.0,0.2421767050038508,470.98914615257866,114.06259950780861,Low
14572,9.0,618.0,622.0,581.7933333333334,2.492171329057456,583.7662359400392,1454.845476081556,High
14573,10.0,521.0,701.0,238.267,2.205455245310827,239.68602985935033,528.6168117810316,Medium
14574,0.0,0.0,733.0,0.0,0.14971720869785526,470.98914615257866,70.51518028895028,Low
14575,0.0,0.0,489.0,0.0,0.21492740858606335,470.98914615257866,101.22847665473638,Low
14576,0.0,0.0,373.0,0.0,0.27110194122884895,470.98914615257866,127.68607181968213,Low
14577,6.0,716.0,729.0,192.81833333333336,1.4814596176973909,195.10638399280896,289.0422290403071,Medium
14578,0.0,0.0,4.0,0.0,1.652714350685279,470.98914615257866,778.410520863373,Medium
14579,0.0,0.0,433.0,0.0,0.23881205236516487,470.98914615257866,112.4778846344139,Low
14580,0.0,0.0,519.0,0.0,0.20399939373657172,470.98914615257866,96.08150027163161,Low
14581,1.0,528.0,545.0,138.6,0.4582495051897623,151.88033714557002,69.59908934501175,Low
14582,0.0,0.0,41.0,0.0,1.0888964513854604,470.98914615257866,512.8584098866108,Medium
14583,7.0,616.0,622.0,217.74285714285716,1.9716540552920365,219.7405137365383,433.2522750206012,Medium
14584,7.0,491.0,661.0,221.89714285714285,1.746090343300675,223.90095890292235,390.951302196154,Medium
14585,4.0,366.0,417.0,230.405,1.6741222191652303,233.937681606884,391.64027067808576,Medium
14586,0.0,0.0,277.0,0.0,0.3460055287560892,470.98914615257866,162.96484855290194,Low
14587,8.0,313.0,332.0,172.53625,3.827141366930846,174.22523815718753,666.7846161147509,Medium
14588,0.0,0.0,579.0,0.0,0.18517220601708279,470.98914615257866,87.21409920317521,Low
14589,0.0,0.0,372.0,0.0,0.2717143821262589,470.98914615257866,127.97452483502217,Low
14590,18.0,308.0,733.0,161.01222222222225,0.0006715294029653895,161.75570439272133,0.10862371159709018,Low
14591,1.0,198.0,214.0,1196.92,0.9893451036434769,1221.2829344785532,1208.270291389694,High
14592,2.0,29.0,65.0,153.25,3.3096757166881106,159.9318891131057,529.3226897217015,Medium
14593,7.0,709.0,731.0,468.42285714285714,1.7003814772410253,470.7921904959651,800.5263203490673,Medium
14594,1.0,366.0,374.0,124.83,0.6352618650363047,137.96613939321236,87.64462702279087,Low
14595,7.0,669.0,689.0,280.3,1.7946631325206621,282.39040845316794,506.79565502835163,Medium
14596,0.0,0.0,627.0,0.0,0.17244240341964145,470.98914615257866,81.21850034711544,Low
14597,4.0,426.0,438.0,525.26,1.6208088874011723,529.5585876072493,858.3132651934419,High
14598,0.0,0.0,45.0,0.0,1.0503408506142657,470.98914615257866,494.6991403999862,Medium
14599,1.0,119.0,510.0,288.9,0.365581536280235,303.7542603248989,111.04694914124296,Low
14600,1.0,88.0,394.0,393.33000000000004,0.4657714196026468,409.2778384860255,190.62991984353886,Low
14601,0.0,0.0,11.0,0.0,1.5046783775233217,470.98914615257866,708.6871842639566,Medium
14602,0.0,0.0,657.0,0.0,0.1653391037320635,470.98914615257866,77.87292329239722,Low
14603,0.0,0.0,275.0,0.0,0.34800986137346357,470.98914615257866,163.90886746096487,Low
14604,0.0,0.0,634.0,0.0,0.17073087253847158,470.98914615257866,80.41238787877947,Low
14605,2.0,357.0,732.0,360.45500000000004,0.5048968274830267,368.2161508473465,185.91116639083683,Low
14606,179.0,735.0,737.0,171.05832402234637,40.03435207544248,171.13363053538723,6851.224016802385,High
14607,13.0,709.0,725.0,1282.2330769230769,3.0702384285088318,1284.1572710357793,3942.669001783081,High
14608,9.0,729.0,734.0,349.03555555555556,2.1449256857798287,350.740132392743,752.3115190030122,Medium
14609,9.0,596.0,669.0,159.21333333333334,2.3020281375299514,160.6990809896626,369.9338061134078,Medium
14610,1.0,119.0,515.0,10.9,0.3609157113082698,22.8430783963997,8.24442588790717,Low
14611,1.0,155.0,599.0,312.93,0.32241704241935937,328.0358995397976,105.76436453699563,Low
14612,0.0,0.0,416.0,0.0,0.24715144864408414,470.98914615257866,116.40564976725008,Low
14613,0.0,0.0,681.0,0.0,0.1600646631301428,470.98914615257866,75.3887190168661,Low
14614,0.0,0.0,387.0,0.0,0.2628092490546711,470.98914615257866,123.78030381325995,Low
14615,4.0,154.0,549.0,162.0275,0.4204676028347328,165.38256638062035,69.5380112367155,Low
14616,4.0,306.0,549.0,121.32000000000001,1.141766222483754,124.56932586914908,142.22904863496612,Low
14617,1.0,13.0,416.0,109.0,0.2675962271418572,121.97036957332695,32.63881072092027,Low
14618,5.0,537.0,547.0,219.31800000000004,1.626954595547773,222.1196503980847,361.37858597662864,Medium
14619,1.0,296.0,542.0,394.44,0.42747114295040883,410.39946226998455,175.43392720278348,Low
14620,1.0,78.0,284.0,177.43,0.6647313927534533,191.11696014659026,127.04144309704917,Low
14621,8.0,682.0,684.0,310.27750000000003,2.0491487258422247,312.14515226320907,639.6318410379821,Medium
14622,0.0,0.0,185.0,0.0,0.4708533465492197,470.98914615257866,221.76681565430118,Low
14623,9.0,570.0,603.0,199.5888888888889,2.550674293095319,201.12118193724595,512.9946285642799,Medium
14624,5.0,547.0,605.0,112.708,1.4751479127011227,115.28822402715005,170.06718303266982,Low
14625,9.0,527.0,724.0,434.8644444444444,1.9357981742297834,436.66796578470235,845.3010509106604,High
14626,10.0,706.0,730.0,497.45199999999994,2.375006017858559,499.139911092607,1185.4602925983277,High
14627,0.0,0.0,380.0,0.0,0.26689108588693405,470.98914615257866,125.70280465762161,Low
14628,4.0,592.0,684.0,404.7175,1.0783258779235165,408.7029702307454,440.7149891840174,Medium
14629,1.0,43.0,48.0,354.18,2.4027002452302972,369.7178644842242,888.3212036622673,High
14630,0.0,0.0,485.0,0.0,0.21647368277238707,470.98914615257866,101.95675501347077,Low
14631,5.0,437.0,488.0,341.54800000000006,1.7829717150689302,344.60351912821636,614.4183275188248,Medium
14632,0.0,0.0,263.0,0.0,0.36054241492655426,470.98914615257866,169.8115641580465,Low
14633,0.0,0.0,267.0,0.0,0.35626553529821753,470.98914615257866,167.79720027369885,Low
14634,2.0,104.0,542.0,188.7,0.3844198966678683,195.56653633918052,75.17966769120069,Low
14635,0.0,0.0,454.0,0.0,0.2292573098630177,470.98914615257866,107.97770462161986,Low
14636,1.0,232.0,269.0,309.66,0.8232419509365569,324.7316565005667,267.33272242838643,Low
14637,0.0,0.0,678.0,0.0,0.16070547766021034,470.98914615257866,75.69053570522478,Low
14638,0.0,0.0,51.0,0.0,0.9974107826435347,470.98914615257866,469.7696528806536,Medium
14639,6.0,609.0,662.0,705.5816666666666,1.6066651107832466,708.7569076661733,1138.7349955738637,High
14640,9.0,662.0,687.0,375.65333333333336,2.2721270373140694,377.3885954424515,857.4748312787752,High
14641,0.0,0.0,22.0,0.0,1.319497517373435,470.98914615257866,621.4690090581614,Medium
14642,0.0,0.0,59.0,0.0,0.9346755101752721,470.98914615257866,440.22202046717723,Medium
14643,4.0,558.0,729.0,332.3025,0.9959207510148119,336.0998673224805,334.72883227978343,Medium
14644,4.0,669.0,737.0,468.83,1.0133345019567235,472.9820068282201,479.288986323766,Medium
14645,2.0,478.0,635.0,298.545,0.6381630264123102,305.98368230668945,195.26747273361977,Low
14646,90.0,736.0,738.0,5807.405333333333,20.170062944436598,5808.204209132326,117151.84449234059,High
14647,1.0,322.0,524.0,243.22,0.44924363964982955,257.59590496341025,115.72332190465401,Low
14648,11.0,308.0,730.0,389.95454545454544,0.05504129958312657,391.38749404721005,21.542476312941655,Low
14649,7.0,684.0,689.0,463.75714285714287,1.7979332772174628,466.11955847622283,838.0518653463121,High
14650,0.0,0.0,590.0,0.0,0.18209157090351197,470.98914615257866,85.76315350142684,Low
14651,7.0,564.0,632.0,236.75285714285715,1.9212001189335501,238.77869937239555,458.74166563304476,Medium
14652,0.0,0.0,78.0,0.0,0.8133788715032176,470.98914615257866,383.09262018784847,Medium
14653,10.0,736.0,738.0,328.087,2.357682410976226,329.59921006797015,777.0902602489115,Medium
14654,0.0,0.0,739.0,0.0,0.1486087772250233,470.98914615257866,69.9931210959925,Low
14655,6.0,588.0,597.0,484.3283333333334,1.7750566832150778,487.1207586998326,864.6669582629371,High
14656,4.0,434.0,604.0,167.55,1.164223372574072,170.91941145154343,198.98837363849137,Low
14657,5.0,418.0,436.0,245.58800000000002,1.980230410151313,248.44421254764336,491.9767849129398,Medium
14658,1.0,112.0,118.0,124.01,1.5012219329545349,137.137552453711,205.87390157521395,Low
14659,8.0,307.0,316.0,242.095,3.9968769493405065,243.87421277678934,974.7352195861114,High
14660,1.0,14.0,101.0,156.79,1.4479323004480635,170.26082059621535,246.52614164205312,Low
14661,0.0,0.0,27.0,0.0,1.2497397043087282,470.98914615257866,588.613836245344,Medium
14662,6.0,708.0,737.0,217.60500000000002,1.4639427428495753,219.93593689918643,321.97361871538607,Medium
14663,0.0,0.0,431.0,0.0,0.23976378997776246,470.98914615257866,112.92614271993254,Low
14664,1.0,14.0,34.0,248.85,2.6743071381498775,263.2848616334011,704.1045848330074,Medium
14665,4.0,503.0,593.0,477.6325,1.223265178051997,481.80737192315905,589.3781806023479,Medium
14666,0.0,0.0,25.0,0.0,1.2767283230446989,470.98914615257866,601.3251827396364,Medium
14667,49.0,727.0,738.0,442.060612244898,11.027156393675817,442.39308211158414,4878.337703924706,High
14668,0.0,0.0,446.0,0.0,0.23280554011040677,470.98914615257866,109.64888255619039,Low
14669,4.0,496.0,738.0,604.9375,0.948924338062694,609.4430553552749,578.31534788991,Medium
14670,1.0,452.0,733.0,411.53,0.33154522289190275,427.66842665544516,141.79142383930892,Low
14671,1.0,19.0,569.0,183.5,0.16594108733725746,197.25052444265498,32.731966503858445,Low
14672,3.0,446.0,681.0,319.0933333333333,0.8033193678754039,324.11508893092685,260.36792835887246,Low
14673,6.0,406.0,410.0,476.19166666666666,2.467965383306897,478.97001385791924,1182.0814138433693,High
14674,0.0,0.0,510.0,0.0,0.20715917422341865,470.98914615257866,97.56972258516123,Low
14675,1.0,372.0,389.0,604.75,0.6132756583508734,622.9118028145265,382.0166459656082,Medium
14676,11.0,608.0,640.0,700.079090909091,2.9231080004615575,701.8044905126555,2051.4503209773907,High
14677,0.0,0.0,593.0,0.0,0.1812691229770377,470.98914615257866,85.37578945478177,Low
14678,0.0,0.0,580.0,0.0,0.18488784357445445,470.98914615257866,87.08016757912382,Low
14679,2.0,350.0,732.0,425.34999999999997,0.5013089531250716,433.4491672573923,217.2919482707374,Low
14680,50.0,710.0,736.0,1134.2097999999999,11.221660895374125,1134.6791085680272,12732.984181415803,High
14681,4.0,582.0,654.0,199.175,1.1270347767963353,202.62655954895249,228.367179314263,Low
14682,5.0,485.0,673.0,225.558,1.274925358909466,228.3726107259585,291.1580326948844,Medium
14683,0.0,0.0,589.0,0.0,0.18236738272087444,470.98914615257866,85.89305787378518,Low
14684,5.0,365.0,391.0,247.256,2.1685954748945853,250.11567694297887,542.39972521874,Medium
14685,4.0,150.0,727.0,829.845,0.11728492707464114,834.9347679471492,97.92526337076382,Low
14686,1.0,245.0,660.0,568.86,0.3275450310570448,586.6459671331818,192.1529715241281,Low
14687,2.0,445.0,552.0,545.2,0.7304128342592038,553.9234259328526,404.59277949818306,Medium
14688,26.0,449.0,457.0,282.8573076923077,9.067281190872553,283.4205205610873,2569.8535551908544,High
14689,0.0,0.0,209.0,0.0,0.43031809564522433,470.98914615257866,202.6751524419479,Low
14690,3.0,366.0,411.0,184.07000000000002,1.3271797731092185,188.62370722826878,250.33756896223343,Low
14691,3.0,182.0,213.0,558.2433333333333,2.2522279131569745,564.0940846664097,1270.4684431324215,High
14692,11.0,480.0,618.0,143.17909090909092,2.789784069323113,144.37932741171,402.7871475527744,Medium
14693,6.0,261.0,526.0,177.26,1.223456677595205,179.5211314120509,219.63632699551997,Low
14694,0.0,0.0,618.0,0.0,0.17469406744809832,470.98914615257866,82.2790096653008,Low
14695,1.0,213.0,733.0,636.0400000000001,0.2749529447139831,654.5294678596443,179.96480459008558,Low
14696,7.0,417.0,422.0,339.0814285714286,2.7730767701233403,341.25899073006127,946.3373797892692,High
14697,0.0,0.0,219.0,0.0,0.41542311607076615,470.98914615257866,195.65977873021373,Low
14698,4.0,50.0,52.0,188.18,6.815286416893224,191.60299928552124,1305.829318466615,High
14699,3.0,311.0,526.0,153.38000000000002,0.9857189065017058,157.82732261977216,155.57337586885376,Low
14700,4.0,453.0,486.0,693.7225,1.4752962918545236,698.45868045657,1030.4335012911813,High
14701,10.0,674.0,685.0,406.086,2.5205330830411974,407.6791270473972,1027.56872698832,High
14702,28.0,728.0,730.0,220.37571428571428,6.429430955624619,220.87554853295674,1420.1040890783602,High
14703,0.0,0.0,15.0,0.0,1.4315450678082657,470.98914615257866,674.2421891659504,Medium
14704,10.0,613.0,625.0,169.373,2.7374424308703054,170.72055850227338,467.3377006659994,Medium
14705,0.0,0.0,199.0,0.0,0.44632494072213535,470.98914615257866,210.2142027373188,Low
14706,0.0,0.0,619.0,0.0,0.17444098049665588,470.98914615257866,82.15980845813858,Low
14707,1.0,141.0,577.0,69.6,0.32825479398899854,82.15777760216554,26.968684361392807,Low
14708,4.0,453.0,456.0,476.71750000000003,1.5678501696595664,480.88999514816686,753.9634604806414,Medium
14709,22.0,719.0,735.0,392.27863636363634,5.0396638991775475,392.99586830320715,1980.567090013607,High
14710,12.0,722.0,737.0,156.94916666666666,2.802467463277919,158.06119930050636,442.9613682463557,Medium
14711,10.0,252.0,263.0,266.82800000000003,5.707932425099171,268.27665933984906,1531.305042743209,High
14712,3.0,389.0,419.0,305.69,1.3106545062396147,310.6652939368175,407.1748674305443,Medium
14713,20.0,727.0,737.0,262.909,4.58603108632143,263.63092239917535,1209.0196054382109,High
14714,3.0,663.0,688.0,252.41333333333333,0.8481212266273307,257.2039476570736,218.14012758030904,Low
14715,7.0,665.0,690.0,222.00285714285715,1.791090052601599,224.00682992847683,401.216404799713,Medium
14716,2.0,401.0,445.0,164.84,0.8933265857729231,171.5822575573993,153.27899232296184,Low
14717,0.0,0.0,734.0,0.0,0.14953132253563808,470.98914615257866,70.42762992412602,Low
14718,0.0,0.0,411.0,0.0,0.24971637656544896,470.98914615257866,117.6137029788766,Low
14719,4.0,248.0,250.0,344.6675,2.5785455758607467,348.49698625447934,898.6153621072912,High
14720,2.0,121.0,127.0,254.005,2.3549647156469575,261.21168830247575,615.1443092669015,Medium
14721,0.0,0.0,380.0,0.0,0.26689108588693405,470.98914615257866,125.70280465762161,Low
14722,2.0,339.0,487.0,153.985,0.7992210080260024,160.67071748295524,128.41141278698854,Low
14723,9.0,725.0,736.0,216.82555555555555,2.138210400702826,218.37771922603068,466.93751053086027,Medium
14724,0.0,0.0,591.0,0.0,0.18181659285528617,470.98914615257866,85.63364182528227,Low
14725,2.0,510.0,535.0,524.215,0.7642380259993183,532.8291220671495,407.20827644354813,Medium
14726,0.0,0.0,655.0,0.0,0.16579438647773653,470.98914615257866,78.08735652403976,Low
14727,1.0,272.0,547.0,268.58,0.4166748254859443,283.22147177530496,118.0112573258475,Low
14728,0.0,0.0,414.0,0.0,0.24817106132100666,470.98914615257866,116.88587627136016,Low
14729,1.0,252.0,626.0,626.98,0.35145701623111586,645.3745926500321,226.82142868415212,Low
14730,6.0,275.0,277.0,287.9816666666667,3.4161501226522164,290.4343702655591,992.1674096051089,High
14731,2.0,165.0,213.0,126.18,1.6064502439346475,132.7208905119817,213.20950693819665,Low
14732,17.0,722.0,731.0,311.61882352941177,3.9476585762761363,312.49793377089435,1233.6351483192432,High
14733,14.0,386.0,403.0,969.3592857142858,5.53042239197819,970.9141624532754,5369.565424720344,High
14734,3.0,126.0,552.0,286.02000000000004,0.3858703522337826,290.9271093408863,112.26014615572399,Low
14735,39.0,732.0,736.0,298.72333333333336,8.834910767027292,299.10297583124765,2642.548101621394,High
14736,0.0,0.0,486.0,0.0,0.21608502961477286,470.98914615257866,101.77370359461653,Low
14737,3.0,397.0,401.0,388.18333333333334,1.3679909944872017,393.44458429101263,538.2286481398661,Medium
14738,8.0,690.0,733.0,188.8375,1.913814879139627,190.54763250035478,364.67289426400856,Medium
14739,24.0,733.0,738.0,486.21125,5.47339267641021,486.9092650172983,2665.045605221959,High
14740,10.0,455.0,653.0,404.581,2.155922298547633,406.1725657446364,875.6764915471662,High
14741,6.0,406.0,418.0,264.14000000000004,2.423863706673112,266.5514524114891,646.0843914612135,Medium
14742,0.0,0.0,436.0,0.0,0.23739854890552198,470.98914615257866,111.81213984687298,Low
14743,0.0,0.0,593.0,0.0,0.1812691229770377,470.98914615257866,85.37578945478177,Low
14744,11.0,554.0,571.0,342.9218181818182,3.245310815943571,344.3104143720758,1117.3943118037103,High
14745,9.0,525.0,638.0,239.61222222222224,2.3521596698983593,241.19065461688982,567.3189305462328,Medium
14746,2.0,17.0,424.0,158.7,0.1907399107495695,165.41027634532313,31.550341347168562,Low
14747,0.0,0.0,250.0,0.0,0.3751823354581328,470.98914615257866,176.7068078289563,Low
14748,6.0,588.0,618.0,403.9916666666666,1.715674226349911,406.64509240120384,697.6705043044235,Medium
14749,0.0,0.0,480.0,0.0,0.2184381359570055,470.98914615257866,102.88199114155091,Low
14750,0.0,0.0,737.0,0.0,0.14897642507131617,470.98914615257866,70.16627924120282,Low
14751,1.0,42.0,727.0,61.349999999999994,0.13623133969469936,73.82138461328022,10.05678612398483,Low
14752,0.0,0.0,44.0,0.0,1.0597190186051295,470.98914615257866,499.1161557344786,Medium
14753,1.0,373.0,461.0,563.15,0.5213527105164788,580.8761727129956,302.84136711835856,Medium
14754,5.0,646.0,691.0,238.26399999999998,1.3131783536253623,241.1050007781965,316.6138679727538,Medium
14755,21.0,727.0,737.0,453.68571428571425,4.808741637005599,454.46743591745076,2185.416481759419,High
14756,2.0,409.0,425.0,634.03,0.9348823147115182,643.2161117746643,601.3313674356408,Medium
14757,0.0,0.0,76.0,0.0,0.8246330158471796,470.98914615257866,388.393200023089,Medium
14758,6.0,466.0,611.0,403.74499999999995,1.660857159966527,406.39799894839695,674.9690263495141,Medium
14759,2.0,228.0,233.0,526.86,1.5303341198618736,535.4878989899412,819.4754025974555,Medium
14760,0.0,0.0,298.0,0.0,0.3262773901172908,470.98914615257866,153.6731093802346,Low
14761,2.0,386.0,445.0,127.95,0.8899648187449637,134.5001098516193,119.70036588527408,Low
14762,1.0,363.0,627.0,300.52,0.3784649249580757,315.4959435407592,119.40414859673072,Low
14764,0.0,0.0,47.0,0.0,1.032078349029399,470.98914615257866,486.0977003719197,Medium
14765,2.0,147.0,177.0,86.805,1.8554800900275958,93.14079927004387,172.82089861482322,Low
14766,10.0,543.0,552.0,523.6600000000001,3.0595876958147286,525.3750995462646,1607.4311902591892,High
14767,0.0,0.0,475.0,0.0,0.22043861456635944,470.98914615257866,103.82419485366702,Low
14768,1.0,110.0,128.0,59.400000000000006,1.4150145207273457,71.85096445227097,101.67015802822776,Low
14769,16.0,721.0,724.0,925.1387500000001,3.758538555901831,926.4704805469881,3482.175022040752,High
14770,7.0,420.0,653.0,385.9085714285714,1.5741512451673982,388.1555629820914,611.0155627869117,Medium
14771,1.0,115.0,737.0,307.25,0.21238932127288446,322.29641927593474,68.45231773869678,Low
14772,0.0,0.0,113.0,0.0,0.6567738122284743,470.98914615257866,309.33333703686316,Medium
14773,0.0,0.0,593.0,0.0,0.1812691229770377,470.98914615257866,85.37578945478177,Low
14774,0.0,0.0,529.0,0.0,0.20059981240328728,470.98914615257866,94.48033436219174,Low
14775,2.0,314.0,373.0,302.66999999999996,1.0318506767050681,310.13016805584476,320.00802377507995,Medium
14776,11.0,395.0,447.0,280.9418181818182,3.9680449559927253,282.27196651968467,1120.0678529665822,High
14777,0.0,0.0,404.0,0.0,0.25339817482924165,470.98914615257866,119.34778999944638,Low
14778,1.0,181.0,309.0,396.81,0.7040754451425872,412.7942806195189,290.6383168795018,Medium
14779,2.0,43.0,324.0,61.8,0.5927700781155373,68.00555656516373,40.311659077422696,Low
14780,1.0,25.0,80.0,114.88,1.765622425461875,127.91194421267794,225.84419718633248,Low
14782,0.0,0.0,320.0,0.0,0.307891343667266,470.98914615257866,145.01348106161578,Low
14783,0.0,0.0,660.0,0.0,0.16466085235388223,470.98914615257866,77.55347425491081,Low
14784,2.0,363.0,390.0,144.995,1.0032442115397555,151.6338915714626,152.12582399231678,Low
14785,1.0,5.0,16.0,37.92,3.2861191164501937,50.146028524845924,164.7858229495529,Low
14786,0.0,0.0,551.0,0.0,0.1935058474867999,470.98914615257866,91.13915388333899,Low
14787,0.0,0.0,472.0,0.0,0.22165660892074682,470.98914615257866,104.3978569746586,Low
14788,2.0,589.0,597.0,339.72,0.6952087940423275,347.37314914825873,241.4968681020465,Low
14789,0.0,0.0,29.0,0.0,1.2238805039598608,470.98914615257866,576.4344335528425,Medium
14790,9.0,712.0,729.0,246.42333333333332,2.155376674187581,248.00961765306914,534.5541448636058,Medium
14791,0.0,0.0,607.0,0.0,0.1775273221803609,470.98914615257866,83.61344189248192,Low
14793,1.0,514.0,536.0,228.99,0.46462193525601264,243.21689014742992,113.00390218724793,Low
14794,8.0,485.0,488.0,226.92000000000002,2.7684350560323607,228.67952929193004,633.0844254887583,Medium
14795,0.0,0.0,167.0,0.0,0.5066712476672819,470.98914615257866,238.6366583188748,Low
14796,26.0,724.0,726.0,408.6007692307693,6.009704555729973,409.21412223738486,2459.255974679054,High
14797,0.0,0.0,508.0,0.0,0.20787470169411748,470.98914615257866,97.90672825763438,Low
14798,7.0,596.0,649.0,76.7057142857143,1.8832873564426882,78.49425875151945,147.82724506007742,Low
14799,1.0,686.0,738.0,157.7,0.3474676494853796,171.18035000468635,59.479633854212956,Low
14800,15.0,388.0,436.0,487.9346666666667,5.441472593394806,489.0529717604208,2661.168342552614,High
14801,0.0,0.0,62.0,0.0,0.9131534603832515,470.98914615257866,430.0853686121802,Medium
14803,2.0,130.0,293.0,151.7,1.1277760722017889,158.37381568008973,178.6101997873017,Low
14804,0.0,0.0,9.0,0.0,1.5441607156329216,470.98914615257866,727.2829369783045,Medium
14805,6.0,606.0,622.0,151.14333333333335,1.709405165505826,153.3592773209445,262.153140830663,Low
14806,1.0,364.0,440.0,193.39000000000001,0.5441871771363828,207.24409131054298,112.77957702847914,Low
14807,1.0,259.0,650.0,169.65,0.33845706482055427,183.25548894010205,62.024114898922484,Low
14808,5.0,133.0,173.0,412.31000000000006,4.03764512058478,415.5124900770961,1677.691978101819,High
14809,0.0,0.0,622.0,0.0,0.17368610417723312,470.98914615257866,81.80426990500285,Low
14810,12.0,389.0,430.0,200.58916666666667,4.476664100621426,201.7389199393838,903.1173805907795,High
14811,0.0,0.0,388.0,0.0,0.26223631616077103,470.98914615257866,123.51045863875922,Low
14812,0.0,0.0,599.0,0.0,0.1796463355444766,470.98914615257866,84.61147418753268,Low
14813,2.0,241.0,611.0,315.265,0.5496560706132836,322.7907712099326,177.42390693348298,Low
14814,0.0,0.0,582.0,0.0,0.18432173320092607,470.98914615257866,86.81353573766758,Low
14815,1.0,31.0,68.0,226.92,1.9747883821388659,241.12521336112775,476.17126998631034,Medium
14816,0.0,0.0,198.0,0.0,0.4479916025955869,470.98914615257866,210.99918239002082,Low
14817,6.0,427.0,628.0,568.9716666666667,1.5356279887670643,571.9105431204408,878.241837086722,High
14818,5.0,574.0,648.0,212.382,1.3831008957225925,215.16924449517873,297.6007747932352,Medium
14819,3.0,654.0,719.0,146.50666666666666,0.810346680396279,150.93016338628456,122.30575687174371,Low
14820,8.0,656.0,678.0,144.945,2.060456413170583,146.5981995607049,302.05920044411533,Medium
14821,4.0,310.0,677.0,299.25,0.784012673388456,302.96151119632674,237.52566432683878,Low
14822,0.0,0.0,486.0,0.0,0.21608502961477286,470.98914615257866,101.77370359461653,Low
14823,1.0,14.0,195.0,110.78,0.777594226323423,123.76900951517129,96.242067196766,Low
14824,9.0,627.0,638.0,358.60111111111115,2.4337450038861737,360.3167152277297,876.9190055021643,High
14825,22.0,609.0,613.0,211.90363636363637,5.948782970265607,212.53586053575313,1264.3297077258344,High
14826,1.0,114.0,696.0,207.3,0.2312203434615591,221.29975512574234,51.169005388133066,Low
14828,12.0,536.0,733.0,763.0883333333333,2.317785597779362,764.7242879794395,1772.4669409508224,High
14829,5.0,407.0,437.0,269.38800000000003,1.9710750954814544,272.29364456741865,536.7112214647179,Medium
14830,0.0,0.0,54.0,0.0,0.9729137947226096,470.98914615257866,458.2318374564671,Medium
14831,1.0,57.0,738.0,842.82,0.15177796749101818,863.4748426768209,131.05645660111458,Low
14833,0.0,0.0,499.0,0.0,0.21115678136924676,470.98914615257866,99.45255216142826,Low
14834,6.0,390.0,408.0,286.71666666666664,2.471282320944118,289.1671815447454,714.6137435487675,Medium
14835,1.0,89.0,618.0,118.8,0.24977507646221306,131.87299397224527,32.938587152718526,Low
14836,2.0,20.0,31.0,13.2,4.595559045066165,19.152415375114742,88.01605571197284,Low
14837,8.0,595.0,685.0,397.83,2.009816318677045,399.8112165668759,803.5471074462292,Medium
14838,1.0,313.0,737.0,654.57,0.3056751237178114,673.2535117486195,205.79685049721027,Low
14839,2.0,286.0,705.0,245.11,0.48506823712115277,252.2703572142971,122.36833745186257,Low
14840,1.0,272.0,540.0,62.85,0.422604377180905,75.3370924294412,31.83778502476427,Low
14841,13.0,684.0,738.0,505.04615384615386,2.999336232619728,506.35029497571946,1518.7147861183623,High
14842,3.0,265.0,309.0,838.23,1.6792104244267956,845.0513043444029,1419.0189594305818,High
14843,0.0,0.0,437.0,0.0,0.23693109732714998,470.98914615257866,111.59197522710788,Low
14844,7.0,543.0,607.0,791.6814285714287,1.9930184423136006,794.5300490566792,1583.5130407422914,High
14845,0.0,0.0,600.0,0.0,0.1793786941094612,470.98914615257866,84.48541797657973,Low
14846,0.0,0.0,428.0,0.0,0.24120572612752977,470.98914615257866,113.60527899591798,Low
14847,2.0,416.0,565.0,522.075,0.7065542711171166,530.6779755209209,374.9527901920913,Medium
14848,0.0,0.0,405.0,0.0,0.25286556030762813,470.98914615257866,119.09693434068316,Low
14849,21.0,677.0,699.0,719.0785714285714,5.03621470226648,719.9913272504994,3626.030907803321,High
14850,3.0,257.0,569.0,440.23,0.8054419060544112,445.67166686699466,358.9626368357988,Medium
14851,2.0,607.0,631.0,255.675,0.6600957781938418,262.8903867754672,173.5328344382321,Low
14852,11.0,586.0,645.0,518.6718181818183,2.882886753112725,520.2261486421264,1499.7530725432377,High
14853,4.0,581.0,606.0,239.1,1.2163849422672872,242.65526746323093,295.1622135041153,Medium
14854,10.0,608.0,687.0,402.08000000000004,2.4758955724150513,403.66897118104526,999.4422184684889,High
14855,4.0,491.0,611.0,1224.125,1.1806841002795776,1230.2389371754953,1452.5235526679535,High
14856,1.0,20.0,57.0,308.10999999999996,2.1358189698354,323.16542509053363,690.2228453032826,Medium
14857,4.0,575.0,635.0,702.095,1.1597584547356825,706.8529285971412,819.7786601952122,Medium
14858,0.0,0.0,506.0,0.0,0.20859519480703037,470.98914615257866,98.24607269369405,Low
14859,3.0,542.0,555.0,451.24666666666667,1.0297428268756232,456.726521991474,470.3108598645719,Medium
14860,0.0,0.0,20.0,0.0,1.349658729187219,470.98914615257866,635.6746124572627,Medium
14861,8.0,679.0,732.0,145.71625,1.912754422960184,147.37044994869157,281.8834799529922,Medium
14862,1.0,123.0,149.0,537.1,1.273928376496293,554.5533803056669,706.4612874533295,Medium
14863,0.0,0.0,30.0,0.0,1.2113523663161674,470.98914615257866,570.5338167011573,Medium
14865,3.0,731.0,739.0,32.84,0.7963894147181796,36.86947965111184,29.362463320312788,Low
14866,16.0,460.0,471.0,1302.51375,5.508014748032266,1304.090068380855,7182.947329404155,High
14867,14.0,549.0,735.0,196.33857142857144,2.605979803887517,197.32080376944123,514.2140295100157,Medium
14868,9.0,417.0,421.0,397.5288888888889,3.5121505386755714,399.2893693831202,1402.3643737663547,High
14869,5.0,715.0,724.0,486.55199999999996,1.2648504156604317,489.90868890113626,619.6612087922593,Medium
14870,4.0,422.0,684.0,376.6,0.9826777513338085,380.5124331041399,373.92110211733245,Medium
14871,8.0,735.0,739.0,139.24625,1.9094880181730376,140.89205771494926,269.0316960624397,Low
14872,2.0,150.0,634.0,256.31,0.37985944764383817,263.5286942786705,100.10386424699767,Low
14873,1.0,423.0,634.0,519.68,0.3831956655937785,536.9509602006508,205.75728058530686,Low
14874,0.0,0.0,536.0,0.0,0.1982868144630162,470.98914615257866,93.39093743725078,Low
14875,2.0,334.0,442.0,732.66,0.8806981055770179,742.3598425478028,653.7949069883032,Medium
14876,1.0,40.0,562.0,53.1,0.21268241536154703,65.48499162439491,13.927506188606985,Low
14877,1.0,224.0,643.0,230.3,0.3299235919210935,244.54060830687717,80.67971586317411,Low
14878,20.0,644.0,657.0,182.70999999999998,5.087720192285647,183.39034432470723,933.0387578910305,High
14879,0.0,0.0,685.0,0.0,0.15921815712074425,470.98914615257866,74.99002387428645,Low
14880,2.0,211.0,289.0,288.495,1.25429781992405,295.8813352087472,371.12331370854866,Medium
14881,0.0,0.0,20.0,0.0,1.349658729187219,470.98914615257866,635.6746124572627,Medium
14882,11.0,593.0,620.0,295.8772727272727,3.010258606831573,297.221505370442,894.7135946768096,High
14883,4.0,193.0,212.0,112.75750000000001,2.9085222619771054,115.98458419060157,337.3437451645225,Medium
14884,0.0,0.0,670.0,0.0,0.1624396909079833,470.98914615257866,76.50733132203985,Low
14885,2.0,334.0,466.0,678.46,0.8346335830926312,687.8775328255672,574.1256899511222,Medium
14886,0.0,0.0,253.0,0.0,0.3716990577251108,470.98914615257866,175.06622182366797,Low
14887,0.0,0.0,80.0,0.0,0.8024299461987893,470.98914615257866,377.93579520742736,Medium
14888,0.0,0.0,208.0,0.0,0.4318667534791868,470.98914615257866,203.40455347284836,Low
14889,0.0,0.0,337.0,0.0,0.2950465737286147,470.98914615257866,138.96373383568408,Low
14890,2.0,406.0,660.0,257.73,0.5937767244857081,264.9560905850464,157.3247596001274,Low
14891,3.0,288.0,437.0,301.91,1.1992227751061266,306.87219084720795,368.0081203106856,Medium
14892,0.0,0.0,691.0,0.0,0.15796506575815872,470.98914615257866,74.39983144337111,Low
14893,2.0,608.0,618.0,618.925,0.6738402796219269,628.0324348677572,423.1935515229291,Medium
14894,2.0,652.0,738.0,596.5550000000001,0.567996453124356,605.5459169990042,343.9479330593701,Medium
14895,22.0,722.0,730.0,1059.1813636363638,5.07669711183963,1060.2128958501103,5382.379746297385,High
14896,7.0,529.0,734.0,255.70285714285714,1.5577463811906294,257.75679604780305,401.5197162707563,Medium
14897,7.0,717.0,725.0,405.6257142857143,1.7160153491461299,407.90193993753616,699.9659898792947,Medium
14898,13.0,713.0,737.0,245.64923076923077,3.021301977245763,246.74642060922292,745.49544846496,Medium
14899,0.0,0.0,396.0,0.0,0.2577413805074567,470.98914615257866,121.39339273339391,Low
14900,0.0,0.0,523.0,0.0,0.20262581228383086,470.98914615257866,95.43455831603418,Low
14901,11.0,487.0,499.0,192.39,3.6582258868571733,193.63664295551644,708.36657990399,Medium
14902,2.0,528.0,554.0,318.61,0.7409507376782184,326.1531941992477,241.6634498380398,Low
14903,4.0,257.0,279.0,569.3625000000001,2.350169610579533,573.7756468630906,1348.4700885482494,High
14904,3.0,425.0,428.0,421.16333333333336,1.2940772655595256,426.5389070146431,551.9743024442581,Medium
14905,7.0,579.0,737.0,244.75571428571428,1.6186262522806871,246.79342214477643,399.466311973725,Medium
14907,11.0,599.0,603.0,533.7336363636364,3.097137990360163,535.3021702916088,1657.904687932387,High
14908,1.0,389.0,464.0,277.8,0.5204019651307514,292.53802248530775,152.2373617768181,Low
14909,2.0,226.0,664.0,526.0899999999999,0.46873314987514997,534.7138883167654,250.6381251527066,Low
14910,3.0,52.0,55.0,73.31333333333333,5.190010029592842,77.4831107922399,402.1381221357785,Medium
14911,247.0,737.0,739.0,1108.1983805668017,55.05517228464996,1108.292275191558,61017.22215241791,High
14912,4.0,666.0,683.0,462.395,1.0935649871885142,466.53029147622556,510.18119222125245,Medium
14913,7.0,450.0,486.0,488.81,2.4386877648476664,491.2095608430996,1197.9067460042625,High
14915,9.0,645.0,737.0,178.79888888888888,2.099755784690077,180.30721499271866,378.6011177023184,Medium
14916,7.0,547.0,618.0,334.64,1.9578324447853317,336.8109769672386,659.4194584663048,Medium
14917,0.0,0.0,597.0,0.0,0.1801840237365208,470.98914615257866,84.86471948999989,Low
14918,7.0,495.0,611.0,728.6371428571429,1.940015987336395,731.3922892087782,1418.9127340795937,High
14919,0.0,0.0,540.0,0.0,0.19698891756855302,470.98914615257866,92.7796420871335,Low
14920,1.0,353.0,566.0,977.77,0.42023400833444824,999.8380225374358,420.16593989609504,Medium
14921,1.0,171.0,202.0,413.06,1.025664525845641,429.21444862792936,440.2300339380634,Medium
14922,1.0,114.0,508.0,303.45,0.3624608688901052,318.45662614166025,115.42806541511757,Low
14923,0.0,0.0,51.0,0.0,0.9974107826435347,470.98914615257866,469.7696528806536,Medium
14924,2.0,394.0,640.0,310.435,0.6108323732117145,317.9356133509216,194.20536523166547,Low
14926,1.0,217.0,599.0,139.2,0.35653532538488664,152.4866202720344,54.366866775531435,Low
14927,0.0,0.0,397.0,0.0,0.25719034219649733,470.98914615257866,121.1338596698178,Low
14928,0.0,0.0,628.0,0.0,0.17219579933874127,470.98914615257866,81.10235250161452,Low
14929,1.0,389.0,422.0,223.88,0.5702254523095807,238.0533788537082,135.74409563067974,Low
14930,4.0,498.0,607.0,1079.9524999999999,1.1918503024977964,1085.691939260121,1293.9822662265944,High
14931,3.0,236.0,241.0,223.89333333333332,2.0714641172529284,228.5850851926121,473.50580171569965,Medium
14932,1.0,20.0,386.0,727.06,0.32656145494788164,746.5026181442918,243.77898110360283,Low
14933,0.0,0.0,444.0,0.0,0.23370984924460841,470.98914615257866,110.074802343166,Low
14934,2.0,297.0,379.0,945.47,1.0097825098358175,956.2782988575627,965.6331007219156,High
14935,1.0,322.0,620.0,1784.71,0.3748925936258893,1815.22819931939,680.5156076656988,Medium
14936,7.0,550.0,584.0,1602.3328571428572,2.076764317211463,1606.383409557245,3336.0797447289738,High
14937,1.0,74.0,131.0,862.3199999999999,1.3472114093520395,883.1790442869134,1189.8288849639598,High
14938,0.0,0.0,563.0,0.0,0.1898440870774547,470.98914615257866,89.41450447472619,Low
14940,1.0,316.0,734.0,349.48,0.3078723229399537,364.96864666025317,112.36374504754332,Low
14941,0.0,0.0,579.0,0.0,0.18517220601708279,470.98914615257866,87.21409920317521,Low
14942,3.0,328.0,730.0,212.40333333333334,0.62910192268495,217.05525595991006,136.54987885325338,Low
14943,0.0,0.0,664.0,0.0,0.1637651327175319,470.98914615257866,77.13160002819407,Low
14944,11.0,631.0,661.0,785.6063636363637,2.8406982028255707,787.4124164411509,2236.801036266917,High
14945,0.0,0.0,414.0,0.0,0.24817106132100666,470.98914615257866,116.88587627136016,Low
14946,0.0,0.0,15.0,0.0,1.4315450678082657,470.98914615257866,674.2421891659504,Medium
14947,5.0,552.0,625.0,145.43800000000002,1.4283874263148266,148.08620343921922,211.52447100328015,Low
14948,5.0,196.0,220.0,164.714,3.437980210185981,167.40223922128592,575.5255855836004,Medium
14949,3.0,252.0,722.0,142.84666666666666,0.5015447377260112,147.2574762677737,73.85621231291488,Low
14950,0.0,0.0,20.0,0.0,1.349658729187219,470.98914615257866,635.6746124572627,Medium
14951,0.0,0.0,80.0,0.0,0.8024299461987893,470.98914615257866,377.93579520742736,Medium
14952,22.0,677.0,737.0,785.975,4.956084053546507,786.8777745531673,3899.8323905531165,High
14953,2.0,410.0,436.0,355.895,0.9127611106145138,363.63239932828014,331.9095126663014,Medium
14954,1.0,691.0,704.0,336.17,0.3645943748290988,351.51926597151817,128.16194701726937,Low
14955,0.0,0.0,733.0,0.0,0.14971720869785526,470.98914615257866,70.51518028895028,Low
14956,0.0,0.0,422.0,0.0,0.24414233998531915,470.98914615257866,114.98839224937802,Low
14957,1.0,391.0,645.0,58.49,0.3716906666049506,70.93143504379998,26.364552374675768,Low
14958,5.0,589.0,737.0,154.31599999999997,1.208202759741952,156.9826428287807,189.666862297318,Low
14959,3.0,232.0,297.0,172.25333333333333,1.715392754462362,176.7660789631313,303.2232510880772,Medium
14960,1.0,163.0,172.0,132.97,1.1640543228734928,146.1913804755792,170.17470840944148,Low
14961,18.0,725.0,736.0,852.875,4.14521116503632,854.0170460102785,3540.080994253143,High
14962,3.0,314.0,585.0,81.73333333333333,0.8612667089716106,85.93229809766648,74.0106275769446,Low
14963,10.0,516.0,526.0,297.482,3.1924028498646444,298.9624601204662,954.4086096911213,High
14964,0.0,0.0,248.0,0.0,0.37754112140522084,470.98914615257866,177.817770408132,Low
14965,0.0,0.0,97.0,0.0,0.7201075895252524,470.98914615257866,339.1628587284902,Medium
14966,4.0,710.0,725.0,242.04,1.0361639009544905,245.60290431402564,254.48486341977326,Low
14967,3.0,687.0,737.0,582.12,0.7942109132355248,588.0535180269682,467.03852158356153,Medium
14968,1.0,428.0,459.0,147.59,0.5308848658435394,160.96447932376142,85.45360601137027,Low
14969,0.0,0.0,704.0,0.0,0.15531661155093734,470.98914615257866,73.15243825768772,Low
14970,9.0,595.0,664.0,502.6166666666667,2.320272792004078,504.49829352648203,1170.5736640819832,High
14971,1.0,8.0,44.0,500.21,2.367321821733357,517.2770727468816,1224.561302196046,High
14972,1.0,253.0,382.0,114.77,0.5985108457763503,127.80079230615947,76.49016029404719,Low
14973,2.0,118.0,226.0,329.925,1.4516866252182876,337.52713026026424,489.9836206471364,Medium
14974,0.0,0.0,38.0,0.0,1.1197433701259325,470.98914615257866,527.3869738056238,Medium
14975,1.0,364.0,422.0,279.94,0.5665822543659896,294.7004323030307,166.97203529688286,Low
14976,4.0,269.0,327.0,158.72750000000002,2.038879391845122,162.07399440523855,330.44932714686246,Medium
14977,0.0,0.0,726.0,0.0,0.15103147456557572,470.98914615257866,71.1341852478054,Low
14978,9.0,518.0,591.0,321.34444444444443,2.56597442246343,323.0170986590297,828.8536131774167,Medium
14979,0.0,0.0,736.0,0.0,0.14916093243425163,470.98914615257866,70.25318020653066,Low
14980,0.0,0.0,738.0,0.0,0.14879237389849828,470.98914615257866,70.07959313646893,Low
14981,1.0,177.0,424.0,102.12,0.5061110263657677,115.01832305653532,58.21204153301253,Low
14982,0.0,0.0,573.0,0.0,0.186896938405689,470.98914615257866,88.02642943822654,Low
14983,0.0,0.0,690.0,0.0,0.15817254178903753,470.98914615257866,74.49755040200185,Low
14984,4.0,678.0,698.0,288.6025,1.0718607263639275,292.2863535878789,313.29026326296764,Medium
14985,1.0,160.0,359.0,172.24,0.5936432820185528,185.87261110267332,110.34202689234908,Low
14986,1.0,308.0,685.0,243.51999999999998,0.3317764484552968,257.89904652664245,85.56482971661679,Low
14987,6.0,722.0,738.0,251.16666666666666,1.4644841892582168,253.5556724341328,371.32827337652293,Medium
14988,6.0,391.0,603.0,280.66,1.5433303167421182,283.10003554812255,436.9168675321889,Medium
14989,0.0,0.0,662.0,0.0,0.16421177014913377,470.98914615257866,77.34196141074402,Low
14990,1.0,118.0,731.0,105.18,0.21766637490539198,118.11036700150369,25.70865542396274,Low
14991,0.0,0.0,431.0,0.0,0.23976378997776246,470.98914615257866,112.92614271993254,Low
14992,0.0,0.0,443.0,0.0,0.23416464708034065,470.98914615257866,110.28900718748956,Low
14993,0.0,0.0,564.0,0.0,0.18954519214885432,470.98914615257866,89.27372820751535,Low
14994,4.0,241.0,624.0,194.73250000000002,0.6739921124944565,198.17251985179075,133.56671529325806,Low
14995,1.0,242.0,281.0,113.92,0.7948719700214892,126.94189121033492,100.90255114461249,Low
14996,0.0,0.0,482.0,0.0,0.21764808648204856,470.98914615257866,102.50988641392264,Low
14997,3.0,609.0,656.0,182.06666666666663,0.8825008132700366,186.61342948853738,164.68650329074487,Low
14998,3.0,435.0,606.0,219.08,0.9132464326733603,223.75506679631917,204.3435165443279,Low
14999,0.0,0.0,593.0,0.0,0.1812691229770377,470.98914615257866,85.37578945478177,Low
15000,0.0,0.0,48.0,0.0,1.023185371985427,470.98914615257866,481.9092047072248,Medium
15001,0.0,0.0,395.0,0.0,0.2582947889087922,470.98914615257866,121.65404208381258,Low
15002,8.0,581.0,697.0,515.845,1.9581423958258435,517.9792937639547,1014.2772152791287,High
15003,5.0,209.0,683.0,137.75799999999998,0.25375307339374675,140.39025226645134,35.62445798713545,Low
15004,0.0,0.0,148.0,0.0,0.5509388773509037,470.98914615257866,259.4862314257624,Low
15005,55.0,723.0,739.0,250.61581818181818,12.32997068856139,250.8759320637743,3093.292888811856,High
15006,1.0,402.0,454.0,502.09,0.5333140465916495,519.17675987647,276.88425870606136,Low
15007,0.0,0.0,160.0,0.0,0.5221237864542811,470.98914615257866,245.91463636805318,Low
15008,1.0,157.0,638.0,240.0,0.2976806622062854,254.3421855180514,75.71275021200744,Low
15009,2.0,13.0,26.0,334.61,4.821893299168934,342.23653286263834,1650.2280445411645,High
15010,0.0,0.0,36.0,0.0,1.141308103438488,470.98914615257866,537.5437291355124,Medium
15011,1.0,21.0,417.0,193.6,0.29171149632160964,207.4562904048055,60.5173848953162,Low
15012,2.0,523.0,577.0,307.05,0.7112999750726289,314.532982014948,223.72730226675213,Low
15013,9.0,190.0,678.0,157.2711111111111,0.00893263374092147,158.75461975193969,1.4180968729233345,Low
15014,1.0,133.0,177.0,142.44,1.1188997459825123,155.7605491549421,174.28043888356135,Low
15015,10.0,224.0,726.0,223.24699999999999,0.0068861532442105935,224.65044795405674,1.546977410992191,Low
15016,3.0,371.0,544.0,162.83333333333334,0.9952687217539473,167.3134252318821,166.52181886280994,Low
15017,0.0,0.0,34.0,0.0,1.163728872765088,470.98914615257866,548.1036681367317,Medium
15018,2.0,329.0,368.0,192.48000000000002,1.0499110043644522,199.3662250984066,209.31679362941753,Low
15019,0.0,0.0,267.0,0.0,0.35626553529821753,470.98914615257866,167.79720027369885,Low
15020,0.0,0.0,380.0,0.0,0.26689108588693405,470.98914615257866,125.70280465762161,Low
15021,10.0,490.0,499.0,253.776,3.3442543094697275,255.2111190583649,853.4908847355284,High
15022,3.0,666.0,678.0,301.68,0.8608341094095594,306.6413935692687,263.9673709413076,Low
15023,18.0,671.0,675.0,637.9777777777778,4.488113057510383,638.9960271844553,2867.8864133038137,High
15024,11.0,415.0,425.0,301.1781818181818,4.205857148196881,302.52741327955187,1272.3870836673154,High
15025,1.0,535.0,569.0,377.01,0.43982798755183716,392.7869374461941,172.7586882336089,Low
15026,4.0,368.0,449.0,169.4875,1.5562374686500924,172.86194424011987,269.0142345301776,Low
15027,8.0,594.0,625.0,333.7825,2.213736455143101,335.6806405868742,743.1084713529522,Medium
15028,4.0,386.0,395.0,249.125,1.7714731290505463,252.70630808541358,447.66243431487896,Medium
15029,0.0,0.0,620.0,0.0,0.17418862641869573,470.98914615257866,82.040952426432,Low
15030,7.0,574.0,646.0,226.74857142857147,1.8822824734510684,228.75958056215222,430.5901491261568,Medium
15031,11.0,727.0,732.0,264.2327272727273,2.5988812466452007,265.5471187458141,690.1254270091624,Medium
15032,6.0,473.0,730.0,2045.875,1.2881563416161361,2051.369235398758,2642.4842895751544,High
15033,9.0,325.0,330.0,224.0666666666667,4.310513518973493,225.62717797101942,972.5690008919174,High
15034,12.0,562.0,578.0,633.7066666666666,3.487922124641896,635.2307890688293,2215.6355234468992,High
15035,0.0,0.0,90.0,0.0,0.751854825076943,470.98914615257866,354.1154620936858,Medium
15036,2.0,107.0,180.0,206.2,1.7670997599455356,213.15768800226402,376.6708992993461,Medium
15037,0.0,0.0,377.0,0.0,0.26867958599642533,470.98914615257866,126.5451687970847,Low
15038,8.0,367.0,426.0,161.51999999999998,3.059451847859021,163.1946989848593,499.28632337002443,Medium
15039,82.0,720.0,730.0,485.5985365853659,18.54532662845569,485.8026938125172,9009.369633736782,High
15040,0.0,0.0,542.0,0.0,0.19634632645889166,470.98914615257866,92.47698864906884,Low
15041,1.0,274.0,445.0,180.35,0.519199564278197,194.06753802871694,100.75978118505226,Low
15042,1.0,396.0,596.0,135.93,0.4049682542544761,149.1823772328035,60.41412687350113,Low
15043,5.0,502.0,534.0,491.22799999999995,1.655688872618253,494.59440083913915,818.8944459286547,Medium
15044,27.0,704.0,724.0,553.0555555555555,6.234869153572218,553.7016501305417,3452.257338680951,High
15045,1.0,106.0,258.0,346.76,0.7759410396486246,362.2201631536146,281.0614899791101,Medium
15046,24.0,685.0,695.0,305.6879166666667,5.777137516323212,306.307946878409,1769.5831314591942,High
15047,0.0,0.0,270.0,0.0,0.35312404449020524,470.98914615257866,166.31759220038697,Low
15048,3.0,303.0,369.0,95.11666666666667,1.4414050056612955,99.3620237632594,143.2209184249987,Low
15049,0.0,0.0,274.0,0.0,0.3490207829840967,470.98914615257866,164.38500056718416,Low
15050,3.0,455.0,481.0,950.7666666666668,1.1649678401024037,957.9780710183961,1116.013644259768,High
15051,8.0,715.0,739.0,419.3925,1.9050576295969277,421.401685274769,802.794495657702,Medium
15052,0.0,0.0,320.0,0.0,0.307891343667266,470.98914615257866,145.01348106161578,Low
15053,2.0,277.0,282.0,237.57,1.3172411339007197,244.69108386917424,322.3171607712272,Medium
15054,1.0,28.0,41.0,133.68,2.532920668885871,146.90881550856207,372.10837524317805,Medium
15055,2.0,249.0,724.0,152.35,0.43239096515339187,159.02720131329,68.76192506149621,Low
15056,0.0,0.0,521.0,0.0,0.2033102804979677,470.98914615257866,95.75693541577907,Low
15057,4.0,459.0,735.0,737.965,0.924141270508769,742.8161033719732,686.4670175245484,Medium
15058,12.0,628.0,654.0,258.865,3.117566015849693,260.0651245299227,810.7701941422054,Medium
15059,15.0,693.0,734.0,216.17533333333333,3.4671745674161074,217.10575274638592,752.7435443619989,Medium
15060,1.0,1.0,10.0,16.61,3.5497148125923927,28.612872816585785,101.56753846785678,Low
15061,66.0,735.0,739.0,2035.3203030303032,14.804635403886692,2035.8173370086254,30139.53342332422,High
15062,7.0,539.0,611.0,285.6985714285714,1.9769208036952168,287.79698420411887,568.9518453138663,Medium
15063,0.0,0.0,214.0,0.0,0.4227390100581703,470.98914615257866,199.105485392684,Low
15064,3.0,307.0,718.0,309.8066666666667,0.6156796049194201,314.7962307231207,193.81361896173357,Low
15065,4.0,373.0,411.0,789.5325,1.7012436644156543,794.5175534751555,1351.6679541166343,High
15066,0.0,0.0,54.0,0.0,0.9729137947226096,470.98914615257866,458.2318374564671,Medium
15067,3.0,529.0,608.0,1037.7466666666667,0.938551827089757,1045.2595807364487,981.0302892832674,High
15068,3.0,575.0,622.0,280.66,0.9255028444324156,285.548529298477,264.2759760892334,Low
15069,0.0,0.0,180.0,0.0,0.48028260073809936,470.98914615257866,226.20789203357725,Low
15070,2.0,352.0,725.0,259.225,0.5086757127656509,266.458877541407,135.5411594561105,Low
15071,3.0,477.0,571.0,429.77333333333337,0.987871811668378,435.178752940976,429.9008230673874,Medium
15072,0.0,0.0,480.0,0.0,0.2184381359570055,470.98914615257866,102.88199114155091,Low
15073,6.0,672.0,682.0,313.02333333333337,1.574457097100818,315.51936437652745,496.7717025153627,Medium
15074,2.0,362.0,468.0,603.335,0.8405045628936538,612.361231757616,514.6924094314545,Medium
15075,0.0,0.0,78.0,0.0,0.8133788715032176,470.98914615257866,383.09262018784847,Medium
15076,1.0,350.0,523.0,880.85,0.45568159060258695,901.9030881758886,410.9806337893741,Medium
15077,1.0,236.0,731.0,1554.6,0.28531502861594615,1582.708515601523,451.5705254195502,Medium
15078,35.0,728.0,736.0,495.76800000000003,7.938325497825299,496.24940444523963,3939.389300588265,High
15079,7.0,519.0,732.0,432.6885714285714,1.5448810139671227,435.00492247948245,672.0308457207925,Medium
15080,1.0,74.0,502.0,184.9,0.31801152474156036,198.66518507107187,63.177818417515844,Low
15081,11.0,513.0,536.0,153.6381818181818,3.428126241957515,154.84828136374378,530.8394568650709,Medium
15082,0.0,0.0,669.0,0.0,0.16265910480672102,470.98914615257866,76.61067288686034,Low
15083,0.0,0.0,257.0,0.0,0.36715433627495986,470.98914615257866,172.92570734836008,Low
15084,1.0,266.0,646.0,615.8,0.34319319304415274,634.0775170602456,217.6110877174139,Low
15085,0.0,0.0,730.0,0.0,0.15027765235295168,470.98914615257866,70.77914316753076,Low
15086,1.0,61.0,626.0,108.5,0.20865415850511485,121.46513363460663,25.34420524624017,Low
15087,0.0,0.0,282.0,0.0,0.3410945123292978,470.98914615257866,160.65181311930618,Low
15088,1.0,46.0,68.0,295.88,2.016957064475824,310.8073540294346,626.8850884007065,Medium
15089,5.0,118.0,129.0,239.856,5.038300136248229,242.70030732338486,1222.7969914548971,High
15090,0.0,0.0,309.0,0.0,0.3168172579428408,470.98914615257866,149.21748980489986,Low
15091,1.0,607.0,675.0,480.71,0.3756032094379264,497.57287113678893,186.8899673282217,Low
15092,2.0,247.0,463.0,228.90500000000003,0.7909403852384262,235.9809507742818,186.64686411434056,Low
15093,18.0,713.0,732.0,772.2927777777778,4.161188368557635,773.3884025020175,3218.214824868766,High
15094,1.0,181.0,645.0,33.0,0.3079725723503432,45.17450688783795,13.91250909090575,Low
15095,7.0,584.0,688.0,409.5357142857143,1.762552469276354,411.81773719351725,725.8503695822344,Medium
15096,0.0,0.0,43.0,0.0,1.0692678251740813,470.98914615257866,503.61353998716527,Medium
15097,1.0,579.0,584.0,248.08,0.43182629204001904,262.5067982877718,113.35733733990571,Low
15098,0.0,0.0,183.0,0.0,0.4745800948408416,470.98914615257866,223.5220736500978,Low
15099,0.0,0.0,85.0,0.0,0.7763137868811056,470.98914615257866,365.6353676296069,Medium
15100,6.0,368.0,702.0,446.25,1.0016534132388983,448.9765416979495,449.71888545594766,Medium
15101,5.0,582.0,591.0,270.998,1.5190069799916972,273.9069884981681,416.0666273972229,Medium
15102,1.0,16.0,547.0,198.77999999999997,0.17158220570423505,212.690534729948,36.49391108137769,Low
15103,1.0,55.0,87.0,411.68,1.756815142159773,427.81999743706126,751.6006496161846,Medium
15104,1.0,86.0,283.0,652.8,0.6800771349835376,671.4649765255494,456.64797747728403,Medium
15105,6.0,608.0,627.0,460.75500000000005,1.6964573554921816,463.5066384532079,786.3192461233998,Medium
15106,4.0,252.0,270.0,252.95499999999998,2.4153426590300544,256.54625677199306,619.6471179958728,Medium
15107,7.0,140.0,452.0,122.71428571428571,0.19076283210914252,124.57104590026968,23.76352551473343,Low
15108,3.0,86.0,228.0,369.6166666666666,1.7459197146565197,374.81355765157235,654.3943796244282,Medium
15109,2.0,490.0,736.0,375.95,0.5461983056288964,383.7918591341738,209.62646317324982,Low
15110,5.0,462.0,486.0,240.84,1.8006400556595341,243.68635106739575,438.7914047494643,Medium
15111,4.0,563.0,593.0,611.015,1.2391611992462848,615.536342076603,762.7487518273147,Medium
15112,0.0,0.0,612.0,0.0,0.17622815999322694,470.98914615257866,83.00155060324998,Low
15113,2.0,45.0,55.0,683.3199999999999,3.7105801154908242,692.7628469445721,2570.552044623342,High
15114,11.0,391.0,422.0,271.2218181818182,4.206773020872996,272.5428004479641,1146.5256999576682,High
15115,1.0,714.0,733.0,340.11,0.35119136873842255,355.50052516863434,124.84871602120073,Low
15116,3.0,187.0,205.0,291.03333333333336,2.33143483056566,295.95782102234375,690.00637230981,Medium
15117,5.0,620.0,635.0,424.92600000000004,1.423215302183876,428.1546932015283,609.3563110662578,Medium
15118,0.0,0.0,135.0,0.0,0.5859927140760357,470.98914615257866,275.9962080543042,Low
15119,0.0,0.0,246.0,0.0,0.3799298396817053,470.98914615257866,178.94283078957247,Low
15120,0.0,0.0,134.0,0.0,0.5888757923691408,470.98914615257866,277.3541066378648,Low
15121,1.0,238.0,289.0,162.57,0.7737890838416872,176.10134804782228,136.26530076921048,Low
15122,9.0,505.0,620.0,423.7055555555555,2.4046690563317443,425.49621280389493,1023.177576515873,High
15123,4.0,626.0,634.0,1049.8775,1.1708521584837068,1055.5388173935733,1235.8799027086045,High
15124,3.0,629.0,652.0,105.59666666666665,0.8904919946395299,109.87835190588058,97.84579275637178,Low
15125,13.0,593.0,619.0,1060.7292307692308,3.535104767193986,1062.4767053354433,3755.9664660638855,High
15126,1.0,151.0,688.0,257.04,0.26433714094331473,271.56062630964,71.78355955146613,Low
15127,1.0,454.0,520.0,406.53,0.4729186870485399,422.6160672682419,199.8630356581144,Low
15128,4.0,370.0,431.0,367.75,1.6228206396122284,371.63944462470687,603.1041612310001,Medium
15129,20.0,560.0,611.0,327.974,5.359749356849069,328.7296544583689,1761.9085540604594,High
15130,0.0,0.0,170.0,0.0,0.5003263472149356,470.98914615257866,235.64827907240112,Low
15131,0.0,0.0,395.0,0.0,0.2582947889087922,470.98914615257866,121.65404208381258,Low
15132,4.0,244.0,263.0,166.04000000000002,2.4650538415474923,169.40548912341418,417.59365174290406,Medium
15133,4.0,393.0,521.0,322.03,1.3450246388727585,325.8006838021442,438.20994707547675,Medium
15134,9.0,408.0,423.0,168.06555555555553,3.490275835188359,169.5615081526709,591.8164344833611,Medium
15135,1.0,317.0,557.0,139.05,0.4200692240516675,152.33504949041833,63.9912660353124,Low
15136,2.0,94.0,97.0,351.9,2.7853935457351615,359.6165907057648,1001.6737306911206,High
15137,1.0,160.0,681.0,430.58,0.27414445957105854,446.91791592068944,122.52007053270118,Low
15138,0.0,0.0,394.0,0.0,0.25885058274552675,470.98914615257866,121.91581494841306,Low
15139,1.0,97.0,337.0,56.86,0.5747500112706793,69.28436588357172,39.82119007246472,Low
15140,6.0,390.0,443.0,392.375,2.2810609824032295,395.0083264142854,901.0380811080255,High
15141,5.0,164.0,622.0,220.766,0.1747947125898901,223.5706578587836,39.07896888395873,Low
15142,4.0,454.0,501.0,545.975,1.4324195411368774,550.3273962345323,788.2997163893214,Medium
15143,1.0,207.0,433.0,259.45,0.5100016650662493,273.9958635342719,139.7383466237435,Low
15144,23.0,718.0,727.0,512.6134782608696,5.320681103546678,513.3537571321565,2731.3916350077557,High
15145,3.0,244.0,249.0,257.5,2.019470850796798,262.30824687642473,529.72385849055,Medium
15146,1.0,127.0,292.0,492.94,0.7058430178160683,509.93094219788804,359.9311951187484,Medium
15147,0.0,0.0,241.0,0.0,0.38603639750199964,470.98914615257866,181.81895324328426,Low
15148,0.0,0.0,11.0,0.0,1.5046783775233217,470.98914615257866,708.6871842639566,Medium
15149,3.0,516.0,650.0,410.26000000000005,0.872783973353663,415.59777808509034,362.727080074059,Medium
15150,11.0,526.0,544.0,634.2745454545454,3.386992433481227,635.9378906153964,2153.91682367836,High
15151,1.0,86.0,510.0,1116.26,0.3277369751622434,1139.7782728441907,373.54748349760126,Medium
15152,13.0,692.0,702.0,365.05307692307696,3.1639689726645037,366.24552918811435,1158.7894907282857,High
15153,0.0,0.0,32.0,0.0,1.18705804464975,470.98914615257866,559.0914548831354,Medium
15154,1.0,403.0,479.0,296.42,0.5063421297062237,311.35300884325255,157.6511455881332,Low
15155,0.0,0.0,384.0,0.0,0.2645431928862236,470.98914615257866,124.59697253795936,Low
15156,2.0,32.0,34.0,321.845,4.50801895172586,329.40504423525203,1484.9641822066114,High
15157,4.0,726.0,730.0,551.4775,1.0309488510913083,555.8441893540894,573.0469284003781,Medium
15158,1.0,356.0,402.0,401.40000000000003,0.5921675422958755,417.43234653697147,247.18988672359862,Low
15159,22.0,430.0,432.0,941.2822727272727,8.096337518416407,942.2582410407944,7628.840748975634,High
15160,3.0,64.0,422.0,162.65333333333334,0.325186989597353,167.13280127523402,54.34941250966599,Low
15161,0.0,0.0,389.0,0.0,0.2616658799210825,470.98914615257866,123.24178936129381,Low
15162,0.0,0.0,732.0,0.0,0.14990355789782986,470.98914615257866,70.60294873953252,Low
15163,1.0,174.0,193.0,149.47,1.0665292282500227,162.86416645334984,173.69939375707443,Low
15164,8.0,622.0,691.0,232.8175,2.0071647444640535,234.5846789362106,470.85009715218115,Medium
15165,0.0,0.0,374.0,0.0,0.2704922597173545,470.98914615257866,127.39891844515836,Low
15166,0.0,0.0,468.0,0.0,0.22330172083001493,470.98914615257866,105.17268682813022,Low
15167,3.0,353.0,674.0,324.5466666666667,0.7455433728755303,329.5873258397463,245.7216465635909,Low
15168,0.0,0.0,26.0,0.0,1.2630882296182389,470.98914615257866,594.9008467832665,Medium
15169,1.0,344.0,727.0,213.05,0.31751692171329127,227.10996842102605,72.11125806344698,Low
15170,0.0,0.0,407.0,0.0,0.25180703038366353,470.98914615257866,118.59837823561811,Low
15171,0.0,0.0,332.0,0.0,0.2987115886043623,470.98914615257866,140.68991606264896,Low
15172,4.0,228.0,237.0,319.4125,2.682299707357404,323.1763846671255,866.8559220174546,High
15173,6.0,237.0,618.0,183.09,0.45531788819270996,185.36121856014856,84.3982785876342,Low
15174,1.0,88.0,411.0,135.75,0.44157166702844697,149.0004922948642,65.79439577070245,Low
15175,0.0,0.0,72.0,0.0,0.8481097616671857,470.98914615257866,399.45049249129477,Medium
15176,0.0,0.0,668.0,0.0,0.16287911269746594,470.98914615257866,76.71429421546911,Low
15177,0.0,0.0,426.0,0.0,0.2421767050038508,470.98914615257866,114.06259950780861,Low
15178,0.0,0.0,261.0,0.0,0.3627196979328441,470.98914615257866,170.83704082211148,Low
15179,12.0,718.0,737.0,560.7141666666666,2.8010162859481484,562.1751973242541,1574.6618832613497,High
15180,2.0,222.0,590.0,225.79500000000002,0.5559695633579909,232.85475182158524,129.46015469608008,Low
15181,4.0,665.0,732.0,259.37,1.0197486471608117,262.9779201726217,268.1713783291949,Low
15182,6.0,502.0,657.0,405.6768333333334,1.5556493066759345,408.33317476696766,635.2232202190164,Medium
15183,2.0,37.0,585.0,173.95,0.12503403985811157,180.7397085088673,22.59861591764118,Low
15184,3.0,694.0,724.0,188.92,0.8092958073188491,193.49051939350852,156.59106610111292,Low
15185,0.0,0.0,71.0,0.0,0.854190966359199,470.98914615257866,402.31467389676516,Medium
15186,4.0,682.0,697.0,309.95,1.0739106939084464,313.6893051771102,336.87429939440887,Medium
15187,13.0,211.0,213.0,334.2753846153846,8.647386095830965,335.4432819125464,2900.7075719504605,High
15188,0.0,0.0,726.0,0.0,0.15103147456557572,470.98914615257866,71.1341852478054,Low
15189,42.0,508.0,510.0,412.4271428571428,13.211009098672273,412.80772428430885,5453.6066015221995,High
15190,0.0,0.0,435.0,0.0,0.23786785123896945,470.98914615257866,112.03317615219082,Low
15191,1.0,225.0,689.0,245.3,0.3031005591238172,259.69768646848684,78.71451397176014,Low
15192,4.0,560.0,680.0,417.5375,1.0761354129114835,421.55627105631964,453.65163181861783,Medium
15193,0.0,0.0,61.0,0.0,0.9202155691366966,470.98914615257866,433.4115451840019,Medium
15194,26.0,733.0,737.0,465.065,5.926546547330787,465.70086808834577,2759.997871857936,High
15195,0.0,0.0,3.0,0.0,1.6763102619058807,470.98914615257866,789.5239389418563,Medium
15196,1.0,294.0,727.0,164.0,0.3058313452298976,177.5463228325624,54.299230752504236,Low
15197,5.0,718.0,729.0,351.91,1.2566674408117118,354.98704074959915,446.1006560201216,Medium
15198,4.0,597.0,690.0,122.6375,1.0697518801274641,125.89024816538105,134.6713296646294,Low
15199,9.0,516.0,576.0,313.5,2.63698222951995,315.163611051293,831.0808417335969,Medium
15200,0.0,0.0,495.0,0.0,0.21264902510097405,470.98914615257866,100.15538276248604,Low
15201,5.0,524.0,612.0,309.978,1.4491509268091887,312.96794900786733,453.53779336632186,Medium
15203,13.0,706.0,732.0,318.8076923076923,3.0391285747127634,319.96324921611,972.4094535506212,High
15204,0.0,0.0,358.0,0.0,0.2805891408857014,470.98914615257866,132.15443988544212,Low
15205,1.0,42.0,128.0,176.94,1.301701109636132,190.62182892664435,248.13264623468189,Low
15206,3.0,265.0,276.0,134.20000000000002,1.8587264426675885,138.58083657249404,257.5838653842903,Low
15207,2.0,131.0,548.0,137.96,0.45225315168301616,144.56224860290305,65.3787325450466,Low
15208,5.0,422.0,424.0,174.024,2.0343323795890793,176.7315758643157,359.53076727658123,Medium
15209,0.0,0.0,731.0,0.0,0.15009037186887023,470.98914615257866,70.6909360922422,Low
15210,2.0,350.0,576.0,437.135,0.6703292219695905,445.295551391646,298.4946205108819,Medium
15211,1.0,305.0,366.0,511.34000000000003,0.6373433282324303,528.523624742796,336.85100604304165,Medium
15212,1.0,135.0,377.0,101.8,0.5445663039645843,114.6949720557543,62.4590170157234,Low
15213,1.0,11.0,330.0,15.149999999999999,0.3783841033572687,27.137583875522438,10.26843034202223,Low
15214,7.0,241.0,243.0,163.78714285714287,4.3636105878348665,165.70480070725344,723.0712228212376,Medium
15215,4.0,566.0,613.0,304.735,1.199631129938989,308.4607588584387,370.0391286911868,Medium
15216,1.0,531.0,619.0,96.6,0.4041544888186598,109.44051829306295,44.23087672678204,Low
15217,0.0,0.0,564.0,0.0,0.18954519214885432,470.98914615257866,89.27372820751535,Low
15218,19.0,672.0,683.0,586.4326315789473,4.675180418750979,587.3691295537426,2746.056653068464,High
15219,1.0,472.0,649.0,305.75,0.3796926732600116,320.7807114597738,121.79808586440994,Low
15220,5.0,229.0,281.0,292.57,2.8045341257492398,295.52379301626024,828.8065624849567,Medium
15221,3.0,271.0,638.0,714.0333333333333,0.6890915167792482,720.4241191453178,496.4381489862009,Medium
15222,10.0,405.0,724.0,311.43500000000006,0.8429152688274544,312.92993510878586,263.7734203763801,Low
15223,3.0,509.0,735.0,295.6333333333334,0.7596686558091796,300.5737665811279,228.33646923018756,Low
15224,3.0,335.0,694.0,258.7866666666667,0.6932164958962953,263.5993736776499,182.7314341412786,Low
15225,0.0,0.0,235.0,0.0,0.3936292762239847,470.98914615257866,185.39511670939208,Low
15226,0.0,0.0,311.0,0.0,0.3151559889210759,470.98914615257866,148.43505012680907,Low
15227,7.0,597.0,634.0,307.7728571428571,1.929128939829527,309.9039988915215,597.8447728305318,Medium
15228,5.0,433.0,500.0,923.9720000000001,1.737718132866631,928.2371995771912,1613.0146133066269,High
15229,0.0,0.0,587.0,0.0,0.1829215228901007,470.98914615257866,86.15405187893789,Low
15230,1.0,1.0,241.0,59.400000000000006,0.532028028896777,71.85096445227097,38.226726991874116,Low
15231,0.0,0.0,622.0,0.0,0.17368610417723312,470.98914615257866,81.80426990500285,Low
15232,1.0,27.0,141.0,301.7,1.14920959748942,316.68830035613917,363.94123418188724,Medium
15233,0.0,0.0,402.0,0.0,0.2544701740471112,470.98914615257866,119.85268999574699,Low
15234,0.0,0.0,277.0,0.0,0.3460055287560892,470.98914615257866,162.96484855290194,Low
15235,11.0,171.0,389.0,231.1027272727273,0.3005618669183198,232.38587677502161,69.84633296895112,Low
15236,0.0,0.0,299.0,0.0,0.32539404287610363,470.98914615257866,153.25706241735162,Low
15237,3.0,226.0,228.0,157.79999999999998,2.163892912295855,162.26264422190815,351.118985762171,Medium
15238,2.0,155.0,185.0,385.925,1.7980429410101146,393.8188155821314,708.1031413944155,Medium
15239,1.0,68.0,79.0,318.8,1.889007214688581,333.9673694603742,630.8667703812138,Medium
15240,11.0,690.0,735.0,355.4736363636364,2.573942077130059,356.8740690627086,918.5731825971243,High
15241,10.0,588.0,655.0,275.452,2.5932663710255146,276.90960596776193,718.1003689701232,Medium
15242,0.0,0.0,423.0,0.0,0.24364794153851851,470.98914615257866,114.75553594706024,Low
15243,1.0,361.0,436.0,316.68,0.5485508744703018,331.8251690802,182.02298667019946,Low
15244,2.0,601.0,667.0,315.78499999999997,0.6240207249302503,323.31347971649274,201.75431199240757,Low
15245,7.0,461.0,596.0,585.5114285714286,1.953757230950896,588.0543661242912,1148.9154700075794,High
15246,2.0,317.0,556.0,257.07500000000005,0.6819560895000123,264.2976789085139,180.23941157238002,Low
15247,2.0,415.0,538.0,332.25,0.7430249184495116,339.8642404097882,252.52759951438807,Low
15248,2.0,123.0,535.0,335.51,0.4514011716444526,343.14122066245403,154.8943490465394,Low
15249,16.0,592.0,624.0,530.3175,4.277548993027747,531.3933352855054,2273.061026252169,High
15250,0.0,0.0,641.0,0.0,0.16905300937395157,470.98914615257866,79.62213253956132,Low
15251,18.0,670.0,680.0,1080.8144444444445,4.454879900096696,1082.0878003374526,4820.571191863164,High
15252,4.0,575.0,612.0,376.34250000000003,1.20345385801131,380.2542642303033,457.6184613132106,Medium
15253,5.0,570.0,587.0,328.726,1.5265176726057192,331.75488814680625,506.42969972943337,Medium
15254,2.0,433.0,561.0,319.005,0.7158834909924859,326.5502516225001,233.7719341159901,Low
15255,7.0,670.0,737.0,495.56857142857143,1.6754421767627807,497.97815303091363,834.3336006944231,Medium
15256,1.0,413.0,562.0,98.45,0.43278359513583453,111.30989126632815,48.173094916420325,Low
15257,1.0,131.0,415.0,317.15,0.48477479233679893,332.3000908625971,161.0907075414149,Low
15258,1.0,49.0,218.0,307.5,0.8118884085225289,322.54903724529487,261.87382451955636,Low
15259,2.0,170.0,683.0,439.91499999999996,0.3641535834551043,448.0900314844101,163.17359067555844,Low
15260,19.0,633.0,734.0,470.2463157894737,4.167942547139761,471.1194065540787,1963.5986193599795,High
15261,3.0,299.0,435.0,213.22333333333336,1.2154095581313384,217.87809842908464,264.81112333819004,Low
15262,2.0,165.0,489.0,145.875,0.6330257601322261,152.5184751979491,96.54812369638981,Low
15263,0.0,0.0,107.0,0.0,0.6791658584450884,470.98914615257866,319.8797477650353,Medium
15264,1.0,466.0,531.0,393.74,0.46449816896859003,409.6921319557761,190.30124513429598,Low
15265,3.0,587.0,739.0,1017.1666666666666,0.7765297616028186,1024.6082416930187,795.638793658163,Medium
15266,4.0,363.0,702.0,160.0525,0.854635593921725,163.40243618323277,139.6495380957139,Low
15267,4.0,160.0,183.0,170.4,3.233002469204369,173.77681452119134,561.8208704374813,Medium
15268,1.0,127.0,606.0,414.30000000000007,0.29589029305513104,430.4674337559558,127.37113512473998,Low
15269,2.0,367.0,391.0,372.03,1.0017906866846815,379.8514411616431,380.53163607948835,Medium
15270,13.0,707.0,723.0,616.1276923076923,3.0779652395955144,617.5204561832787,1900.7064988712968,High
15271,23.0,484.0,492.0,178.09391304347827,7.543946448471271,178.68339594449426,1347.9779702362534,High
15272,5.0,606.0,664.0,324.182,1.3579427742224892,327.2014503695853,444.3208452444968,Medium
15273,0.0,0.0,600.0,0.0,0.1793786941094612,470.98914615257866,84.48541797657973,Low
15274,1.0,14.0,19.0,332.58000000000004,3.202933387808409,347.8916719315063,1114.2738513699112,High
15275,0.0,0.0,38.0,0.0,1.1197433701259325,470.98914615257866,527.3869738056238,Medium
15276,2.0,368.0,435.0,124.015,0.9052460453836316,130.54461374909167,118.1749953424989,Low
15277,1.0,379.0,426.0,255.89999999999998,0.5637228404749004,270.4086883693576,152.43555389666642,Low
15278,1.0,104.0,666.0,238.44,0.23773846062113346,252.765849389244,60.092163931392136,Low
15279,4.0,321.0,676.0,307.10249999999996,0.8177540168269558,310.83440860138296,254.18608620181217,Low
15280,2.0,399.0,572.0,132.31,0.6928070452039264,138.88281963739325,96.21899590257227,Low
15281,14.0,369.0,428.0,341.1392857142857,5.123860149579846,342.22878467343236,1753.532431827342,High
15282,0.0,0.0,571.0,0.0,0.18747901807135953,470.98914615257866,88.30058264295349,Low
15283,2.0,128.0,519.0,24.375,0.4918538690409009,30.385622222826626,14.945285853512456,Low
15284,0.0,0.0,501.0,0.0,0.21041849481150834,470.98914615257866,99.10482720598311,Low
15285,0.0,0.0,408.0,0.0,0.2512810869167688,470.98914615257866,118.35066457122085,Low
15286,0.0,0.0,50.0,0.0,1.005855476197769,470.98914615257866,473.7470118872826,Medium
15287,4.0,715.0,738.0,199.4575,1.01857672145655,202.90979336199652,206.67919207408843,Low
15288,8.0,622.0,666.0,443.57875,2.086202905334108,445.6193072474661,929.6522934526363,High
15289,4.0,592.0,622.0,288.3675,1.1874798406558351,292.050743159329,346.8043699502582,Medium
15290,22.0,649.0,654.0,462.46181818181816,5.611307537904004,463.212126299347,2599.2256959520673,High
15291,37.0,711.0,737.0,360.9508108108108,8.340244870951585,361.36841449137796,3013.9010654856215,High
15292,0.0,0.0,202.0,0.0,0.44139879550640154,470.98914615257866,207.89404180833674,Low
15293,0.0,0.0,666.0,0.0,0.16332092013599586,470.98914615257866,76.92238072370618,Low
15294,0.0,0.0,411.0,0.0,0.24971637656544896,470.98914615257866,117.6137029788766,Low
15295,0.0,0.0,655.0,0.0,0.16579438647773653,470.98914615257866,78.08735652403976,Low
15296,8.0,637.0,688.0,1139.8125,2.0233940247369078,1142.7561416940337,2312.245948835111,High
15297,2.0,53.0,64.0,205.74,3.456463440482877,212.69529201569156,735.1735008150675,Medium
15298,20.0,729.0,732.0,408.296,4.61830469700172,409.0932963005044,1889.3174918165357,High
15299,5.0,629.0,697.0,1332.0040000000001,1.297719137511752,1337.1166720937017,1735.2018944620227,High
15300,0.0,0.0,65.0,0.0,0.8926079489280784,470.98914615257866,420.4086557146402,Medium
15301,13.0,400.0,451.0,544.66,4.611638869320778,545.9957457316914,2517.9352035000525,High
15302,0.0,0.0,731.0,0.0,0.15009037186887023,470.98914615257866,70.6909360922422,Low
15303,2.0,393.0,684.0,460.99,0.5652636497609488,469.27480413009494,265.2639885234318,Low
15304,8.0,361.0,422.0,102.19375000000001,3.080027301652422,103.79149693585538,319.68064424180824,Medium
15305,0.0,0.0,556.0,0.0,0.19196306717883657,470.98914615257866,90.41252110339033,Low
15306,8.0,595.0,660.0,387.15250000000003,2.0930541449287783,389.1198667870021,814.4489500526688,Medium
15307,0.0,0.0,96.0,0.0,0.7244767043350695,470.98914615257866,341.22066438220855,Medium
15308,0.0,0.0,275.0,0.0,0.34800986137346357,470.98914615257866,163.90886746096487,Low
15309,2.0,125.0,736.0,253.605,0.22959781144136945,260.809604835891,59.881314473208974,Low
15310,0.0,0.0,479.0,0.0,0.2188353181305998,470.98914615257866,103.06905963435912,Low
15311,194.0,738.0,739.0,594.8878350515464,43.27657931432783,594.979960490999,25748.69745062436,High
15312,11.0,648.0,724.0,237.14,2.587366363336612,238.42884271986787,616.9027677026617,Medium
15313,0.0,0.0,111.0,0.0,0.6640709759190613,470.98914615257866,312.7702219328283,Medium
15314,1.0,229.0,429.0,327.97,0.5242549872820876,343.2333965765049,179.94181995700333,Low
15315,1.0,52.0,117.0,336.96,1.4234510329061516,352.3175387546963,501.5067644513255,Medium
15316,0.0,0.0,327.0,0.0,0.3024689899456926,470.98914615257866,142.45961131215466,Low
15317,0.0,0.0,678.0,0.0,0.16070547766021034,470.98914615257866,75.69053570522478,Low
15318,0.0,0.0,4.0,0.0,1.652714350685279,470.98914615257866,778.410520863373,Medium
15319,0.0,0.0,284.0,0.0,0.33916901304860636,470.98914615257866,159.7449238571759,Low
15320,0.0,0.0,45.0,0.0,1.0503408506142657,470.98914615257866,494.6991403999862,Medium
15321,6.0,604.0,675.0,1049.6783333333333,1.572974713725428,1053.4489352310522,1657.0485373194213,High
15322,1.0,391.0,477.0,679.68,0.5067805982914797,698.626460591154,354.0503356806439,Medium
15323,2.0,99.0,662.0,163.2,0.23201425529772468,169.93371534440175,39.4270444156069,Low
15324,0.0,0.0,702.0,0.0,0.15571826662618513,470.98914615257866,73.34161343862652,Low
15325,6.0,558.0,662.0,231.085,1.5851305489091672,233.43926018501085,370.03170263401614,Medium
15326,4.0,405.0,739.0,348.18,0.8512802231868539,352.0186102131244,299.66648106815467,Medium
15327,0.0,0.0,53.0,0.0,0.9809434483406048,470.98914615257866,462.0137171579076,Medium
15328,0.0,0.0,408.0,0.0,0.2512810869167688,470.98914615257866,118.35066457122085,Low
15329,9.0,686.0,726.0,294.5188888888889,2.1561939403630506,296.1606183029974,638.5797305590974,Medium
15330,1.0,28.0,61.0,394.56,2.0893140375209733,410.5207188952774,857.7067006811046,High
15331,1.0,110.0,610.0,402.32,0.2774925650130586,418.36198066421684,116.09233911845715,Low
15332,3.0,147.0,514.0,1615.8366666666668,0.5816729848285164,1625.353486840255,945.4242140918079,High
15333,0.0,0.0,209.0,0.0,0.43031809564522433,470.98914615257866,202.6751524419479,Low
15334,2.0,17.0,174.0,118.58500000000001,1.2293013051641488,125.08633069020348,153.76878957566146,Low
15335,0.0,0.0,54.0,0.0,0.9729137947226096,470.98914615257866,458.2318374564671,Medium
15336,0.0,0.0,402.0,0.0,0.2544701740471112,470.98914615257866,119.85268999574699,Low
15337,0.0,0.0,412.0,0.0,0.24919913437712668,470.98914615257866,117.3700875222446,Low
15338,0.0,0.0,678.0,0.0,0.16070547766021034,470.98914615257866,75.69053570522478,Low
15339,5.0,603.0,670.0,338.48799999999994,1.3446721818626495,341.53716358281656,459.2555229420866,Medium
15340,0.0,0.0,562.0,0.0,0.1901439270762651,470.98914615257866,89.55572585974828,Low
15341,1.0,369.0,450.0,2020.52,0.5331892117775572,2053.507572738668,1094.908084087775,High
15342,0.0,0.0,130.0,0.0,0.6006990184031485,470.98914615257866,282.9227177723911,Medium
15343,0.0,0.0,88.0,0.0,0.7614498189468767,470.98914615257866,358.6346000638251,Medium
15344,2.0,74.0,75.0,127.625,3.216783435092268,134.17341703501918,431.60682534797644,Medium
15345,0.0,0.0,46.0,0.0,1.04112876043265,470.98914615257866,490.3603459110665,Medium
15346,2.0,99.0,432.0,166.82,0.5757577254293011,173.57257071699388,99.93574851293292,Low
15347,2.0,71.0,438.0,396.45000000000005,0.4439275427216922,404.3986367966431,179.52369311313586,Low
15348,0.0,0.0,73.0,0.0,0.842115185657118,470.98914615257866,396.62711225476625,Medium
15349,1.0,29.0,188.0,107.7,0.8779687009876422,120.65675613265411,105.93285544716906,Low
15350,1.0,10.0,384.0,231.3,0.2943946247840981,245.5510801843178,72.28891811619224,Low
15351,9.0,420.0,433.0,339.8333333333333,3.422522143446988,341.52730174582007,1168.8847528167703,High
15352,0.0,0.0,549.0,0.0,0.19412993256033761,470.98914615257866,91.4330911792511,Low
15353,6.0,483.0,738.0,481.7266666666667,1.285308097566366,484.51459059286276,622.7505266780591,Medium
15355,1.0,24.0,54.0,150.8,2.2137583529229943,164.20809405034592,363.5170398215179,Medium
15356,12.0,391.0,423.0,271.9325,4.5576772172852,273.1439195447836,1244.9018191492419,High
15358,29.0,728.0,733.0,572.5520689655172,6.627282525008023,573.1605590717254,3798.4969571598745,High
15359,3.0,31.0,694.0,51.833333333333336,0.017734271673180584,55.92865196556973,0.9918539082721788,Low
15360,0.0,0.0,40.0,0.0,1.0989862711322556,470.98914615257866,517.6106054739873,Medium
15361,3.0,182.0,544.0,205.89000000000001,0.6528753620653482,210.51934463971864,137.44289335341614,Low
15362,1.0,290.0,739.0,302.33,0.2987826356816387,317.32489763892676,94.81116928396474,Low
15363,1.0,120.0,493.0,652.0,0.38307874486716453,670.656599023597,256.91428819084075,Low
15364,1.0,159.0,255.0,581.39,0.8302087473460483,599.307179757513,497.55006298197793,Medium
15365,5.0,648.0,674.0,649.6279999999999,1.3468151221218247,653.3233937774754,879.9058263754556,High
15366,6.0,576.0,652.0,345.41499999999996,1.6201677837067574,347.9670755609979,563.7650456145838,Medium
15367,8.0,672.0,730.0,536.96375,1.9155903601134865,539.1254368839463,1032.7434897868595,High
15368,1.0,373.0,395.0,446.94000000000005,0.6046834731715844,463.4492358356184,280.2400935637985,Low
15369,7.0,239.0,732.0,848.3285714285714,0.09460661358470707,851.2611811689995,80.53493762651685,Low
15370,7.0,370.0,411.0,340.86428571428576,2.810039086555582,343.0444912691422,963.9684288938647,High
15371,0.0,0.0,663.0,0.0,0.16398814708697973,470.98914615257866,77.23663737564006,Low
15372,5.0,526.0,664.0,1116.964,1.3263634025838071,1121.6300392562025,1487.689035308066,High
15373,14.0,578.0,587.0,221.39928571428572,3.9911727188707307,222.40008272927534,887.6371428636772,High
15374,1.0,496.0,625.0,168.0,0.3971642315548587,181.588210342325,72.12034202003156,Low
15375,0.0,0.0,691.0,0.0,0.15796506575815872,470.98914615257866,74.39983144337111,Low
15376,2.0,182.0,223.0,289.595,1.559114353397712,296.9870647418553,463.0367954124822,Medium
15377,2.0,33.0,416.0,453.7250000000001,0.28874852855708383,461.9719631682492,133.3937245994593,Low
15378,1.0,39.0,502.0,136.5,0.2548187447573316,149.75834620294467,38.16123379636825,Low
15379,7.0,231.0,401.0,529.0414285714286,2.1835475734807295,531.5006395142511,1160.556931714799,High
15380,10.0,730.0,739.0,321.564,2.3530363764100994,323.06944303945954,760.1941515783989,Medium
15381,4.0,370.0,584.0,385.2675,1.1508017118431848,389.20244752735863,447.8948428680416,Medium
15382,9.0,721.0,736.0,1356.7055555555555,2.1372158663930465,1359.5717856391009,2905.6983917682123,High
15384,3.0,423.0,593.0,583.7633333333333,0.9300959820081729,589.7025478534033,548.4799703384327,Medium
15385,2.0,637.0,678.0,317.14,0.6173210597822536,324.67553745954865,200.42904686990136,Low
15386,0.0,0.0,187.0,0.0,0.46718489057148954,470.98914615257866,220.03901270565174,Low
15387,0.0,0.0,493.0,0.0,0.21340309365648688,470.98914615257866,100.51054086758754,Low
15388,0.0,0.0,271.0,0.0,0.35208918762020525,470.98914615257866,165.83018584679553,Low
15389,4.0,509.0,682.0,469.75,1.0524708998113737,473.90439659105385,498.77058670475253,Medium
15390,1.0,13.0,410.0,381.77000000000004,0.2741676272435103,397.5967835828116,109.00816675455093,Low
15391,0.0,0.0,585.0,0.0,0.1834790440497688,470.98914615257866,86.41663829389198,Low
15392,6.0,427.0,432.0,420.035,2.3594063044646854,422.71618413579165,997.3592298492416,High
15393,4.0,708.0,725.0,175.875,1.0359232941650793,179.26603620762026,185.70586276011437,Low
15394,9.0,715.0,725.0,554.3777777777777,2.168003502407095,556.3190754254078,1206.1017039781611,High
15395,0.0,0.0,326.0,0.0,0.303231865302198,470.98914615257866,142.81891732493597,Low
15396,1.0,471.0,584.0,288.18,0.42291526200222235,303.02672057314163,128.1546249248644,Low
15397,0.0,0.0,290.0,0.0,0.3335210776577994,470.98914615257866,157.08480758993483,Low
15398,1.0,62.0,79.0,710.6800000000001,1.8790381160434337,729.9510887918141,1371.6059186872235,High
15399,2.0,78.0,80.0,255.3,3.106272065884505,262.513433525544,815.4381454798262,Medium
15400,7.0,468.0,561.0,158.32857142857142,2.1107329552325287,160.2381359958526,338.21991433147775,Medium
15401,1.0,116.0,569.0,80.75,0.31256926370482047,93.42453903562874,29.201639378328732,Low
15402,5.0,443.0,592.0,249.296,1.4503270670711452,252.1599139732453,365.71434846572913,Medium
15403,1.0,239.0,731.0,75.12,0.2864400812288806,87.73558236563791,25.130987339476466,Low
15404,0.0,0.0,376.0,0.0,0.2692811004844868,470.98914615257866,126.82847559221516,Low
15405,1.0,387.0,577.0,349.1,0.4175109555541054,364.5846673468257,152.21809284434886,Low
15406,2.0,422.0,454.0,255.35500000000002,0.8804802640224154,262.56872000219937,231.18657591156418,Low
15407,3.0,272.0,306.0,297.1466666666667,1.6987693463634292,302.09234577220616,513.1852167688457,Medium
15408,0.0,0.0,265.0,0.0,0.3583911826236957,470.98914615257866,168.79835709254732,Low
15409,0.0,0.0,722.0,0.0,0.151792902635453,470.98914615257866,71.49280960429351,Low
15410,9.0,515.0,600.0,422.6933333333334,2.518969925619999,424.4828236805738,1069.259466793622,High
15411,3.0,156.0,183.0,400.82666666666665,2.521272443195731,406.1317448014968,1023.9687764750149,High
15412,0.0,0.0,172.0,0.0,0.4961843217924707,470.98914615257866,233.6974300553321,Low
15413,4.0,47.0,739.0,1557.1200000000001,0.005615488901584804,1564.098914430728,8.783180094966593,Low
15414,2.0,233.0,243.0,369.35,1.4791105847625212,377.1574819355252,557.8576236532147,Medium
15415,0.0,0.0,314.0,0.0,0.3126965660627465,470.98914615257866,147.27668865473638,Low
15416,5.0,612.0,677.0,836.758,1.3327803354304075,840.8420582253977,1120.65776040564,High
15417,0.0,0.0,86.0,0.0,0.7712946225764735,470.98914615257866,363.2713957193687,Medium
15418,1.0,161.0,587.0,245.83,0.33516246001693156,260.23323656353034,87.22041174480093,Low
15419,0.0,0.0,25.0,0.0,1.2767283230446989,470.98914615257866,601.3251827396364,Medium
15420,5.0,300.0,735.0,129.178,0.5648051650176352,131.7924318156248,74.43704619969941,Low
15421,8.0,674.0,733.0,445.53625,1.908129535538161,447.5793463197305,854.0393702095411,High
15422,5.0,347.0,671.0,264.196,0.9908597879221597,267.0908609099954,264.64959379722507,Low
15423,2.0,583.0,622.0,56.67,0.6671366010126345,62.84883610621412,41.928758897499826,Low
15424,1.0,209.0,464.0,383.34000000000003,0.4740409324505071,399.1832244303934,189.22918792758375,Low
15425,3.0,263.0,664.0,393.96000000000004,0.6242169770085174,399.2412753441814,249.21318199237007,Low
15426,6.0,567.0,587.0,367.97,1.799164766820088,370.56110053961595,666.7004760449533,Medium
15427,1.0,14.0,48.0,1112.1100000000001,2.3030006013821946,1135.5848145528123,2615.252510835615,High
15428,3.0,707.0,723.0,192.76999999999998,0.8116954949695002,197.35386513292565,160.19124324321407,Low
15429,1.0,49.0,76.0,154.29,1.8970052934908161,167.73464090261373,318.1935016940394,Medium
15430,1.0,61.0,529.0,118.00000000000001,0.2740113261516274,131.06461647029275,35.91318937057934,Low
15431,0.0,0.0,503.0,0.0,0.20968535883570338,470.98914615257866,98.759528118725,Low
15432,1.0,518.0,542.0,171.19,0.4599258094111384,184.81161563136064,84.99963190783375,Low
15433,1.0,54.0,268.0,160.66,0.6593644524928486,174.17134676191066,114.8423946976093,Low
15434,9.0,676.0,685.0,253.52333333333334,2.2829936367605215,255.1178026124796,582.4323199886177,Medium
15435,0.0,0.0,23.0,0.0,1.304922566593975,470.98914615257866,614.6043654353277,Medium
15436,2.0,222.0,235.0,316.74,1.5163307123013383,324.27345399296394,491.7057974735663,Medium
15437,1.0,378.0,641.0,200.16,0.3720916814363771,214.0849859208161,79.65924238155958,Low
15438,0.0,0.0,132.0,0.0,0.5947283476781539,470.98914615257866,280.11059666566763,Low
15439,2.0,249.0,654.0,260.1,0.5058427119156209,267.33843512456116,135.2311990226863,Low
15440,2.0,154.0,209.0,128.94,1.621174500692988,135.4952664314166,219.66147090321522,Low
15441,2.0,334.0,731.0,476.32000000000005,0.49334619029295246,484.6846529869561,239.11732704457648,Low
15442,0.0,0.0,249.0,0.0,0.3763580222434169,470.98914615257866,177.26054354410013,Low
15443,13.0,641.0,643.0,366.8969230769231,3.428851229993477,368.0908463938711,1262.128751406965,High
15444,1.0,31.0,41.0,1075.36,2.542370082705368,1098.4499730568684,2792.6663488482995,High
15445,1.0,326.0,591.0,113.5,0.3960002773664019,126.51749302180986,50.100962328338525,Low
15446,2.0,350.0,727.0,141.76,0.5058217547285243,148.3820415354583,75.0548646196663,Low
15447,3.0,295.0,626.0,130.52666666666667,0.7544138671432418,134.89476990163888,101.76648501889316,Low
15448,1.0,362.0,675.0,494.64,0.34891662221371994,511.6487443895371,178.5227516522883,Low
15449,2.0,235.0,262.0,314.29999999999995,1.386744990640431,321.8207448467968,446.28330580046776,Medium
15450,0.0,0.0,31.0,0.0,1.1990808315035197,470.98914615257866,564.7540569977668,Medium
15451,1.0,165.0,600.0,122.95,0.32835078157694597,136.06645226362394,44.67752594716313,Low
15452,5.0,482.0,512.0,184.732,1.7185668182108045,187.46181611926332,322.16565686410127,Medium
15453,6.0,186.0,188.0,198.54666666666665,4.598206168320036,200.8446285691416,923.5250099605736,High
15454,1.0,256.0,619.0,179.1,0.3574881767520861,192.80444818191614,68.92531065024527,Low
15455,0.0,0.0,598.0,0.0,0.17991477755340504,470.98914615257866,84.73790746010937,Low
15456,8.0,448.0,732.0,238.4825,1.3697648888820224,240.25702700485823,329.0956398984347,Medium
15457,0.0,0.0,263.0,0.0,0.36054241492655426,470.98914615257866,169.8115641580465,Low
15458,1.0,377.0,403.0,161.64,0.5939491069969489,175.16160920180246,104.03708136555912,Low
15459,1.0,80.0,498.0,105.0,0.3306051411401915,117.92848206356437,38.987762457073245,Low
15460,0.0,0.0,355.0,0.0,0.28256697191864344,470.98914615257866,133.08597683488154,Low
15461,1.0,171.0,632.0,219.7,0.31041259827693546,233.82960640600632,72.58365567856157,Low
15462,3.0,351.0,446.0,78.2,1.2181603379801533,82.3867167264265,100.36023069253885,Low
15463,0.0,0.0,30.0,0.0,1.2113523663161674,470.98914615257866,570.5338167011573,Medium
15464,0.0,0.0,339.0,0.0,0.29360567524554027,470.98914615257866,138.28508628944832,Low
15465,31.0,710.0,730.0,394.15645161290325,7.0843337639121025,394.6660132572063,2795.945763186608,High
15466,3.0,651.0,737.0,275.59999999999997,0.7897315393787983,280.47098918381437,221.496786039228,Low
15467,2.0,143.0,153.0,118.22999999999999,2.0757198683188176,124.72948161360948,258.90346315047583,Low
15468,1.0,341.0,393.0,467.51,0.6025021656362555,484.23464235457243,291.7524206947275,Medium
15469,2.0,388.0,439.0,269.275,0.9021793273017074,276.5612246393492,249.5078196028644,Low
15470,0.0,0.0,576.0,0.0,0.18603057093230413,470.98914615257866,87.61837976168265,Low
15471,2.0,548.0,551.0,523.655,0.7471700343967227,532.2662052139307,397.69335885790565,Medium
15472,0.0,0.0,114.0,0.0,0.6531853826149943,470.98914615257866,307.64322563718156,Medium
15473,4.0,430.0,445.0,366.3,1.5979249695140163,370.18567815067547,591.5289384734435,Medium
15474,0.0,0.0,596.0,0.0,0.18045407771573524,470.98914615257866,84.99191198308522,Low
15475,0.0,0.0,78.0,0.0,0.8133788715032176,470.98914615257866,383.09262018784847,Medium
15476,2.0,62.0,443.0,686.2749999999999,0.3909885811356445,695.7332385539669,272.0237517911224,Low
15477,0.0,0.0,650.0,0.0,0.16694364778258103,470.98914615257866,78.62864612471466,Low
15478,2.0,535.0,576.0,720.71,0.7140571069311931,730.3475989835831,521.5098935843605,Medium
15479,0.0,0.0,734.0,0.0,0.14953132253563808,470.98914615257866,70.42762992412602,Low
15480,2.0,560.0,677.0,1387.03,0.6098440127204381,1400.1382376204851,853.865921193799,High
15481,0.0,0.0,402.0,0.0,0.2544701740471112,470.98914615257866,119.85268999574699,Low
15482,14.0,722.0,738.0,845.7742857142857,3.2432222279289573,847.2376121796102,2747.7798561583654,High
15483,5.0,523.0,685.0,137.38799999999998,1.277367096900801,140.01948378547164,178.8562815125967,Low
15484,5.0,733.0,735.0,793.3,1.2485087866454614,797.2937970188685,995.4283111159804,High
15485,5.0,708.0,739.0,973.934,1.2381935353313345,978.302969433158,1211.3284123475844,High
15486,0.0,0.0,528.0,0.0,0.20093465781041323,470.98914615257866,94.63804291458709,Low
15487,0.0,0.0,680.0,0.0,0.16027769896648442,470.98914615257866,75.48905658352453,Low
15488,4.0,491.0,584.0,98.485,1.2385663053388898,101.67501039707521,125.93124197279865,Low
15489,7.0,671.0,694.0,315.08714285714285,1.782236135544235,317.2291293082638,565.3772175004225,Medium
15490,0.0,0.0,431.0,0.0,0.23976378997776246,470.98914615257866,112.92614271993254,Low
15491,4.0,140.0,236.0,519.41,2.4789002580559947,523.6933918327087,1298.1836841563206,High
15492,1.0,46.0,75.0,171.72,1.9050928871187283,185.34716572640417,353.1035670729887,Medium
15493,7.0,622.0,655.0,552.8528571428571,1.8748792391438975,555.34737267563,1041.2092595426477,High
15494,4.0,708.0,730.0,715.5725,1.0288551001126551,720.3654373238709,741.1516541355478,Medium
15495,0.0,0.0,380.0,0.0,0.26689108588693405,470.98914615257866,125.70280465762161,Low
15496,0.0,0.0,632.0,0.0,0.17121640184758077,470.98914615257866,80.64106691350887,Low
15497,8.0,704.0,722.0,1048.17375,1.9473263044399365,1050.9985271175492,2046.6370777836335,High
15498,30.0,721.0,724.0,754.0953333333333,6.930436479918758,754.7462683335581,5230.721071141443,High
15499,0.0,0.0,724.0,0.0,0.1514112306876721,470.98914615257866,71.3130462594978,Low
15500,3.0,73.0,82.0,241.84666666666666,4.239129870825952,246.60065242421445,1045.3721918566557,High
15501,1.0,11.0,416.0,166.1,0.2609521709537018,179.66831377518776,46.884836531226135,Low
15502,7.0,539.0,555.0,1160.9014285714286,2.179607633704116,1164.2974820115041,2537.7116796947553,High
15503,1.0,364.0,727.0,147.09,0.32138264508473724,160.4592433850411,51.56881606738014,Low
15504,3.0,584.0,666.0,92.04666666666667,0.8652728326380827,96.28138183598391,83.30966399153064,Low
15505,4.0,103.0,156.0,666.7,3.4974518657876814,671.3659876672505,2348.0702261932147,High
15506,5.0,455.0,478.0,368.73,1.8271703801138808,371.8419754795412,679.4186436792496,Medium
15507,0.0,0.0,172.0,0.0,0.4961843217924707,470.98914615257866,233.6974300553321,Low
15508,3.0,46.0,236.0,229.61666666666665,1.119239917203438,234.32825803640364,262.2695401230903,Low
15509,0.0,0.0,381.0,0.0,0.2663002075856835,470.98914615257866,125.42450739103553,Low
15510,0.0,0.0,331.0,0.0,0.2994555671014377,470.98914615257866,141.04032185974236,Low
15511,4.0,74.0,86.0,176.5825,5.272907976110085,179.97537398719075,948.9935850004537,High
15512,3.0,521.0,677.0,97.52666666666669,0.8368460528755302,101.78037784949196,85.17450746352738,Low
15513,26.0,662.0,696.0,1018.3480769230769,6.20394480615849,1019.2045663415485,6323.088875767666,High
15514,14.0,723.0,736.0,349.2857142857143,3.2525043774541507,350.3812480206437,1139.616542964992,High
15515,0.0,0.0,388.0,0.0,0.26223631616077103,470.98914615257866,123.51045863875922,Low
15516,1.0,2.0,47.0,8.67,2.2541487540799627,20.589726109707065,46.41230545704386,Low
15517,0.0,0.0,234.0,0.0,0.3949239782997329,470.98914615257866,186.0049073345707,Low
15518,13.0,655.0,720.0,305.79153846153844,3.0561733640219377,306.9367108604107,938.0518001720902,High
15519,1.0,63.0,447.0,197.5,0.3562298306816196,211.397130726824,75.30596408539672,Low
15520,0.0,0.0,2.0,0.0,1.7005997199183167,470.98914615257866,800.9640100316424,Medium
15521,10.0,663.0,704.0,636.517,2.447507063051498,638.3491785799341,1562.3641232675109,High
15522,1.0,55.0,88.0,138.94,1.7439563384614833,152.22389758389986,265.47183105675384,Low
15523,14.0,653.0,738.0,1175.8707142857143,3.1792894429400125,1177.578572193945,3743.863122808583,High
15524,1.0,582.0,607.0,440.0,0.4159054757264063,456.43656100618034,189.8344650442003,Low
15525,3.0,380.0,383.0,379.95,1.4226091092152375,385.18271071840627,547.9644329802225,Medium
15526,0.0,0.0,34.0,0.0,1.163728872765088,470.98914615257866,548.1036681367317,Medium
15527,17.0,706.0,725.0,298.8,3.972008936449353,299.67129100410585,1190.297045865623,High
15528,0.0,0.0,255.0,0.0,0.36941268144408845,470.98914615257866,173.98936341128575,Low
15529,11.0,372.0,395.0,390.08090909090913,4.461176694428429,391.51397684593525,1746.6130290480778,High
15530,4.0,491.0,513.0,375.5875,1.4102991209412101,379.49730306623866,535.2047129138764,Medium
15531,1.0,22.0,31.0,485.13,2.800526531800225,502.0391568350766,1405.9739787192461,High
15532,9.0,524.0,550.0,373.9844444444445,2.771298370236006,375.7177826397857,1041.226078698324,High
15533,2.0,70.0,90.0,178.95499999999998,2.871225110330987,185.7707778845092,533.3897222277232,Medium
15534,0.0,0.0,726.0,0.0,0.15103147456557572,470.98914615257866,71.1341852478054,Low
15535,4.0,276.0,450.0,215.71,1.438456286053631,219.20451034075197,315.31610583096284,Medium
15536,0.0,0.0,410.0,0.0,0.25023577369087,470.98914615257866,117.85833338749278,Low
15537,0.0,0.0,164.0,0.0,0.5131798433937811,470.98914615257866,241.702136262751,Low
15538,5.0,126.0,664.0,562.5,0.04590080572950398,566.0144310455855,25.980518439519148,Low
15539,0.0,0.0,8.0,0.0,1.5647000965030486,470.98914615257866,736.9567624368283,Medium
15540,1.0,364.0,376.0,213.3,0.631829296818743,227.3625863903862,143.65434308192843,Low
15541,0.0,0.0,115.0,0.0,0.6496361742178599,470.98914615257866,305.97158700469765,Medium
15542,1.0,225.0,738.0,377.71999999999997,0.2775491195840291,393.50437247917694,109.21679213406142,Low
15543,1.0,171.0,460.0,127.86,0.4584243081017364,141.0278691818575,64.65060335275523,Low
15544,19.0,671.0,681.0,405.2215789473684,4.688259186164106,406.0591832854652,1903.7106961643767,High
15545,1.0,317.0,372.0,157.39000000000001,0.6300755848673009,170.86710372267976,107.65919031264922,Low
15546,0.0,0.0,607.0,0.0,0.1775273221803609,470.98914615257866,83.61344189248192,Low
15547,22.0,726.0,734.0,431.0377272727273,5.051463252698498,431.77322573363824,2181.086583292567,High
15548,0.0,0.0,596.0,0.0,0.18045407771573524,470.98914615257866,84.99191198308522,Low
15549,7.0,620.0,698.0,296.39428571428573,1.754512039751742,298.50855674906995,523.7368567851594,Medium
15550,9.0,732.0,737.0,228.7166666666667,2.136956808258796,230.2825385430277,492.1038385626416,Medium
15551,3.0,514.0,551.0,457.3866666666667,1.032269734180947,462.887805846025,477.82507229627805,Medium
15552,1.0,406.0,624.0,90.12,0.38731182130931796,102.89266052724759,39.85154374816963,Low
15553,0.0,0.0,61.0,0.0,0.9202155691366966,470.98914615257866,433.4115451840019,Medium
15554,0.0,0.0,278.0,0.0,0.3450120167350719,470.98914615257866,162.4969151744307,Low
15555,31.0,721.0,734.0,360.0535483870968,7.058573721233693,360.55170555927344,2544.9807940066758,High
15556,0.0,0.0,25.0,0.0,1.2767283230446989,470.98914615257866,601.3251827396364,Medium
15557,0.0,0.0,29.0,0.0,1.2238805039598608,470.98914615257866,576.4344335528425,Medium
15558,0.0,0.0,640.0,0.0,0.16929068055456473,470.98914615257866,79.7340730859834,Low
15559,0.0,0.0,569.0,0.0,0.18806473826444375,470.98914615257866,88.57645049657854,Low
15560,0.0,0.0,398.0,0.0,0.2566416587623721,470.98914615257866,120.87543572767109,Low
15561,6.0,652.0,664.0,266.3533333333333,1.6126203648396098,268.7686152853237,433.4217424388554,Medium
15562,2.0,375.0,727.0,156.435,0.5178311533655684,163.1334787157869,84.47559743593334,Low
15563,5.0,658.0,681.0,487.64,1.3348476725008775,490.99894865061174,655.4088038066469,Medium
15564,1.0,213.0,677.0,35.7,0.3047677075178086,47.90278095692769,14.59922073597059,Low
15565,1.0,20.0,71.0,84.36000000000001,1.8823322150693542,97.07234251318948,182.722397504823,Low
15566,1.0,332.0,725.0,89.65,0.3160047590184402,102.41773874485048,32.36449285128005,Low
15567,0.0,0.0,19.0,0.0,1.3652688327800393,470.98914615257866,643.0268018197984,Medium
15568,2.0,71.0,74.0,264.99,3.2350957007789276,272.2539055035599,880.7674392148391,High
15569,8.0,546.0,650.0,415.89375,2.091114108984356,417.8983970479057,873.8732341888219,High
15570,22.0,614.0,622.0,389.4831818181819,5.868212972205405,390.1990963060552,2289.771398686019,High
15571,12.0,722.0,734.0,327.7808333333333,2.8139377912366528,329.0405259031759,925.8995706873294,High
15572,7.0,600.0,605.0,529.9371428571428,2.0215305674762236,532.3976818523951,1076.2581879180982,High
15573,4.0,698.0,730.0,232.275,1.027571228737597,235.81253905960037,242.31418051320617,Low
15574,4.0,287.0,465.0,341.43249999999995,1.4002975512290756,345.2535831210368,483.4577469974519,Medium
15575,0.0,0.0,620.0,0.0,0.17418862641869573,470.98914615257866,82.040952426432,Low
15576,0.0,0.0,38.0,0.0,1.1197433701259325,470.98914615257866,527.3869738056238,Medium
15577,3.0,575.0,727.0,91.02666666666666,0.7877212586080417,95.25784608164481,75.03663040772436,Low
15578,0.0,0.0,163.0,0.0,0.515386855296632,470.98914615257866,242.7416149144233,Low
15579,4.0,364.0,433.0,159.2175,1.611873127703474,162.56526721370432,262.0345857197046,Low
15580,7.0,294.0,671.0,183.07142857142858,0.5181484858681042,185.01767873373853,95.86663009471798,Low
15581,27.0,617.0,738.0,255.48925925925926,4.908815483718524,256.02109572808655,1256.7603188686137,High
15582,2.0,196.0,221.0,189.65,1.5816392388931573,196.52148457231937,310.82609128511655,Medium
15583,0.0,0.0,377.0,0.0,0.26867958599642533,470.98914615257866,126.5451687970847,Low
15584,5.0,647.0,671.0,184.092,1.352619082772575,186.820486854866,252.69695557275477,Low
15585,0.0,0.0,177.0,0.0,0.4861243712998185,470.98914615257866,228.95930256246064,Low
15586,2.0,108.0,701.0,229.44,0.22082874798079427,236.5187374108389,52.2301366564338,Low
15587,6.0,441.0,492.0,223.32000000000002,2.086741774880075,225.66082507266466,470.8958706330344,Medium
15588,0.0,0.0,678.0,0.0,0.16070547766021034,470.98914615257866,75.69053570522478,Low
15589,1.0,55.0,311.0,293.58,0.5551676871792849,308.4832687113211,171.25994282397,Low
15590,3.0,224.0,607.0,371.8666666666666,0.6411608989186123,377.0713571096733,241.76341028089917,Low
15591,2.0,91.0,674.0,88.3,0.2027291727752601,94.64358622640442,19.18701594416297,Low
15592,0.0,0.0,47.0,0.0,1.032078349029399,470.98914615257866,486.0977003719197,Medium
15593,0.0,0.0,71.0,0.0,0.854190966359199,470.98914615257866,402.31467389676516,Medium
15594,4.0,219.0,235.0,375.9675,2.6933317153898564,379.8782901421917,1023.1382468280348,High
15595,0.0,0.0,488.0,0.0,0.21531189999686415,470.98914615257866,101.40956793601245,Low
15596,7.0,285.0,500.0,360.6557142857143,1.7123048150872175,362.86526408038185,621.3359389127326,Medium
15597,1.0,540.0,576.0,324.57,0.4349424044184306,339.7977921932067,147.79246875258755,Low
15598,1.0,374.0,428.0,240.68,0.5604681637457913,255.02930639471106,142.9358070564065,Low
15599,2.0,419.0,446.0,380.87,0.8949831373604968,388.73748577316644,347.9134946269,Medium
15600,3.0,165.0,594.0,290.2766666666667,0.46810016043804725,295.19853142680466,138.1824799219632,Low
15601,26.0,727.0,739.0,575.2757692307692,5.905961893779718,575.9555838042255,3401.571730457407,High
15602,13.0,729.0,738.0,219.17000000000002,3.023511282423198,220.2460642580477,665.916460193512,Medium
15603,1.0,570.0,649.0,48.480000000000004,0.38824424909235844,60.816611550619136,23.61169968381178,Low
15604,0.0,0.0,53.0,0.0,0.9809434483406048,470.98914615257866,462.0137171579076,Medium
15605,8.0,658.0,695.0,226.1375,2.010233596443479,227.89601431157402,458.12422446469003,Medium
15606,16.0,586.0,648.0,308.068125,4.090345578092081,308.99991393052824,1263.9164315765697,High
15607,8.0,364.0,701.0,168.15375,0.8405927344998396,169.83705361864418,142.763793320692,Low
15608,3.0,387.0,416.0,364.56,1.3189976017719514,369.73936242499593,487.68533231926,Medium
15609,0.0,0.0,185.0,0.0,0.4708533465492197,470.98914615257866,221.76681565430118,Low
15610,0.0,0.0,52.0,0.0,0.9891079619975823,470.98914615257866,465.8591144739585,Medium
15611,23.0,674.0,684.0,122.47086956521738,5.622983109230326,123.03527850440017,691.8252928696911,Medium
15612,1.0,25.0,62.0,125.5,2.0596127150760366,138.64315555109758,285.55120603130536,Medium
15613,0.0,0.0,611.0,0.0,0.17648646770346707,470.98914615257866,83.1232107311406,Low
15614,2.0,189.0,627.0,909.69,0.4606625663211146,920.3119327715555,423.9532567664898,Medium
15615,37.0,727.0,738.0,560.2937837837837,8.35984560768721,560.767237208173,4687.927524909637,High
15616,0.0,0.0,439.0,0.0,0.23600170276351695,470.98914615257866,111.15424047514351,Low
15617,2.0,111.0,508.0,311.70000000000005,0.46145495201114023,319.20720231399594,147.29974422541534,Low
15618,2.0,104.0,137.0,277.01,2.202690633446216,284.33651367443207,626.3053754174234,Medium
15619,0.0,0.0,11.0,0.0,1.5046783775233217,470.98914615257866,708.6871842639566,Medium
15620,3.0,353.0,410.0,517.7266666666666,1.3251766922770405,523.4369699801625,693.6464724938284,Medium
15621,2.0,17.0,22.0,364.875,5.094368571006657,372.6591731531081,1898.4631794085217,High
15622,8.0,559.0,646.0,752.615,2.1179315467545075,755.0564080117397,1599.1577861072062,High
15623,7.0,588.0,730.0,304.2642857142857,1.646768261228206,306.3902253947404,504.55369873061477,Medium
15624,3.0,140.0,257.0,134.74333333333334,1.7973052138441046,139.12605333052431,250.0519810325043,Low
15625,8.0,439.0,543.0,341.03375,2.430712303762538,342.9412961795981,833.5916280920218,Medium
15626,2.0,347.0,422.0,337.9,0.9263332938411085,345.543669375298,320.08860541836276,Medium
15627,1.0,65.0,523.0,286.74,0.2854726371027556,301.5716410696271,86.09045165155213,Low
15628,16.0,722.0,727.0,335.37375000000003,3.7435987534489095,336.3232365089877,1259.059248950949,High
15629,2.0,82.0,533.0,532.3499999999999,0.324382849734968,541.006494568817,175.49322843335833,Low
15630,2.0,599.0,645.0,593.175,0.6451201217997746,602.1483117063628,388.45799218953744,Medium
15631,0.0,0.0,643.0,0.0,0.16857966503442323,470.98914615257866,79.39919249325072,Low
15632,7.0,259.0,275.0,412.95428571428573,3.94173410732556,415.2413772496236,1636.7710994776812,High
15633,12.0,222.0,732.0,346.71416666666664,0.0010751364186053452,347.9902244388331,0.37413696361283727,Low
15634,1.0,366.0,384.0,243.55,0.6198522257011236,257.9293606829657,159.87808829300417,Low
15635,0.0,0.0,396.0,0.0,0.2577413805074567,470.98914615257866,121.39339273339391,Low
15636,3.0,480.0,570.0,351.87999999999994,0.9904428994955669,357.0154081455649,353.6033760082865,Medium
15637,4.0,672.0,725.0,127.17750000000001,1.0309433525436096,130.4420411254518,134.47835519050466,Low
15638,4.0,232.0,611.0,509.45,0.6713558850830255,513.7075200524654,344.88056679862893,Medium
15639,2.0,471.0,606.0,335.41999999999996,0.6686808965917257,343.0507518824724,229.39148434523727,Low
15640,23.0,721.0,726.0,977.4730434782609,5.329925933643192,978.4228734684223,5214.921447369035,High
15641,11.0,628.0,734.0,472.28636363636366,2.5219339773434224,473.79695207988635,1194.8846318120186,High
15642,0.0,0.0,730.0,0.0,0.15027765235295168,470.98914615257866,70.77914316753076,Low
15643,1.0,91.0,283.0,326.9,0.6873911367855517,342.15219166764336,235.19238398408936,Low
15644,2.0,95.0,262.0,287.19,1.175380672829135,294.5695378990144,346.2313416507109,Medium
15645,2.0,407.0,426.0,314.855,0.9324352608393386,322.37863565668323,300.5972072275695,Medium
15646,4.0,253.0,411.0,220.8,1.5620606709098916,224.30773196338635,350.3822862810034,Medium
15647,0.0,0.0,416.0,0.0,0.24715144864408414,470.98914615257866,116.40564976725008,Low
15648,1.0,63.0,268.0,340.5,0.6795445028754069,355.89460920083616,241.84622528541942,Low
15649,3.0,51.0,388.0,544.0,0.3168347377610716,549.8013778746093,174.19617537957768,Low
15650,1.0,107.0,629.0,194.8,0.2623267096468234,208.66885665773427,54.73941457278807,Low
15651,3.0,560.0,597.0,322.59999999999997,0.9615353901422274,327.6339111974782,315.0316006270911,Medium
15652,4.0,394.0,486.0,326.475,1.449675047359003,330.25722999322676,478.76566553108415,Medium
15653,1.0,23.0,116.0,829.4399999999999,1.3388863215415563,849.9547289566649,1137.9927605296396,High
15654,1.0,17.0,27.0,327.51,2.9135300189961804,342.7685795128822,998.6665459794614,High
15655,0.0,0.0,244.0,0.0,0.38234906500145155,470.98914615257866,180.08225965727047,Low
15656,3.0,239.0,285.0,168.51666666666668,1.7890879338327237,173.01645941864075,309.54165990034926,Medium
15657,0.0,0.0,23.0,0.0,1.304922566593975,470.98914615257866,614.6043654353277,Medium
15658,6.0,546.0,737.0,346.7616666666667,1.3836728991234437,349.316072249295,483.3391823995964,Medium
15659,2.0,610.0,654.0,212.02499999999998,0.6373576823194491,219.01302848440466,139.58963623258364,Low
15660,11.0,647.0,673.0,245.8172727272727,2.7969833201533243,247.11429821505797,691.1745702789116,Medium
15661,7.0,261.0,579.0,127.85714285714286,0.720023899393985,129.72152822454157,93.4026005875813,Low
15662,1.0,77.0,739.0,177.88000000000002,0.17471683843644922,191.5716724914386,33.47079695168704,Low
15663,0.0,0.0,107.0,0.0,0.6791658584450884,470.98914615257866,319.8797477650353,Medium
15664,3.0,599.0,650.0,281.18333333333334,0.8892195448466425,286.0736767279908,254.38230461266951,Low
15665,4.0,467.0,636.0,855.9225,1.11717186080438,861.0800060344278,961.9743526429284,High
15666,1.0,23.0,496.0,226.68,0.2228678968107199,240.88270011054203,53.68502075172387,Low
15667,0.0,0.0,40.0,0.0,1.0989862711322556,470.98914615257866,517.6106054739873,Medium
15668,0.0,0.0,218.0,0.0,0.41686590155552616,470.98914615257866,196.33931503376218,Low
15669,3.0,223.0,264.0,161.84666666666666,1.903810478850788,166.32333835840376,316.64811444417427,Medium
15670,1.0,260.0,557.0,173.05,0.40472062040562257,186.69109332340025,75.55773511405053,Low
15671,6.0,252.0,271.0,383.49,3.458386148477811,386.1079534621675,1335.3103980706753,High
15672,0.0,0.0,726.0,0.0,0.15103147456557572,470.98914615257866,71.1341852478054,Low
15673,8.0,567.0,656.0,709.65375,2.0881418851599993,712.0394329959959,1486.8393639245157,High
15674,10.0,658.0,732.0,579.594,2.344412379825354,581.3671260636207,1362.9642875670397,High
15675,3.0,323.0,405.0,107.89666666666666,1.3264762729973925,112.18632468527265,148.81249784979585,Low
15676,2.0,265.0,284.0,1268.98,1.3045838821511322,1281.4733545446563,1671.789483745102,High
15677,2.0,414.0,464.0,482.49,0.8606726290635666,490.8867904590261,422.4928245169461,Medium
15678,2.0,470.0,523.0,581.205,0.7754804206446141,590.1159639688138,457.6233759676377,Medium
15679,3.0,158.0,183.0,201.01999999999998,2.5241140953911936,205.6324631459624,519.0397986967338,Medium
15680,9.0,728.0,738.0,466.2311111111111,2.1331640441243054,468.0707922955251,998.4717842295901,High
15681,8.0,539.0,565.0,261.675,2.423996543273347,263.4796099849307,638.6736638264816,Medium
15682,1.0,88.0,688.0,190.76,0.20969235698832575,204.58655027287406,42.90023593482956,Low
15683,1.0,356.0,474.0,193.75,0.5045050365881105,207.6078611864216,104.73921160383499,Low
15684,1.0,188.0,736.0,54.65,0.26159567135818146,67.0512230344279,17.54030970507833,Low
15685,0.0,0.0,451.0,0.0,0.23057513150367456,470.98914615257866,108.59838431093422,Low
15686,0.0,0.0,421.0,0.0,0.24463875188449014,470.98914615257866,115.22219686590856,Low
15687,7.0,322.0,331.0,377.0857142857143,3.3992389937470224,379.3196244168961,1289.3980584113883,High
15688,0.0,0.0,419.0,0.0,0.24563766550288477,470.98914615257866,115.69267433811642,Low
15689,2.0,498.0,618.0,127.05,0.6601154119667548,133.59542205180358,88.1883970645988,Low
15690,1.0,96.0,101.0,128.76,1.6521820208959546,141.9372938715541,234.50624502920724,Low
15691,3.0,481.0,734.0,136.5,0.7498280204821364,140.88880935188607,105.64237702440984,Low
15692,0.0,0.0,29.0,0.0,1.2238805039598608,470.98914615257866,576.4344335528425,Medium
15693,0.0,0.0,660.0,0.0,0.16466085235388223,470.98914615257866,77.55347425491081,Low
15694,23.0,732.0,733.0,454.4756521739131,5.285711806066098,455.1897234603356,2406.0016952942583,High
15695,2.0,415.0,682.0,391.21500000000003,0.5747613497255414,399.13636942771495,229.40815841682576,Low
15696,11.0,651.0,685.0,339.77000000000004,2.7488963803018547,341.15562398948555,937.8014599043174,High
15697,0.0,0.0,690.0,0.0,0.15817254178903753,470.98914615257866,74.49755040200185,Low
15698,0.0,0.0,625.0,0.0,0.17293773843383678,470.98914615257866,81.45179776251076,Low
15699,0.0,0.0,18.0,0.0,1.3812487825271869,470.98914615257866,650.5531847067685,Medium
15700,1.0,1.0,174.0,3.9,0.8002196302351128,15.769775254315189,12.619283722898931,Low
15701,3.0,108.0,111.0,228.38,3.569127533103269,233.08730455646966,831.9183163093229,Medium
15702,1.0,206.0,683.0,112.57000000000001,0.2981827241169405,125.57775417579006,37.445116828624585,Low
15703,0.0,0.0,265.0,0.0,0.3583911826236957,470.98914615257866,168.79835709254732,Low
15704,4.0,443.0,584.0,744.1975,1.2159292214469977,749.0647927163874,910.8097702209936,High
15705,0.0,0.0,202.0,0.0,0.44139879550640154,470.98914615257866,207.89404180833674,Low
15706,3.0,53.0,117.0,203.50333333333333,3.1722273542187267,208.1244047700886,660.2179298921656,Medium
15707,3.0,51.0,87.0,259.59999999999997,3.9715129144597903,264.41552637065223,1050.1296777647285,High
15708,8.0,385.0,426.0,502.79375000000005,3.0843858686162635,504.9111149941511,1557.3407079952408,High
15709,1.0,306.0,590.0,133.25,0.3921448661617466,146.4743126012626,57.439149711155956,Low
15710,0.0,0.0,418.0,0.0,0.2461401922075257,470.98914615257866,115.92935896165412,Low
15711,1.0,128.0,685.0,313.6,0.2488569787394295,328.71291569768283,81.80250307315414,Low
15712,11.0,729.0,739.0,292.4463636363637,2.5750041794751444,293.78736089282575,756.5036821759988,Medium
15713,3.0,580.0,724.0,255.64333333333335,0.7922997365937857,260.4451442124807,206.35061915667902,Low
15714,4.0,544.0,556.0,128.95250000000001,1.3157977290307297,132.22165180917992,173.9769491792108,Low
15715,2.0,64.0,620.0,149.03500000000003,0.17520613140676575,155.69493458396877,27.27870716808663,Low
15716,10.0,587.0,733.0,284.264,2.24706513712977,285.73074762884363,642.0556016027991,Medium
15717,4.0,358.0,593.0,133.375,1.110324159913593,136.65563955497566,151.73205818633312,Low
15718,0.0,0.0,541.0,0.0,0.19666709657151574,470.98914615257866,92.62806789052493,Low
15719,30.0,706.0,739.0,328.1136666666667,6.760015272664751,328.6173975269699,2221.4586261456607,High
15720,1.0,526.0,551.0,598.73,0.4532143005305875,616.8287621123338,279.55561596788954,Low
15721,0.0,0.0,12.0,0.0,1.485694288265705,470.98914615257866,699.7458842740274,Medium
15722,8.0,605.0,641.0,596.25,2.1622643616828565,598.4885870489703,1294.0905426499164,High
15723,3.0,210.0,575.0,235.58,0.6721400394195484,240.31226282239263,161.52349380644384,Low
15724,2.0,199.0,401.0,109.125,0.8821827194512232,115.57705670547378,101.96008219060309,Low
15725,0.0,0.0,16.0,0.0,1.4143724889872349,470.98914615257866,666.1540909297952,Medium
15726,0.0,0.0,391.0,0.0,0.2605324323206955,470.98914615257866,122.70794784377887,Low
15727,13.0,668.0,685.0,653.4453846153846,3.2320746510013048,654.8679211823945,2116.5820078075376,High
15728,1.0,65.0,445.0,297.0,0.362101989529632,311.93908253216813,112.95376239694616,Low
15729,2.0,191.0,404.0,58.85,0.8644477814812559,65.04019099910109,56.22384881629008,Low
15730,4.0,366.0,432.0,359.595,1.6168004278459136,363.46326145524057,587.6475566271041,Medium
15731,0.0,0.0,554.0,0.0,0.1925772148419272,470.98914615257866,90.70177798684098,Low
15732,8.0,461.0,674.0,181.33375,1.7836153128373402,183.03414939000797,326.46251162417553,Medium
15733,0.0,0.0,283.0,0.0,0.340129031003813,470.98914615257866,160.19708189418984,Low
15734,3.0,433.0,548.0,650.8833333333333,1.0167464462162588,657.0552143546186,668.0585541629206,Medium
15735,0.0,0.0,422.0,0.0,0.24414233998531915,470.98914615257866,114.98839224937802,Low
15736,0.0,0.0,436.0,0.0,0.23739854890552198,470.98914615257866,111.81213984687298,Low
15737,6.0,228.0,243.0,115.87333333333333,3.7721428754210784,118.02825267027477,445.2194324085758,Medium
15738,36.0,711.0,730.0,363.63722222222225,8.20581672012738,364.0672029077732,2987.468740870613,High
15739,0.0,0.0,67.0,0.0,0.8794209617072207,470.98914615257866,414.19772786316344,Medium
15740,0.0,0.0,50.0,0.0,1.005855476197769,470.98914615257866,473.7470118872826,Medium
15741,1.0,160.0,619.0,145.47,0.31201392873707084,158.82227894358726,49.55476322416362,Low
15742,0.0,0.0,620.0,0.0,0.17418862641869573,470.98914615257866,82.040952426432,Low
15743,3.0,168.0,185.0,153.97,2.5146193786407487,158.41936781100748,398.3644122495758,Medium
15744,0.0,0.0,78.0,0.0,0.8133788715032176,470.98914615257866,383.09262018784847,Medium
15745,3.0,217.0,237.0,263.91333333333336,2.087848679063812,268.7438115540339,561.0964119596638,Medium
15746,0.0,0.0,135.0,0.0,0.5859927140760357,470.98914615257866,275.9962080543042,Low
15747,8.0,678.0,691.0,292.06624999999997,2.02774596708989,293.9102804600035,595.9753858890306,Medium
15748,1.0,409.0,450.0,149.31,0.5387816510630208,162.70249095295935,87.66111670770164,Low
15749,1.0,97.0,333.0,21535.9,0.5825841593567115,21773.250240306275,12684.750687712149,High
15750,16.0,736.0,739.0,410.9419375,3.6888700839017905,411.94040197331987,1519.5946251898577,High
15751,6.0,273.0,734.0,183.58333333333334,0.31104486020500505,185.85540546576232,57.80936861144257,Low
15752,8.0,418.0,458.0,448.85125,2.9009034809523926,450.8986462045614,1308.0134523315335,High
15753,0.0,0.0,305.0,0.0,0.3201930159645665,470.98914615257866,150.80743519317016,Low
15754,8.0,604.0,656.0,202.1575,2.1111141983601858,203.8849098656481,430.4243280487564,Medium
15755,16.0,725.0,736.0,355.273125,3.6992685653674693,356.2355088790481,1317.8108198639466,High
15756,3.0,188.0,250.0,136.45666666666668,1.9604247685785758,140.8453258067671,276.11666525010554,Low
15757,5.0,482.0,548.0,482.258,1.6058425694827008,485.6057703678205,779.8064180430873,Medium
15758,0.0,0.0,25.0,0.0,1.2767283230446989,470.98914615257866,601.3251827396364,Medium
15759,6.0,519.0,738.0,117.53333333333335,1.3480137031812935,119.69112482565077,161.34527641415997,Low
15761,0.0,0.0,443.0,0.0,0.23416464708034065,470.98914615257866,110.28900718748956,Low
15762,1.0,12.0,78.0,268.44,1.7328925987570518,283.08000571246333,490.54724675523164,Medium
15763,1.0,46.0,78.0,564.4300000000001,1.86037018416667,582.1695767161198,1083.0509226516,High
15764,4.0,371.0,479.0,908.705,1.4565622294013743,913.9996121830917,1331.2973127933956,High
15765,0.0,0.0,667.0,0.0,0.16309971699718828,470.98914615257866,76.81819644623293,Low
15766,2.0,618.0,683.0,314.73,0.6110117382357881,322.2529845733755,196.90035625584878,Low
15768,32.0,621.0,737.0,471.78625,5.250746464405876,472.30503161185254,2479.95397485704,High
15769,38.0,721.0,729.0,2200.561052631579,8.68267791483479,2201.4694988028505,19114.65059743792,High
15770,0.0,0.0,613.0,0.0,0.17597060795064337,470.98914615257866,82.8802463866237,Low
15771,2.0,89.0,694.0,345.145,0.18335554946843266,352.82640616381457,64.69267956913862,Low
15772,0.0,0.0,419.0,0.0,0.24563766550288477,470.98914615257866,115.69267433811642,Low
15773,1.0,404.0,410.0,635.6800000000001,0.5879609168132578,654.1656979837658,384.62386353431964,Medium
15774,5.0,588.0,657.0,220.33199999999997,1.3677866352027916,223.13575645136413,305.20210551004095,Medium
15775,1.0,386.0,632.0,104.9,0.3791034646897248,117.82743487582032,44.66878879692639,Low
15776,0.0,0.0,134.0,0.0,0.5888757923691408,470.98914615257866,277.3541066378648,Low
15777,5.0,327.0,569.0,350.662,1.306769690700797,353.73644868402437,462.2520696364209,Medium
15778,0.0,0.0,432.0,0.0,0.2392869734754787,470.98914615257866,112.70156732265045,Low
15779,1.0,69.0,533.0,56.7,0.2835262359624149,69.12269038318124,19.59809622393879,Low
15780,2.0,174.0,358.0,149.065,0.9698460233239575,155.72509084396262,151.02936008677918,Low
15781,2.0,280.0,306.0,131.055,1.2260501265195751,137.62128276098355,168.7305911408901,Low
15782,3.0,421.0,431.0,871.58,1.2847135627535806,878.5169096455877,1128.6425889300485,High
15783,0.0,0.0,11.0,0.0,1.5046783775233217,470.98914615257866,708.6871842639566,Medium
15784,1.0,205.0,673.0,382.14,0.3034274310051947,397.9706581774646,120.75521442623456,Low
15785,11.0,692.0,725.0,513.3645454545455,2.6118557356294114,514.9138710956706,1344.8807475763708,High
15786,3.0,490.0,537.0,2242.7033333333334,1.0538633353639402,2254.3931403076035,2375.822274066158,High
15787,1.0,35.0,62.0,456.0,2.093388163037699,472.60411104523064,989.34385186504,High
15788,0.0,0.0,509.0,0.0,0.20751632047062482,470.98914615257866,97.73793459118447,Low
15789,4.0,265.0,624.0,394.565,0.7764845717941603,398.5240984186048,309.44781391022417,Medium
15790,0.0,0.0,11.0,0.0,1.5046783775233217,470.98914615257866,708.6871842639566,Medium
15791,4.0,598.0,642.0,825.2525,1.1517548221525662,830.3303386147429,956.3369714791033,High
15792,1.0,219.0,619.0,457.0,0.34348405610100974,473.6145829226713,162.67905797086715,Low
15793,7.0,724.0,739.0,301.1414285714286,1.685033742998472,303.26273807227983,511.0079466458989,Medium
15794,1.0,1.0,738.0,102.0,0.07302458072525231,114.89706643124244,8.39031010270294,Low
15795,6.0,541.0,691.0,311.15333333333336,1.4971366125369758,313.6461288761942,469.5711029210412,Medium
15796,16.0,617.0,619.0,312.87687500000004,4.331698552579162,313.81178062280014,1359.338035906073,High
15797,5.0,568.0,682.0,504.08000000000004,1.3077812355272442,507.47309412981787,663.6637900379267,Medium
15798,2.0,189.0,682.0,584.5450000000001,0.397165537326753,593.4733609147967,235.70716627683925,Low
15799,3.0,343.0,419.0,294.7133333333333,1.2928062160988814,299.650577469371,387.3901292100222,Medium
15800,3.0,511.0,619.0,291.6666666666667,0.9174129396637012,296.5933497586981,272.0985768868315,Low
15801,2.0,63.0,110.0,463.365,2.4797593314337942,471.662174712942,1169.6086790287745,High
15803,3.0,625.0,677.0,441.9533333333334,0.8572156621512952,447.4009740074957,383.5191221809698,Medium
15804,12.0,198.0,199.0,306.7525,8.431931509141185,307.99401653483204,2596.9844526470015,High
15805,21.0,706.0,730.0,453.8442857142857,4.840032158771112,454.6260856385541,2200.4048747068314,High
15806,2.0,230.0,277.0,242.11,1.3170431727688539,249.25473121491135,328.2792420269347,Medium
15807,3.0,616.0,667.0,471.86000000000007,0.8688840154595812,477.4113099157646,414.8150559854281,Medium
15808,20.0,432.0,739.0,875.6695,0.05772537997227703,876.7090996981452,50.60836590522834,Low
15809,5.0,351.0,536.0,197.666,1.5071615232656417,200.42267972194287,302.06935126670527,Medium
15810,7.0,595.0,674.0,383.6242857142857,1.8093797120883262,385.867890416394,698.1815324657448,Medium
15811,6.0,366.0,389.0,418.0783333333334,2.5700080253825686,420.7561320169047,1081.3466360123725,High
15812,11.0,617.0,725.0,446.4318181818182,2.5456008151788727,447.918025491808,1140.2204908252575,High
15813,1.0,32.0,240.0,533.26,0.6807782738817654,550.6731682962949,374.8863289857545,Medium
15814,4.0,587.0,604.0,585.09,1.2214081910903045,589.5440001184899,720.0738707528669,Medium
15815,4.0,196.0,260.0,418.40000000000003,2.4253814153295585,422.42101145897624,1024.5320706373154,High
15816,0.0,0.0,543.0,0.0,0.19602660208704326,470.98914615257866,92.3264019401678,Low
15817,2.0,123.0,544.0,930.0749999999999,0.43713542720506116,940.8031114373814,411.25837003403046,Medium
15818,0.0,0.0,589.0,0.0,0.18236738272087444,470.98914615257866,85.89305787378518,Low
15819,7.0,582.0,632.0,487.0671428571428,1.929622257885964,489.4641196109852,944.4808596379149,High
15820,0.0,0.0,320.0,0.0,0.307891343667266,470.98914615257866,145.01348106161578,Low
15821,1.0,17.0,62.0,316.78,2.0254401605238113,331.926216267944,672.2966887598059,Medium
15822,5.0,730.0,734.0,273.148,1.2498025048248627,276.0614539957529,345.0222966894856,Medium
15823,2.0,359.0,732.0,50.400000000000006,0.5058912089603986,56.54617776749792,28.60621423288914,Low
15824,1.0,79.0,533.0,496.14,0.2981494941920185,513.1644522056981,152.99972186245316,Low
15825,0.0,0.0,173.0,0.0,0.49413902455207853,470.98914615257866,232.73411725445158,Low
15826,2.0,512.0,569.0,827.155,0.719695897537983,837.3470354851214,602.6352262542338,Medium
15827,20.0,627.0,701.0,177.4185,4.680737031191593,178.09610101891732,833.6210151500851,Medium
15828,0.0,0.0,376.0,0.0,0.2692811004844868,470.98914615257866,126.82847559221516,Low
15829,1.0,41.0,141.0,310.7,1.1983089170530619,325.78254725310495,390.3881313936561,Medium
15830,0.0,0.0,38.0,0.0,1.1197433701259325,470.98914615257866,527.3869738056238,Medium
15831,2.0,266.0,325.0,245.90999999999997,1.1543948892294957,253.07452414746658,292.147937270022,Medium
15832,0.0,0.0,255.0,0.0,0.36941268144408845,470.98914615257866,173.98936341128575,Low
15833,0.0,0.0,738.0,0.0,0.14879237389849828,470.98914615257866,70.07959313646893,Low
15834,4.0,354.0,425.0,659.0725,1.6359432297111207,663.7186747150611,1085.8060723329418,High
15835,3.0,286.0,331.0,217.66,1.5879239072886682,222.330144471651,353.0433517174782,Medium
15836,0.0,0.0,51.0,0.0,0.9974107826435347,470.98914615257866,469.7696528806536,Medium
15837,1.0,421.0,486.0,391.98,0.5014745104739604,407.91370145148056,204.55832375100246,Low
15838,28.0,713.0,725.0,2631.0,6.46168354756596,2632.3923843134235,17009.68656045598,High
15839,2.0,115.0,149.0,374.655,2.0828466093241125,382.4901139111056,796.6682368597399,Medium
15840,1.0,114.0,173.0,113.82,1.1238494407847632,126.84084402259084,142.5500116234561,Low
15841,8.0,657.0,730.0,306.56125000000003,1.9091166094321668,308.4240819172052,588.8175375370037,Medium
15842,1.0,134.0,528.0,376.25,0.36276237960317453,392.0189788193392,142.20973760610997,Low
15843,0.0,0.0,304.0,0.0,0.3210482511012561,470.98914615257866,151.21024165995928,Low
15844,0.0,0.0,47.0,0.0,1.032078349029399,470.98914615257866,486.0977003719197,Medium
15845,10.0,665.0,683.0,421.024,2.524902365471002,422.63262388503205,1067.1061117725337,High
15846,0.0,0.0,386.0,0.0,0.26338469505257933,470.98914615257866,124.05133263247164,Low
15847,4.0,603.0,642.0,185.4875,1.1526896397919426,188.90350533288017,217.74711351759296,Low
15848,0.0,0.0,622.0,0.0,0.17368610417723312,470.98914615257866,81.80426990500285,Low
15850,5.0,707.0,727.0,190.414,1.2585023565166842,193.15561749474074,243.08679979156648,Low
15851,0.0,0.0,527.0,0.0,0.2012706241506938,470.98914615257866,94.79627941433185,Low
15852,2.0,340.0,527.0,80.355,0.735165736399128,86.65720337136453,63.7074067307982,Low
15853,0.0,0.0,52.0,0.0,0.9891079619975823,470.98914615257866,465.8591144739585,Medium
15854,18.0,725.0,730.0,277.3116666666667,4.179214808651687,278.12214586985897,1162.3321906332992,High
15855,5.0,340.0,477.0,142.448,1.7334949067748837,145.08999328211297,251.51276437854492,Low
15856,43.0,732.0,737.0,773.6681395348838,9.714271917324085,774.1269511366751,7520.079701870717,High
15857,1.0,412.0,431.0,297.0,0.5618293247432405,311.93908253216813,175.256524100074,Low
15858,12.0,714.0,730.0,309.3233333333333,2.8265810723530835,310.56707199180835,877.843007388163,High
15859,0.0,0.0,433.0,0.0,0.23881205236516487,470.98914615257866,112.4778846344139,Low
15860,16.0,693.0,734.0,143.785,3.688923886718436,144.61031220662068,533.4564349648136,Medium
15861,8.0,668.0,681.0,477.88,2.054701231472946,479.9650493815702,986.1847780282856,High
15862,9.0,714.0,723.0,260.61888888888893,2.1737104034041503,262.22153800384046,569.9936851555848,Medium
15863,4.0,697.0,723.0,54.449999999999996,1.0373975838586238,57.52562647709394,59.67694591729093,Low
15864,5.0,355.0,382.0,356.736,2.210910406747673,359.82306423394516,795.5365573026658,Medium
15865,4.0,663.0,704.0,383.7175,1.0605958270969407,387.6484212964975,411.13829800778205,Medium
15866,0.0,0.0,102.0,0.0,0.6990340330013196,470.98914615257866,329.23744233488503,Medium
15867,29.0,720.0,726.0,290.6896551724138,6.684734979402724,291.19738375765604,1946.577337115362,High
15868,0.0,0.0,584.0,0.0,0.18375908219335077,470.98914615257866,86.5485332200278,Low
15869,1.0,349.0,627.0,149.64,0.3758667211569342,163.03594667251474,61.27978670651489,Low
15870,2.0,414.0,447.0,246.185,0.8921249409037517,253.35095653074362,226.0207071228986,Low
15871,0.0,0.0,438.0,0.0,0.2364654855642906,470.98914615257866,111.37267714048014,Low
15872,2.0,536.0,551.0,337.07,0.7458281940180775,344.7093461821346,257.0939491241737,Low
15873,1.0,1.0,501.0,138.24,0.16034729923215543,151.51656726969142,24.29527235062222,Low
15874,15.0,638.0,702.0,711.3506666666667,3.582209395461467,712.6234344120793,2552.766362176969,High
15875,0.0,0.0,647.0,0.0,0.16764089043935285,470.98914615257866,78.95703984828879,Low
15876,1.0,39.0,449.0,718.34,0.3045270083536416,737.6913033730094,224.6469257046812,Low
15877,1.0,16.0,18.0,251.02,3.2531219088211585,265.4775856074473,863.6309500405314,High
15878,1.0,172.0,734.0,118.64,0.2538592080025882,131.71131847185475,33.436130992241715,Low
15879,3.0,318.0,723.0,341.32,0.6251105675803105,346.4188026888779,216.55005436933607,Low
15880,0.0,0.0,370.0,0.0,0.2729476174635522,470.98914615257866,128.5553652935391,Low
15881,1.0,52.0,365.0,341.19,0.44595714580754325,356.59183479627023,159.02467686401965,Low
15882,5.0,531.0,730.0,262.87,1.1869100384473588,265.7621068403222,315.4357124476979,Medium
15883,1.0,31.0,34.0,252.72,2.7377619394304595,267.1953877990964,731.5173631077279,Medium
15884,1.0,304.0,737.0,7.9,0.3034525675807776,19.811662764077766,6.011899933803884,Low
15885,12.0,595.0,688.0,141.73083333333332,2.9115320972355865,142.8297118595657,415.8532905180358,Medium
15886,2.0,538.0,599.0,379.25,0.6872706468180558,387.10904773349813,266.0486856249229,Low
15887,2.0,149.0,556.0,292.5,0.4832356703852742,299.90719591792714,144.9258548727673,Low
15888,2.0,446.0,527.0,173.70499999999998,0.7654522305448715,180.49343238558413,138.15910041824532,Low
15889,7.0,573.0,730.0,216.82714285714286,1.632388424416508,218.82344174491098,357.2048532953728,Medium
15890,2.0,210.0,605.0,136.22500000000002,0.5202027800385157,142.81821156659166,74.29443069706988,Low
15891,0.0,0.0,227.0,0.0,0.40423175080341356,470.98914615257866,190.3887671586617,Low
15892,0.0,0.0,670.0,0.0,0.1624396909079833,470.98914615257866,76.50733132203985,Low
15893,0.0,0.0,482.0,0.0,0.21764808648204856,470.98914615257866,102.50988641392264,Low
15894,1.0,116.0,370.0,106.81,0.5378957717785869,119.75743616173195,64.41701855043966,Low
15895,0.0,0.0,150.0,0.0,0.5459164866524274,470.98914615257866,257.1207399190424,Low
15897,0.0,0.0,195.0,0.0,0.45306739317294725,470.98914615257866,213.38982466010108,Low
15898,23.0,727.0,729.0,225.6604347826087,5.311636127121338,226.27135989670842,1201.8711297602308,High
15899,0.0,0.0,369.0,0.0,0.27356845002637,470.98914615257866,128.8477706922044,Low
15900,3.0,539.0,563.0,254.7266666666667,1.015044622207514,259.52529998881,263.42976008043337,Low
15901,5.0,527.0,544.0,97.926,1.6331367385270315,100.47552217352325,164.0902665842682,Low
15902,0.0,0.0,381.0,0.0,0.2663002075856835,470.98914615257866,125.42450739103553,Low
15903,10.0,468.0,478.0,858.564,3.471658865769064,860.6265324630714,2987.801731541509,High
15904,0.0,0.0,9.0,0.0,1.5441607156329216,470.98914615257866,727.2829369783045,Medium
15905,0.0,0.0,544.0,0.0,0.19570791834587162,470.98914615257866,92.17630535702065,Low
15906,7.0,431.0,451.0,348.07,2.61130031007526,350.2608892812609,914.6363687873929,High
15907,2.0,207.0,211.0,358.135,1.6508175641218303,365.8840667411548,604.0078438086224,Medium
15908,1.0,22.0,513.0,575.2,0.2077418827073116,593.0523588361556,123.20181356863509,Low
15909,0.0,0.0,174.0,0.0,0.492110587433571,470.98914615257866,231.7787453879815,Low
15910,14.0,687.0,688.0,184.10142857142858,3.463057418898694,185.0745957848359,640.923951982353,Medium
15911,6.0,107.0,731.0,239.17999999999998,0.004366039322569034,241.54826626800403,1.054609228824481,Low
15912,5.0,551.0,730.0,127.782,1.2010432942853742,130.39353235765816,156.6082776563483,Low
15913,0.0,0.0,535.0,0.0,0.19861396823004804,470.98914615257866,93.5450233106457,Low
15914,0.0,0.0,379.0,0.0,0.2674845965921218,470.98914615257866,125.98234175789041,Low
15915,0.0,0.0,402.0,0.0,0.2544701740471112,470.98914615257866,119.85268999574699,Low
15916,11.0,713.0,730.0,274.7590909090909,2.601724950793097,276.08340886407564,718.2930933416777,Medium
15917,3.0,490.0,738.0,151.32,0.7487634525953889,155.7601817825775,116.62753148840812,Low
15918,2.0,441.0,632.0,167.115,0.6332062462269874,173.86910727360015,110.09500475155374,Low
15919,1.0,349.0,369.0,369.17,0.64061070235667,384.86483792705945,246.5485341368395,Low
15920,4.0,571.0,726.0,112.5125,1.0053697845860168,115.73894778636867,116.36044100419372,Low
15921,3.0,468.0,641.0,233.9766666666667,0.8709387533847328,238.70337165299034,207.89601693618798,Low
15922,0.0,0.0,374.0,0.0,0.2704922597173545,470.98914615257866,127.39891844515836,Low
15923,0.0,0.0,373.0,0.0,0.27110194122884895,470.98914615257866,127.68607181968213,Low
15924,0.0,0.0,732.0,0.0,0.14990355789782986,470.98914615257866,70.60294873953252,Low
15925,0.0,0.0,195.0,0.0,0.45306739317294725,470.98914615257866,213.38982466010108,Low
15926,0.0,0.0,543.0,0.0,0.19602660208704326,470.98914615257866,92.3264019401678,Low
15927,0.0,0.0,648.0,0.0,0.16740782948862354,470.98914615257866,78.84727067010328,Low
15928,0.0,0.0,657.0,0.0,0.1653391037320635,470.98914615257866,77.87292329239722,Low
15929,0.0,0.0,645.0,0.0,0.16810896609976136,470.98914615257866,79.1774984039194,Low
15930,0.0,0.0,68.0,0.0,0.8729736524498797,470.98914615257866,411.1611151810668,Medium
15931,0.0,0.0,429.0,0.0,0.24072315478287643,470.98914615257866,113.37799313034199,Low
15932,7.0,285.0,290.0,311.16285714285715,3.7901255481945118,313.29902515693743,1187.4426394717436,High
15933,2.0,65.0,87.0,347.825,2.9198648178598017,355.52036538993246,1038.0714069347252,High
15934,1.0,12.0,430.0,579.9,0.2498681342724818,597.8015766601264,149.3715646252138,Low
15935,0.0,0.0,240.0,0.0,0.3872814102875251,470.98914615257866,182.40534075208794,Low
15936,1.0,88.0,468.0,111.17,0.3721786491063566,124.16309354737315,46.21085242532752,Low
15937,0.0,0.0,65.0,0.0,0.8926079489280784,470.98914615257866,420.4086557146402,Medium
15938,8.0,444.0,557.0,77.82125,2.363943586062251,79.38738337837707,187.66729575157942,Low
15939,14.0,285.0,375.0,436.7864285714286,5.1444189286988955,437.9467817774811,2252.9817139388383,High
15940,0.0,0.0,312.0,0.0,0.31433188465276213,470.98914615257866,148.04690596113528,Low
15941,0.0,0.0,638.0,0.0,0.16976803504368818,470.98914615257866,79.95890186922774,Low
15942,0.0,0.0,134.0,0.0,0.5888757923691408,470.98914615257866,277.3541066378648,Low
15943,1.0,28.0,678.0,145.59,0.1333481370174311,158.94353556888015,21.194824359073962,Low
15944,3.0,450.0,727.0,525.2800000000001,0.7435422989997462,531.0164863832097,394.83321909213913,Medium
15945,3.0,373.0,739.0,234.14666666666668,0.6698840938073559,238.8739609453802,160.01786686206972,Low
15946,1.0,131.0,634.0,1149.1599999999999,0.2809182759089551,1173.022797611988,329.5235419070588,Medium
15947,0.0,0.0,83.0,0.0,0.7865520972047645,470.98914615257866,370.4575006669921,Medium
15948,2.0,416.0,425.0,477.62,0.9361661159039657,485.9914242533565,454.96870400590115,Medium
15949,1.0,55.0,72.0,127.68,1.9712434144310733,140.8459842439182,277.6417188898865,Low
15950,9.0,651.0,683.0,736.0055555555556,2.2816248133316774,738.1562357368368,1684.195583572674,High
15951,2.0,373.0,382.0,354.11,1.0250716879723916,361.83810185864564,370.909993844968,Medium
15952,3.0,192.0,226.0,191.3066666666667,2.1513502665791955,195.88545926313859,421.41823500474135,Medium
15953,16.0,721.0,737.0,198.584375,3.6922979327888448,199.4452042928837,736.4111155152633,Medium
15954,0.0,0.0,590.0,0.0,0.18209157090351197,470.98914615257866,85.76315350142684,Low
15955,17.0,630.0,655.0,486.4164705882353,4.349311857347571,487.40220405392574,2119.8641853890795,High
15956,1.0,175.0,727.0,291.2,0.25899991308880366,306.07834564301237,79.27426491990501,Low
15957,1.0,389.0,421.0,428.89,0.5715132266971117,445.2102184478147,254.44352850363654,Low
15958,3.0,476.0,551.0,137.17999999999998,1.0240062029194053,141.57116652144543,144.96975267249616,Low
15959,0.0,0.0,683.0,0.0,0.15964028714830325,470.98914615257866,75.18884253553182,Low
15960,3.0,61.0,436.0,83.35000000000001,0.27264665646000963,87.55456881941308,23.871460446410786,Low
15961,0.0,0.0,380.0,0.0,0.26689108588693405,470.98914615257866,125.70280465762161,Low
15962,0.0,0.0,450.0,0.0,0.23101778310009466,470.98914615257866,108.8068684083752,Low
15963,1.0,26.0,46.0,190.72,2.400794909301175,204.54613139777643,491.0733109770309,Medium
15964,0.0,0.0,664.0,0.0,0.1637651327175319,470.98914615257866,77.13160002819407,Low
15965,10.0,719.0,737.0,284.35900000000004,2.356346096793619,285.8258461828385,673.504617015665,Medium
15966,0.0,0.0,451.0,0.0,0.23057513150367456,470.98914615257866,108.59838431093422,Low
15967,10.0,715.0,739.0,288.489,2.3486742411127883,289.96013068808895,681.0218898968122,Medium
15968,0.0,0.0,389.0,0.0,0.2616658799210825,470.98914615257866,123.24178936129381,Low
15969,4.0,520.0,523.0,255.8225,1.3907551520469479,259.4212052990862,360.7913778199331,Medium
15970,1.0,295.0,599.0,314.1,0.38288035365867684,329.21815163640315,126.05116232940193,Low
15971,16.0,714.0,732.0,357.496875,3.7142169095543744,358.4607001568104,1331.4007939331254,High
15972,3.0,144.0,601.0,357.74666666666667,0.3694624952341155,362.90241117705773,134.07883035995272,Low
15973,2.0,63.0,430.0,486.72,0.4224189718311661,495.13882311815996,209.15603257526675,Low
15974,6.0,249.0,289.0,445.48499999999996,3.255470382755635,448.21021808417674,1459.1350902214815,High
15975,0.0,0.0,85.0,0.0,0.7763137868811056,470.98914615257866,365.6353676296069,Medium
15976,5.0,386.0,552.0,309.256,1.510371267928509,312.2444494314691,471.6050449914472,Medium
15977,1.0,22.0,40.0,699.1,2.5381063809117506,718.2498244510514,1822.9944625279581,High
15978,2.0,567.0,645.0,1340.15,0.6415971128811261,1353.0140553367507,868.0899115916435,High
15979,0.0,0.0,603.0,0.0,0.17858053756629405,470.98914615257866,84.10949490781734,Low
15980,3.0,468.0,557.0,1472.013333333333,1.0107423693884987,1481.0316005903574,1496.9413891199385,High
15981,20.0,596.0,621.0,449.0885,5.339009272913388,449.90694461410857,2402.0573492428557,High
15982,0.0,0.0,606.0,0.0,0.1777894586218378,470.98914615257866,83.7369053112286,Low
15983,7.0,711.0,734.0,524.2171428571429,1.693840863160337,526.6692009561772,892.0938139475761,High
15984,24.0,736.0,739.0,351.6525,5.4678123438958,352.29238658724523,1926.2686600422508,High
15985,5.0,438.0,562.0,445.47200000000004,1.5361178036546934,448.74336674263344,689.3226749253067,Medium
15986,1.0,351.0,382.0,168.12,0.6205556566635712,181.70946696761786,112.7608375960776,Low
15987,6.0,367.0,380.0,260.79333333333335,2.6275872689952897,263.19899529502817,691.5783292495672,Medium
15988,2.0,637.0,657.0,250.64499999999998,0.6369234923170326,257.83418718316375,164.22065093942413,Low
15989,1.0,362.0,738.0,229.4,0.3155629608001916,243.63118361718057,76.88097764549264,Low
15990,6.0,605.0,650.0,301.90833333333336,1.6356552565507432,304.3851330470068,497.86914288423395,Medium
15991,0.0,0.0,535.0,0.0,0.19861396823004804,470.98914615257866,93.5450233106457,Low
15992,2.0,450.0,454.0,287.925,0.8852218656178051,295.3083662688639,261.4134229210698,Low
15993,4.0,36.0,45.0,378.02250000000004,7.187466845040711,381.93862814504314,2745.1712266328304,High
15994,2.0,581.0,636.0,399.01,0.6523209205116588,406.97197098278554,265.47633073393473,Low
15995,0.0,0.0,415.0,0.0,0.24766020398417288,470.98914615257866,116.64526801047904,Low
15996,6.0,309.0,398.0,220.655,2.440725333016186,222.99121405213629,544.260305177084,Medium
15998,14.0,702.0,739.0,543.4307142857143,3.2281308829746536,544.6700682891287,1758.2662684760498,High
15999,0.0,0.0,736.0,0.0,0.14916093243425163,470.98914615257866,70.25318020653066,Low
16000,0.0,0.0,3.0,0.0,1.6763102619058807,470.98914615257866,789.5239389418563,Medium
16001,0.0,0.0,382.0,0.0,0.2657119441891347,470.98914615257866,125.14744171618219,Low
16002,0.0,0.0,626.0,0.0,0.17268971543298167,470.98914615257866,81.33498162111182,Low
16003,7.0,707.0,737.0,746.5657142857143,1.6860078894568236,749.3474428670038,1263.4057006180647,High
16004,3.0,209.0,684.0,563.8833333333333,0.4504094722494871,569.7536353080494,256.6224341913253,Low
16005,8.0,438.0,451.0,271.275,2.959789230565283,273.09206214009697,808.2949444751241,Medium
16006,1.0,176.0,388.0,101.4,0.5564363575291308,114.29078330477806,63.5955471612619,Low
16007,6.0,496.0,544.0,452.4266666666667,1.9137971998520409,455.1638953202622,871.0913883376653,High
16008,14.0,607.0,631.0,363.7628571428572,3.7318237929532043,364.86911537016397,1361.6272460521657,High
16009,3.0,137.0,160.0,176.84,2.7772371075743147,181.3686449695711,503.70373095996445,Medium
16010,9.0,166.0,412.0,179.14,0.35199379846302736,180.64871934053383,63.58722890815586,Low
16011,28.0,730.0,739.0,203.1325,6.352725002048221,203.62594982966934,1293.579662548757,High
16012,4.0,494.0,530.0,503.615,1.3670012043037603,507.8573632414494,694.2416271655935,Medium
16013,47.0,728.0,732.0,1147.4210638297873,10.673034865989477,1147.9232485554924,12251.824855312674,High
16014,4.0,640.0,678.0,218.14000000000001,1.0977146277808414,221.64082243171495,243.29837289666955,Low
16015,2.0,46.0,50.0,202.31,3.8888810401852765,209.24742628972717,813.7383488056862,Medium
16016,9.0,399.0,403.0,250.92000000000002,3.645823059177461,252.51146812736246,920.6121332054926,High
16017,4.0,656.0,704.0,241.995,1.0594944039108884,245.55778742345225,260.16710161188723,Low
16018,3.0,693.0,733.0,167.45000000000002,0.7992316877586219,171.9460952310966,137.42476789505406,Low
16019,22.0,679.0,726.0,755.2281818181818,5.055203505462871,756.1164659022157,3822.3226089670784,High
16020,1.0,49.0,66.0,332.21,2.0578197852496842,347.5177973368532,715.1289990861666,Medium
16021,1.0,149.0,545.0,380.86,0.3599124133019269,396.6772541743406,142.76906785186878,Low
16022,0.0,0.0,261.0,0.0,0.3627196979328441,470.98914615257866,170.83704082211148,Low
16023,2.0,220.0,267.0,270.985,1.3553400858718663,278.2801314589991,377.1642172680741,Medium
16024,1.0,399.0,412.0,251.24,0.5846487356107325,265.6998894204842,155.34110440159753,Low
16025,0.0,0.0,30.0,0.0,1.2113523663161674,470.98914615257866,570.5338167011573,Medium
16026,0.0,0.0,44.0,0.0,1.0597190186051295,470.98914615257866,499.1161557344786,Medium
16027,12.0,609.0,701.0,147.31166666666667,2.8668060667974786,148.41536903796782,425.4780803640328,Medium
16028,0.0,0.0,596.0,0.0,0.18045407771573524,470.98914615257866,84.99191198308522,Low
16029,68.0,693.0,732.0,1485.4998529411766,14.889216446568694,1485.8984593933842,22123.86377953106,High
16030,0.0,0.0,310.0,0.0,0.3159844351950028,470.98914615257866,148.8252393299992,Low
16031,1.0,155.0,248.0,243.31,0.8490875194112868,257.6868474323799,218.79868607127418,Low
16032,5.0,67.0,524.0,311.252,0.023571459488241377,314.2445950748082,7.407203742204658,Low
16033,24.0,480.0,486.0,437.74333333333334,7.951529961160922,438.4204105528015,3486.1130300950736,High
16034,5.0,213.0,410.0,140.73,1.6306800287866166,143.36842503799642,233.78802746805187,Low
16035,0.0,0.0,561.0,0.0,0.1904447166385695,470.98914615257866,89.69739447886964,Low
16036,3.0,533.0,621.0,569.3866666666667,0.9193703688373633,575.2760455381599,528.8917501697179,Medium
16037,4.0,379.0,649.0,288.90500000000003,1.0030808902197605,292.58963935228894,293.49107591057265,Medium
16038,2.0,194.0,202.0,77.41499999999999,1.703100931216845,83.7018898919665,142.55276661961798,Low
16039,1.0,205.0,629.0,312.92,0.3305364015365296,328.0257948210232,108.42446583130099,Low
16040,6.0,544.0,610.0,340.325,1.7227756750487222,342.8682687713209,590.6851131852991,Medium
16041,1.0,111.0,142.0,426.6,1.3109501107641806,442.8962378484757,580.6148720644981,Medium
16042,5.0,431.0,454.0,324.194,1.9104833585954064,327.2134752932928,625.135899256005,Medium
16043,7.0,444.0,482.0,190.3057142857143,2.4549029875048927,192.26269053654767,471.9862533838995,Medium
16044,0.0,0.0,436.0,0.0,0.23739854890552198,470.98914615257866,111.81213984687298,Low
16045,6.0,379.0,499.0,411.0183333333334,1.9894218810767834,413.6839167054863,822.99183574344,Medium
16046,0.0,0.0,563.0,0.0,0.1898440870774547,470.98914615257866,89.41450447472619,Low
16047,0.0,0.0,683.0,0.0,0.15964028714830325,470.98914615257866,75.18884253553182,Low
16048,2.0,176.0,550.0,437.11500000000007,0.5468384333099244,445.2754472183168,243.49372794824032,Low
16049,5.0,476.0,517.0,334.008,1.7000839565305872,337.04785873203537,573.0096572133211,Medium
16050,2.0,228.0,402.0,105.05000000000001,0.909511881936582,111.4808313896415,101.39314075704762,Low
16051,0.0,0.0,682.0,0.0,0.15985219327541073,470.98914615257866,75.28864802140268,Low
16052,0.0,0.0,55.0,0.0,0.9650156682292322,470.98914615257866,454.5119056031462,Medium
16053,4.0,578.0,611.0,750.5450000000001,1.2059955383364085,755.428780781156,911.043739152987,High
16054,3.0,472.0,618.0,553.1333333333333,0.9077893396480979,558.966371230456,507.42371302478927,Medium
16055,0.0,0.0,221.0,0.0,0.4125673948254212,470.98914615257866,194.31476501921892,Low
16056,0.0,0.0,46.0,0.0,1.04112876043265,470.98914615257866,490.3603459110665,Medium
16057,5.0,639.0,656.0,517.884,1.3817746980464896,521.3057647012874,720.3271156100158,Medium
16058,0.0,0.0,407.0,0.0,0.25180703038366353,470.98914615257866,118.59837823561811,Low
16059,11.0,504.0,570.0,272.80636363636364,3.2028562203341395,274.1288401470858,877.9952608380767,High
16060,2.0,94.0,495.0,98.175,0.42735542708301766,104.57002180771582,44.68856632971686,Low
16061,0.0,0.0,432.0,0.0,0.2392869734754787,470.98914615257866,112.70156732265045,Low
16062,6.0,527.0,537.0,386.68833333333333,1.9500059631009155,389.31182059687285,759.1603716695759,Medium
16063,0.0,0.0,261.0,0.0,0.3627196979328441,470.98914615257866,170.83704082211148,Low
16064,0.0,0.0,726.0,0.0,0.15103147456557572,470.98914615257866,71.1341852478054,Low
16065,5.0,98.0,464.0,388.678,0.150396382741488,391.8314069892251,58.93002625568726,Low
16066,4.0,108.0,125.0,301.3725,4.203163042214849,305.0895245350382,1282.3410140925732,High
16067,2.0,113.0,676.0,712.265,0.2530969332286119,721.8586117953122,182.7002008700566,Low
16068,0.0,0.0,594.0,0.0,0.1809966236592575,470.98914615257866,85.2474452337733,Low
16069,0.0,0.0,418.0,0.0,0.2461401922075257,470.98914615257866,115.92935896165412,Low
16070,1.0,10.0,33.0,165.3,2.6846439376880533,178.85993627323526,480.1752436112126,Medium
16071,3.0,611.0,656.0,270.8333333333333,0.8827783387111544,275.6877992207265,243.37121739900724,Low
16072,2.0,261.0,550.0,1234.625,0.6532380214411483,1246.9394108083573,814.5482335734425,Medium
16073,0.0,0.0,298.0,0.0,0.3262773901172908,470.98914615257866,153.6731093802346,Low
16074,0.0,0.0,391.0,0.0,0.2605324323206955,470.98914615257866,122.70794784377887,Low
16075,1.0,62.0,565.0,267.23,0.24849264738639387,281.85733474076017,70.0394752950045,Low
16076,8.0,205.0,209.0,241.15999999999997,5.539309562297811,242.93799998876008,1345.7087863832444,High
16077,0.0,0.0,626.0,0.0,0.17268971543298167,470.98914615257866,81.33498162111182,Low
16078,1.0,386.0,670.0,79.2,0.3559208140755842,91.85830762559574,32.69428362970748,Low
16079,2.0,24.0,41.0,421.89,4.143197601064432,429.97114527143407,1781.455417615532,High
16080,3.0,369.0,451.0,98.63666666666666,1.2129654980701936,102.89422558215504,124.80714558180556,Low
16081,7.0,618.0,675.0,622.0428571428572,1.8167761070951873,624.6399589010359,1134.830952868322,High
16082,0.0,0.0,671.0,0.0,0.16222086859733434,470.98914615257866,76.40426838878815,Low
16083,3.0,288.0,389.0,547.1066666666667,1.3576279766851749,552.9188135708316,750.6580501393355,Medium
16084,0.0,0.0,300.0,0.0,0.3245154765540782,470.98914615257866,152.84326721550244,Low
16085,11.0,665.0,689.0,189.8081818181818,2.73913355304656,191.05239008947765,523.3180120838283,Medium
16086,9.0,678.0,738.0,286.71555555555557,2.1161987319016484,288.34828919972045,610.2022839504582,Medium
16087,4.0,300.0,690.0,348.39,0.7202665885742974,352.22915570246687,253.69889237422083,Low
16088,1.0,16.0,592.0,712.28,0.1478726109194894,731.567843795719,108.17884712681415,Low
16089,1.0,123.0,510.0,116.78999999999999,0.3694224727966094,129.84194549858955,47.96653257881154,Low
16090,0.0,0.0,625.0,0.0,0.17293773843383678,470.98914615257866,81.45179776251076,Low
16091,1.0,44.0,199.0,157.81,0.8771240676424431,171.29150191120482,150.2438989089393,Low
16092,4.0,465.0,580.0,278.63,1.2367489265963265,282.28794933803186,349.1193183348891,Medium
16093,0.0,0.0,107.0,0.0,0.6791658584450884,470.98914615257866,319.8797477650353,Medium
16094,9.0,591.0,603.0,373.4733333333333,2.559769590798843,375.206082314069,960.4411197903214,High
16095,0.0,0.0,457.0,0.0,0.2279544859007413,470.98914615257866,107.36408867604017,Low
16096,3.0,381.0,646.0,336.02333333333337,0.8158367756033461,341.1037755201041,278.2850043664493,Low
16097,0.0,0.0,241.0,0.0,0.38603639750199964,470.98914615257866,181.81895324328426,Low
16098,13.0,637.0,725.0,330.2623076923077,3.0072015410184987,331.42700328825214,996.6677950235749,High
16099,6.0,596.0,647.0,239.45000000000002,1.6405683566487126,241.81873342580622,396.720162103248,Medium
16100,0.0,0.0,463.0,0.0,0.22539281731179991,470.98914615257866,106.15757057460878,Low
16101,3.0,491.0,562.0,801.8833333333333,1.0074594776482058,808.5786446538362,814.610218980448,Medium
16102,2.0,86.0,129.0,501.19000000000005,2.2666901745416306,509.6841925218639,1155.2961513084938,High
16103,20.0,693.0,701.0,299.563,4.80113486051724,300.3039251640671,1441.799643855363,High
16104,7.0,672.0,734.0,298.38714285714286,1.683319115387108,300.5043686497253,505.844748005417,Medium
16105,4.0,356.0,605.0,447.66,1.075640854134545,451.75701630736165,485.92830288212406,Medium
16106,0.0,0.0,66.0,0.0,0.8859649921801986,470.98914615257866,417.2798951880278,Medium
16107,6.0,166.0,184.0,445.21000000000004,4.637830434594505,447.9347422753043,2077.445380436652,High
16108,3.0,547.0,632.0,636.2433333333333,0.9058534151812047,642.3644658805752,581.8880452089694,Medium
16109,2.0,480.0,699.0,305.93999999999994,0.5760307524898758,313.4172003951752,180.53794578690295,Low
16110,3.0,477.0,523.0,445.82666666666665,1.078720068565534,451.2877339635153,486.81313532390766,Medium
16111,0.0,0.0,429.0,0.0,0.24072315478287643,470.98914615257866,113.37799313034199,Low
16112,3.0,195.0,339.0,41.24666666666667,1.4428840047896008,45.30528740419411,65.37027452790745,Low
16113,0.0,0.0,184.0,0.0,0.47270934740496395,470.98914615257866,222.64097191260666,Low
16114,0.0,0.0,171.0,0.0,0.49824669090635954,470.98914615257866,234.66878352333404,Low
16115,11.0,565.0,575.0,216.46454545454546,3.228835232395732,217.73389098313564,703.0268584929597,Medium
16116,0.0,0.0,212.0,0.0,0.42573827237933004,470.98914615257866,200.5181053924146,Low
16117,2.0,402.0,592.0,260.45,0.6685772784330586,267.6902581578228,178.97162426220004,Low
16118,0.0,0.0,653.0,0.0,0.16625218547183784,470.98914615257866,78.30297488138105,Low
16119,7.0,715.0,724.0,219.63000000000002,1.7179852375881237,221.63045461163918,380.7578492227408,Medium
16120,1.0,363.0,423.0,1309.14,0.5651394255982088,1334.6780885649425,754.2792083301069,Medium
16121,3.0,508.0,566.0,440.47333333333336,1.0040659201010542,445.91584369727815,447.72890188954545,Medium
16122,5.0,352.0,426.0,177.408,1.9837104261137823,180.12260434981647,357.31108822749866,Medium
16123,0.0,0.0,52.0,0.0,0.9891079619975823,470.98914615257866,465.8591144739585,Medium
16124,3.0,415.0,733.0,436.49666666666667,0.7138421135610621,441.92539221059013,315.464956011909,Medium
16125,13.0,358.0,726.0,299.84153846153845,0.09952315763824159,300.98196384892594,29.954675434404187,Low
16126,14.0,708.0,738.0,1033.7642857142857,3.236331988224204,1035.3668728985185,3350.790930309139,High
16127,1.0,687.0,727.0,656.25,0.3528256586695225,674.9511045027198,238.1400680158938,Low
16128,9.0,494.0,512.0,386.28555555555556,2.9561152288445296,388.0330746093683,1147.0704811481194,High
16129,2.0,100.0,508.0,474.55499999999995,0.42566299607373254,482.9104596906507,205.55711310726582,Low
16130,3.0,195.0,618.0,259.8433333333333,0.5283890868423028,264.6597032009358,139.84329889829735,Low
16131,7.0,686.0,738.0,1234.207142857143,1.6781982549086694,1237.7118847858621,2077.125925127354,High
16132,1.0,83.0,628.0,310.8,0.23655837111485858,325.88359444084904,77.09049227398243,Low
16133,49.0,615.0,619.0,453.28224489795923,12.944867060963102,453.6170886085012,5872.012908618168,High
16134,4.0,519.0,541.0,309.6675,1.345906995984225,313.4060713640662,421.81542403282793,Medium
16135,1.0,321.0,584.0,517.55,0.4000510663073437,534.7986551017023,213.94677223316933,Low
16136,3.0,604.0,664.0,236.46,0.8711085354742522,241.19531327711655,210.10729611208245,Low
16137,0.0,0.0,681.0,0.0,0.1600646631301428,470.98914615257866,75.3887190168661,Low
16138,2.0,212.0,591.0,197.07000000000002,0.541840126464525,203.9801328774668,110.5246209945772,Low
16139,4.0,718.0,737.0,188.89,1.0203178163492186,192.31484355901247,196.2222612316732,Low
16140,2.0,376.0,442.0,424.65999999999997,0.893366012238883,432.7555732775336,386.6091207731019,Medium
16141,1.0,329.0,418.0,620.4,0.5657370431314926,638.7256876964726,361.35078192953165,Medium
16142,0.0,0.0,250.0,0.0,0.3751823354581328,470.98914615257866,176.7068078289563,Low
16143,11.0,726.0,730.0,419.1345454545454,2.605648603417669,420.5950111226016,1095.922803336046,High
16144,0.0,0.0,247.0,0.0,0.3787317034248557,470.98914615257866,178.37852161698441,Low
16145,18.0,576.0,585.0,330.6716666666667,5.100923605373097,331.51288515396806,1691.0219013672163,High
16146,3.0,291.0,449.0,244.71,1.1662408500443253,249.47391129015327,290.94666636691096,Medium
16147,4.0,539.0,673.0,431.0675,1.0811097581424973,435.121416155385,470.41400898236924,Medium
16148,1.0,140.0,437.0,76.32000000000001,0.4637851918658701,88.94814861856669,41.25283417317588,Low
16149,2.0,425.0,430.0,140.26,0.9275105157034722,146.87422853576544,136.22739145275744,Low
16150,9.0,680.0,723.0,449.71,2.163150075888434,451.5306354627436,976.7285283671866,High
16152,0.0,0.0,269.0,0.0,0.35416501827836694,470.98914615257866,166.80787955604046,Low
16153,10.0,513.0,563.0,373.75100000000003,2.9790858136292995,375.3105823797762,1118.0824316725418,High
16155,3.0,158.0,540.0,189.4333333333333,0.5636487886901811,194.00563215876412,109.35103956536024,Low
16156,17.0,729.0,738.0,348.1223529411765,3.9134943974375456,349.02372963799377,1365.9024105110452,High
16157,2.0,57.0,73.0,244.185,3.2230025932804485,251.3405391978198,810.0712096310795,Medium
16158,7.0,212.0,735.0,68.81428571428572,0.04608562946638884,70.59112976283112,3.253236649863608,Low
16159,3.0,455.0,737.0,305.08,0.7335373055275746,310.0531794170657,227.435573799852,Low
16160,1.0,20.0,86.0,223.49999999999997,1.6610236945922392,237.66939954028075,394.77450411591616,Medium
16161,41.0,668.0,670.0,307.6585365853659,10.11117672138742,308.0219143300657,3114.4640098513505,High
16162,0.0,0.0,253.0,0.0,0.3716990577251108,470.98914615257866,175.06622182366797,Low
16163,4.0,372.0,738.0,409.65000000000003,0.7953952425595171,413.64828273637295,329.0138761814251,Medium
16164,2.0,25.0,43.0,288.56,4.063976530014591,295.9466737720672,1202.7203363455658,High
16165,0.0,0.0,506.0,0.0,0.20859519480703037,470.98914615257866,98.24607269369405,Low
16166,1.0,263.0,692.0,195.99,0.31521539353050826,209.87131819188863,66.15467015462269,Low
16167,3.0,324.0,739.0,300.10999999999996,0.6102017451841425,305.0659512807271,186.15177586776028,Low
16168,55.0,726.0,737.0,189.64218181818183,12.375755767834546,189.8908046011457,2350.042220301372,High
16169,3.0,67.0,76.0,411.83666666666664,4.414418642172894,417.17991014980396,1841.6067725053074,High
16170,19.0,609.0,660.0,344.69052631578944,4.769246074933501,345.4950965986176,1647.7511333617276,High
16171,0.0,0.0,60.0,0.0,0.9273887010786552,470.98914615257866,436.7900124725848,Medium
16172,6.0,418.0,514.0,312.26666666666665,1.9740864174962802,314.76138851453874,621.3661818188206,Medium
16173,5.0,83.0,99.0,197.788,5.908211158175066,200.5449331129686,1184.8618115335132,High
16174,6.0,477.0,604.0,340.4916666666667,1.6962071384957773,343.0352238070013,581.8587953769322,Medium
16175,6.0,469.0,564.0,257.79833333333335,1.8262720827338477,260.1988133038528,475.1938286973028,Medium
16176,3.0,199.0,621.0,441.43333333333334,0.5355589400361243,446.8791714660679,239.33013539458872,Low
16177,6.0,597.0,648.0,317.59666666666664,1.6383066740905896,320.10061055559544,524.4229666537046,Medium
16178,1.0,263.0,402.0,197.9,0.5719444166462411,211.80131947780026,121.13858211363461,Low
16179,0.0,0.0,61.0,0.0,0.9202155691366966,470.98914615257866,433.4115451840019,Medium
16180,10.0,434.0,535.0,1423.2350000000001,3.0136064526428306,1425.8833280718618,4297.051198193197,High
16181,0.0,0.0,74.0,0.0,0.8362053909558023,470.98914615257866,393.84366309445653,Medium
16182,8.0,568.0,641.0,1184.58125,2.1428549445197707,1187.5829612171174,2544.818020471531,High
16183,3.0,340.0,408.0,207.90333333333334,1.3256667572409302,212.5396570437082,281.75675793823206,Medium
16184,5.0,147.0,212.0,202.114,3.395649903858986,204.87991810950425,695.700474231175,Medium
16185,2.0,548.0,565.0,264.705,0.7292064956225459,271.9674210336182,198.32041001542623,Low
16186,22.0,708.0,731.0,392.5804545454546,5.058637658748384,393.2978287269647,1989.5512075021957,High
16187,10.0,253.0,285.0,623.554,5.301274669320611,625.3727306279819,3315.2726157619823,High
16188,4.0,364.0,409.0,245.465,1.7048328115492586,249.03680098544464,424.5661096032488,Medium
16189,1.0,70.0,86.0,71.0,1.7966580857667787,83.57243823058245,150.15109689422061,Low
16190,7.0,685.0,726.0,360.94714285714286,1.7064158028364582,363.15712474542397,619.6970565782425,Medium
16191,15.0,726.0,729.0,1007.5546666666667,3.50986468678383,1009.03222035074,3541.566558036143,High
16192,0.0,0.0,736.0,0.0,0.14916093243425163,470.98914615257866,70.25318020653066,Low
16193,1.0,174.0,411.0,314.45,0.5218584300608038,329.57181679350737,171.9898309041466,Low
16194,0.0,0.0,376.0,0.0,0.2692811004844868,470.98914615257866,126.82847559221516,Low
16195,0.0,0.0,724.0,0.0,0.1514112306876721,470.98914615257866,71.3130462594978,Low
16196,0.0,0.0,489.0,0.0,0.21492740858606335,470.98914615257866,101.22847665473638,Low
16197,8.0,254.0,724.0,237.42624999999998,0.07889757151361634,239.19940694351504,18.872252315340596,Low
16198,1.0,362.0,438.0,400.68100000000004,0.5462803302686062,416.70581725709167,227.63819147605352,Low
16199,6.0,239.0,632.0,146.125,0.41677886400936104,148.33226119660998,61.82175131746293,Low
16200,8.0,733.0,738.0,574.955,1.9116523048076992,577.1659653151926,1103.3406478513484,High
16201,4.0,412.0,416.0,465.86749999999995,1.696575427179,470.01181153213867,797.4104899293137,Medium
16202,6.0,377.0,738.0,360.84,0.8983251003281804,363.4187641132117,326.4681977331442,Medium
16203,5.0,446.0,505.0,166.482,1.7271502956086706,169.17391131418353,292.1887709355671,Medium
16204,2.0,708.0,732.0,365.485,0.577257286049457,373.2723504396499,215.47418397209415,Low
16205,6.0,512.0,543.0,268.4166666666667,1.9240295505066867,270.8355186270461,521.0955411652409,Medium
16206,11.0,630.0,685.0,205.65,2.7359257303104894,206.90914728792538,566.0880599016378,Medium
16207,0.0,0.0,26.0,0.0,1.2630882296182389,470.98914615257866,594.9008467832665,Medium
16208,9.0,609.0,654.0,346.32222222222225,2.3664824182909885,348.02367109839554,823.5918988034387,Medium
16209,8.0,458.0,547.0,423.69,2.4402354634137655,425.70475955985523,1038.819851221989,High
16210,30.0,736.0,738.0,1261.8406666666667,6.8110971526115245,1262.667060427071,8600.148019971186,High
16211,2.0,350.0,439.0,423.51,0.8920287082084125,431.5995833111024,384.99921876429175,Medium
16212,3.0,651.0,671.0,344.2366666666667,0.8680760540700443,349.34557976419393,303.2585323885134,Medium
16213,0.0,0.0,79.0,0.0,0.8078670417070272,470.98914615257866,380.49660817840237,Medium
16214,3.0,265.0,436.0,354.25,1.1764524220052957,359.39362357476455,422.8094989077913,Medium
16215,0.0,0.0,81.0,0.0,0.7970660678316085,470.98914615257866,375.4094667152026,Medium
16216,0.0,0.0,268.0,0.0,0.3552121634942718,470.98914615257866,167.30107358717726,Low
16217,1.0,47.0,283.0,121.25000000000001,0.6015780561561559,134.34865007197484,80.82119975750221,Low
16218,11.0,532.0,562.0,393.34272727272725,3.2827908437402216,394.7788709597898,1295.9764628889004,High
16219,0.0,0.0,501.0,0.0,0.21041849481150834,470.98914615257866,99.10482720598311,Low
16221,8.0,450.0,487.0,242.58375,2.7539800501527663,244.36359673416825,672.972470389475,Medium
16222,1.0,403.0,722.0,846.72,0.33040252061291225,867.4156829988393,286.5963280819874,Medium
16223,1.0,21.0,396.0,505.56,0.31683179282056106,522.683097291189,165.60262279177115,Low
16224,4.0,330.0,388.0,323.82500000000005,1.7737123658278622,327.60034643723833,581.0687855252213,Medium
16225,12.0,626.0,671.0,223.8175,3.0343715403136446,224.98733089813857,682.6951538084404,Medium
16226,4.0,210.0,414.0,85.83,1.3998452038721347,88.9871381702701,124.56821857395957,Low
16227,2.0,310.0,536.0,353.51,0.7073697242454992,361.23497665876846,255.52668582694236,Low
16228,1.0,15.0,401.0,437.37,0.29119106578471615,453.7790199685114,132.13639645537484,Low
16229,5.0,477.0,565.0,489.5,1.5532614156141382,492.8628118252664,765.544788799278,Medium
16230,1.0,31.0,221.0,266.1,0.7443595350976714,280.7155015192522,208.95326020558022,Low
16231,3.0,218.0,598.0,262.2233333333333,0.6436083645657548,267.0479532943936,171.87429648043673,Low
16232,5.0,507.0,551.0,406.84399999999994,1.606788044782096,410.0351373283527,658.839556599782,Medium
16233,8.0,666.0,738.0,208.92624999999998,1.8910148091612478,210.66243960786497,398.36579303250966,Medium
16234,2.0,85.0,562.0,120.91,0.2963372855301487,127.42344083972742,37.76031657135631,Low
16235,7.0,430.0,471.0,189.15,2.5021707649462948,191.105262703121,478.17800136313093,Medium
16236,0.0,0.0,79.0,0.0,0.8078670417070272,470.98914615257866,380.49660817840237,Medium
16237,0.0,0.0,438.0,0.0,0.2364654855642906,470.98914615257866,111.37267714048014,Low
16238,0.0,0.0,423.0,0.0,0.24364794153851851,470.98914615257866,114.75553594706024,Low
16239,5.0,407.0,464.0,245.92,1.8584693676436126,248.77690210354945,462.34425193672047,Medium
16240,1.0,53.0,78.0,1894.01,1.8761836338139553,1925.6727755236523,3612.915745518571,High
16241,14.0,401.0,411.0,281.8392857142857,5.448529638807018,282.8848559504617,1541.3065220157443,High
16242,12.0,626.0,635.0,578.91,3.2097560705981563,580.3867583949441,1862.899921052957,High
16243,1.0,21.0,55.0,194.15,2.1808824421582633,208.01204993739785,453.6498274658188,Medium
16244,1.0,161.0,373.0,466.12,0.5707456573720251,482.83008644493,275.5731750870033,Low
16245,2.0,233.0,257.0,479.84000000000003,1.4093152085901397,488.222987492902,688.0600814570604,Medium
16246,1.0,210.0,670.0,660.35,0.3074745875292726,679.0940392002263,208.80415959667727,Low
16247,0.0,0.0,171.0,0.0,0.49824669090635954,470.98914615257866,234.66878352333404,Low
16248,0.0,0.0,62.0,0.0,0.9131534603832515,470.98914615257866,430.0853686121802,Medium
16249,4.0,187.0,240.0,246.31,2.5975958548374285,249.88399593065606,649.097632019685,Medium
16250,2.0,125.0,387.0,307.78999999999996,0.7807199333820148,315.27683642812974,246.14291073306185,Low
16251,0.0,0.0,513.0,0.0,0.20609508177030963,470.98914615257866,97.06854658924401,Low
16252,0.0,0.0,383.0,0.0,0.26512627835299996,470.98914615257866,124.87159946409035,Low
16253,6.0,665.0,732.0,1155.17,1.464028526491587,1159.1231250649118,1696.9893208111066,High
16254,2.0,254.0,633.0,403.85,0.5354661601772518,411.83718092846124,220.52487388998725,Low
16255,14.0,668.0,685.0,329.2264285714286,3.4698695035036047,330.30710263004886,1146.1225422066418,High
16256,2.0,331.0,598.0,529.7650000000001,0.6333732059470368,538.4080301660131,341.0132201738766,Medium
16257,0.0,0.0,177.0,0.0,0.4861243712998185,470.98914615257866,228.95930256246064,Low
16258,12.0,594.0,640.0,932.2975,3.1644205806721226,934.0797121591812,2955.8210651448053,High
16259,1.0,195.0,606.0,202.12,0.3412291238567831,216.06551080059978,73.72784494615698,Low
16260,0.0,0.0,51.0,0.0,0.9974107826435347,470.98914615257866,469.7696528806536,Medium
16261,5.0,425.0,443.0,181.552,1.9532960468093146,184.2752113367891,359.94404182910114,Medium
16262,0.0,0.0,379.0,0.0,0.2674845965921218,470.98914615257866,125.98234175789041,Low
16263,0.0,0.0,424.0,0.0,0.2431555443037791,470.98914615257866,114.52362219390243,Low
16264,1.0,8.0,447.0,280.05,0.2212395248736844,294.8115842095492,65.22397481777887,Low
16265,10.0,398.0,408.0,674.757,3.979379694883101,676.6288491563938,2692.563103305074,High
16266,11.0,600.0,674.0,145.98,2.758250950872047,147.18287779208515,405.9673126221032,Medium
16267,0.0,0.0,592.0,0.0,0.1815424447981936,470.98914615257866,85.50452106595284,Low
16268,0.0,0.0,72.0,0.0,0.8481097616671857,470.98914615257866,399.45049249129477,Medium
16269,0.0,0.0,438.0,0.0,0.2364654855642906,470.98914615257866,111.37267714048014,Low
16270,0.0,0.0,354.0,0.0,0.2832324711859836,470.98914615257866,133.39941976657124,Low
16271,9.0,640.0,643.0,309.3311111111111,2.419081377302692,310.98991622066575,752.3099148583369,Medium
16272,0.0,0.0,117.0,0.0,0.6426528665207559,470.98914615257866,302.68252487511796,Medium
16273,1.0,8.0,657.0,76.5,0.10628887034939943,89.13003355650599,9.473530580925086,Low
16274,0.0,0.0,374.0,0.0,0.2704922597173545,470.98914615257866,127.39891844515836,Low
16275,2.0,445.0,642.0,727.635,0.6235275231878439,737.3086689988318,459.7322482057674,Medium
16276,2.0,431.0,608.0,786.0150000000001,0.6575253328798314,795.9927509468783,523.3853985362789,Medium
16277,0.0,0.0,734.0,0.0,0.14953132253563808,470.98914615257866,70.42762992412602,Low
16278,2.0,399.0,500.0,428.77,0.7962792851592972,436.8869808966921,347.8840528438215,Medium
16279,8.0,575.0,597.0,652.5325,2.3097896972075067,654.8440910513818,1512.552134787696,High
16280,0.0,0.0,726.0,0.0,0.15103147456557572,470.98914615257866,71.1341852478054,Low
16281,2.0,610.0,683.0,1321.25,0.6102041675767199,1334.0156115406205,814.0218857744933,Medium
16282,2.0,379.0,719.0,518.79,0.5267730832379677,527.3758650515935,277.80741045851823,Low
16283,7.0,644.0,650.0,504.3857142857143,1.8950340565997223,506.8083688379709,960.4191191177083,High
16284,2.0,362.0,394.0,411.985,0.9934467148415986,420.01455343012884,417.2620782908226,Medium
16285,0.0,0.0,647.0,0.0,0.16764089043935285,470.98914615257866,78.95703984828879,Low
16286,1.0,146.0,624.0,56.0,0.2989676750912582,68.41536006897277,20.45398114035209,Low
16287,4.0,520.0,690.0,195.09000000000003,1.0436916289468796,198.53094848245712,207.20508901802472,Low
16288,0.0,0.0,471.0,0.0,0.2220656073608564,470.98914615257866,104.59049080074354,Low
16289,0.0,0.0,463.0,0.0,0.22539281731179991,470.98914615257866,106.15757057460878,Low
16290,3.0,101.0,566.0,370.6233333333334,0.24771227693314896,375.8237138535672,93.09614788413937,Low
16291,0.0,0.0,683.0,0.0,0.15964028714830325,470.98914615257866,75.18884253553182,Low
16292,4.0,483.0,605.0,235.375,1.1898387346004005,238.92059152132268,284.27697428570974,Medium
16293,9.0,707.0,729.0,481.3677777777778,2.1539933682100303,483.2249086808223,1040.8632486523886,High
16294,0.0,0.0,477.0,0.0,0.2196340368122636,470.98914615257866,103.44524746425206,Low
16295,3.0,55.0,65.0,324.21666666666664,4.772349034762108,329.2561819192248,1571.3254219716694,High
16296,3.0,95.0,722.0,312.5566666666667,0.09030459099465907,317.5557633941329,28.6767433313039,Low
16297,0.0,0.0,269.0,0.0,0.35416501827836694,470.98914615257866,166.80787955604046,Low
16298,6.0,420.0,443.0,150.35,2.300741170690851,152.56457135110614,351.01159049629183,Medium
16299,0.0,0.0,478.0,0.0,0.2192339490989718,470.98914615257866,103.25681049378261,Low
16300,2.0,245.0,676.0,486.08500000000004,0.47716637685821905,494.50051561495667,235.95901939051004,Low
16301,0.0,0.0,737.0,0.0,0.14897642507131617,470.98914615257866,70.16627924120282,Low
16302,0.0,0.0,127.0,0.0,0.6098844643038516,470.98914615257866,287.24896309419387,Medium
16303,6.0,606.0,632.0,1218.3183333333334,1.6826767441557948,1222.3807185338292,2056.8716075813245,High
16304,0.0,0.0,695.0,0.0,0.15714058001741915,470.98914615257866,74.0115076083252,Low
16305,0.0,0.0,139.0,0.0,0.5747386330053562,470.98914615257866,270.695658020093,Low
16306,5.0,221.0,435.0,139.054,1.5014567476068386,141.68894402685595,212.73982107041053,Low
16307,2.0,148.0,578.0,379.53499999999997,0.44836588751008605,387.39553220343976,173.6949416138374,Low
16308,6.0,687.0,725.0,693.3333333333334,1.484074621201094,696.4873820940265,1033.6392477525342,High
16309,1.0,134.0,241.0,372.37,0.8563016961809933,388.09834793486954,332.3292736216701,Medium
16310,1.0,228.0,643.0,269.7,0.3315538922160423,284.3532002780385,94.27841031627148,Low
16311,1.0,32.0,50.0,214.71,2.3279113217130187,228.7873517375775,532.5966663746453,Medium
16312,0.0,0.0,433.0,0.0,0.23881205236516487,470.98914615257866,112.4778846344139,Low
16313,1.0,46.0,50.0,106.53,2.3643260424675514,119.47450403604856,282.4766813033242,Medium
16314,2.0,83.0,473.0,545.1,0.4257807313725758,553.8229050662064,235.80712156997402,Low
16315,1.0,206.0,537.0,226.37,0.4005293673136448,240.56945382853542,96.35513113693237,Low
16316,10.0,429.0,494.0,473.346,3.3120363794479974,475.0089032757624,1573.24676821102,High
16317,4.0,465.0,585.0,454.5025,1.225383652627359,458.6172901684374,561.9821301846612,Medium
16318,0.0,0.0,36.0,0.0,1.141308103438488,470.98914615257866,537.5437291355124,Medium
16319,0.0,0.0,218.0,0.0,0.41686590155552616,470.98914615257866,196.33931503376218,Low
16320,4.0,509.0,682.0,903.975,1.0524708998113737,909.2573256850444,956.9668757238219,High
16321,3.0,554.0,627.0,76.89999999999999,0.9145385074828731,81.08221037285708,74.15280365780505,Low
16322,1.0,35.0,37.0,113.67,2.6621696660681406,126.68927324097476,337.2683402383412,Medium
16323,1.0,381.0,578.0,207.50000000000003,0.4158204576603701,221.50184950123048,92.10500043222008,Low
16324,1.0,49.0,178.0,262.12,0.9925931451732237,276.6938234470384,274.64439246530054,Low
16325,11.0,689.0,736.0,312.13363636363636,2.5697275757886127,313.4931989445635,805.5921181500305,Medium
16326,22.0,675.0,681.0,206.72363636363636,5.409001209493471,207.35341928704676,1121.5748957162427,High
16327,15.0,711.0,726.0,668.8486666666666,3.5180921991802374,670.0920498934199,2357.445613462735,High
16328,0.0,0.0,564.0,0.0,0.18954519214885432,470.98914615257866,89.27372820751535,Low
16329,3.0,311.0,739.0,473.53666666666663,0.5903876448028929,479.09378862306045,282.8510535048636,Medium
16330,4.0,645.0,663.0,145.725,1.123185729287396,149.03771952345002,167.39703969427657,Low
16331,3.0,210.0,643.0,520.1999999999999,0.5268573693329383,525.9188769400306,277.0842359871578,Low
16332,10.0,561.0,590.0,190.26600000000002,2.873906241566517,191.63523311927068,550.7416925655265,Medium
16333,12.0,302.0,310.0,2136.44,5.952991158230462,2139.263023900691,12735.013866410178,High
16334,0.0,0.0,493.0,0.0,0.21340309365648688,470.98914615257866,100.51054086758754,Low
16335,6.0,184.0,736.0,413.92,0.04822892217363185,416.59060387668063,20.091715812634725,Low
16336,2.0,211.0,632.0,864.895,0.48704987201856637,875.283610557394,426.3067705019274,Medium
16337,0.0,0.0,37.0,0.0,1.130421845773504,470.98914615257866,532.4164199330846,Medium
16338,0.0,0.0,158.0,0.0,0.5267142202676383,470.98914615257866,248.0766808702762,Low
16339,0.0,0.0,285.0,0.0,0.3382144121305506,470.98914615257866,159.29531718586438,Low
16340,2.0,444.0,552.0,576.2650000000001,0.7302079449094971,585.150233156492,427.28134921651514,Medium
16341,5.0,585.0,610.0,617.702,1.4732778646977014,621.3310842538056,915.3933330797543,High
16342,3.0,104.0,180.0,61.82,2.420483223933142,65.94993667145177,159.63071533270212,Low
16343,1.0,391.0,408.0,370.48,0.5890004720560266,386.1885560865067,227.46524183758774,Low
16344,3.0,510.0,669.0,211.10666666666665,0.8445561451669117,215.75409449442668,182.2164463501906,Low
16345,1.0,439.0,484.0,575.41,0.505591410841081,593.2645579304179,299.9494648460502,Medium
16346,0.0,0.0,386.0,0.0,0.26338469505257933,470.98914615257866,124.05133263247164,Low
16347,9.0,626.0,638.0,365.2966666666667,2.433422022542407,367.0199894946166,893.1145251494828,High
16348,6.0,398.0,431.0,244.9083333333333,2.349694746444858,247.2865108443367,581.0478153976173,Medium
16349,0.0,0.0,291.0,0.0,0.332598034761011,470.98914615257866,156.65006440411426,Low
16350,7.0,407.0,429.0,277.41285714285715,2.7247016122075047,279.4989849039031,761.5513347780258,Medium
16351,12.0,403.0,736.0,259.45250000000004,0.42596730207601446,260.65313234099835,111.02971156095742,Low
16352,1.0,20.0,38.0,289.52,2.5847850842884412,304.38075288891207,786.7588300117458,Medium
16353,31.0,729.0,733.0,305.985806451613,7.0760164010741455,306.4658826395473,2168.557611927101,High
16354,4.0,528.0,592.0,229.67000000000002,1.2330584470659591,233.20077239418535,287.55018226295635,Medium
16355,0.0,0.0,376.0,0.0,0.2692811004844868,470.98914615257866,126.82847559221516,Low
16356,4.0,354.0,552.0,79.3925,1.2174887564274839,82.53291632435482,100.48289766007233,Low
16357,3.0,348.0,382.0,219.62666666666667,1.4156678040261788,224.30362844243552,317.53942511220663,Medium
16358,4.0,393.0,395.0,506.87500000000006,1.7738369781965366,511.12583131409934,906.6539000963948,High
16359,15.0,654.0,662.0,167.95466666666667,3.828726495660171,168.85174785847246,646.4871608642641,Medium
16360,5.0,84.0,89.0,660.304,6.3366676619573585,664.0215675692033,4207.683994058004,High
16361,3.0,62.0,72.0,187.24,4.535711709880837,191.80469579812652,869.9708047416942,High
16362,3.0,405.0,438.0,244.92333333333332,1.2611026032718269,249.68798412766208,314.88216678908924,Medium
16363,0.0,0.0,54.0,0.0,0.9729137947226096,470.98914615257866,458.2318374564671,Medium
16364,1.0,126.0,138.0,359.49,1.3520958994032495,375.083470153434,507.14882192839923,Medium
16365,13.0,711.0,729.0,239.10999999999999,3.054083605246776,240.2019727301496,733.5969068630831,Medium
16366,3.0,705.0,724.0,434.82666666666665,0.8103893270788312,440.2496032794663,356.7735797483691,Medium
16367,2.0,346.0,384.0,402.245,1.0135672854264206,410.2238210187898,415.7894446872686,Medium
16368,2.0,433.0,436.0,248.71500000000003,0.9168520153893622,255.8941344568923,234.61705290311815,Low
16369,6.0,593.0,612.0,407.0933333333333,1.7336644627378488,409.75212561521465,710.3726987103927,Medium
16370,3.0,143.0,226.0,348.34,2.0646224772658806,353.4631369981528,729.7679375312955,Medium
16371,0.0,0.0,449.0,0.0,0.23146213983750413,470.98914615257866,109.01615560871483,Low
16372,3.0,574.0,608.0,405.05333333333334,0.9464866258460625,410.37306289464044,388.4126156372622,Medium
16373,1.0,29.0,412.0,114.75,0.3208098825752047,127.78058286861065,40.993273785470194,Low
16374,4.0,522.0,589.0,322.915,1.2377536466245431,326.6879826500876,404.3592418335614,Medium
16375,0.0,0.0,471.0,0.0,0.2220656073608564,470.98914615257866,104.59049080074354,Low
16376,1.0,9.0,18.0,112.75999999999999,3.22106025303223,125.76974383250376,405.1119228929233,Medium
16377,1.0,350.0,618.0,676.2,0.3820191125932692,695.1100184576607,265.5453124058865,Low
16378,2.0,63.0,311.0,109.375,0.7826787271319988,115.82835887208925,90.65639248779517,Low
16379,3.0,74.0,79.0,559.5066666666667,4.337764346216019,565.3617972510323,2452.4062468281377,High
16380,0.0,0.0,62.0,0.0,0.9131534603832515,470.98914615257866,430.0853686121802,Medium
16381,1.0,23.0,419.0,43.5,0.2954045317353587,55.78446160096472,16.47898275734208,Low
16382,1.0,142.0,551.0,157.33,0.3495787894975995,170.80647541003333,59.71032091219095,Low
16383,6.0,599.0,674.0,419.075,1.5735604656926745,421.75452313027296,663.6562438248642,Medium
16384,3.0,501.0,591.0,346.40000000000003,0.9597087022238545,351.5164121320569,337.35335969764196,Medium
16385,4.0,571.0,632.0,230.08750000000003,1.164428801629408,233.6193568789496,272.03310776798827,Low
16386,2.0,359.0,388.0,158.60000000000002,1.0071080013510247,165.30975547867698,166.48477744395697,Low
16387,4.0,316.0,639.0,194.59,0.9006978959977647,198.02964969830833,178.3648888284407,Low
16388,0.0,0.0,654.0,0.0,0.1660229701408657,470.98914615257866,78.1950169483614,Low
16389,3.0,230.0,284.0,420.8066666666667,1.787050314654606,426.181003989433,761.6068972791321,Medium
16390,2.0,143.0,680.0,136.85000000000002,0.3152688254807023,143.44646698313036,45.22419916512785,Low
16391,3.0,161.0,562.0,312.71,0.5226347158649486,317.70962824609234,166.0460812859549,Low
16392,2.0,292.0,562.0,285.38,0.6587617945726486,292.7501102127183,192.85258796507097,Low
16393,22.0,736.0,739.0,236.10227272727272,5.023086262169427,236.7459013182541,1189.195084536641,High
16394,4.0,233.0,290.0,310.7325,2.2428409627777683,314.47383777430304,705.3148050821376,Medium
16395,11.0,673.0,734.0,299.5354545454545,2.5675898292954265,300.88313689612505,772.5444821009942,Medium
16396,0.0,0.0,477.0,0.0,0.2196340368122636,470.98914615257866,103.44524746425206,Low
16397,0.0,0.0,629.0,0.0,0.17194990015269698,470.98914615257866,80.98653665393991,Low
16398,1.0,99.0,254.0,535.85,0.779554147369025,553.2902904588661,431.3197406262216,Medium
16399,2.0,370.0,390.0,204.285,1.0048801615279008,211.23271340598944,212.26356316738745,Low
16400,8.0,637.0,732.0,324.3825,1.8924504771221529,326.2684478516071,617.4468798066781,Medium
16401,20.0,554.0,556.0,337.4275,5.917299222498678,338.1880554961248,2001.159917845559,High
16402,1.0,105.0,370.0,87.8,0.5255839488414119,100.54836577158528,52.84660713178045,Low
16403,0.0,0.0,313.0,0.0,0.3135120882833042,470.98914615257866,147.6607907690653,Low
16404,0.0,0.0,71.0,0.0,0.854190966359199,470.98914615257866,402.31467389676516,Medium
16405,1.0,8.0,311.0,160.4,0.4000779765166264,173.90862407377608,69.577010418227,Low
16406,2.0,635.0,654.0,169.915,0.6396400139936759,176.68369153969348,113.01395892890385,Low
16407,11.0,420.0,433.0,229.3890909090909,4.136442363716254,230.67062443259798,954.1557429678799,High
16408,0.0,0.0,592.0,0.0,0.1815424447981936,470.98914615257866,85.50452106595284,Low
16409,11.0,690.0,727.0,471.14363636363635,2.6035308324442807,472.65314720220647,1230.5670417927697,High
16410,0.0,0.0,735.0,0.0,0.14934589768648246,470.98914615257866,70.34029683274674,Low
16411,3.0,409.0,429.0,188.5233333333333,1.28733332637047,193.09247771126553,248.5743816291593,Low
16412,4.0,620.0,674.0,138.17000000000002,1.1007837663907394,141.4630948949623,155.72027840376717,Low
16413,1.0,319.0,376.0,262.2,0.6241342389317802,276.7746611972337,172.74454252193678,Low
16414,4.0,673.0,695.0,107.655,1.0757814487061164,110.86883009836346,119.27063065956972,Low
16415,2.0,632.0,677.0,265.395,0.6177811985466164,272.66101501347697,168.44484865196276,Low
16416,7.0,628.0,655.0,333.63428571428574,1.8766630100901578,335.80377153493663,630.1905166883819,Medium
16417,0.0,0.0,493.0,0.0,0.21340309365648688,470.98914615257866,100.51054086758754,Low
16418,4.0,378.0,423.0,249.3475,1.6570360707480432,252.92938604435977,419.11311602766085,Medium
16419,6.0,556.0,669.0,210.50666666666666,1.565536510532796,212.82532192956148,333.18581184662463,Medium
16420,0.0,0.0,397.0,0.0,0.25719034219649733,470.98914615257866,121.1338596698178,Low
16421,2.0,93.0,470.0,107.83500000000001,0.47047813894272467,114.28033752573792,53.7664005168556,Low
16422,85.0,679.0,697.0,731.0649411764706,19.96066763771061,731.2918233329182,14597.073031723765,High
16423,0.0,0.0,25.0,0.0,1.2767283230446989,470.98914615257866,601.3251827396364,Medium
16424,1.0,191.0,383.0,133.56,0.5722916560647366,146.78755888326918,84.00529516300617,Low
16425,0.0,0.0,303.0,0.0,0.32190807738873656,470.98914615257866,151.61521050893924,Low
16426,6.0,274.0,277.0,263.31333333333333,3.4153063606411562,265.72335543451464,907.5266659864086,High
16427,1.0,21.0,285.0,131.26,0.5119451383698431,144.46347356515568,73.9573729637018,Low
16428,1.0,84.0,498.0,238.97,0.33622989510298945,253.30139948428754,85.16750297804242,Low
16429,0.0,0.0,107.0,0.0,0.6791658584450884,470.98914615257866,319.8797477650353,Medium
16430,6.0,624.0,682.0,168.83166666666668,1.5628697762973682,171.07821525769705,267.37297200915,Low
16431,1.0,84.0,298.0,298.88,0.6398761063354756,313.83876966175654,200.81792994828098,Low
16432,0.0,0.0,65.0,0.0,0.8926079489280784,470.98914615257866,420.4086557146402,Medium
16433,1.0,380.0,409.0,184.26,0.5861386163882399,198.01848306950987,116.06627968566063,Low
16434,11.0,662.0,692.0,204.82363636363635,2.7257320337181734,206.08200438115452,561.7243209145619,Medium
16435,1.0,2.0,515.0,599.4,0.1548474345772426,617.505778270219,95.61918560176701,Low
16436,2.0,65.0,734.0,81.195,0.1107601489817306,87.50157865119253,9.691687887542702,Low
16437,1.0,48.0,430.0,183.89999999999998,0.34617471150445506,197.6547131936312,68.42306331730109,Low
16438,4.0,77.0,83.0,148.4875,5.402135586604253,151.80739530587195,820.0841324915502,Medium
16439,0.0,0.0,723.0,0.0,0.151601826277843,470.98914615257866,71.40281471377283,Low
16440,5.0,486.0,494.0,728.134,1.7801898045099527,731.9924488255629,1303.0854943775403,High
16441,4.0,560.0,628.0,202.1725,1.1693517296459148,205.6318457599243,240.45595450964944,Low
16442,4.0,725.0,727.0,186.1025,1.035045055952686,189.52010283738312,196.16184544547804,Low
16443,0.0,0.0,521.0,0.0,0.2033102804979677,470.98914615257866,95.75693541577907,Low
16444,15.0,579.0,626.0,220.11933333333334,3.9908964796929203,221.05247950139963,882.1975622695272,High
16445,2.0,378.0,412.0,217.32999999999998,0.9561716059358981,224.3456604599851,214.5129504467737,Low
16446,0.0,0.0,206.0,0.0,0.4349978680294209,470.98914615257866,204.87927444136906,Low
16447,2.0,525.0,661.0,284.155,0.6200167899143856,291.5187295963024,180.7465069242192,Low
16448,1.0,273.0,472.0,188.89000000000001,0.4882840594548664,202.69696786206006,98.97369830687929,Low
16449,1.0,83.0,281.0,291.0,0.6806416250365944,305.87625126752425,208.19210872282937,Low
16450,2.0,507.0,657.0,548.72,0.620992098228252,557.4617604387986,346.17934829690466,Medium
16451,2.0,648.0,736.0,352.75,0.5691975431381598,360.47101807225744,205.17921785924014,Low
16452,1.0,63.0,694.0,138.49,0.17735075025088234,151.76918523905158,26.916378867110936,Low
16453,1.0,18.0,549.0,102.25,0.17501050524421533,115.1496844006026,20.1524044456614,Low
16454,2.0,567.0,612.0,3.45,0.6761927402980142,9.35163087711109,6.32350490904927,Low
16455,9.0,556.0,620.0,386.5788888888889,2.4689041822705704,388.32674610064913,958.7415275354145,High
16456,11.0,521.0,621.0,555.7845454545454,2.9149229588295844,557.3738736432413,1624.7019009344638,High
16457,0.0,0.0,219.0,0.0,0.41542311607076615,470.98914615257866,195.65977873021373,Low
16458,29.0,560.0,563.0,193.08068965517242,8.408705345271779,193.55352452154995,1627.5345562405494,High
16459,0.0,0.0,730.0,0.0,0.15027765235295168,470.98914615257866,70.77914316753076,Low
16460,2.0,53.0,82.0,277.94,2.9898039896743174,285.2713577342417,852.9054434936453,High
16461,2.0,469.0,647.0,419.28499999999997,0.6238071080726926,427.3525766953008,266.5855749957091,Low
16462,1.0,210.0,284.0,68.0,0.7761959301917267,80.54102259826051,62.5156139542497,Low
16463,3.0,183.0,205.0,367.6766666666667,2.3273060876057654,372.8668327854765,867.7752498079204,High
16464,2.0,123.0,143.0,464.84000000000003,2.161242357635509,473.1448574959733,1022.5807073177143,High
16465,1.0,24.0,445.0,289.6,0.2705597675136327,304.4615906391074,82.3750571801477,Low
16466,14.0,609.0,643.0,239.9057142857143,3.6615962875092114,240.92022063921814,882.1525854784612,High
16467,6.0,229.0,738.0,456.34,0.13518351629983952,459.0839995580361,62.06058933724929,Low
16468,2.0,407.0,482.0,342.96,0.8277994130138165,350.63002522759524,290.25132906842305,Medium
16469,3.0,491.0,515.0,216.81000000000003,1.097968571842071,221.47719800970182,243.1750027942959,Low
16470,9.0,677.0,729.0,250.9911111111111,2.143372912641995,252.5826612161578,541.3788342537424,Medium
16471,3.0,378.0,653.0,288.8666666666667,0.8021681949341102,293.78364376639473,235.6638952212545,Low
16472,1.0,163.0,598.0,232.56,0.32848687494265116,246.82427474989302,81.07853467257868,Low
16473,3.0,210.0,375.0,105.37,1.3103660816371137,109.65089951602747,143.6828195468018,Low
16474,5.0,138.0,146.0,303.18600000000004,4.648762723626673,306.1618421894508,1423.273759367191,High
16475,3.0,185.0,274.0,78.10000000000001,1.7905169349676342,82.28637008384425,147.33513915213723,Low
16476,0.0,0.0,432.0,0.0,0.2392869734754787,470.98914615257866,112.70156732265045,Low
16477,10.0,421.0,485.0,380.49899999999997,3.3656750714139783,382.06558282564305,1285.9086077615193,High
16478,2.0,40.0,66.0,64.05,3.3458496621569855,70.26727606470303,235.10374188177826,Low
16479,0.0,0.0,11.0,0.0,1.5046783775233217,470.98914615257866,708.6871842639566,Medium
16480,0.0,0.0,76.0,0.0,0.8246330158471796,470.98914615257866,388.393200023089,Medium
16481,0.0,0.0,683.0,0.0,0.15964028714830325,470.98914615257866,75.18884253553182,Low
16482,0.0,0.0,16.0,0.0,1.4143724889872349,470.98914615257866,666.1540909297952,Medium
16483,0.0,0.0,193.0,0.0,0.4565158760851877,470.98914615257866,215.01402268245894,Low
16484,1.0,17.0,191.0,118.60000000000001,0.8112002191925584,131.67089959675715,106.81146261417075,Low
16485,4.0,656.0,734.0,418.86,1.0152953437064114,422.8822063403931,429.350335033695,Medium
16486,0.0,0.0,538.0,0.0,0.1976357329597776,470.98914615257866,93.0842851159647,Low
16487,1.0,82.0,660.0,107.2,0.2173278709470753,120.15152019393379,26.112274074802155,Low
16488,2.0,115.0,149.0,139.87,2.0828466093241125,146.4821971558453,305.09994767239857,Medium
16489,1.0,56.0,437.0,193.04999999999998,0.3545429119396673,206.90053087221312,73.35511669729748,Low
16490,0.0,0.0,437.0,0.0,0.23693109732714998,470.98914615257866,111.59197522710788,Low
16491,1.0,367.0,414.0,731.5,0.5775188936900705,750.9891132801282,433.7104018748267,Medium
16492,0.0,0.0,541.0,0.0,0.19666709657151574,470.98914615257866,92.62806789052493,Low
16493,6.0,544.0,624.0,277.7633333333333,1.6822200947974002,280.1983570279985,471.3553067217154,Medium
16494,0.0,0.0,297.0,0.0,0.32716555748263015,470.98914615257866,154.09142656927636,Low
16495,1.0,273.0,277.0,437.9,0.8134332829292542,454.3145700635549,369.55459220939014,Medium
16496,4.0,501.0,510.0,469.4425,1.4206282149313565,473.59609783880234,672.8039790711938,Medium
16497,16.0,687.0,737.0,400.026875,3.6664793859669182,401.0182651003662,1470.3252023867094,High
16498,1.0,1.0,163.0,9.75,0.861011703774352,21.68103573734296,18.667625519802275,Low
16499,7.0,186.0,547.0,336.34714285714284,0.20559880764605745,338.52065096099,69.59944220114673,Low
16500,7.0,539.0,544.0,99.48,2.2222524343797443,101.30231131083686,225.11930791880192,Low
16501,0.0,0.0,384.0,0.0,0.2645431928862236,470.98914615257866,124.59697253795936,Low
16502,0.0,0.0,621.0,0.0,0.1739370020331218,470.98914615257866,81.92244007191937,Low
16503,9.0,430.0,537.0,371.29555555555555,2.718136909952374,373.0257939697116,1013.9351789533627,High
16504,0.0,0.0,26.0,0.0,1.2630882296182389,470.98914615257866,594.9008467832665,Medium
16505,0.0,0.0,32.0,0.0,1.18705804464975,470.98914615257866,559.0914548831354,Medium
16506,1.0,21.0,41.0,35.1,2.507680090776382,47.29649783046331,118.60448597290119,Low
16507,0.0,0.0,573.0,0.0,0.186896938405689,470.98914615257866,88.02642943822654,Low
16508,0.0,0.0,631.0,0.0,0.17146020440153673,470.98914615257866,80.75589527022639,Low
16509,0.0,0.0,297.0,0.0,0.32716555748263015,470.98914615257866,154.09142656927636,Low
16510,5.0,319.0,692.0,282.82,0.7962797666956876,285.75354250395736,227.5397641575174,Low
16511,5.0,627.0,649.0,303.774,1.3942500598725198,306.75106345111584,427.68768858267737,Medium
16513,3.0,39.0,44.0,255.38,5.689609514420348,260.1808980536808,1480.3277130366528,High
16515,9.0,488.0,541.0,279.0788888888889,2.791727976778153,280.7028188983076,783.6459126788966,Medium
16516,0.0,0.0,31.0,0.0,1.1990808315035197,470.98914615257866,564.7540569977668,Medium
16517,0.0,0.0,278.0,0.0,0.3450120167350719,470.98914615257866,162.4969151744307,Low
16518,3.0,495.0,557.0,268.12333333333333,1.0174255526664882,272.9684052067472,277.72503052796463,Low
16519,3.0,623.0,649.0,126.21,0.8938251105154257,130.56313983017114,116.70061288794369,Low
16520,5.0,461.0,648.0,440.15200000000004,1.3137583520482725,443.41231723233074,582.5366351650526,Medium
16521,1.0,233.0,649.0,1052.8899999999999,0.32977846906691816,1075.744669970777,354.75743036986,Medium
16522,1.0,15.0,451.0,304.56,0.23912556829542042,319.5782499256194,76.41933062831964,Low
16523,23.0,683.0,685.0,499.5608695652174,5.621150616015233,500.2952645331471,2812.2350344200036,High
16524,1.0,245.0,692.0,206.84,0.3091016332634543,220.83493806211962,68.26044003663495,Low
16525,45.0,735.0,738.0,513.9566666666667,10.14980067353839,514.335257459436,5220.400342586325,High
16526,1.0,413.0,585.0,290.36,0.4153223635237467,305.22954926596225,126.76865781842731,Low
16527,1.0,343.0,425.0,228.06,0.5592436583092091,242.2771513014101,135.49196041853435,Low
16528,0.0,0.0,4.0,0.0,1.652714350685279,470.98914615257866,778.410520863373,Medium
16529,3.0,340.0,531.0,539.1666666666666,1.0011440033129626,544.9512901497999,545.5747162311345,Medium
16530,0.0,0.0,669.0,0.0,0.16265910480672102,470.98914615257866,76.61067288686034,Low
16531,10.0,419.0,442.0,190.852,3.704491334018765,192.2218410418074,712.0841443485082,Medium
16532,4.0,603.0,621.0,1973.76,1.191270153823179,1981.8211652862065,2360.8844044205307,High
16533,2.0,49.0,69.0,359.295,3.3009025639115173,367.05010879425066,1211.5966452029434,High
16534,0.0,0.0,643.0,0.0,0.16857966503442323,470.98914615257866,79.39919249325072,Low
16535,2.0,675.0,681.0,490.79499999999996,0.617712351612303,499.2350484339922,308.3836557754433,Medium
16536,0.0,0.0,111.0,0.0,0.6640709759190613,470.98914615257866,312.7702219328283,Medium
16537,0.0,0.0,642.0,0.0,0.16881600513569917,470.98914615257866,79.51050611575228,Low
16538,1.0,54.0,596.0,169.51,0.21556665644380643,183.11402287726034,39.473277659625694,Low
16539,9.0,530.0,533.0,394.49,2.860270289498283,396.2469772291315,1133.3734562719876,High
16540,0.0,0.0,415.0,0.0,0.24766020398417288,470.98914615257866,116.64526801047904,Low
16541,0.0,0.0,736.0,0.0,0.14916093243425163,470.98914615257866,70.25318020653066,Low
16542,1.0,348.0,402.0,119.62,0.5908535111126009,132.7015809117466,78.40719501189837,Low
16543,0.0,0.0,592.0,0.0,0.1815424447981936,470.98914615257866,85.50452106595284,Low
16544,1.0,143.0,663.0,110.3,0.27271972920493864,123.28398301399979,33.621974462884275,Low
16545,1.0,211.0,376.0,339.3,0.5926406848235457,354.6820429479074,210.1990088272621,Low
16546,3.0,152.0,443.0,1087.256666666667,0.838160290450901,1094.9412034789275,917.736237134557,High
16547,0.0,0.0,547.0,0.0,0.19475806030282042,470.98914615257866,91.72893252835782,Low
16548,0.0,0.0,600.0,0.0,0.1793786941094612,470.98914615257866,84.48541797657973,Low
16549,30.0,611.0,622.0,433.1986666666666,7.94196088876157,433.7387111720258,3444.73588007008,High
16550,17.0,629.0,738.0,523.3152941176471,3.7196959664181364,524.3235351605297,1950.32413883472,High
16551,6.0,631.0,727.0,324.0233333333333,1.463299173037449,326.53839673142863,477.82336590207393,Medium
16552,1.0,131.0,374.0,284.44000000000005,0.5459031435624111,299.2475557515137,163.3601813881192,Low
16553,15.0,503.0,667.0,1071.3446666666666,3.0244013614385072,1072.8663227093414,3244.778367043657,High
16554,7.0,682.0,725.0,346.6042857142857,1.70800087673679,348.79300181884344,595.7387529062414,Medium
16555,1.0,74.0,110.0,133.91,1.5317435094068634,147.1412240403734,225.3826148900231,Low
16556,16.0,666.0,733.0,489.086875,3.661396761827882,490.135987505094,1794.5823175064625,High
16557,1.0,113.0,138.0,180.7,1.3413492423418871,194.42120318582116,260.7867335884993,Low
16558,35.0,736.0,737.0,387.8988571428572,7.935002129858684,388.3483125258951,3081.5446870200035,High
16559,0.0,0.0,398.0,0.0,0.2566416587623721,470.98914615257866,120.87543572767109,Low
16560,7.0,705.0,732.0,365.8985714285714,1.697165077122268,368.11589467207017,624.7534407710566,Medium
16561,1.0,54.0,60.0,246.16000000000003,2.176304988263835,260.5666922830858,567.0725921910872,Medium
16562,0.0,0.0,477.0,0.0,0.2196340368122636,470.98914615257866,103.44524746425206,Low
16563,5.0,685.0,739.0,776.86,1.234111092323352,780.8196515396625,963.618193069152,High
16564,0.0,0.0,570.0,0.0,0.18777142096889785,470.98914615257866,88.4383012339976,Low
16565,3.0,191.0,556.0,152.6833333333333,0.6553788865496323,157.12824100978233,102.97853163849341,Low
16566,4.0,277.0,293.0,129.94,2.2642551129255146,133.2117169078737,301.62531111023924,Medium
16567,1.0,142.0,337.0,308.03999999999996,0.620859250430354,323.0946920591128,200.59632832984678,Low
16568,1.0,214.0,642.0,543.6,0.32627983020345336,561.1214475090311,183.08261061676262,Low
16569,4.0,720.0,724.0,258.27,1.0387337318458918,261.87506284749435,272.01846130895524,Low
16570,16.0,604.0,620.0,425.2475,4.3167820350274875,426.2552363290181,1840.0509465215014,High
16571,9.0,605.0,632.0,426.75888888888886,2.448591804606939,428.5530660540452,1049.351525379111,High
16572,2.0,148.0,276.0,333.51,1.2392642117846466,341.1308033295302,422.7511961036335,Medium
16573,1.0,206.0,291.0,370.98,0.7573508088998897,386.693792025227,292.8628561868714,Medium
16574,2.0,587.0,659.0,355.435,0.6301337582915582,363.1700033417077,228.845679104468,Low
16576,1.0,101.0,522.0,313.47,0.33549999324034613,328.58155435361556,110.23910926454045,Low
16577,0.0,0.0,667.0,0.0,0.16309971699718828,470.98914615257866,76.81819644623293,Low
16578,0.0,0.0,627.0,0.0,0.17244240341964145,470.98914615257866,81.21850034711544,Low
16579,0.0,0.0,426.0,0.0,0.2421767050038508,470.98914615257866,114.06259950780861,Low
16581,0.0,0.0,183.0,0.0,0.4745800948408416,470.98914615257866,223.5220736500978,Low
16582,0.0,0.0,114.0,0.0,0.6531853826149943,470.98914615257866,307.64322563718156,Medium
16583,1.0,300.0,674.0,466.9,0.3360299426913853,483.6182545093336,162.51021434727917,Low
16584,4.0,581.0,662.0,557.9875,1.1128038503600952,562.3710995237062,625.8087248812205,Medium
16585,1.0,102.0,696.0,252.27,0.2200731287786089,266.7406754542481,58.702455019735865,Low
16586,2.0,387.0,636.0,567.365,0.6127421169536954,576.2038760249809,353.06438279247146,Medium
16587,0.0,0.0,233.0,0.0,0.3962272512063683,470.98914615257866,186.6187347280707,Low
16588,3.0,188.0,575.0,381.49333333333334,0.5983432091434311,386.7313939022592,231.3981033039901,Low
16589,3.0,379.0,451.0,153.08,1.2170973537147123,157.52628269202535,191.72482180497974,Low
16590,1.0,14.0,415.0,289.15,0.2719571162138461,304.006878294259,82.67683393008038,Low
16591,0.0,0.0,69.0,0.0,0.8666209246357447,470.98914615257866,408.1690493321476,Medium
16592,17.0,717.0,722.0,440.90058823529415,3.994315359842697,441.8585578825878,1764.9224246283636,High
16593,7.0,684.0,735.0,141.64857142857142,1.6846888393329442,143.53340499079738,241.80912545945185,Low
16594,0.0,0.0,76.0,0.0,0.8246330158471796,470.98914615257866,388.393200023089,Medium
16595,4.0,630.0,692.0,322.75,1.073570463303958,326.5225540513185,350.54496963206566,Medium
16596,3.0,714.0,730.0,161.36,0.8046092768816766,165.83498469783675,133.43236711941032,Low
16597,0.0,0.0,5.0,0.0,1.6297824722868715,470.98914615257866,767.6098550368323,Medium
16598,0.0,0.0,286.0,0.0,0.3372651824397936,470.98914615257866,158.84824030431204,Low
16599,0.0,0.0,386.0,0.0,0.26338469505257933,470.98914615257866,124.05133263247164,Low
16600,12.0,717.0,722.0,153.61666666666667,2.858797516324439,154.72581882321353,442.32978656306796,Medium
16601,2.0,583.0,624.0,308.5,0.6650175309260243,315.9905345813178,210.13924510326245,Low
16602,1.0,352.0,389.0,528.08,0.6102144156079227,545.4389239711523,332.8346942408709,Medium
16603,1.0,17.0,92.0,185.85,1.569432105161702,199.6251333546405,313.2980932839589,Medium
16604,1.0,6.0,569.0,125.75,0.13681744057013057,138.89577352045774,19.00336423907754,Low
16605,0.0,0.0,725.0,0.0,0.15122111405164462,470.98914615257866,71.22350338742582,Low
16606,1.0,30.0,435.0,119.7,0.2971606892796264,132.78241866194185,39.457715053798566,Low
16607,22.0,572.0,590.0,245.70590909090907,6.140849034333728,246.35406371757563,1512.823114284264,High
16608,1.0,210.0,664.0,601.32,0.3110087367156302,619.4458842749052,192.65308193203472,Low
16609,6.0,237.0,253.0,822.6550000000001,3.6543537495898994,826.0328029294587,3018.616070669522,High
16610,0.0,0.0,220.0,0.0,0.4139903150086649,470.98914615257866,194.98494498136816,Low
16611,5.0,453.0,640.0,299.61800000000005,1.3262467906336688,302.5864315404358,401.3042837197973,Medium
16612,8.0,704.0,737.0,341.82,1.9073778948815636,343.7285660240772,655.620268673663,Medium
16613,0.0,0.0,71.0,0.0,0.854190966359199,470.98914615257866,402.31467389676516,Medium
16614,2.0,396.0,579.0,443.32,0.6829545345251277,451.5127669937129,308.3626916143436,Medium
16615,0.0,0.0,627.0,0.0,0.17244240341964145,470.98914615257866,81.21850034711544,Low
16616,1.0,142.0,158.0,290.32,1.2311374514083677,305.1891303908646,375.7297681869451,Medium
16617,0.0,0.0,236.0,0.0,0.3923430605094748,470.98914615257866,184.78932306824706,Low
16618,3.0,291.0,323.0,634.16,1.627101144989266,640.273910826778,1041.7904134130056,High
16619,3.0,392.0,656.0,314.37333333333333,0.8080858374470697,319.378727401044,258.085426394652,Low
16620,5.0,735.0,739.0,187.312,1.2420831422810095,190.04717471636502,236.05439195333068,Low
16621,3.0,226.0,278.0,216.8766666666667,1.8189302323557583,221.54409577142331,402.97325359856137,Medium
16622,0.0,0.0,544.0,0.0,0.19570791834587162,470.98914615257866,92.17630535702065,Low
16623,3.0,347.0,593.0,262.33,0.8803272878855813,267.15498971314804,235.183827539276,Low
16624,1.0,117.0,198.0,384.14,1.0051239009441206,399.9916019323459,402.0411192791273,Medium
16625,4.0,269.0,544.0,346.0075,1.055089793434879,349.84046699599804,369.1131060579692,Medium
16626,15.0,266.0,267.0,240.27666666666667,8.32897725118434,241.22374896803152,2009.1471176001362,High
16627,0.0,0.0,80.0,0.0,0.8024299461987893,470.98914615257866,377.93579520742736,Medium
16628,6.0,612.0,642.0,373.34999999999997,1.6581206303926663,375.9504090913767,623.3711293189743,Medium
16629,1.0,23.0,97.0,180.95,1.537388048091128,194.67382115518132,299.2892059202055,Medium
16630,0.0,0.0,408.0,0.0,0.2512810869167688,470.98914615257866,118.35066457122085,Low
16631,5.0,170.0,652.0,305.438,0.15395210264073908,308.4185195385488,47.481679576303456,Low
16632,1.0,96.0,582.0,202.0,0.28189987896246543,215.9442541753069,60.87465911465888,Low
16633,5.0,217.0,235.0,487.116,3.278889403157367,490.4738603153864,1608.209543113807,High
16634,4.0,398.0,621.0,298.8525,1.0928334250873504,302.5629786629285,330.6509362768391,Medium
16635,0.0,0.0,407.0,0.0,0.25180703038366353,470.98914615257866,118.59837823561811,Low
16636,3.0,208.0,647.0,830.1966666666667,0.513146080794441,836.9901240569611,429.4982018234826,Medium
16637,3.0,193.0,226.0,283.6166666666667,2.152437917697989,288.5154450308259,621.0115837258595,Medium
16638,13.0,456.0,479.0,177.16,4.434275760175344,178.20254796351398,790.1992388360942,Medium
16639,3.0,378.0,410.0,419.1700000000001,1.3344187271187156,424.53866393917,566.5123435463875,Medium
16640,0.0,0.0,398.0,0.0,0.2566416587623721,470.98914615257866,120.87543572767109,Low
16641,1.0,596.0,702.0,231.10000000000002,0.3602587421271785,245.3489858088297,88.38911700966796,Low
16642,2.0,411.0,416.0,344.165,0.954205040429204,351.8413016706819,335.7287434853368,Medium
16643,1.0,177.0,423.0,487.51,0.5074260082718638,504.44407990338533,255.96804586174792,Low
16644,1.0,35.0,213.0,111.37,0.7895762273645562,124.36518792286128,98.19579589561688,Low
16645,0.0,0.0,736.0,0.0,0.14916093243425163,470.98914615257866,70.25318020653066,Low
16646,0.0,0.0,450.0,0.0,0.23101778310009466,470.98914615257866,108.8068684083752,Low
16647,3.0,375.0,545.0,132.59,0.9956495057655237,136.96525562691957,136.3693890719911,Low
16648,2.0,548.0,591.0,209.98,0.6977370247089955,216.95737676149005,151.37919455023064,Low
16649,0.0,0.0,521.0,0.0,0.2033102804979677,470.98914615257866,95.75693541577907,Low
16650,5.0,448.0,520.0,255.74200000000002,1.6773879962702232,258.61930215809707,433.80491304377387,Medium
16651,0.0,0.0,587.0,0.0,0.1829215228901007,470.98914615257866,86.15405187893789,Low
16652,10.0,574.0,633.0,1607.625,2.6796445831026676,1610.4646161888445,4315.4727850489535,High
16653,1.0,55.0,72.0,94.80000000000001,1.9712434144310733,107.62166891366981,212.14850609615297,Low
16654,7.0,471.0,613.0,205.96714285714285,1.899553538468216,207.94733990349013,395.00710532872756,Medium
16655,12.0,660.0,678.0,519.4483333333334,3.0217788931437743,520.8736954850285,1573.9651390104568,High
16656,27.0,713.0,736.0,609.6085185185185,6.138580549313498,610.2763280340952,3746.2303969765603,High
16657,3.0,245.0,255.0,230.35666666666668,1.9792623681138386,235.0708231915124,465.2668341845023,Medium
16658,4.0,251.0,620.0,170.3875,0.7306500040922607,173.7642820515876,126.96087339208121,Low
16659,0.0,0.0,190.0,0.0,0.4617885391868162,470.98914615257866,217.49738977464517,Low
16660,5.0,678.0,695.0,256.15,1.3114916975053195,259.02814956415034,339.71326757354933,Medium
16661,3.0,182.0,723.0,234.77666666666667,0.3121952876560278,239.50614479364845,74.77268976923932,Low
16662,0.0,0.0,395.0,0.0,0.2582947889087922,470.98914615257866,121.65404208381258,Low
16663,0.0,0.0,730.0,0.0,0.15027765235295168,470.98914615257866,70.77914316753076,Low
16664,0.0,0.0,570.0,0.0,0.18777142096889785,470.98914615257866,88.4383012339976,Low
16665,0.0,0.0,363.0,0.0,0.2773536826122713,470.98914615257866,130.63057415582696,Low
16666,1.0,602.0,622.0,118.98,0.4072457040166602,132.05487891018458,53.77878213061294,Low
16667,1.0,216.0,285.0,366.78,0.7760206555857876,382.4498101399763,296.7889523934844,Medium
16668,11.0,616.0,632.0,65.80727272727273,2.964459735719105,66.93454671604343,198.42476866832018,Low
16669,1.0,55.0,79.0,645.38,1.8658431897102643,663.9672751949399,1238.8588186129596,High
16670,16.0,713.0,730.0,458.77125,3.7240120881038026,459.8007140571283,1712.3034172675057,High
16671,2.0,136.0,165.0,154.695,1.950063718647318,161.38441563614316,314.7098936871417,Medium
16672,17.0,264.0,267.0,409.38235294117646,9.392888953298556,410.3210970672749,3854.100499948551,High
16673,0.0,0.0,680.0,0.0,0.16027769896648442,470.98914615257866,75.48905658352453,Low
16674,1.0,44.0,99.0,197.41,1.5861796570910696,211.30618825785433,335.1695772320644,Medium
16675,1.0,37.0,479.0,301.79999999999995,0.270472856053589,316.7893475438832,85.6829195975471,Low
16676,5.0,385.0,419.0,388.904,2.0409789120318136,392.0578763857154,800.1818579992207,Medium
16677,1.0,241.0,653.0,617.39,0.33034113148751065,635.6841673453763,209.99262710956768,Low
16678,10.0,280.0,283.0,275.881,5.397272375682653,277.3390510168545,1496.8743987513108,High
16679,2.0,181.0,548.0,302.955,0.5587387102049994,310.41665252578645,173.4418000584114,Low
16680,2.0,491.0,535.0,140.6,0.7616223673023309,147.2159994823625,112.12299803053564,Low
16681,6.0,569.0,642.0,295.0566666666667,1.6437506256582575,297.52161153018875,489.0513350996008,Medium
16682,4.0,183.0,188.0,125.625,3.1966795065977593,128.8855084006699,412.0056634018548,Medium
16683,0.0,0.0,534.0,0.0,0.19894220446329702,470.98914615257866,93.69961901387998,Low
16684,31.0,728.0,733.0,4575.597741935484,7.075203711045726,4577.505634106899,32386.784849765856,High
16685,0.0,0.0,62.0,0.0,0.9131534603832515,470.98914615257866,430.0853686121802,Medium
16686,13.0,686.0,734.0,377.21384615384613,3.0186260724261644,378.41600048799313,1142.2964052962882,High
16687,0.0,0.0,391.0,0.0,0.2605324323206955,470.98914615257866,122.70794784377887,Low
16688,3.0,59.0,61.0,359.03666666666663,4.952335141206281,364.19688286636887,1803.6250213369062,High
16689,1.0,7.0,83.0,128.44,1.6302500709795282,141.6139428707731,230.86614041676867,Low
16690,3.0,379.0,452.0,102.41000000000001,1.2144271948588292,106.68063889559248,129.5558690397221,Low
16691,1.0,143.0,562.0,142.95,0.34144702497804685,156.27588981243682,53.35993765225361,Low
16692,3.0,185.0,442.0,447.8333333333333,0.9800657089081264,453.3013565913327,444.26511539669985,Medium
16693,4.0,588.0,657.0,244.725,1.123130703143358,248.29487878490448,278.8676017965846,Low
16694,0.0,0.0,724.0,0.0,0.1514112306876721,470.98914615257866,71.3130462594978,Low
16695,0.0,0.0,562.0,0.0,0.1901439270762651,470.98914615257866,89.55572585974828,Low
16696,3.0,113.0,249.0,207.5,1.7403651473563155,212.13492558529308,369.1922310256696,Medium
16697,0.0,0.0,242.0,0.0,0.38479938691407733,470.98914615257866,181.23633468269702,Low
16698,1.0,27.0,254.0,816.0,0.6185211140170727,836.3739869238627,517.3149701270481,Medium
16699,6.0,355.0,736.0,142.86666666666667,0.782063421432616,145.06829024905971,113.45260341355944,Low
16700,21.0,729.0,738.0,416.6195238095238,4.803397441034475,417.3829445031536,2004.8561675578824,High
16701,24.0,730.0,739.0,397.44208333333336,5.464027465140769,398.101750697317,2175.2388997307635,High
16702,3.0,317.0,733.0,296.43666666666667,0.6086152493511521,301.379884609872,183.4243936212587,Low
16704,1.0,54.0,673.0,121.85,0.17480350607290307,134.95493319843922,23.5905954849216,Low
16705,25.0,730.0,731.0,1610.62924,5.7481701370910345,1611.7656257884419,9264.703038146965,High
16706,2.0,77.0,115.0,119.91,2.4449339633305924,126.41823217326551,309.08422942462903,Medium
16707,3.0,240.0,641.0,121.70666666666666,0.6140598096626448,126.04419602588322,77.39867502073494,Low
16708,0.0,0.0,46.0,0.0,1.04112876043265,470.98914615257866,490.3603459110665,Medium
16709,11.0,646.0,731.0,710.36,2.5567749415862155,712.095094619005,1820.666893948337,High
16710,20.0,716.0,736.0,298.5065,4.585083210980245,299.2468774360945,1372.0718336705,High
16711,8.0,734.0,738.0,316.035,1.9118500115593193,317.9101203135601,607.7964671963045,Medium
16712,9.0,392.0,402.0,405.0477777777778,3.6492281383430223,406.8169261312158,1484.5677739922473,High
16713,29.0,706.0,725.0,480.1748275862069,6.679310099564975,480.7502942352654,3211.0802956544417,High
16714,2.0,452.0,671.0,580.765,0.5958509224063782,589.6736721555706,351.35760147265296,Medium
16715,1.0,484.0,563.0,301.71999999999997,0.440050097475951,316.70850979368794,139.36761060617556,Low
16716,2.0,364.0,631.0,450.6,0.6094067602182585,458.83068608555567,279.61452189611924,Low
16717,10.0,709.0,733.0,606.937,2.366163410497046,608.7384919781641,1440.3747462798815,High
16718,4.0,364.0,734.0,749.9275,0.7873072631467842,754.8096767827323,594.2671408245218,Medium
16719,13.0,712.0,727.0,279.1269230769231,3.062949852354556,280.2508219908428,858.3942138390948,High
16720,2.0,696.0,723.0,311.13,0.5835665942230188,318.63423337411257,185.94429437299343,Low
16721,0.0,0.0,263.0,0.0,0.36054241492655426,470.98914615257866,169.8115641580465,Low
16722,21.0,719.0,737.0,411.8714285714285,4.803259363932619,412.63250495624317,1981.9809432940478,High
16723,3.0,644.0,736.0,280.35999999999996,0.7898461525745405,285.24748937073014,225.30163201101834,Low
16724,0.0,0.0,405.0,0.0,0.25286556030762813,470.98914615257866,119.09693434068316,Low
16725,11.0,424.0,727.0,151.65727272727273,0.914590323482041,152.8655042527936,139.80931098380782,Low
16726,5.0,385.0,412.0,353.236,2.0741509155070648,356.3157948192723,739.0527320340211,Medium
16727,3.0,324.0,689.0,294.16,0.6867394566138548,299.09532604708255,205.4005616853172,Low
16728,3.0,218.0,265.0,276.7266666666667,1.8926565288712447,281.60156135690795,532.9750336424883,Medium
16729,18.0,203.0,242.0,374.2027777777778,10.238390642189751,375.0690733863691,3840.1036911337824,High
16730,2.0,267.0,320.0,278.045,1.1716447292239776,285.3769046442202,334.36034616865425,Medium
16731,0.0,0.0,649.0,0.0,0.16717541616890327,470.98914615257866,78.73780651909374,Low
16732,3.0,700.0,732.0,1198.2666666666667,0.8010548571473479,1206.3360114094978,966.3413212913367,High
16733,0.0,0.0,530.0,0.0,0.20026608232353524,470.98914615257866,94.32315111688389,Low
16734,1.0,62.0,115.0,344.35,1.4632424458009652,359.78492592898266,526.4525749786437,Medium
16735,10.0,653.0,732.0,560.429,2.3407345501045547,562.1822440919195,1315.9194022012682,High
16736,4.0,231.0,737.0,432.645,0.3600161961111641,436.70301381937435,157.2201578655323,Low
16737,1.0,524.0,578.0,417.59999999999997,0.43219452169315653,433.8019909515098,187.4868439888268,Low
16738,0.0,0.0,298.0,0.0,0.3262773901172908,470.98914615257866,153.6731093802346,Low
16739,1.0,360.0,537.0,323.0,0.4452012363167396,338.2113513456249,150.5721117554274,Low
16740,0.0,0.0,396.0,0.0,0.2577413805074567,470.98914615257866,121.39339273339391,Low
16741,0.0,0.0,626.0,0.0,0.17268971543298167,470.98914615257866,81.33498162111182,Low
16742,12.0,231.0,724.0,180.63666666666666,0.0018272643502063183,181.76917381089612,0.3321403312711064,Low
16743,12.0,567.0,597.0,328.73333333333335,3.3797899612990183,329.9938492053879,1115.309898834792,High
16744,6.0,162.0,174.0,199.13333333333333,4.842687706231616,201.43231029473634,975.4737727021519,High
16745,16.0,225.0,312.0,434.6875,5.721387052397348,435.70135467059265,2492.8160893243135,High
16746,40.0,731.0,736.0,442.48249999999996,9.056973349845455,442.889904305293,4011.242060208642,High
16747,1.0,30.0,68.0,355.86,1.9714042060665693,371.4154572383245,732.2099945977709,Medium
16748,12.0,712.0,730.0,294.56583333333333,2.8258408930126135,295.79681620976817,835.8747392684992,Medium
16749,1.0,133.0,725.0,2043.3600000000001,0.23244440784373704,2076.5867504194125,482.6909775373905,Medium
16750,4.0,188.0,233.0,126.3075,2.6711120493767817,129.56978124103296,346.0954039080368,Medium
16751,0.0,0.0,31.0,0.0,1.1990808315035197,470.98914615257866,564.7540569977668,Medium
16752,0.0,0.0,373.0,0.0,0.27110194122884895,470.98914615257866,127.68607181968213,Low
16753,0.0,0.0,59.0,0.0,0.9346755101752721,470.98914615257866,440.22202046717723,Medium
16754,18.0,269.0,642.0,3103.772777777778,0.0009210062286109626,3106.2115064397003,2.860840144814005,Low
16755,6.0,616.0,731.0,448.0,1.448079259975527,450.7295695725928,652.692141555768,Medium
16756,5.0,426.0,641.0,205.156,1.2882427596496906,207.92823626934273,267.86204490071094,Low
16757,1.0,91.0,410.0,106.83000000000001,0.44712640088484984,119.77764559928076,53.55574758326748,Low
16758,0.0,0.0,66.0,0.0,0.8859649921801986,470.98914615257866,417.2798951880278,Medium
16759,1.0,23.0,31.0,370.94,2.8041572918132256,386.65337315012937,1084.2368757231154,High
16760,0.0,0.0,431.0,0.0,0.23976378997776246,470.98914615257866,112.92614271993254,Low
16761,0.0,0.0,97.0,0.0,0.7201075895252524,470.98914615257866,339.1628587284902,Medium
16762,2.0,125.0,145.0,593.615,2.141267534476398,602.5906035196061,1290.3076958970717,High
16763,1.0,540.0,739.0,611.85,0.3375171896133707,630.0861531443551,212.66490762358262,Low
16764,12.0,140.0,144.0,218.5475,10.598034733209563,219.71277572474528,2328.5236284607336,High
16765,1.0,88.0,383.0,34.0,0.4824422282766103,46.18497876527859,22.281584068428934,Low
16766,0.0,0.0,274.0,0.0,0.3490207829840967,470.98914615257866,164.38500056718416,Low
16767,11.0,560.0,591.0,661.5127272727273,3.1390005286081313,663.2017583521053,2081.790670041101,High
16768,8.0,685.0,733.0,185.39249999999998,1.9121595010914059,187.09816399258935,357.7615319151877,Medium
16769,2.0,465.0,726.0,373.645,0.5487936845545395,381.47485315797906,209.35099022946923,Low
16770,8.0,417.0,475.0,219.70875,2.793125914310205,221.45892558318593,618.5626640016919,Medium
16771,9.0,697.0,731.0,418.2555555555556,2.1449230906198,420.0399299829391,900.9533448027302,High
16772,1.0,277.0,701.0,1722.45,0.31461432212627227,1752.3162202299352,551.3037797785126,Medium
16773,2.0,676.0,734.0,141.745,0.5732404911997188,148.3669634054614,85.0499509803574,Low
16774,7.0,594.0,662.0,177.10714285714286,1.843854261993842,179.04454992711766,330.13205646988513,Medium
16775,15.0,432.0,443.0,196.58266666666665,5.458087583792541,197.49954033883054,1077.9697889281051,High
16776,1.0,355.0,416.0,388.28,0.5729730493994487,404.17495550495016,231.5813567465578,Low
16777,4.0,552.0,633.0,274.47,1.1578386851062912,278.11714345391425,322.01478768219783,Medium
16778,1.0,200.0,275.0,152.76,0.7952253852944884,166.18861893012956,132.1574085202712,Low
16779,50.0,734.0,737.0,642.4306,11.276870655713694,642.7979578014363,7248.749427883706,High
16780,2.0,307.0,408.0,212.595,0.9432397401748448,219.58599742428797,207.12223915651953,Low
16781,1.0,297.0,670.0,622.5,0.3375769740146262,640.8476786390979,216.3354201592843,Low
16782,35.0,720.0,731.0,292.92885714285717,7.984268742231712,293.35018397720233,2342.1867044570986,High
16783,0.0,0.0,437.0,0.0,0.23693109732714998,470.98914615257866,111.59197522710788,Low
16784,4.0,602.0,622.0,171.515,1.189221810694429,174.89471080984305,207.98860467016007,Low
16785,0.0,0.0,410.0,0.0,0.25023577369087,470.98914615257866,117.85833338749278,Low
16786,0.0,0.0,394.0,0.0,0.25885058274552675,470.98914615257866,121.91581494841306,Low
16787,3.0,301.0,699.0,264.63,0.63593123252748,269.46296249254016,171.35991385838716,Low
16788,4.0,547.0,671.0,382.9125,1.0874102688962233,386.84133025401803,420.65523495169447,Medium
16789,0.0,0.0,9.0,0.0,1.5441607156329216,470.98914615257866,727.2829369783045,Medium
16790,5.0,34.0,38.0,176.282,9.387742359065513,178.99426567526748,1680.3520499095348,High
16791,12.0,707.0,737.0,309.9016666666667,2.796468236977758,311.145905212924,870.1096409936341,High
16792,3.0,422.0,705.0,137.39000000000001,0.7563562548466424,141.78189447086822,107.23762270704776,Low
16793,0.0,0.0,58.0,0.0,0.9420787360010973,470.98914615257866,443.70885947765737,Medium
16794,13.0,623.0,625.0,142.14461538461538,3.517647463641289,143.15922747705153,503.58369343149667,Medium
16795,2.0,318.0,684.0,937.21,0.5289161458095376,947.9752752725873,501.39942891991234,Medium
16796,0.0,0.0,90.0,0.0,0.751854825076943,470.98914615257866,354.1154620936858,Medium
16797,4.0,344.0,738.0,412.72249999999997,0.7328812567927442,416.728763764967,305.41270012975565,Medium
16798,2.0,175.0,730.0,319.905,0.32702563364075127,327.4549394223159,107.08615905337668,Low
16799,1.0,21.0,454.0,247.19,0.25354320431682076,261.6074783168496,66.32879832569725,Low
16800,0.0,0.0,12.0,0.0,1.485694288265705,470.98914615257866,699.7458842740274,Medium
16801,2.0,38.0,202.0,176.95,1.2282640335119743,183.75533450825304,225.70006834244896,Low
16802,1.0,51.0,731.0,323.5,0.14678097895265288,338.7165872843452,49.71715226909789,Low
16803,0.0,0.0,66.0,0.0,0.8859649921801986,470.98914615257866,417.2798951880278,Medium
16804,1.0,247.0,271.0,418.94,0.8224166526216419,435.1560232672803,357.879560023622,Medium
16805,4.0,558.0,732.0,270.56,0.9912713468979788,274.1969869618709,271.8036165810613,Low
16806,3.0,136.0,240.0,186.73333333333335,1.9212344104128132,191.29627280904305,367.5249819044505,Medium
16807,5.0,481.0,624.0,369.966,1.394081933563398,373.0805426214085,520.1048442325349,Medium
16808,1.0,175.0,275.0,121.92,0.7831415294674497,135.02566622986006,105.74420676861399,Low
16809,8.0,582.0,606.0,183.2525,2.2783985153367694,184.95538819966686,421.4020818776568,Medium
16810,1.0,228.0,421.0,309.54,0.5342532355155711,324.61039987527386,173.4241564153684,Low
16811,1.0,13.0,18.0,232.3,3.240256627267836,246.56155206175845,798.9227030975563,Medium
16812,3.0,22.0,383.0,427.4166666666667,0.13367143328043607,432.81391706412063,57.85485663768079,Low
16813,9.0,196.0,205.0,165.19222222222223,6.263094474289636,166.68486240853392,1043.963040698617,High
16814,35.0,593.0,608.0,332.67085714285713,9.42114851472513,333.10395490256974,3138.2218299794117,High
16815,1.0,83.0,537.0,177.85,0.3003165476807897,191.54135833511532,57.523039473290886,Low
16816,3.0,255.0,359.0,113.76,1.4433108184447054,118.06998282867937,170.41168355021355,Low
16817,11.0,429.0,432.0,230.25181818181818,4.152662941063476,231.53416526705954,961.4833476945845,High
16818,10.0,195.0,206.0,279.515,6.88513751157257,280.9768209665108,1934.5640499189337,High
16819,0.0,0.0,466.0,0.0,0.2241334800431882,470.98914615257866,105.56443638974724,Low
16820,0.0,0.0,96.0,0.0,0.7244767043350695,470.98914615257866,341.22066438220855,Medium
16821,0.0,0.0,382.0,0.0,0.2657119441891347,470.98914615257866,125.14744171618219,Low
16822,0.0,0.0,687.0,0.0,0.1587982552533611,470.98914615257866,74.79225465229979,Low
16823,6.0,510.0,738.0,345.13166666666666,1.33457579749225,347.6832520003414,464.00965331305457,Medium
16824,2.0,378.0,394.0,230.32,0.9971325378148369,237.40332103732536,236.7225759916187,Low
16825,4.0,496.0,535.0,365.8975,1.3549872216156889,369.7821326294357,501.0500644946832,Medium
16826,0.0,0.0,52.0,0.0,0.9891079619975823,470.98914615257866,465.8591144739585,Medium
16827,4.0,196.0,590.0,85.92,0.5477346959782194,89.07737195141688,48.790767244348096,Low
16828,1.0,19.0,113.0,15.0,1.3489978700252956,26.986013093906344,36.404074184154396,Low
16829,1.0,232.0,389.0,197.22,0.5807961380155409,211.11419860114063,122.61431122778838,Low
16830,3.0,688.0,727.0,302.36000000000007,0.8053212284150134,307.32375073882815,247.49434046610247,Low
16831,0.0,0.0,565.0,0.0,0.18924723782550548,470.98914615257866,89.13339495516881,Low
16832,4.0,274.0,459.0,76.6525,1.396464212475626,79.78579898721962,111.41801294942624,Low
16833,4.0,622.0,624.0,524.04,1.188584987916623,528.3354185739262,627.971547101614,Medium
16834,1.0,447.0,675.0,413.46,0.3615748081926698,429.6186373789056,155.33927640627394,Low
16835,5.0,441.0,570.0,247.356,1.514088529752855,250.21588464054093,378.8490008962066,Medium
16836,3.0,535.0,575.0,187.20666666666668,0.9935958360884285,191.77124691726576,190.54311241848114,Low
16837,8.0,214.0,246.0,377.78,4.825935432760004,379.73520972197116,1832.5776036638117,High
16838,3.0,466.0,664.0,272.79333333333335,0.8364146736103432,277.6545934153389,232.23437612790323,Low
16839,41.0,658.0,667.0,536.2358536585366,10.14208779722932,536.6570222931256,5442.822637096532,High
16840,1.0,71.0,675.0,32.1,0.19634996998630144,44.26508219814137,8.691447561046225,Low
16841,11.0,660.0,697.0,337.5190909090909,2.7046463198289925,338.90259226543196,916.6116489512061,High
16842,2.0,202.0,303.0,371.81,1.1915138077997027,379.6302952550215,452.33473865543607,Medium
16843,26.0,687.0,730.0,723.7476923076922,5.922999888700218,724.4867099808307,4291.134702581247,High
16844,1.0,20.0,583.0,311.99,0.16065618249209998,327.0860559750034,52.54839709934137,Low
16845,0.0,0.0,619.0,0.0,0.17444098049665588,470.98914615257866,82.15980845813858,Low
16846,2.0,589.0,640.0,243.275,0.6491076164271808,250.42579931133946,162.5532936828551,Low
16847,1.0,575.0,619.0,193.44,0.40744180466494967,207.294614904415,84.46049199398063,Low
16848,2.0,380.0,433.0,329.83500000000004,0.9123215918168697,337.43666148028274,307.85075213906174,Medium
16849,0.0,0.0,187.0,0.0,0.46718489057148954,470.98914615257866,220.03901270565174,Low
16850,0.0,0.0,334.0,0.0,0.29723468882660037,470.98914615257866,139.9943122973679,Low
16851,2.0,47.0,52.0,115.68,3.820815465606879,122.16619951413162,466.77450447800965,Medium
16852,1.0,166.0,177.0,31.85,1.139484393763695,44.01246422878121,50.15151611977907,Low
16854,1.0,223.0,641.0,118.15,0.33077377434852584,131.21618725190885,43.40287351293681,Low
16855,1.0,20.0,44.0,177.2,2.426814847776506,190.8845516147789,463.24146406990627,Medium
16856,2.0,428.0,443.0,87.355,0.9023558351830455,93.69366403659792,84.545024463104,Low
16857,0.0,0.0,443.0,0.0,0.23416464708034065,470.98914615257866,110.28900718748956,Low
16858,9.0,356.0,725.0,485.6022222222222,0.4729502079180495,487.4642346401827,230.54631112568728,Low
16859,5.0,501.0,646.0,334.928,1.3530213651816985,337.96976954960655,457.2803189861527,Medium
16860,2.0,210.0,663.0,546.75,0.44910933517364326,555.4814993658686,249.47192688146376,Low
16861,4.0,449.0,509.0,202.2975,1.4083252025467072,205.75717045596147,289.7730087578293,Medium
16862,3.0,154.0,702.0,165.57666666666668,0.255165023952096,170.0662681267222,43.39496337999865,Low
16863,2.0,378.0,410.0,333.525,0.9605813538980499,341.1458814595271,327.6983726891362,Medium
16864,1.0,164.0,599.0,297.53,0.3284204430794759,312.47463262721163,102.6230572985253,Low
16865,0.0,0.0,402.0,0.0,0.2544701740471112,470.98914615257866,119.85268999574699,Low
16866,2.0,21.0,162.0,49.394999999999996,1.4179705498539619,55.53594305770369,78.74833171419041,Low
16867,0.0,0.0,690.0,0.0,0.15817254178903753,470.98914615257866,74.49755040200185,Low
16868,2.0,199.0,594.0,104.745,0.5194348541815254,111.1742427463706,57.74777656970251,Low
16869,3.0,153.0,176.0,197.29666666666665,2.5981383744602784,201.89622315381612,524.5543250345254,Medium
16870,0.0,0.0,470.0,0.0,0.2224761198605523,470.98914615257866,104.78383773246027,Low
16871,4.0,248.0,271.0,569.33,2.4041131880832483,573.743062442121,1379.3432629883737,High
16872,5.0,386.0,464.0,219.536,1.8438930301114624,222.33810317876998,409.96767877953715,Medium
16873,11.0,664.0,669.0,1196.0627272727272,2.820309112530144,1198.2558451461625,3379.4518792082313,High
16874,0.0,0.0,380.0,0.0,0.26689108588693405,470.98914615257866,125.70280465762161,Low
16875,8.0,636.0,704.0,448.74375000000003,1.974542076932691,450.79100676636557,890.1058107630382,High
16876,0.0,0.0,404.0,0.0,0.25339817482924165,470.98914615257866,119.34778999944638,Low
16877,5.0,196.0,209.0,155.19400000000002,3.5907349997696496,157.86246641337584,566.8422833004694,Medium
16880,6.0,463.0,494.0,253.17999999999998,2.0900977546769295,255.57248926515106,534.1714859702859,Medium
16881,0.0,0.0,67.0,0.0,0.8794209617072207,470.98914615257866,414.19772786316344,Medium
16882,2.0,251.0,318.0,347.61,1.1706466851430852,355.3042455266432,415.9357372430297,Medium
16883,17.0,548.0,736.0,134.5670588235294,2.6354061229622183,135.3381708721171,356.6710441868844,Medium
16884,2.0,533.0,571.0,326.535,0.7199582197270985,334.11947288095837,240.55206087153135,Low
16885,3.0,370.0,386.0,157.17,1.4094841335024868,161.6304603736399,227.81556938734786,Low
16887,2.0,703.0,739.0,220.45,0.5714243906656491,227.48191149934627,129.98871266597106,Low
16888,2.0,301.0,702.0,118.53,0.4994296794503565,125.03104421354807,62.444214332915664,Low
16889,5.0,371.0,566.0,434.78000000000003,1.4345968321210918,438.0291597192957,628.3952449099654,Medium
16890,2.0,106.0,583.0,58.56,0.3340773021547205,64.74868048582714,21.631064494783125,Low
16891,10.0,734.0,736.0,173.899,2.3635312052512303,175.2512538220709,414.2118071678685,Medium
16892,5.0,730.0,732.0,132.91,1.2531769840049316,135.5321830886417,169.84581243862817,Low
16893,1.0,10.0,377.0,291.86,0.3033689336247632,306.7452570821232,93.05698153545755,Low
16894,1.0,33.0,536.0,17.0,0.2162360415326179,29.00695684878763,6.272349525889298,Low
16895,4.0,601.0,666.0,242.7575,1.1104358670904126,246.32226806927912,273.525081327187,Low
16896,0.0,0.0,556.0,0.0,0.19196306717883657,470.98914615257866,90.41252110339033,Low
16897,0.0,0.0,314.0,0.0,0.3126965660627465,470.98914615257866,147.27668865473638,Low
16898,4.0,550.0,577.0,205.9325,1.2702740488843487,209.40161261672296,265.9974343015566,Low
16899,7.0,390.0,398.0,205.80142857142854,2.9135762428880922,207.7813799174858,605.3868922420916,Medium
16900,2.0,47.0,64.0,67.215,3.4350813937930624,73.44876149405499,252.30247400537263,Low
16901,0.0,0.0,730.0,0.0,0.15027765235295168,470.98914615257866,70.77914316753076,Low
16902,0.0,0.0,117.0,0.0,0.6426528665207559,470.98914615257866,302.68252487511796,Medium
16903,2.0,386.0,416.0,310.115,0.9492492481842554,317.61394657765373,301.49480000167205,Medium
16904,18.0,407.0,412.0,274.305,6.935335265057198,275.1137471420812,1908.0060724565046,High
16905,14.0,724.0,730.0,343.1535714285714,3.279550949668521,344.2445625462194,1128.9675820166785,High
16906,5.0,494.0,576.0,220.248,1.5305313498240787,223.051581985412,341.3874388565288,Medium
16907,8.0,497.0,527.0,200.40625,2.5753268962204725,202.13138832015485,520.5544009112795,Medium
16908,0.0,0.0,723.0,0.0,0.151601826277843,470.98914615257866,71.40281471377283,Low
16909,0.0,0.0,73.0,0.0,0.842115185657118,470.98914615257866,396.62711225476625,Medium
16910,7.0,87.0,92.0,199.75428571428571,8.447793440548883,201.72527111786277,1704.1334221424263,High
16911,1.0,26.0,662.0,115.9,0.13623121997012916,128.9426255276674,17.566011181785647,Low
16912,9.0,702.0,731.0,455.1677777777778,2.1465421753098215,456.99470502778655,980.9584082354152,High
16913,1.0,361.0,652.0,113.44,0.3623309285966059,126.45686470916341,45.819233217486534,Low
16914,0.0,0.0,37.0,0.0,1.130421845773504,470.98914615257866,532.4164199330846,Medium
16915,10.0,560.0,570.0,124.343,2.9731938384773566,125.64384390870684,373.56350255197793,Medium
16916,3.0,392.0,416.0,335.27000000000004,1.3204897414275618,340.347830812651,449.4258191052291,Medium
16917,1.0,356.0,633.0,391.52,0.3733022176406608,407.44888438785785,152.10157211720056,Low
16918,13.0,687.0,737.0,230.12307692307692,3.006079236589587,231.20787973271243,695.0292066004092,Medium
16919,21.0,321.0,478.0,236.01428571428573,1.0357096020543768,236.68853497590004,245.14058837072287,Low
16920,0.0,0.0,412.0,0.0,0.24919913437712668,470.98914615257866,117.3700875222446,Low
16921,2.0,539.0,601.0,141.63,0.6851191572911202,148.2513644088183,101.56984985102835,Low
16922,0.0,0.0,573.0,0.0,0.186896938405689,470.98914615257866,88.02642943822654,Low
16923,27.0,665.0,678.0,470.53444444444443,6.6257331755935205,471.14885295151555,3121.70658564369,High
16924,2.0,63.0,85.0,287.82,2.9570996995699175,295.2028193588854,872.9441684383526,High
16925,0.0,0.0,541.0,0.0,0.19666709657151574,470.98914615257866,92.62806789052493,Low
16926,4.0,155.0,527.0,249.825,0.49574072924076557,253.40812638322183,125.62472936875447,Low
16927,2.0,246.0,362.0,162.475,1.029483888924117,169.20493906121686,174.19375868990974,Low
16928,27.0,594.0,675.0,148.1862962962963,6.25321940531024,148.67693107835333,929.7094705411322,High
16929,6.0,152.0,156.0,177.70833333333334,5.248227238831933,179.970240458031,944.524718150971,High
16930,1.0,42.0,69.0,173.44,1.9903997132980595,187.0851773556021,372.37428337090705,Medium
16931,21.0,392.0,398.0,238.88904761904763,8.29374584882782,239.56471625608233,1986.8888709744974,High
16932,2.0,518.0,572.0,159.615,0.7167805402957437,166.3300422751358,119.22213756938574,Low
16933,7.0,729.0,731.0,371.4942857142857,1.7042473530727853,373.7199055787849,636.9111598732554,Medium
16934,4.0,567.0,622.0,432.1975,1.1824280962442175,436.2543514075612,515.8394022130985,Medium
16935,2.0,40.0,422.0,133.425,0.317042552436233,140.0036273004983,44.38710734968106,Low
16936,1.0,360.0,386.0,262.68,0.6159400989160084,277.25968769840523,170.77535946637732,Low
16937,0.0,0.0,500.0,0.0,0.2107869908778219,470.98914615257866,99.27838485361673,Low
16938,8.0,652.0,661.0,771.67,2.1118813622148864,774.1361242426453,1634.8836526053103,High
16939,2.0,161.0,650.0,139.325,0.38342737170713226,145.93435843262355,55.95522749558742,Low
16940,7.0,679.0,732.0,824.4014285714285,1.6903342129239187,827.2985621553245,1398.41106391391,High
16941,0.0,0.0,612.0,0.0,0.17622815999322694,470.98914615257866,83.00155060324998,Low
16942,7.0,215.0,228.0,233.65,4.566704241625825,235.6712417034182,1076.2408591162248,High
16943,2.0,107.0,319.0,182.85,0.9554001560058434,189.68606564037833,181.2260967049521,Low
16944,0.0,0.0,610.0,0.0,0.17674553441455482,470.98914615257866,83.24522834019238,Low
16945,22.0,709.0,731.0,374.55500000000006,5.05959492074805,375.2638790815892,1898.6832165414191,High
16946,4.0,264.0,648.0,140.675,0.7025871462855555,143.97460180354759,101.1547046187537,Low
16947,1.0,411.0,647.0,406.48,0.3734237611805615,422.5655436743699,157.79601466419203,Low
16948,6.0,518.0,657.0,126.31166666666667,1.5709110596886224,128.48464655493333,201.83795227332843,Low
16949,5.0,313.0,317.0,242.36999999999998,2.596015598348861,245.21952884009556,636.5937218886464,Medium
16950,9.0,628.0,685.0,376.6411111111111,2.26422281170771,378.37751194149934,856.7309939751493,High
16951,1.0,168.0,305.0,208.96,0.7056876012603271,222.9771384422938,157.3522019632342,Low
16952,3.0,619.0,729.0,182.24666666666667,0.7938304308407849,186.79405344518548,148.28280392488819,Low
16953,0.0,0.0,31.0,0.0,1.1990808315035197,470.98914615257866,564.7540569977668,Medium
16954,18.0,690.0,691.0,313.2638888888889,4.395214535565269,314.0950792160175,1380.5152577197646,High
16955,5.0,493.0,678.0,199.804,1.2702625116124666,202.56512029582018,257.31087847205,Low
16956,0.0,0.0,18.0,0.0,1.3812487825271869,470.98914615257866,650.5531847067685,Medium
16957,1.0,42.0,282.0,301.8,0.5903847900187537,316.78934754388325,187.0276124298735,Low
16958,0.0,0.0,436.0,0.0,0.23739854890552198,470.98914615257866,111.81213984687298,Low
16959,0.0,0.0,88.0,0.0,0.7614498189468767,470.98914615257866,358.6346000638251,Medium
16960,7.0,609.0,648.0,228.49285714285716,1.8910893666495034,230.5064524838011,435.90830123621527,Medium
16961,2.0,416.0,533.0,316.255,0.7503915286499714,323.7859277897299,242.96621730948468,Low
16962,0.0,0.0,410.0,0.0,0.25023577369087,470.98914615257866,117.85833338749278,Low
16963,0.0,0.0,188.0,0.0,0.4653720952392876,470.98914615257866,219.18520577998856,Low
16964,0.0,0.0,734.0,0.0,0.14953132253563808,470.98914615257866,70.42762992412602,Low
16965,0.0,0.0,227.0,0.0,0.40423175080341356,470.98914615257866,190.3887671586617,Low
16966,5.0,232.0,241.0,348.504,3.2262367547404334,351.5739665706347,1134.2608529600661,High
16967,0.0,0.0,190.0,0.0,0.4617885391868162,470.98914615257866,217.49738977464517,Low
16968,1.0,103.0,108.0,186.12,1.5868703215813547,199.89796076154948,317.21214127713705,Medium
16969,2.0,152.0,192.0,126.52499999999999,1.740546672034872,133.06768750191105,231.6105206368276,Low
16970,0.0,0.0,627.0,0.0,0.17244240341964145,470.98914615257866,81.21850034711544,Low
16971,0.0,0.0,39.0,0.0,1.1092667469559951,470.98914615257866,522.4525980042526,Medium
16972,1.0,74.0,457.0,493.45,0.3636394089134664,510.4462828553828,185.61838457960746,Low
16973,0.0,0.0,387.0,0.0,0.2628092490546711,470.98914615257866,123.78030381325995,Low
16974,1.0,42.0,565.0,276.25,0.2144665706096762,290.9717910752747,62.40372217606936,Low
16975,2.0,82.0,506.0,305.56,0.36469530338518147,313.0352211019197,114.16247493001197,Low
16976,0.0,0.0,268.0,0.0,0.3552121634942718,470.98914615257866,167.30107358717726,Low
16977,2.0,236.0,632.0,177.89999999999998,0.5179273592540181,184.71028274139186,95.66650896731213,Low
16978,1.0,589.0,667.0,344.33,0.3789719357377944,359.76471649143383,136.3407310189175,Low
16979,8.0,447.0,451.0,319.26125,2.9645672824272813,321.1405550808107,952.0427826531077,High
16980,2.0,173.0,429.0,539.48,0.7760946602225749,548.1736323606905,425.43462894994474,Medium
16982,0.0,0.0,61.0,0.0,0.9202155691366966,470.98914615257866,433.4115451840019,Medium
16983,10.0,434.0,447.0,354.06,3.677362251924021,355.59915473016656,1307.6669084208038,High
16984,8.0,554.0,643.0,1117.2275,2.124864346934512,1120.1418467019053,2380.149473566262,High
16985,16.0,712.0,730.0,646.438125,3.723478245696903,647.5892214769887,2411.2843783173607,High
16986,5.0,644.0,674.0,459.38,1.3460574534182157,462.6802533195676,622.7942035302322,Medium
16987,9.0,734.0,738.0,264.2211111111111,2.134534623123879,265.8279129081297,567.4188838951619,Medium
16988,1.0,374.0,380.0,126.12,0.627093394163689,139.26964811511078,87.33507634048743,Low
16989,5.0,143.0,151.0,55.10999999999999,4.543333655336274,57.570594385342616,261.56241902864065,Low
16990,1.0,204.0,423.0,179.0,0.5214918950160691,192.70340099417209,100.49326176049225,Low
16991,0.0,0.0,422.0,0.0,0.24414233998531915,470.98914615257866,114.98839224937802,Low
16992,12.0,656.0,667.0,446.8016666666667,3.06975245495519,448.16423599803676,1375.7532636780904,High
16993,1.0,113.0,577.0,1231.15,0.3036073346351584,1255.8713868433465,381.2917644040683,Medium
16996,7.0,387.0,418.0,246.13000000000002,2.7791522583919877,248.16974547698467,689.7015086069267,Medium
16997,2.0,37.0,326.0,156.0,0.539183534174469,162.69621294587597,87.7231190929594,Low
16998,3.0,295.0,445.0,95.83333333333333,1.1818923266914791,100.0811747017656,118.28517242628615,Low
16999,1.0,51.0,75.0,238.99,1.9165190289134668,253.32160892183637,485.49568393367485,Medium
17000,1.0,12.0,409.0,214.58,0.2719191079510364,228.65599039351022,62.17593293546405,Low
17001,17.0,624.0,625.0,356.68,4.553711039462742,357.58659669798095,1628.3460329475072,High
17002,5.0,556.0,642.0,471.038,1.3903567710679716,474.36246670135506,659.5330675187342,Medium
17003,2.0,176.0,579.0,342.9,0.5030522185748568,350.56971270760755,176.35487174271216,Low
17004,3.0,378.0,425.0,618.51,1.2893957363064834,624.5696612626538,805.3174582584504,Medium
17005,1.0,118.0,589.0,288.61,0.2996799783883945,303.4612234804411,90.94125289433434,Low
17006,7.0,640.0,645.0,207.93,1.9085036265702544,209.9131073239206,400.6199265923335,Medium
17007,5.0,387.0,438.0,177.98600000000002,1.9556979206148755,180.70180484172533,353.3981439803173,Medium
17008,0.0,0.0,430.0,0.0,0.24024251325531712,470.98914615257866,113.15161618767137,Low
17009,0.0,0.0,552.0,0.0,0.19319530876338442,470.98914615257866,90.99289351515023,Low
17010,0.0,0.0,19.0,0.0,1.3652688327800393,470.98914615257866,643.0268018197984,Medium
17011,2.0,621.0,652.0,169.58999999999997,0.6403405778350368,176.35699872309334,112.92854246759845,Low
17012,0.0,0.0,726.0,0.0,0.15103147456557572,470.98914615257866,71.1341852478054,Low
17014,2.0,58.0,67.0,199.14,3.3863988599828776,206.0609148170429,697.804447023463,Medium
17015,2.0,157.0,186.0,659.03,1.792091941933115,668.3463284362122,1197.7380696111188,High
17016,0.0,0.0,577.0,0.0,0.18574356561772112,470.98914615257866,87.48320337362594,Low
17017,21.0,734.0,737.0,658.7195238095238,4.812615803454083,659.6024781552153,3174.4133103672657,High
17018,5.0,694.0,735.0,387.21999999999997,1.2426225426332924,390.3703787587699,485.0830326219441,Medium
17019,9.0,726.0,738.0,421.70444444444445,2.1326824660619184,423.4927947895134,903.1756579511534,High
17020,1.0,104.0,647.0,618.76,0.24849459329353496,637.0685138174699,158.30808124118894,Low
17021,5.0,147.0,590.0,176.098,0.15774173432310856,178.80988351175324,28.20578113925697,Low
17022,1.0,401.0,433.0,71.0,0.5579867767619422,83.57243823058245,46.63231543441921,Low
17023,2.0,280.0,698.0,328.91499999999996,0.48716484119332104,336.5118695071377,163.9367514681123,Low
17024,2.0,112.0,158.0,32.3,1.9831413724435982,38.35190090453729,76.05724139564495,Low
17025,3.0,581.0,642.0,220.64666666666668,0.8975677743759981,225.32716419677465,202.2464012745541,Low
17026,2.0,232.0,418.0,93.99,0.8745915233721498,100.36322353857271,87.77682456513992,Low
17027,7.0,651.0,730.0,169.60857142857142,1.6852871771447495,171.5348605604223,289.0855009357923,Medium
17028,2.0,140.0,722.0,642.96,0.2705660074597642,652.1926251661694,176.461154685913,Low
17029,6.0,553.0,664.0,311.05,1.5769418265257826,313.5426167540724,494.4384667578404,Medium
17030,0.0,0.0,64.0,0.0,0.8993521048130465,470.98914615257866,423.5850799364212,Medium
17031,5.0,570.0,582.0,183.37,1.5393074714332409,186.09698727846776,286.4604829289622,Medium
17032,3.0,126.0,730.0,710.0500000000001,0.15162405292272849,716.4269778824578,108.62756200972021,Low
17033,3.0,311.0,398.0,343.37999999999994,1.3425540037173531,348.4859435260725,467.861198720148,Medium
17034,4.0,497.0,514.0,271.49249999999995,1.4090994235358438,275.1319091943083,387.68821464201596,Medium
17035,3.0,491.0,737.0,186.33,0.7503857200519272,190.89154135062793,143.24228670821316,Low
17036,0.0,0.0,384.0,0.0,0.2645431928862236,470.98914615257866,124.59697253795936,Low
17037,0.0,0.0,88.0,0.0,0.7614498189468767,470.98914615257866,358.6346000638251,Medium
17038,1.0,385.0,416.0,112.4,0.5774833633215607,125.40597395662515,72.41986362108794,Low
17039,0.0,0.0,605.0,0.0,0.17805237102771918,470.98914615257866,83.86073420078759,Low
17040,1.0,413.0,551.0,449.73,0.44158033756069126,466.2684523736778,205.89498059306973,Low
17041,4.0,574.0,601.0,366.4675,1.22503677773034,370.35361324336526,453.6967969884407,Medium
17042,4.0,245.0,248.0,192.79250000000002,2.594083219736468,196.22748056929356,509.03041459596824,Medium
17043,7.0,698.0,731.0,319.4557142857143,1.6978661778185653,321.60417790482586,546.0408563097486,Medium
17044,10.0,707.0,733.0,1097.182,2.36549426133446,1099.4920772751448,2600.8421991770592,High
17045,4.0,316.0,430.0,116.76,1.583556979956658,119.99748095771238,190.0228485478016,Low
17046,3.0,463.0,621.0,515.5433333333334,0.8999328319499201,521.2460682837833,469.0864503733865,Medium
17047,4.0,646.0,732.0,491.64500000000004,1.016260627706579,495.8562703489281,503.91920455704485,Medium
17048,6.0,573.0,691.0,309.69166666666666,1.5193653317825453,312.1819332132778,474.3184065331082,Medium
17049,15.0,643.0,646.0,621.796,3.9166235898678283,623.0068525232185,2440.083335241745,High
17050,9.0,586.0,683.0,454.4577777777778,2.2399248524053292,456.28388653184544,1022.0416171947738,High
17051,3.0,434.0,629.0,182.24666666666667,0.8753029944257789,186.79405344518548,163.50139432149982,Low
17052,0.0,0.0,29.0,0.0,1.2238805039598608,470.98914615257866,576.4344335528425,Medium
17053,0.0,0.0,131.0,0.0,0.5976986954073057,470.98914615257866,281.5095982063971,Medium
17054,4.0,217.0,246.0,260.565,2.586311265466857,264.1760242667372,683.2414276273083,Medium
17055,0.0,0.0,446.0,0.0,0.23280554011040677,470.98914615257866,109.64888255619039,Low
17056,0.0,0.0,739.0,0.0,0.1486087772250233,470.98914615257866,69.9931210959925,Low
17057,0.0,0.0,597.0,0.0,0.1801840237365208,470.98914615257866,84.86471948999989,Low
17058,2.0,158.0,240.0,298.58500000000004,1.4361797731645298,306.0238906533479,439.50532186145205,Medium
17059,8.0,653.0,683.0,646.52875,2.044399510972089,648.8325535902796,1326.4729552627393,High
17060,0.0,0.0,267.0,0.0,0.35626553529821753,470.98914615257866,167.79720027369885,Low
17061,8.0,159.0,233.0,411.685,4.6425204698466365,413.6841878803998,1920.5373102866379,High
17062,5.0,126.0,440.0,202.51000000000002,0.431124122466275,205.27674059185009,88.49975465039854,Low
17063,9.0,717.0,739.0,373.32444444444445,2.1274473286283144,375.05702178440384,797.9140590785215,Medium
17064,2.0,269.0,328.0,355.75,1.1458949783920425,363.4866440716432,416.5175201542716,Medium
17065,0.0,0.0,638.0,0.0,0.16976803504368818,470.98914615257866,79.95890186922774,Low
17066,0.0,0.0,727.0,0.0,0.15084231043433738,470.98914615257866,71.04509099515077,Low
17067,1.0,7.0,732.0,227.72,0.08349138704832784,241.9335908630803,20.19937107474123,Low
17068,46.0,609.0,622.0,193.6441304347826,12.086952576859854,193.94230957047643,2344.1714984250216,High
17069,9.0,708.0,737.0,584.7655555555556,2.130651355735655,586.7418845732822,1250.142391832957,High
17070,1.0,296.0,411.0,312.14,0.5681001843541027,327.2376267566195,185.90375608803458,Low
17071,11.0,656.0,685.0,317.5627272727273,2.7513449173451803,318.92740954878303,877.4793072641089,High
17072,0.0,0.0,626.0,0.0,0.17268971543298167,470.98914615257866,81.33498162111182,Low
17073,3.0,92.0,110.0,330.76666666666665,3.554535694800102,335.82888700836304,1193.7157662162167,High
17074,0.0,0.0,563.0,0.0,0.1898440870774547,470.98914615257866,89.41450447472619,Low
17075,9.0,708.0,726.0,228.2255555555556,2.1632105330501155,229.79086127353483,497.0860115055684,Medium
17076,5.0,699.0,736.0,235.01399999999998,1.2417843115752907,237.84825060742887,295.35622613993326,Medium
17077,0.0,0.0,579.0,0.0,0.18517220601708279,470.98914615257866,87.21409920317521,Low
17078,0.0,0.0,37.0,0.0,1.130421845773504,470.98914615257866,532.4164199330846,Medium
17079,0.0,0.0,79.0,0.0,0.8078670417070272,470.98914615257866,380.49660817840237,Medium
17080,6.0,504.0,527.0,112.41333333333334,1.9783181175177764,114.56226612955129,226.64060666798443,Low
17081,5.0,630.0,656.0,170.302,1.3800779384761104,173.00184536105502,238.75603009844764,Low
17082,4.0,691.0,725.0,955.9575,1.0337330539445804,961.3748537790702,993.8049635825627,High
17083,8.0,559.0,669.0,437.61125,2.034123723589307,439.6440668062208,894.2904262258158,High
17084,1.0,361.0,397.0,2949.75,0.6000215293561426,2992.4683554128383,1795.5454391646722,High
17085,23.0,610.0,734.0,332.8526086956522,4.502500543097674,333.5118542954615,1501.6373050948278,High
17086,5.0,56.0,64.0,327.522,7.51264010347336,330.5483874681588,2483.2910718317407,High
17087,0.0,0.0,738.0,0.0,0.14879237389849828,470.98914615257866,70.07959313646893,Low
17088,3.0,225.0,254.0,325.06,1.9720918489614774,330.1024386050019,650.9923284952308,Medium
17089,0.0,0.0,387.0,0.0,0.2628092490546711,470.98914615257866,123.78030381325995,Low
17090,11.0,504.0,509.0,235.33818181818185,3.5992768144010525,236.62532540279437,851.6800474223821,High
17091,16.0,721.0,724.0,470.9125,3.758538555901831,471.9498331582557,1773.8416443767403,High
17092,9.0,625.0,676.0,589.7444444444444,2.2943912640412507,591.7265131809688,1357.6521425440048,High
17093,0.0,0.0,593.0,0.0,0.1812691229770377,470.98914615257866,85.37578945478177,Low
17094,1.0,101.0,424.0,302.0,0.4412739557524588,316.99144191937137,139.8800675154368,Low
17095,6.0,702.0,725.0,378.39166666666665,1.4871107712012952,381.0007989207064,566.5903919112814,Medium
17096,10.0,540.0,556.0,312.32800000000003,3.0366714149921212,313.8238615163376,952.9799496091084,High
17097,7.0,428.0,431.0,161.30571428571426,2.7242038255201706,163.2196929857922,444.64371203212283,Medium
17098,2.0,159.0,541.0,145.8,0.5285631486419309,152.44308454796447,80.57579675736018,Low
17099,0.0,0.0,534.0,0.0,0.19894220446329702,470.98914615257866,93.69961901387998,Low
17100,0.0,0.0,19.0,0.0,1.3652688327800393,470.98914615257866,643.0268018197984,Medium
17101,6.0,540.0,551.0,389.77500000000003,1.9058216892794215,392.40382785767247,747.8517260874206,Medium
17102,0.0,0.0,262.0,0.0,0.36162777054291173,470.98914615257866,170.32275487306663,Low
17103,0.0,0.0,723.0,0.0,0.151601826277843,470.98914615257866,71.40281471377283,Low
17104,0.0,0.0,424.0,0.0,0.2431555443037791,470.98914615257866,114.52362219390243,Low
17105,1.0,147.0,307.0,346.38,0.6871923829586174,361.8361838401872,248.6510694137906,Low
17106,0.0,0.0,390.0,0.0,0.2610979240292292,470.98914615257866,122.97428830073751,Low
17107,8.0,644.0,678.0,1807.62875,2.056670453699367,1811.4386158156597,3725.532279838146,High
17108,0.0,0.0,664.0,0.0,0.1637651327175319,470.98914615257866,77.13160002819407,Low
17109,5.0,468.0,498.0,222.154,1.7606721722024465,224.96154070094528,396.0835245279424,Medium
17110,2.0,445.0,611.0,156.8,0.6574644729865493,163.5003798790455,107.49569109027726,Low
17111,1.0,378.0,426.0,248.61,0.5635783333955937,263.04234838281536,148.24496831405023,Low
17112,0.0,0.0,503.0,0.0,0.20968535883570338,470.98914615257866,98.759528118725,Low
17113,3.0,123.0,698.0,545.13,0.17021949524730745,550.9352949357889,93.77992781789645,Low
17114,6.0,329.0,335.0,103.48,2.9238233970683782,105.61347621708603,308.79515280924085,Medium
17115,6.0,726.0,735.0,387.89000000000004,1.471087480319306,390.51556640412804,574.4825606069153,Medium
17116,0.0,0.0,649.0,0.0,0.16717541616890327,470.98914615257866,78.73780651909374,Low
17117,0.0,0.0,289.0,0.0,0.3344492703279168,470.98914615257866,157.5219762630985,Low
17118,0.0,0.0,318.0,0.0,0.3094765558997118,470.98914615257866,145.76009881744602,Low
17119,1.0,56.0,60.0,59.66,2.1800835970537635,72.11368714040553,157.213866457865,Low
17120,0.0,0.0,234.0,0.0,0.3949239782997329,470.98914615257866,186.0049073345707,Low
17121,0.0,0.0,403.0,0.0,0.2539330412985549,470.98914615257866,119.59970630113385,Low
17122,3.0,380.0,500.0,156.16,1.0960413698224751,160.61695928355905,176.0428320698728,Low
17123,2.0,411.0,573.0,379.905,0.6948884159754986,387.76745941003065,269.45511563627963,Low
17124,0.0,0.0,186.0,0.0,0.4690119180872667,470.98914615257866,220.8995228353049,Low
17125,0.0,0.0,51.0,0.0,0.9974107826435347,470.98914615257866,469.7696528806536,Medium
17126,6.0,313.0,466.0,298.065,2.003375250100147,300.53514992421856,602.0846811433165,Medium
17127,4.0,307.0,736.0,254.27000000000004,0.6336500006476373,257.86467257430434,163.39594994371072,Low
17128,0.0,0.0,335.0,0.0,0.2965017128129783,470.98914615257866,139.64908855056174,Low
17129,0.0,0.0,521.0,0.0,0.2033102804979677,470.98914615257866,95.75693541577907,Low
17131,3.0,70.0,76.0,557.8000000000001,4.424624532558495,563.6492145509618,2493.936142459512,High
17132,1.0,36.0,489.0,596.63,0.2593230137010784,614.7067711697085,159.407612442188,Low
17133,9.0,613.0,629.0,1150.9411111111112,2.4633232970863173,1153.5701336417137,2841.61618502261,High
17134,2.0,336.0,443.0,212.5,0.8794101456551352,219.49050260097408,193.02217486224146,Low
17135,7.0,563.0,580.0,254.35142857142858,2.0956507433258023,256.4033637481471,537.3318998300406,Medium
17136,0.0,0.0,663.0,0.0,0.16398814708697973,470.98914615257866,77.23663737564006,Low
17137,4.0,261.0,678.0,183.3275,0.6097212848183547,186.7378945853575,113.85806901085867,Low
17138,6.0,398.0,674.0,448.115,1.2648020954593309,450.84476854721225,570.229407985391,Medium
17139,17.0,682.0,698.0,1117.0270588235294,4.113145910028077,1118.3974526966601,4600.131908345087,High
17140,0.0,0.0,248.0,0.0,0.37754112140522084,470.98914615257866,177.817770408132,Low
17141,1.0,266.0,685.0,347.89,0.3200705864853959,363.36199637512254,116.30148728628977,Low
17142,3.0,445.0,685.0,352.75,0.797204916446041,357.8884239360306,285.3104111009286,Medium
17143,1.0,98.0,516.0,262.6,0.33738770405307805,277.17884994821,93.5167357960992,Low
17144,1.0,83.0,85.0,388.68,1.8276750073627224,404.57914425592645,739.4391904567543,Medium
17145,2.0,146.0,659.0,1111.94,0.3432413427624284,1123.6153855634775,385.6712536893317,Medium
17146,12.0,570.0,676.0,403.05333333333334,2.9275813695361945,404.3780883869042,1183.8497578101612,High
17147,8.0,675.0,698.0,368.79375,2.0066885332319093,370.7373036616208,743.9542960990908,Medium
17148,0.0,0.0,52.0,0.0,0.9891079619975823,470.98914615257866,465.8591144739585,Medium
17149,0.0,0.0,452.0,0.0,0.23013417524101215,470.98914615257866,108.39069869729222,Low
17150,5.0,357.0,734.0,247.28000000000003,0.8231407281553675,250.13972679039378,205.90019685082945,Low
17151,0.0,0.0,736.0,0.0,0.14916093243425163,470.98914615257866,70.25318020653066,Low
17152,2.0,231.0,426.0,844.75,0.8553365759228573,855.0336819715187,731.3415818362321,Medium
17153,0.0,0.0,25.0,0.0,1.2767283230446989,470.98914615257866,601.3251827396364,Medium
17154,0.0,0.0,76.0,0.0,0.8246330158471796,470.98914615257866,388.393200023089,Medium
17155,6.0,719.0,737.0,124.89999999999999,1.4659520973264397,127.07053740272099,186.27932081391663,Low
17156,0.0,0.0,492.0,0.0,0.21378213936205745,470.98914615257866,100.68906728080701,Low
17157,17.0,728.0,736.0,283.5141176470588,3.9236546576650353,284.3760845550526,1115.793548692978,High
17158,4.0,610.0,643.0,420.375,1.1521523712639876,424.4011416563638,488.9747817265231,Medium
17159,4.0,624.0,646.0,459.57250000000005,1.1491628869845527,463.7004598397059,532.8673591254611,Medium
17160,16.0,704.0,736.0,586.45125,3.687111969025805,587.5634672194419,2166.4122925471056,High
17161,0.0,0.0,445.0,0.0,0.23325681701251125,470.98914615257866,109.86142907899095,Low
17162,5.0,277.0,306.0,258.21,2.6522626556707274,261.0924281339292,692.4856968180136,Medium
17163,3.0,654.0,676.0,186.17999999999998,0.8620524661979206,190.74102138675448,164.42876789156202,Low
17164,4.0,241.0,274.0,460.055,2.3739573890163994,464.1842131664094,1101.953542711161,High
17165,5.0,444.0,729.0,283.73199999999997,1.0816764962752135,286.6674367057235,310.0814285320435,Medium
17166,1.0,165.0,204.0,78.75,1.0140761401207454,91.40359528074745,92.69020509545916,Low
17167,2.0,66.0,446.0,304.71000000000004,0.40411492665974363,312.18079373542713,126.15691856497268,Low
17168,0.0,0.0,499.0,0.0,0.21115678136924676,470.98914615257866,99.45255216142826,Low
17169,2.0,521.0,579.0,417.89,0.7085976855869391,425.9503106055864,301.8274042701564,Medium
17170,1.0,15.0,390.0,106.2,0.3046312534109519,119.14104831649314,36.294086881348086,Low
17171,1.0,372.0,662.0,224.91,0.3582719222260246,239.09416488747206,85.6607260472607,Low
17172,2.0,648.0,727.0,309.875,0.5763782583472039,317.37269649770286,182.9267220543017,Low
17173,6.0,126.0,132.0,550.6366666666667,5.869312932098077,553.5438196452486,3248.921899126823,High
17174,0.0,0.0,218.0,0.0,0.41686590155552616,470.98914615257866,196.33931503376218,Low
17175,3.0,252.0,297.0,308.2033333333333,1.7324402095301816,313.18733955371835,542.578340158644,Medium
17176,2.0,476.0,678.0,307.99,0.5946369311413998,315.4778781614222,187.59479731290855,Low
17177,0.0,0.0,506.0,0.0,0.20859519480703037,470.98914615257866,98.24607269369405,Low
17178,0.0,0.0,732.0,0.0,0.14990355789782986,470.98914615257866,70.60294873953252,Low
17179,5.0,384.0,563.0,262.818,1.4686527423946185,265.70999883758986,390.2357184744973,Medium
17180,9.0,631.0,688.0,231.48000000000002,2.2553849560090256,233.04905747793438,525.6153382478159,Medium
17181,2.0,538.0,596.0,197.72,0.690713676923094,204.633518510667,141.34316999221284,Low
17182,1.0,296.0,719.0,142.8,0.3104402412406655,156.12431903082074,48.467271263462614,Low
17183,5.0,98.0,106.0,603.528,5.7094610439847635,607.1276452013561,3466.371639003346,High
17184,1.0,161.0,731.0,147.86,0.2487489566283525,161.2373067306704,40.107611818819905,Low
17185,1.0,7.0,599.0,105.71000000000001,0.12577824154660744,118.64591709654724,14.92307481908828,Low
17186,1.0,14.0,61.0,72.0,2.029349510377376,84.5829101080231,171.6482872140103,Low
17187,1.0,300.0,527.0,203.95,0.44150870967119005,217.91467433631615,96.21122668464454,Low
17188,11.0,720.0,732.0,387.7190909090909,2.596848424020234,389.14993144242504,1010.5633861738436,High
17189,4.0,631.0,738.0,181.79250000000002,1.0044437450197155,185.19890731802084,186.02188404007205,Low
17190,3.0,586.0,645.0,380.8733333333333,0.8941604035636724,386.1092447182491,345.2435980769344,Medium
17191,11.0,710.0,739.0,415.8463636363636,2.568536445066473,417.3037285111713,1071.8598353430684,High
17192,0.0,0.0,537.0,0.0,0.1979607378114362,470.98914615257866,93.23735887354283,Low
17193,5.0,692.0,738.0,449.7,1.23714077231069,452.9801481955582,560.4002103800636,Medium
17194,2.0,257.0,531.0,131.31,0.6791372113039322,137.87761097093133,93.63781621604676,Low
17195,0.0,0.0,656.0,0.0,0.16556643187312434,470.98914615257866,77.97999237945191,Low
17196,0.0,0.0,428.0,0.0,0.24120572612752977,470.98914615257866,113.60527899591798,Low
17197,0.0,0.0,30.0,0.0,1.2113523663161674,470.98914615257866,570.5338167011573,Medium
17198,2.0,348.0,372.0,334.93,1.044611727163222,342.55819963590613,357.84031257558775,Medium
17199,0.0,0.0,583.0,0.0,0.18403997726286894,470.98914615257866,86.68083174897863,Low
17200,1.0,265.0,653.0,191.65,0.33854492410133863,205.48587024379623,69.56619834558352,Low
17201,3.0,614.0,668.0,253.74,0.8672985324257492,258.53521311533166,224.22721091530545,Low
17202,0.0,0.0,421.0,0.0,0.24463875188449014,470.98914615257866,115.22219686590856,Low
17203,3.0,353.0,389.0,1187.95,1.393519507019421,1195.9835827830943,1666.6264526832185,High
17204,6.0,372.0,548.0,867.56,1.7393604150854958,871.0154981928077,1515.009878482542,High
17205,2.0,511.0,565.0,362.2,0.7245966017194729,369.9702399703225,268.0791786198336,Low
17206,0.0,0.0,54.0,0.0,0.9729137947226096,470.98914615257866,458.2318374564671,Medium
17207,0.0,0.0,653.0,0.0,0.16625218547183784,470.98914615257866,78.30297488138105,Low
17208,0.0,0.0,396.0,0.0,0.2577413805074567,470.98914615257866,121.39339273339391,Low
17209,2.0,87.0,737.0,145.6,0.15204171989784396,152.24204281467206,23.147142030303936,Low
17210,0.0,0.0,393.0,0.0,0.259408777495595,470.98914615257866,122.17871861713455,Low
17211,12.0,700.0,727.0,304.99333333333334,2.83274962939835,306.23332931613606,867.4823501297074,High
17212,2.0,233.0,487.0,172.945,0.7325107584091859,179.72947379907308,131.65377316104292,Low
17213,11.0,684.0,725.0,443.41818181818184,2.608093153037394,444.9015472344423,1160.3446791178917,High
17214,5.0,299.0,360.0,179.614,2.292183750241629,182.333186158036,417.94116644123204,Medium
17215,0.0,0.0,465.0,0.0,0.22455169058741292,470.98914615257866,105.76140901688365,Low
17216,0.0,0.0,555.0,0.0,0.19226965009598102,470.98914615257866,90.55691832976116,Low
17217,1.0,385.0,620.0,113.5,0.3867834296992672,126.51749302180986,48.934869867928725,Low
17218,17.0,679.0,684.0,223.82,4.195516352725957,224.6455546370229,942.5040980468222,High
17219,1.0,385.0,417.0,114.23,0.5761690343749811,127.25513749234152,73.32046968821787,Low
17220,13.0,664.0,689.0,318.20384615384614,3.211091681590476,319.35892130350294,1025.490775639386,High
17221,3.0,600.0,608.0,192.14333333333335,0.9500434019047476,196.7250261727435,186.89731310495372,Low
17222,5.0,633.0,699.0,282.152,1.2948891501032724,285.08415508424264,369.15237928494446,Medium
17223,2.0,65.0,376.0,359.81500000000005,0.5675955315864578,367.57281730081087,208.63268863258568,Low
17224,0.0,0.0,502.0,0.0,0.2100512863788108,470.98914615257866,98.93187601980686,Low
17225,0.0,0.0,582.0,0.0,0.18432173320092607,470.98914615257866,86.81353573766758,Low
17226,2.0,357.0,666.0,237.245,0.5684818858451729,244.36439105257412,138.91672985897463,Low
17227,11.0,675.0,694.0,164.90272727272728,2.7232778624242524,166.1234494141263,452.4003122190453,Medium
17228,12.0,622.0,638.0,254.09833333333336,3.1930166399890965,255.29433775069913,815.1590685329788,Medium
17229,1.0,46.0,143.0,161.05,1.1983055034871803,174.56543079411253,209.18271643919556,Low
17230,13.0,467.0,732.0,740.0576923076923,1.2564203667816713,741.5493296510616,931.6976807468893,High
17231,21.0,720.0,733.0,328.7233333333333,4.830732693418216,329.4433564530271,1591.4527926470691,High
17232,1.0,12.0,15.0,213.48,3.367110377901581,227.5444713283255,766.1673508437335,Medium
17233,2.0,689.0,725.0,190.75,0.5814335850697778,197.62721410542747,114.90709960467126,Low
17234,0.0,0.0,183.0,0.0,0.4745800948408416,470.98914615257866,223.5220736500978,Low
17235,7.0,528.0,554.0,255.3642857142857,2.1793353695259827,257.41772262812174,560.9995476662946,Medium
17236,11.0,630.0,643.0,154.31545454545451,2.9200778954904987,155.5261927669828,454.1485976686608,Medium
17237,3.0,370.0,382.0,139.99333333333334,1.4231553113282747,144.39425206609315,205.49544675313416,Low
17238,28.0,736.0,739.0,269.0,6.357252258017797,269.51783772032184,1713.3928824235902,High
17239,3.0,214.0,527.0,293.6666666666667,0.8057811325587388,298.60028261034336,240.60647390412197,Low
17240,0.0,0.0,597.0,0.0,0.1801840237365208,470.98914615257866,84.86471948999989,Low
17241,10.0,277.0,663.0,220.234,0.10594615946484714,221.6343222363038,23.48130524653076,Low
17242,4.0,576.0,685.0,612.005,1.072486423477053,616.5289136692176,661.2188895912919,Medium
17243,65.0,737.0,739.0,313.1378461538461,14.58585934930246,313.3679059990014,4570.7402014868685,High
17244,2.0,680.0,734.0,782.6949999999999,0.5735661540469911,792.6554581742247,454.64034262934564,Medium
17245,1.0,485.0,690.0,171.45,0.3574626157784047,185.0743383194952,66.1571570891442,Low
17246,1.0,192.0,739.0,15.44,0.26217372022870594,27.430620719980226,7.1915878823398405,Low
17247,0.0,0.0,16.0,0.0,1.4143724889872349,470.98914615257866,666.1540909297952,Medium
17248,1.0,361.0,482.0,318.65,0.4969908045910557,333.8157986787581,165.90338237056184,Low
17249,0.0,0.0,429.0,0.0,0.24072315478287643,470.98914615257866,113.37799313034199,Low
17250,1.0,258.0,262.0,221.87,0.8501742094468749,236.02233038005252,200.66009814267028,Low
17251,2.0,362.0,725.0,253.01500000000001,0.5136447265755105,260.2165317226785,133.65884928712285,Low
17252,1.0,70.0,187.0,11.9,0.9935529599522419,23.853550273840348,23.69976547994369,Low
17253,0.0,0.0,19.0,0.0,1.3652688327800393,470.98914615257866,643.0268018197984,Medium
17254,2.0,397.0,402.0,136.22,0.9824837087262821,142.81318552325934,140.3116281679064,Low
17255,3.0,406.0,447.0,139.32666666666668,1.2370195880967485,143.72527444887805,177.79097979784325,Low
17256,3.0,493.0,601.0,115.10000000000001,0.9412692088521315,119.41462783928169,112.4013122716524,Low
17257,0.0,0.0,437.0,0.0,0.23693109732714998,470.98914615257866,111.59197522710788,Low
17258,1.0,269.0,666.0,133.45000000000002,0.331966874381808,146.67640697675074,48.69170836962596,Low
17259,4.0,507.0,656.0,394.8675,1.0989260312841473,398.82738418301483,438.2817944676784,Medium
17260,0.0,0.0,412.0,0.0,0.24919913437712668,470.98914615257866,117.3700875222446,Low
17261,0.0,0.0,510.0,0.0,0.20715917422341865,470.98914615257866,97.56972258516123,Low
17262,8.0,672.0,725.0,323.515,1.9294209953567958,325.39982261779386,627.8332496441486,Medium
17263,0.0,0.0,209.0,0.0,0.43031809564522433,470.98914615257866,202.6751524419479,Low
17264,0.0,0.0,425.0,0.0,0.24266513613991259,470.98914615257866,114.29264527153668,Low
17265,1.0,42.0,181.0,178.81,0.9572942810950864,192.51141133745836,184.29007311889265,Low
17266,4.0,638.0,641.0,100.2625,1.1600406283504834,103.45712757472405,120.01447127911901,Low
17267,0.0,0.0,128.0,0.0,0.6067914308252615,470.98914615257866,285.79217789709145,Medium
17268,10.0,624.0,732.0,157.81900000000002,2.312634293068406,159.15457226167675,368.0663217109874,Medium
17269,0.0,0.0,386.0,0.0,0.26338469505257933,470.98914615257866,124.05133263247164,Low
17270,1.0,263.0,733.0,214.78,0.2937339332263197,228.85808476899834,67.22338538984037,Low
17271,0.0,0.0,737.0,0.0,0.14897642507131617,470.98914615257866,70.16627924120282,Low
17272,3.0,220.0,263.0,496.98333333333335,1.907597303525364,502.6217314205152,958.7998595510245,High
17273,0.0,0.0,425.0,0.0,0.24266513613991259,470.98914615257866,114.29264527153668,Low
17274,1.0,360.0,396.0,111.97999999999999,0.6012965893006228,124.98157576810006,75.15099523477593,Low
17275,0.0,0.0,384.0,0.0,0.2645431928862236,470.98914615257866,124.59697253795936,Low
17276,0.0,0.0,403.0,0.0,0.2539330412985549,470.98914615257866,119.59970630113385,Low
17277,1.0,95.0,323.0,348.33000000000004,0.6002130961743959,363.80660400119643,218.36148819625046,Low
17278,1.0,324.0,566.0,246.04,0.41445090997746203,260.44543565779287,107.94184780784879,Low
17279,0.0,0.0,58.0,0.0,0.9420787360010973,470.98914615257866,443.70885947765737,Medium
17280,0.0,0.0,439.0,0.0,0.23600170276351695,470.98914615257866,111.15424047514351,Low
17281,5.0,299.0,674.0,137.07,0.7594657183828508,139.70082330722425,106.09798613169677,Low
17282,4.0,418.0,549.0,495.815,1.2862388559582436,500.0371022087287,643.1671502816305,Medium
17283,0.0,0.0,379.0,0.0,0.2674845965921218,470.98914615257866,125.98234175789041,Low
17284,6.0,329.0,390.0,275.43,2.5282899477442418,277.86098652847403,702.5131391102391,Medium
17285,1.0,35.0,664.0,215.44,0.1502293126418169,229.52499620810917,34.48138241445987,Low
17286,1.0,379.0,401.0,153.92,0.5970232510355302,167.3607663079607,99.91826879697632,Low
17287,17.0,710.0,737.0,227.16176470588235,3.9079509034123503,227.98935775551254,890.9712166090568,High
17288,8.0,385.0,395.0,282.4225,3.3176555429039887,284.2540215567342,943.0569302104491,High
17289,8.0,610.0,642.0,253.95,2.1607904248825327,255.74458989132026,552.610461052675,Medium
17290,6.0,723.0,727.0,240.83166666666668,1.486633201968142,243.20279067159606,361.55334342370264,Medium
17291,0.0,0.0,309.0,0.0,0.3168172579428408,470.98914615257866,149.21748980489986,Low
17292,1.0,107.0,580.0,130.39999999999998,0.29531773627155355,143.59446775055673,42.40599315721302,Low
17293,15.0,728.0,737.0,243.91466666666668,3.4728081585859667,244.86426416446656,850.3666143365089,High
17294,0.0,0.0,670.0,0.0,0.1624396909079833,470.98914615257866,76.50733132203985,Low
17295,1.0,36.0,65.0,277.59000000000003,2.0422543324926954,292.3258233910452,597.0036793198566,Medium
17296,0.0,0.0,731.0,0.0,0.15009037186887023,470.98914615257866,70.6909360922422,Low
17297,0.0,0.0,18.0,0.0,1.3812487825271869,470.98914615257866,650.5531847067685,Medium
17298,4.0,540.0,642.0,208.885,1.1374753570006213,212.36178193712138,241.55629372221523,Low
17299,5.0,470.0,482.0,157.672,1.8176382349374238,160.34561315896417,291.4503172822186,Medium
17300,1.0,91.0,482.0,237.84,0.36144858236765,252.1595662627796,91.14271775612319,Low
17301,1.0,603.0,625.0,197.63,0.4053714396302616,211.52849207089128,85.74760935359558,Low
17302,4.0,291.0,306.0,238.195,2.1868227043454986,241.74791666392167,528.6598328888874,Medium
17303,0.0,0.0,362.0,0.0,0.2779947804995644,470.98914615257866,130.93252430236336,Low
17304,0.0,0.0,535.0,0.0,0.19861396823004804,470.98914615257866,93.5450233106457,Low
17305,0.0,0.0,649.0,0.0,0.16717541616890327,470.98914615257866,78.73780651909374,Low
17306,16.0,393.0,404.0,561.9568750000001,6.285173049901885,563.0532166947698,3538.8869032305333,High
17307,9.0,293.0,689.0,402.03222222222223,0.18916706256842503,403.79789420948805,76.3852615189245,Low
17308,1.0,59.0,453.0,666.72,0.34215105513359906,685.5307450595233,234.55506774863818,Low
17309,2.0,578.0,674.0,55.25,0.6148976753223209,61.4214397998382,37.76790054787038,Low
17310,1.0,147.0,535.0,260.09999999999997,0.36699404630584515,274.6526702546083,100.79589478544375,Low
17311,5.0,596.0,675.0,611.42,1.3323210621475814,615.0360366929556,819.4254656657974,Medium
17312,2.0,21.0,160.0,249.24999999999997,1.4410233096490215,256.4319210934494,369.52437563373917,Medium
17313,0.0,0.0,32.0,0.0,1.18705804464975,470.98914615257866,559.0914548831354,Medium
17314,15.0,712.0,737.0,291.66066666666666,3.46515102175657,292.6432742164149,1014.0531406611982,High
17315,39.0,437.0,439.0,227.82102564102564,13.994222241069403,228.18182247240097,3193.2271350510237,High
17316,0.0,0.0,421.0,0.0,0.24463875188449014,470.98914615257866,115.22219686590856,Low
17317,1.0,37.0,90.0,534.24,1.6731571410038062,551.6634307361867,923.0196085669094,High
17318,0.0,0.0,726.0,0.0,0.15103147456557572,470.98914615257866,71.1341852478054,Low
17319,0.0,0.0,670.0,0.0,0.1624396909079833,470.98914615257866,76.50733132203985,Low
17320,5.0,587.0,688.0,514.422,1.3027739079990996,517.8365742116882,674.6239774906269,Medium
17321,4.0,569.0,578.0,331.38,1.2717371507529758,335.174971065726,426.2544627068375,Medium
17322,4.0,360.0,737.0,202.01,0.7723426945245201,205.4689236550759,158.69242213681423,Low
17323,11.0,683.0,699.0,128.90818181818182,2.7067255843863434,130.09496068949997,352.13135849800517,Medium
17324,10.0,704.0,722.0,220.083,2.400866863689043,221.48316558732247,531.751593123556,Medium
17325,2.0,361.0,642.0,253.835,0.5958990952668156,261.04080282917727,155.55397823362995,Low
17326,1.0,121.0,530.0,149.35,0.349327532930423,162.74290982805695,56.850579192153425,Low
17327,1.0,153.0,563.0,148.1,0.34806877270244774,161.47981998125616,56.206082757088026,Low
17328,0.0,0.0,674.0,0.0,0.1615679273486299,470.98914615257866,76.09674014757306,Low
17329,3.0,722.0,737.0,241.67,0.7977369082447291,246.42337335565244,196.58101997997474,Low
17330,3.0,625.0,648.0,124.61666666666666,0.8954356197655001,128.96428332502708,115.47921296675918,Low
17331,0.0,0.0,124.0,0.0,0.6193567458925777,470.98914615257866,291.7103049117848,Medium
17332,4.0,128.0,657.0,142.3525,0.12036104233404299,145.65645922436664,17.5313632549308,Low
17333,0.0,0.0,86.0,0.0,0.7712946225764735,470.98914615257866,363.2713957193687,Medium
17334,2.0,104.0,407.0,153.51,0.657299513829465,160.19324336638581,105.29494098349058,Low
17335,1.0,301.0,685.0,353.23,0.33001994278825264,368.7579162006556,121.69746640725562,Low
17336,0.0,0.0,473.0,0.0,0.22124911617030357,470.98914615257866,104.20593231206396,Low
17337,3.0,159.0,311.0,333.71666666666664,1.4968545939274638,338.7891129645398,507.1180401135819,Medium
17338,16.0,622.0,640.0,741.900625,4.194075385045203,743.1135935302261,3116.6744309176074,High
17339,1.0,271.0,366.0,183.36,0.6292373962839296,197.1090583798133,124.02839067889079,Low
17340,14.0,634.0,664.0,1538.4164285714285,3.560674247561329,1540.3928559610604,5484.837173347995,High
17341,2.0,384.0,541.0,647.48,0.7303203969428838,656.7361683385772,479.6278191477782,Medium
17342,3.0,290.0,670.0,304.98333333333335,0.6659212186030845,309.9561776625695,206.40639554261242,Low
17343,5.0,381.0,737.0,212.52799999999996,0.9003673457882515,215.31554773361933,193.8630882198624,Low
17344,1.0,682.0,729.0,160.57,0.3516011132347676,174.08040429294098,61.20686394175647,Low
17345,6.0,723.0,739.0,212.46166666666667,1.4626776467808016,214.78370449809168,314.1593234621318,Medium
17346,24.0,597.0,601.0,214.51625,6.591241781053061,215.09689469538867,1417.7556392910162,High
17347,0.0,0.0,87.0,0.0,0.7663403858190339,470.98914615257866,360.93800397914447,Medium
17348,8.0,625.0,640.0,255.82500000000002,2.172557585055327,257.6220219528762,559.6986778710112,Medium
17349,4.0,452.0,632.0,179.03750000000002,1.115871223754245,182.4367510173612,203.57592061549133,Low
17350,5.0,668.0,677.0,312.758,1.3443321349498587,315.75372300009315,424.47787655908155,Medium
17351,10.0,693.0,730.0,185.448,2.3702340662218435,186.81223487561525,442.7887230892196,Medium
17352,0.0,0.0,697.0,0.0,0.1567315585192785,470.98914615257866,73.81886292215789,Low
17353,3.0,495.0,625.0,966.6666666666666,0.9039731302970266,973.9331871889758,880.4094319233785,High
17354,1.0,378.0,429.0,1393.06,0.5598012604043717,1419.4768885197611,794.6249513082381,Medium
17355,0.0,0.0,387.0,0.0,0.2628092490546711,470.98914615257866,123.78030381325995,Low
17356,4.0,377.0,689.0,161.2225,0.9094148444929726,164.57547533814085,149.66738031199242,Low
17357,0.0,0.0,25.0,0.0,1.2767283230446989,470.98914615257866,601.3251827396364,Medium
17358,4.0,350.0,654.0,187.20749999999998,0.9407200272787912,190.6279731503519,179.3275521020997,Low
17359,1.0,637.0,649.0,127.86,0.3924620696504357,141.0278691818575,55.34808941750269,Low
17360,3.0,417.0,435.0,327.71,1.2726067479505678,332.76162463343184,423.4746889674993,Medium
17361,3.0,627.0,677.0,162.73333333333332,0.8574839921997439,167.2130785892998,143.38253817676232,Low
17362,6.0,463.0,703.0,145.49,1.3522099642994105,147.69616251066796,199.71622263571027,Low
17363,1.0,7.0,403.0,197.64,0.26107124507945745,211.5385967896657,55.22664484623934,Low
17364,24.0,732.0,733.0,469.25,5.509783254517118,469.94068787704,2589.2713326811704,High
17365,13.0,664.0,677.0,597.8523076923077,3.2684420814248103,599.2304911543381,1958.5501537616963,High
17366,1.0,24.0,457.0,610.25,0.25890186911315943,628.46939814045,162.71190185898487,Low
17367,0.0,0.0,239.0,0.0,0.3885345033549189,470.98914615257866,182.99553398594946,Low
17368,11.0,701.0,725.0,187.0609090909091,2.6155379695747256,188.3025266524463,492.51240822633,Medium
17369,0.0,0.0,456.0,0.0,0.2283871099981759,470.98914615257866,107.56784993029594,Low
17370,3.0,97.0,170.0,111.82666666666667,2.521252850212111,116.1299477387556,292.79296173132104,Medium
17371,3.0,714.0,732.0,169.42,0.8024210431771548,173.92292408996715,139.55941418069256,Low
17372,26.0,696.0,737.0,161.28384615384616,5.877515827662541,161.7985816700528,950.9737246590856,High
17373,6.0,609.0,650.0,167.3,1.6368239381070846,169.54389847979488,277.5135115917256,Low
17374,2.0,177.0,396.0,247.885,0.8653268594522285,255.05981126372888,220.71010545332066,Low
17375,3.0,232.0,432.0,133.36666666666667,1.137845450418504,137.74461455097514,156.73208298647754,Low
17376,3.0,452.0,523.0,104.13,1.0725130029937309,108.4066011480074,116.26748934159305,Low
17377,68.0,714.0,738.0,253.93191176470586,15.157212252891396,254.1427958701854,3852.096299547651,High
17379,0.0,0.0,12.0,0.0,1.485694288265705,470.98914615257866,699.7458842740274,Medium
17380,2.0,100.0,535.0,150.89999999999998,0.38226168439791297,157.5696487469202,60.23283933998521,Low
17381,27.0,540.0,549.0,1180.0455555555554,8.009729308838876,1180.9323988002404,9458.948846427686,High
17382,6.0,504.0,570.0,113.48000000000002,1.8284408462610078,115.63077835790536,211.42403823454748,Low
17383,1.0,449.0,454.0,199.29,0.5387726371470961,213.20587538744275,114.86949173774768,Low
17384,2.0,448.0,468.0,168.2,0.8597482305670004,174.95975867671132,150.42134294273197,Low
17385,0.0,0.0,15.0,0.0,1.4315450678082657,470.98914615257866,674.2421891659504,Medium
17386,4.0,378.0,386.0,671.605,1.8067603367242173,676.2837287397498,1221.8826174589396,High
17387,1.0,14.0,34.0,437.67,2.6743071381498775,454.0821615317436,1214.3551658908677,High
17388,10.0,652.0,730.0,246.26100000000002,2.347198151868206,247.68832291866573,581.3735737940276,Medium
17389,52.0,735.0,736.0,1083.0123076923078,11.739751219066418,1083.4533568811455,12719.472867247032,High
17390,0.0,0.0,421.0,0.0,0.24463875188449014,470.98914615257866,115.22219686590856,Low
17391,1.0,1.0,165.0,101.76,0.8494955195474982,114.65455318065669,97.39852922268823,Low
17392,2.0,144.0,451.0,228.955,0.6670947491552441,236.03121120760488,157.45518163334563,Low
17393,1.0,78.0,489.0,186.55,0.3363760341288907,200.33246366884896,67.3870396361975,Low
17394,0.0,0.0,220.0,0.0,0.4139903150086649,470.98914615257866,194.98494498136816,Low
17395,0.0,0.0,509.0,0.0,0.20751632047062482,470.98914615257866,97.73793459118447,Low
17396,8.0,402.0,442.0,1037.9624999999999,2.9903766306684365,1040.7740321103156,3112.3063434292485,High
17397,1.0,394.0,417.0,696.41,0.5773833466149366,715.531655100736,413.1360616309875,Medium
17398,2.0,141.0,256.0,173.85,1.325267450836646,180.63918764222112,239.39523572780894,Low
17400,7.0,596.0,723.0,553.9642857142857,1.672542328330346,556.4604491334865,930.7036552174715,High
17401,0.0,0.0,542.0,0.0,0.19634632645889166,470.98914615257866,92.47698864906884,Low
17402,20.0,719.0,724.0,248.32399999999998,4.663812102973353,249.03836100544078,1161.4681221618216,High
17403,1.0,414.0,451.0,281.62,0.5382527156219756,296.398025057131,159.53704189199115,Low
17404,20.0,676.0,702.0,2316.4535,4.78077316927214,2318.240054453746,11082.979852264454,High
17405,2.0,149.0,151.0,319.05,2.1020708628644775,326.59548601249094,686.5268550899202,Medium
17406,10.0,400.0,734.0,449.83500000000004,0.7030115159476953,451.47351271814875,317.39107858621685,Medium
17407,0.0,0.0,412.0,0.0,0.24919913437712668,470.98914615257866,117.3700875222446,Low
17408,2.0,351.0,515.0,22.7,0.7579347257483784,28.70189770650292,21.7541649666363,Low
17409,7.0,544.0,729.0,984.8385714285714,1.598919313819357,987.9735810191246,1579.6900402347515,High
17410,4.0,199.0,216.0,228.07999999999998,2.8704755599847203,231.60664226059225,664.8212061391544,Medium
17411,4.0,724.0,737.0,270.245,1.0210171138203292,273.8811687278572,279.63736042425535,Low
17412,15.0,735.0,738.0,264.788,3.4707813630232724,265.75202865051784,922.3671882258441,High
17413,1.0,165.0,570.0,340.29999999999995,0.3506777435641339,355.692514825348,124.73344850160527,Low
17414,5.0,693.0,737.0,401.96799999999996,1.239027022599211,405.14900999522564,501.9905715634024,Medium
17415,0.0,0.0,80.0,0.0,0.8024299461987893,470.98914615257866,377.93579520742736,Medium
17416,14.0,696.0,726.0,1188.5035714285714,3.284859026137999,1190.2207876046227,3909.707497260123,High
17417,0.0,0.0,549.0,0.0,0.19412993256033761,470.98914615257866,91.4330911792511,Low
17418,2.0,345.0,388.0,231.73000000000002,1.0034460224388864,238.8206652570367,239.6436466283822,Low
17419,16.0,672.0,684.0,392.80125,3.9534953589096506,393.78795696034075,1556.8388602372204,High
17420,4.0,351.0,402.0,218.42000000000002,1.726446692429388,221.92154975083824,383.13572554613853,Medium
17421,2.0,349.0,736.0,464.305,0.49720539798678,472.6070708594162,234.98278675802234,Low
17422,10.0,518.0,535.0,328.752,3.141241846650654,330.26489994593425,1037.44192419006,High
17423,2.0,347.0,394.0,349.20500000000004,0.9895281826356027,356.90755334964996,353.17008263499855,Medium
17425,1.0,41.0,61.0,70.2,2.1285518272978017,82.76406072862994,176.1675926985115,Low
17426,6.0,652.0,661.0,1259.3016666666665,1.6198242193963954,1263.43496180762,2046.542550768143,High
17427,0.0,0.0,72.0,0.0,0.8481097616671857,470.98914615257866,399.45049249129477,Medium
17428,32.0,738.0,739.0,953.9768750000001,7.248173415092138,954.6518669508139,6919.482282700966,High
17429,4.0,301.0,430.0,207.115,1.5650395353117956,210.58718424123478,329.57726896752155,Medium
17430,3.0,447.0,480.0,174.79,1.1654541102988865,179.3115387966347,208.97936991455614,Low
17431,0.0,0.0,314.0,0.0,0.3126965660627465,470.98914615257866,147.27668865473638,Low
17432,6.0,718.0,737.0,262.75666666666666,1.4657780706042123,265.16572561534235,388.67410568282247,Medium
17433,1.0,297.0,386.0,303.15999999999997,0.6041038016308489,318.16358929720246,192.20383383495607,Low
17434,6.0,83.0,86.0,312.37666666666667,7.62778736696482,314.87157883808777,2401.773451277433,High
17435,0.0,0.0,412.0,0.0,0.24919913437712668,470.98914615257866,117.3700875222446,Low
17436,4.0,731.0,733.0,114.39,1.0273151427619691,117.62132472084726,120.83416799744913,Low
17437,0.0,0.0,530.0,0.0,0.20026608232353524,470.98914615257866,94.32315111688389,Low
17438,4.0,388.0,642.0,289.76,1.0319747164414448,293.4468602731833,302.8297404210506,Medium
17439,0.0,0.0,656.0,0.0,0.16556643187312434,470.98914615257866,77.97999237945191,Low
17440,2.0,393.0,550.0,93.21,0.720409420193687,99.57916077873242,71.73776547998057,Low
17441,0.0,0.0,733.0,0.0,0.14971720869785526,470.98914615257866,70.51518028895028,Low
17442,13.0,626.0,663.0,315.5946153846154,3.3164786394587606,316.7476088454608,1050.4866788356094,High
17443,0.0,0.0,220.0,0.0,0.4139903150086649,470.98914615257866,194.98494498136816,Low
17444,2.0,25.0,173.0,884.2900000000001,1.3517582820144387,894.7796326434229,1209.525779003584,High
17446,1.0,134.0,311.0,52.800000000000004,0.6679477452347858,65.18185006116272,43.53806977858552,Low
17447,1.0,31.0,72.0,169.05,1.909011808119407,182.64920581363768,348.67949064186615,Medium
17448,17.0,148.0,646.0,830.904705882353,5.378678769059404e-07,832.100570588176,0.0004475601672744838,Low
17449,11.0,728.0,731.0,422.9518181818182,2.6026659481642467,424.41588358193155,1104.6127680587344,High
17450,29.0,430.0,439.0,6912.162413793103,10.443755041618536,6915.037218063304,72218.95480912844,High
17451,4.0,104.0,106.0,343.8475,4.701620173002395,347.6748562484754,1634.6351177835397,High
17453,1.0,47.0,65.0,144.72,2.07073875129162,158.0644250355068,327.3101301216532,Medium
17454,9.0,501.0,694.0,154.33777777777777,1.9974990967265058,155.81790483913161,311.24612416998207,Medium
17455,0.0,0.0,204.0,0.0,0.43817487562556184,470.98914615257866,206.37561053639573,Low
17456,1.0,91.0,457.0,499.72,0.3883744523408188,516.7819415269357,200.70490352014872,Low
17457,13.0,606.0,733.0,433.03307692307686,2.8863907259307213,434.2797647915991,1253.5010855538467,High
17458,1.0,366.0,382.0,316.5,0.6228807430203935,331.6432841422607,206.57421524425484,Low
17459,1.0,17.0,61.0,356.91,2.0442239265166875,372.47645270963716,761.4252766931018,Medium
17460,14.0,461.0,687.0,130.68857142857144,1.734471664353566,131.62217104325185,228.2949260752188,Low
17461,1.0,7.0,30.0,374.9,2.763185413428277,390.6548417847943,1079.451760504875,High
17462,1.0,224.0,285.0,212.28,0.7789405106470446,226.33190507539675,176.29908971514797,Low
17463,6.0,573.0,590.0,351.385,1.791825527667976,353.9474049390671,634.2119956216546,Medium
17464,2.0,461.0,620.0,337.32500000000005,0.6509080969511556,344.96567439208246,224.54095063202237,Low
17465,5.0,311.0,737.0,426.884,0.611995688986493,430.11675991979376,263.2296028317522,Low
17466,1.0,68.0,79.0,302.87,1.889007214688581,317.87055245274473,600.4597669202798,Medium
17467,0.0,0.0,396.0,0.0,0.2577413805074567,470.98914615257866,121.39339273339391,Low
17468,2.0,365.0,376.0,68.5,1.0383916381783163,74.74045463045854,77.60986312191397,Low
17469,13.0,707.0,724.0,362.5338461538462,3.0736863424438137,363.7242885336072,1117.9743780808415,High
17470,10.0,464.0,509.0,248.791,3.257818770651412,250.22094756716058,815.1744997944785,Medium
17471,0.0,0.0,475.0,0.0,0.22043861456635944,470.98914615257866,103.82419485366702,Low
17472,3.0,437.0,629.0,236.76333333333332,0.8766934498248413,241.4996980929494,211.72120345276545,Low
17473,1.0,48.0,457.0,308.9,0.3160273704911734,323.9636978737118,102.38139557362608,Low
17474,0.0,0.0,600.0,0.0,0.1793786941094612,470.98914615257866,84.48541797657973,Low
17475,0.0,0.0,80.0,0.0,0.8024299461987893,470.98914615257866,377.93579520742736,Medium
17476,1.0,342.0,738.0,229.5,0.31164807295442803,243.73223080492463,75.95868004723864,Low
17477,1.0,35.0,648.0,412.58,0.1571956337417704,428.7294221267578,67.3943932149587,Low
17478,1.0,225.0,634.0,566.6,0.3360837233702266,584.362300690166,196.39465781314289,Low
17479,0.0,0.0,633.0,0.0,0.17097329221055604,470.98914615257866,80.52656491314512,Low
17480,1.0,367.0,445.0,511.82,0.5387118742639821,529.0086512439674,284.98324201349897,Medium
17481,3.0,90.0,94.0,331.65333333333336,3.940044361517457,336.71862723925915,1326.6863286719415,High
17482,1.0,91.0,579.0,525.35,0.27821326248137024,542.6803357457394,150.98086669230753,Low
17483,3.0,349.0,415.0,138.01333333333335,1.3078996704041665,142.40738854296433,186.25457653846112,Low
17484,1.0,48.0,625.0,75.72,0.1895488122442199,88.34186549210229,16.745095675466626,Low
17486,0.0,0.0,262.0,0.0,0.36162777054291173,470.98914615257866,170.32275487306663,Low
17487,0.0,0.0,729.0,0.0,0.15046540110077067,470.98914615257866,70.86757078995724,Low
17488,0.0,0.0,642.0,0.0,0.16881600513569917,470.98914615257866,79.51050611575228,Low
17489,1.0,154.0,213.0,168.07999999999998,0.9711675866031021,181.66904809252023,176.43109099649575,Low
17490,6.0,569.0,570.0,392.82666666666665,1.8518274214985084,395.4607745609791,732.3251064590609,Medium
17491,15.0,589.0,591.0,371.238,4.242987792505413,372.2756247639074,1579.5609313205848,High
17492,2.0,270.0,519.0,383.90999999999997,0.7086663896989468,391.7933201192106,277.6507576770447,Low
17493,0.0,0.0,386.0,0.0,0.26338469505257933,470.98914615257866,124.05133263247164,Low
17494,0.0,0.0,502.0,0.0,0.2100512863788108,470.98914615257866,98.93187601980686,Low
17495,2.0,383.0,391.0,248.78000000000003,1.0052982376584243,255.95947302021233,257.31560713919845,Low
17496,3.0,336.0,695.0,352.74333333333334,0.692904086569361,357.88173415985847,247.97771610789562,Low
17497,1.0,220.0,611.0,82.65,0.3493778069162554,95.34443560276597,33.311229812562516,Low
17498,0.0,0.0,76.0,0.0,0.8246330158471796,470.98914615257866,388.393200023089,Medium
17499,1.0,272.0,562.0,622.88,0.40440283349589284,641.2316579525254,259.31589940327046,Low
17500,2.0,12.0,30.0,425.0,4.587153015340695,433.09734422413067,1986.683788493768,High
17501,0.0,0.0,221.0,0.0,0.4125673948254212,470.98914615257866,194.31476501921892,Low
17502,3.0,20.0,30.0,154.16666666666666,6.46021988739715,158.61671620808593,1024.6988645211065,High
17503,1.0,36.0,39.0,218.53,2.609706901217335,232.64735430940075,607.1414060911976,Medium
17504,13.0,463.0,670.0,691.1246153846155,2.176034939952401,692.5772130846001,1507.0722142869488,High
17505,3.0,444.0,606.0,503.77,0.9169949976490775,509.43192356376477,467.1465255507195,Medium
17506,0.0,0.0,76.0,0.0,0.8246330158471796,470.98914615257866,388.393200023089,Medium
17507,1.0,48.0,310.0,265.02,0.5404346635397604,279.6241918916163,151.11860606252307,Low
17508,7.0,452.0,733.0,566.8971428571429,1.3294934741121338,569.4124814894958,757.0301782182809,Medium
17509,2.0,6.0,64.0,898.14,3.0823462674811712,908.7017726739203,2800.9335172549822,High
17510,1.0,396.0,421.0,308.48,0.5724460855549329,323.53929968518673,185.2088056279695,Low
17511,50.0,735.0,738.0,3399.7782,11.262917491646313,3400.717183648113,38301.997051852515,High
17512,16.0,701.0,730.0,285.770625,3.7167377356630977,286.68796226514064,1065.5439677112065,High
17513,2.0,407.0,480.0,385.90000000000003,0.8311963571602207,393.79368536546986,327.31987674847664,Medium
17514,1.0,541.0,670.0,208.65,0.3737245133219445,222.6638921602872,83.21495473197326,Low
17515,8.0,519.0,551.0,181.755,2.475362523032234,183.45594579317086,454.1199728438482,Medium
17516,4.0,363.0,379.0,192.02,1.8317468475827803,195.45297394778373,358.02036887953216,Medium
17517,0.0,0.0,309.0,0.0,0.3168172579428408,470.98914615257866,149.21748980489986,Low
17518,1.0,196.0,622.0,175.87,0.3307833873234912,189.54062401778287,62.6968896480105,Low
17519,14.0,721.0,739.0,342.93071428571426,3.238352922584622,344.0215403134855,1114.063160506239,High
17520,0.0,0.0,54.0,0.0,0.9729137947226096,470.98914615257866,458.2318374564671,Medium
17521,4.0,405.0,435.0,258.24,1.6243088308226268,261.8449849204455,425.31712131289714,Medium
17522,4.0,217.0,219.0,230.8175,2.855788978235307,234.35125310380673,669.257725649484,Medium
17523,2.0,8.0,20.0,201.76500000000001,5.154900692413644,208.69958756650544,1075.825648453021,High
17524,1.0,77.0,439.0,145.0,0.3891814593014089,158.34735716119016,61.62585553651339,Low
17525,2.0,69.0,429.0,364.80000000000007,0.45395645994818357,372.58378250312353,169.13681493922192,Low
17526,10.0,718.0,723.0,343.692,2.4015162288505567,345.22039885839,829.0523903886858,Medium
17527,3.0,165.0,219.0,215.75333333333333,2.174508832739901,220.41686848641586,479.29842740858044,Medium
17528,6.0,70.0,72.0,420.2366666666667,8.39499245012591,422.91819972896485,3550.3950937455015,High
17529,1.0,87.0,698.0,381.98,0.2037419159075222,397.80898267707414,81.05036429584939,Low
17530,10.0,732.0,734.0,287.783,2.369409104193349,289.25339827629557,685.3596352947195,Medium
17531,2.0,428.0,619.0,353.34000000000003,0.6442217898741097,361.06409118547,232.60535508277223,Low
17532,0.0,0.0,386.0,0.0,0.26338469505257933,470.98914615257866,124.05133263247164,Low
17533,0.0,0.0,435.0,0.0,0.23786785123896945,470.98914615257866,112.03317615219082,Low
17534,4.0,599.0,653.0,291.6575,1.1324445457589434,295.3492891590279,334.46669160192215,Medium
17535,0.0,0.0,281.0,0.0,0.3420655038889677,470.98914615257866,161.1091396049165,Low
17536,2.0,505.0,683.0,165.025,0.5956907870118435,171.76822116069474,102.32074684683865,Low
17537,1.0,274.0,304.0,266.92,0.7489250538400666,281.54408845875355,210.85542160732447,Low
17538,0.0,0.0,26.0,0.0,1.2630882296182389,470.98914615257866,594.9008467832665,Medium
17539,2.0,98.0,727.0,425.01,0.18064469226027094,433.10739631079525,78.23855232221081,Low
17540,5.0,575.0,600.0,253.89000000000001,1.4951795768055902,256.7634555992473,383.90747488202356,Medium
17541,0.0,0.0,510.0,0.0,0.20715917422341865,470.98914615257866,97.56972258516123,Low
17542,1.0,372.0,642.0,170.75,0.3704524287701753,184.36700800528675,68.29920590064883,Low
17543,0.0,0.0,550.0,0.0,0.1938173871353207,470.98914615257866,91.28588567638849,Low
17544,0.0,0.0,391.0,0.0,0.2605324323206955,470.98914615257866,122.70794784377887,Low
17545,2.0,534.0,578.0,554.37,0.7114987314195544,563.1411894043084,400.6742418712645,Medium
17547,1.0,290.0,666.0,323.3,0.3380600597857061,338.5144929088571,114.43822971109621,Low
17548,2.0,18.0,397.0,222.02999999999997,0.23340982698584956,229.0701411923561,53.46722202333196,Low
17549,1.0,28.0,52.0,120.66,2.2709390584726563,133.75247166428485,303.7437120696817,Medium
17550,6.0,473.0,671.0,317.49666666666667,1.4743749960310482,320.00043753418726,471.800643819401,Medium
17551,0.0,0.0,360.0,0.0,0.2792859250293975,470.98914615257866,131.54063936202903,Low
17552,7.0,556.0,628.0,378.9814285714286,1.9298058726372773,381.2181494292041,735.6770235243932,Medium
17553,3.0,481.0,611.0,980.5333333333333,0.9217619356315843,987.8479216270497,910.5606123485869,High
17554,4.0,147.0,149.0,295.005,3.7726711066460217,298.70548451890375,1126.9175508411686,High
17555,4.0,567.0,587.0,225.2725,1.2523757943788716,228.791849587597,286.5333743746781,Medium
17556,1.0,174.0,380.0,157.9,0.5676678935178477,171.3824443801745,97.28831118723336,Low
17557,3.0,718.0,733.0,180.48666666666668,0.8017021733090038,185.02795253573765,148.3373116708161,Low
17558,0.0,0.0,394.0,0.0,0.25885058274552675,470.98914615257866,121.91581494841306,Low
17559,0.0,0.0,513.0,0.0,0.20609508177030963,470.98914615257866,97.06854658924401,Low
17560,7.0,566.0,661.0,238.94285714285715,1.831255581524484,240.97194642881468,441.28122188858583,Medium
17561,3.0,714.0,734.0,176.68999999999997,0.800242555035419,181.2181250056977,145.01845537328745,Low
17562,6.0,159.0,174.0,137.04666666666668,4.835122130347189,139.23822040310287,673.2338008612022,Medium
17563,0.0,0.0,612.0,0.0,0.17622815999322694,470.98914615257866,83.00155060324998,Low
17564,2.0,56.0,81.0,167.445,3.024201789980863,174.20082613353256,526.8184502091743,Medium
17565,0.0,0.0,587.0,0.0,0.1829215228901007,470.98914615257866,86.15405187893789,Low
17566,1.0,17.0,26.0,486.95,2.9484826253275953,503.8782156520186,1485.676164131048,High
17567,8.0,434.0,442.0,606.17875,3.0145752359217646,608.4302156255962,1834.158660811462,High
17568,0.0,0.0,634.0,0.0,0.17073087253847158,470.98914615257866,80.41238787877947,Low
17569,0.0,0.0,333.0,0.0,0.29797130501368135,470.98914615257866,140.34125052636335,Low
17571,4.0,492.0,543.0,374.6275,1.3341230065161196,378.53480940067305,505.01199798863223,Medium
17572,9.0,653.0,725.0,73.41111111111111,2.1438984489775237,74.79794500600147,160.35919828507267,Low
17573,2.0,64.0,94.0,102.94500000000001,2.7731764996042725,109.36486714673916,303.2880794536804,Medium
17574,0.0,0.0,243.0,0.0,0.3835703014442145,470.98914615257866,180.6574487666978,Low
17575,0.0,0.0,668.0,0.0,0.16287911269746594,470.98914615257866,76.71429421546911,Low
17576,38.0,728.0,737.0,229.8842105263158,8.595450623817367,230.25506742616685,1979.1460629453557,High
17577,1.0,23.0,669.0,236.35,0.12847771564804372,250.65396316539304,32.20344860561859,Low
17578,4.0,311.0,530.0,222.72499999999997,1.2143103533344328,226.23773228235902,274.7228206253722,Low
17579,3.0,574.0,579.0,149.63333333333333,0.9928437816989371,154.0676684110233,152.96512654273823,Low
17580,4.0,170.0,423.0,96.965,1.1017695004179584,100.15106209326298,110.34338564882228,Low
17581,19.0,736.0,737.0,955.8184210526315,4.367659591689992,956.9565066432775,4179.660265070658,High
17582,4.0,387.0,624.0,286.78749999999997,1.0727400231885216,290.46663900141886,311.595189057874,Medium
17583,0.0,0.0,561.0,0.0,0.1904447166385695,470.98914615257866,89.69739447886964,Low
17584,5.0,676.0,684.0,969.4739999999999,1.3320214321111785,973.8337061218891,1297.1673678666152,High
17585,6.0,369.0,479.0,290.98333333333335,2.0718721630862613,293.44123045816167,607.9727168880455,Medium
17586,0.0,0.0,620.0,0.0,0.17418862641869573,470.98914615257866,82.040952426432,Low
17587,0.0,0.0,629.0,0.0,0.17194990015269698,470.98914615257866,80.98653665393991,Low
17588,6.0,537.0,638.0,422.8416666666667,1.6385981740332953,425.5277069366483,697.2689235869672,Medium
17589,15.0,582.0,643.0,895.3886666666666,3.875135483730267,896.7886723784106,3475.1776057409365,High
17590,2.0,38.0,41.0,564.92,4.213826850848573,573.7461408354816,2417.6668938232992,High
17591,7.0,618.0,692.0,376.0814285714286,1.7698693029784618,378.31384967412856,669.5660694298485,Medium
17593,10.0,732.0,736.0,725.279,2.3630502668841604,727.2032612082742,1718.4178604772442,High
17594,3.0,519.0,605.0,628.7266666666666,0.9411445801648785,634.821743246475,597.45904302724,Medium
17595,1.0,25.0,38.0,230.89,2.6035729646850023,245.1367867145671,638.2315105398005,Medium
17596,12.0,701.0,725.0,370.27583333333337,2.841152830920242,371.5722568506805,1055.6935694427343,High
17597,4.0,370.0,584.0,792.0675,1.1508017118431848,797.0591383107896,917.2570208083106,High
17598,0.0,0.0,382.0,0.0,0.2657119441891347,470.98914615257866,125.14744171618219,Low
17599,0.0,0.0,478.0,0.0,0.2192339490989718,470.98914615257866,103.25681049378261,Low
17600,0.0,0.0,18.0,0.0,1.3812487825271869,470.98914615257866,650.5531847067685,Medium
17601,1.0,141.0,381.0,116.00999999999999,0.5432115965959485,129.05377743418586,70.1035084867623,Low
17602,12.0,617.0,620.0,586.7116666666667,3.2819725108953737,588.1951685045753,1930.4403740734886,High
17603,3.0,651.0,730.0,501.21000000000004,0.7975031676989055,506.8630495136589,404.22488757667014,Medium
17604,5.0,464.0,682.0,157.77,1.2302687117792444,160.44381670257502,197.38900768762218,Low
17605,0.0,0.0,591.0,0.0,0.18181659285528617,470.98914615257866,85.63364182528227,Low
17606,0.0,0.0,738.0,0.0,0.14879237389849828,470.98914615257866,70.07959313646893,Low
17607,0.0,0.0,377.0,0.0,0.26867958599642533,470.98914615257866,126.5451687970847,Low
17608,2.0,574.0,608.0,166.805,0.681359229581593,173.55749258699694,118.25499943718928,Low
17609,7.0,569.0,610.0,217.01,1.9951773624357942,219.0065700053295,436.95695069934345,Medium
17610,4.0,193.0,734.0,287.86,0.2302022382602628,291.541924893418,67.11360365717026,Low
17611,25.0,731.0,739.0,314.57959999999997,5.686924397373493,315.1785061529935,1792.3963361691904,High
17612,16.0,669.0,723.0,322.59125,3.7253810190909493,323.53245179487993,1205.2816549766032,High
17613,10.0,283.0,306.0,397.235,5.033888764650193,398.8189449273071,2007.6102059992152,High
17614,0.0,0.0,58.0,0.0,0.9420787360010973,470.98914615257866,443.70885947765737,Medium
17615,5.0,355.0,486.0,122.1,1.7183188696840141,124.69973098218071,214.27390079120138,Low
17616,3.0,278.0,452.0,299.2,1.1433241679459816,304.1527968332286,347.7452433677943,Medium
17617,0.0,0.0,559.0,0.0,0.1910491625697824,470.98914615257866,89.982081951907,Low
17618,10.0,679.0,685.0,363.68899999999996,2.5220305978463116,365.2381439556041,921.1417745566293,High
17619,0.0,0.0,313.0,0.0,0.3135120882833042,470.98914615257866,147.6607907690653,Low
17620,0.0,0.0,60.0,0.0,0.9273887010786552,470.98914615257866,436.7900124725848,Medium
17621,5.0,410.0,432.0,378.65999999999997,1.9942597274197094,381.7925998474558,761.3936061026493,Medium
17622,1.0,1.0,599.0,393.33,0.11286847729597227,409.2778384860254,46.194566420904565,Low
17623,6.0,693.0,726.0,364.43666666666667,1.483280105981183,367.0216537831931,544.3959175209237,Medium
17624,3.0,705.0,720.0,417.26666666666665,0.8148661208005069,422.62873284202084,344.3858360698113,Medium
17625,7.0,706.0,725.0,770.3828571428572,1.7138221682713042,773.1998987865209,1325.1271270454681,High
17626,0.0,0.0,603.0,0.0,0.17858053756629405,470.98914615257866,84.10949490781734,Low
17627,0.0,0.0,479.0,0.0,0.2188353181305998,470.98914615257866,103.06905963435912,Low
17628,0.0,0.0,82.0,0.0,0.7917739303878477,470.98914615257866,372.9169274192436,Medium
17629,9.0,416.0,422.0,235.06333333333336,3.5037526557397753,236.63652171801243,829.1158414145091,Medium
17630,1.0,63.0,233.0,168.1,0.7895480010992701,181.68925753006906,143.45239010407653,Low
17631,6.0,729.0,731.0,155.83166666666668,1.4795187590826056,158.05572247463195,233.84640638157214,Low
17633,5.0,358.0,390.0,325.098,2.169714853897099,328.119352879254,711.9254337932213,Medium
17634,8.0,301.0,338.0,197.04,3.744490788101838,198.76077195897477,744.2578796363911,Medium
17635,2.0,166.0,591.0,363.39,0.46746472392879096,371.16643828341216,173.5072166037879,Low
17636,0.0,0.0,20.0,0.0,1.349658729187219,470.98914615257866,635.6746124572627,Medium
17637,1.0,84.0,116.0,208.11,1.4891889210322473,222.11823734646927,330.7760182155732,Medium
17638,1.0,74.0,722.0,234.0,0.17844546374485423,248.27935425340755,44.304324508022255,Low
17639,3.0,207.0,484.0,144.79666666666665,0.9096668714417052,149.21423579812785,135.73524705304786,Low
17640,5.0,540.0,627.0,538.992,1.4191633712547864,542.4576055026915,769.8359641879987,Medium
17642,4.0,615.0,735.0,385.8675,1.0049599916213483,389.8040060683372,391.7374306724041,Medium
17643,1.0,132.0,506.0,203.1,0.381382956203705,217.05577324049162,82.78137245953974,Low
17644,15.0,660.0,662.0,358.1413333333333,3.8314637896897024,359.16990348225687,1376.1464795386125,High
17646,11.0,504.0,724.0,337.6627272727273,2.0247771887499617,339.0463640798102,686.4933439174141,Medium
17647,1.0,604.0,670.0,133.06,0.378236800669521,146.28232294454887,55.32935782505182,Low
17648,3.0,325.0,386.0,599.1666666666666,1.3916233939110925,605.1592756991579,842.1538051052406,High
17649,2.0,334.0,473.0,441.67,0.8218901669868991,449.85417269405076,369.7307211152667,Medium
17650,0.0,0.0,22.0,0.0,1.319497517373435,470.98914615257866,621.4690090581614,Medium
17651,13.0,515.0,527.0,414.66692307692307,4.088707454373862,415.8989581146489,1700.4891703096878,High
17652,11.0,256.0,282.0,422.3109090909091,5.870053574562536,423.7743701063832,2487.5782560509615,High
17653,3.0,84.0,121.0,348.10666666666674,3.2905725537082486,353.2289948321276,1162.325635568552,High
17654,0.0,0.0,278.0,0.0,0.3450120167350719,470.98914615257866,162.4969151744307,Low
17655,8.0,406.0,417.0,417.355,3.167321291108619,419.36154243454496,1328.2527420250847,High
17656,4.0,55.0,129.0,333.27750000000003,3.6155677642638975,337.0773999515706,1218.7261813267878,High
17657,0.0,0.0,431.0,0.0,0.23976378997776246,470.98914615257866,112.92614271993254,Low
17658,1.0,186.0,212.0,277.82,0.992058704934848,292.5582319228566,290.234940679418,Medium
17659,13.0,369.0,387.0,251.52,5.3296352531048425,252.62187363981786,1346.3824434561702,High
17660,1.0,596.0,738.0,196.0,0.3422286481450224,209.88142291066305,71.82743563346995,Low
17662,1.0,61.0,723.0,59.92,0.1625534012444136,72.3764098285401,11.7650315874888,Low
17663,16.0,620.0,646.0,289.289375,4.152758436456793,290.20899287048127,1205.1678434785204,High
17664,3.0,602.0,621.0,285.79333333333335,0.9308217169244274,290.69965695103315,270.5895537925027,Low
17665,0.0,0.0,494.0,0.0,0.2130253912813785,470.98914615257866,100.33264714843544,Low
17666,4.0,524.0,528.0,434.09999999999997,1.3789344374771142,438.16179328124724,604.1963859422402,Medium
17667,7.0,588.0,655.0,499.42857142857144,1.8618193553404814,501.8438761531866,934.3426419810943,High
17668,1.0,37.0,39.0,185.89999999999998,2.612319691844765,199.6756569485125,521.6166506286391,Medium
17669,9.0,575.0,618.0,515.1622222222222,2.490172446470869,517.0583117387987,1287.5643611107016,High
17670,0.0,0.0,228.0,0.0,0.4028752145957359,470.98914615257866,189.74985332848254,Low
17671,4.0,360.0,376.0,491.72249999999997,1.8440318973407488,495.93397166047106,914.5180627167916,High
17672,5.0,632.0,683.0,1132.748,1.3256979666973168,1137.4468222394016,1507.910939469099,High
17673,11.0,629.0,631.0,330.88545454545454,2.9741743683941717,332.26270030645844,988.207206824903,High
17674,1.0,294.0,369.0,250.38,0.6300178477337227,264.8308836058853,166.84818330279987,Low
17675,61.0,728.0,730.0,621.8180327868853,13.850434147338982,622.1156319969632,8616.571593004111,High
17676,9.0,615.0,620.0,266.28222222222223,2.4990856034685733,267.8914000911824,669.4835412609135,Medium
17677,32.0,722.0,724.0,1106.058125,7.384341730691523,1106.7823851496971,8172.8593534552065,High
17678,1.0,340.0,604.0,298.11,0.3896472705513354,313.06070631612727,121.9832497329522,Low
17679,4.0,684.0,737.0,680.8025,1.0157405985384267,685.5051198741662,696.2953807621416,Medium
17680,2.0,488.0,512.0,135.7,0.7944361951123583,142.29047701669913,113.04070516186893,Low
17681,3.0,96.0,694.0,128.06666666666666,0.1074633694931302,132.42624249411517,14.230970227731959,Low
17682,10.0,631.0,642.0,408.32800000000003,2.6725399996977264,409.923452921676,1095.536824747387,High
17683,2.0,169.0,555.0,156.41,0.5261068817043141,163.10834849912536,85.81242460881538,Low
17684,0.0,0.0,44.0,0.0,1.0597190186051295,470.98914615257866,499.1161557344786,Medium
17685,11.0,650.0,667.0,482.38818181818186,2.8235883579849816,483.90829639235915,1366.3578320258111,High
17686,6.0,526.0,534.0,1166.99,1.9602641583556806,1170.9635761953602,2295.3979291557557,High
17687,0.0,0.0,421.0,0.0,0.24463875188449014,470.98914615257866,115.22219686590856,Low
17688,0.0,0.0,394.0,0.0,0.25885058274552675,470.98914615257866,121.91581494841306,Low
17689,1.0,86.0,475.0,151.08,0.3619938339170032,164.4910261760293,59.54473721040297,Low
17690,18.0,644.0,675.0,397.4138888888889,4.467570132112011,398.2935558044317,1779.4043937245679,High
17691,3.0,188.0,547.0,202.46666666666667,0.6675058829943785,207.08414457531916,138.22988477888396,Low
17692,10.0,413.0,541.0,263.21999999999997,2.874292570513914,264.66491636286503,760.7244027774693,Medium
17693,0.0,0.0,138.0,0.0,0.5775112308375357,470.98914615257866,272.00152150569573,Low
17694,2.0,421.0,563.0,542.55,0.7104285126198584,551.2596229667286,391.6305540116369,Medium
17695,4.0,549.0,681.0,360.53499999999997,1.070808901710923,364.4057031694402,390.20887078806487,Medium
17696,22.0,691.0,730.0,328.4327272727273,5.044827557575393,329.11986968662717,1660.3529883407189,High
17697,0.0,0.0,237.0,0.0,0.39106524779499247,470.98914615257866,184.1874871489101,Low
17698,0.0,0.0,261.0,0.0,0.3627196979328441,470.98914615257866,170.83704082211148,Low
17699,1.0,85.0,562.0,259.3,0.2832746362921307,273.8442927526558,77.57314243018433,Low
17700,12.0,722.0,739.0,498.6033333333333,2.79484339027177,500.0106779158854,1397.4515382385193,High
17701,0.0,0.0,253.0,0.0,0.3716990577251108,470.98914615257866,175.06622182366797,Low
17702,5.0,370.0,401.0,462.97200000000004,2.1200436365288,466.27971381599764,988.5333401180757,High
17703,3.0,383.0,419.0,266.24666666666667,1.3087721193153297,271.08523321428675,354.78879518895246,Medium
17704,1.0,71.0,240.0,497.90000000000003,0.7813763522601733,514.9428827099937,402.3641913142731,Medium
17705,10.0,573.0,577.0,199.52,2.9435056329153166,200.8988333157811,591.346847511117,Medium
17706,22.0,685.0,690.0,839.6322727272727,5.345631416732643,840.5603350695584,4493.325734807148,High
17707,7.0,547.0,733.0,79.75714285714287,1.5908569481481283,81.5502115972541,129.73472074244177,Low
17708,3.0,236.0,424.0,193.79333333333332,1.172533837462398,198.38074577535082,232.60813712262447,Low
17709,4.0,434.0,604.0,104.88499999999999,1.164223372574072,108.09163483417933,125.84280765369331,Low
17710,0.0,0.0,424.0,0.0,0.2431555443037791,470.98914615257866,114.52362219390243,Low
17711,1.0,279.0,290.0,164.57,0.7824889770155184,178.12229180270356,139.37872989635719,Low
17712,0.0,0.0,45.0,0.0,1.0503408506142657,470.98914615257866,494.6991403999862,Medium
17713,3.0,166.0,549.0,298.3866666666667,0.5755396751368032,303.3366441402262,174.58227362555385,Low
17714,4.0,193.0,514.0,266.64250000000004,0.8058379822956796,270.2693109880654,217.79327624306617,Low
17715,1.0,392.0,593.0,326.4,0.4065117486763786,341.64695572892305,138.88350140332582,Low
17716,18.0,715.0,738.0,851.9316666666667,4.127720462892261,853.0731692475723,3521.247577047557,High
17717,0.0,0.0,422.0,0.0,0.24414233998531915,470.98914615257866,114.98839224937802,Low
17718,1.0,412.0,645.0,139.35,0.37479732056476256,152.6381910536505,57.20838502276052,Low
17719,14.0,218.0,256.0,344.015,7.837996741133402,345.10662925351767,2704.9446354326046,High
17720,9.0,552.0,579.0,292.9211111111111,2.647554863207227,294.56099858912694,779.8664043258202,Medium
17721,0.0,0.0,660.0,0.0,0.16466085235388223,470.98914615257866,77.55347425491081,Low
17722,4.0,279.0,376.0,833.5450000000001,1.7815509338774842,838.6443789498502,1494.0876765092084,High
17723,6.0,248.0,376.0,546.0666666666667,2.402595762672598,548.9659125668942,1318.9431753849158,High
17724,2.0,67.0,139.0,329.95,2.074560680670998,337.55226047692577,700.2726472570452,Medium
17725,10.0,251.0,268.0,310.137,5.610554772437186,311.6305885499928,1748.4204858265712,High
17726,6.0,287.0,683.0,163.87000000000003,0.5564565888268669,166.10796384549388,92.43187093844006,Low
17727,0.0,0.0,16.0,0.0,1.4143724889872349,470.98914615257866,666.1540909297952,Medium
17728,3.0,450.0,454.0,967.8433333333332,1.229680805126008,975.1139326833604,1199.0788858316625,High
17729,0.0,0.0,597.0,0.0,0.1801840237365208,470.98914615257866,84.86471948999989,Low
17730,18.0,586.0,590.0,412.5811111111111,5.065940299330331,413.4695154620556,2094.611880923813,High
17731,4.0,589.0,669.0,333.97249999999997,1.1026849418987874,337.77420526153736,372.4585299037274,Medium
17732,6.0,115.0,488.0,347.91,0.0929762466043488,350.4663924451324,32.58504973051512,Low
17733,1.0,223.0,262.0,475.24,0.8396689226650521,492.0455899671886,413.15539042983926,Medium
17734,5.0,589.0,643.0,224.12400000000002,1.3985644497466836,226.9356323429183,317.3841077755892,Medium
17735,24.0,495.0,498.0,707.24625,7.787519627147328,708.0397505768534,5513.873454417745,High
17736,1.0,104.0,114.0,30.0,1.5302300860874278,42.14309125551601,64.4886261599186,Low
17737,1.0,49.0,59.0,80.85000000000001,2.1851631463398733,93.52558622337281,204.36866425514646,Low
17738,8.0,611.0,631.0,466.29875,2.198804696310803,468.36877734802647,1029.8514672381896,High
17739,17.0,721.0,733.0,430.5523529411765,3.936379433116471,431.5040103627023,1698.563511699018,High
17740,5.0,308.0,698.0,73.32000000000001,0.7217376713251806,75.8184161113976,54.721007087803656,Low
17741,1.0,154.0,561.0,59.7,0.35037407989855635,72.15410601550316,25.28092850608481,Low
17742,10.0,625.0,739.0,187.993,2.286382154075119,189.35987508526716,432.9490390928486,Medium
17743,0.0,0.0,449.0,0.0,0.23146213983750413,470.98914615257866,109.01615560871483,Low
17744,6.0,377.0,381.0,387.06666666666666,2.626672097109872,389.6908085278672,1023.5899732603344,High
17745,1.0,78.0,556.0,111.11,0.2785303115857757,124.10246523472671,34.566298310391325,Low
17746,2.0,370.0,611.0,249.8,0.6348804715236074,256.98478586000346,163.15462202119227,Low
17747,0.0,0.0,113.0,0.0,0.6567738122284743,470.98914615257866,309.33333703686316,Medium
17748,0.0,0.0,528.0,0.0,0.20093465781041323,470.98914615257866,94.63804291458709,Low
17749,2.0,368.0,547.0,337.26,0.7166154800990925,344.90033582876237,247.16091974626679,Low
17750,8.0,159.0,165.0,184.32125,6.574594868411882,186.02552447475372,1223.0424586053448,High
17751,0.0,0.0,422.0,0.0,0.24414233998531915,470.98914615257866,114.98839224937802,Low
17752,0.0,0.0,360.0,0.0,0.2792859250293975,470.98914615257866,131.54063936202903,Low
17753,2.0,238.0,703.0,180.055,0.44115610174656655,186.87650741761732,82.44171152036938,Low
17754,11.0,728.0,729.0,390.18636363636364,2.609706342279222,391.6195308362382,1022.0119733837441,High
17756,2.0,19.0,395.0,278.9,0.2424786710680913,286.2363580540451,69.40621171231521,Low
17757,54.0,694.0,696.0,172.27907407407406,12.821158731051153,172.52896900408047,2212.02129730592,High
17758,9.0,549.0,569.0,508.6188888888889,2.6922499554613544,510.5074351776143,1374.4136196196223,High
17759,3.0,566.0,584.0,381.58666666666664,0.9834653178446492,386.82505076866926,380.42902150448185,Medium
17760,4.0,628.0,650.0,194.3475,1.1427992678968257,197.78651978799618,226.03029001358308,Low
17761,0.0,0.0,33.0,0.0,1.1752764695789877,470.98914615257866,553.5424609002245,Medium
17762,0.0,0.0,457.0,0.0,0.2279544859007413,470.98914615257866,107.36408867604017,Low
17763,2.0,396.0,660.0,16.55,0.5903979698780049,22.519864407762153,13.295682228270714,Low
17764,4.0,686.0,737.0,357.2475,1.0160419199203026,361.10966366366216,366.902555970602,Medium
17765,3.0,290.0,449.0,123.96,1.1652384261554873,128.30534037207022,149.50631288249522,Low
17766,0.0,0.0,382.0,0.0,0.2657119441891347,470.98914615257866,125.14744171618219,Low
17767,1.0,395.0,411.0,271.2,0.5854728538310754,285.86890809419947,167.36848544348436,Low
17768,5.0,729.0,738.0,620.288,1.2429610940939875,623.9224553127609,775.5113376853564,Medium
17769,16.0,677.0,690.0,427.0175,3.9217952618377048,428.0263835180633,1678.631842822669,High
17770,3.0,84.0,283.0,180.03333333333333,1.2200819247090604,184.5730477560314,225.19423935559612,Low
17771,3.0,533.0,590.0,123.80333333333333,0.9681724549739723,128.14813063202467,124.06949023433263,Low
17772,1.0,382.0,393.0,182.77,0.6088369909326274,196.51287997212333,119.64431052173215,Low
17773,1.0,176.0,691.0,209.02,0.27829728504534135,223.03776675494024,62.07080495047596,Low
17774,8.0,573.0,670.0,347.7375,2.0435817042485493,349.6537416103477,714.5459891769563,Medium
17775,0.0,0.0,255.0,0.0,0.36941268144408845,470.98914615257866,173.98936341128575,Low
17776,1.0,337.0,724.0,122.81,0.31758101659808863,135.92498620078226,43.167195298725595,Low
17777,2.0,76.0,101.0,235.57999999999998,2.675946069553068,242.69071862291503,649.4272746159991,Medium
17778,0.0,0.0,662.0,0.0,0.16421177014913377,470.98914615257866,77.34196141074402,Low
17779,2.0,122.0,144.0,167.74,2.1485671575279026,174.49736269013886,374.91930255126715,Medium
17780,1.0,17.0,685.0,193.81,0.11279183348994713,207.66848949906802,23.423309688687713,Low
17781,1.0,94.0,254.0,86.02,0.7730294299466596,98.74972582974092,76.33644426555355,Low
17782,0.0,0.0,383.0,0.0,0.26512627835299996,470.98914615257866,124.87159946409035,Low
17783,2.0,440.0,513.0,141.735,0.7850234833892774,148.3569113187968,116.46365930835597,Low
17784,0.0,0.0,551.0,0.0,0.1935058474867999,470.98914615257866,91.13915388333899,Low
17785,2.0,512.0,566.0,144.065,0.7234696133157376,150.69904751165305,109.02618163030559,Low
17786,1.0,232.0,318.0,163.89,0.7065415748681125,177.43517092604392,125.36532510307981,Low
17787,3.0,219.0,372.0,376.30333333333334,1.340141221921929,381.5234031522397,511.29523969225534,Medium
17788,1.0,56.0,130.0,1101.2,1.3211059904315794,1124.5605663699348,1485.6637008344505,High
17789,1.0,380.0,662.0,225.9,0.3596260169971807,240.0945320461383,86.34424026255469,Low
17790,17.0,518.0,545.0,151.46588235294118,5.119481897247484,152.24730236093419,779.4273083415667,Medium
17791,0.0,0.0,30.0,0.0,1.2113523663161674,470.98914615257866,570.5338167011573,Medium
17792,1.0,11.0,479.0,119.00999999999999,0.20408679907108737,132.0851930665078,26.95684425763016,Low
17793,0.0,0.0,26.0,0.0,1.2630882296182389,470.98914615257866,594.9008467832665,Medium
17794,1.0,2.0,689.0,13.5,0.08622595105437672,25.470305277745375,2.1962012962189057,Low
17795,1.0,85.0,265.0,187.14000000000001,0.7275203959225706,200.92864207653895,146.1796852357081,Low
17796,6.0,381.0,422.0,203.29166666666666,2.386597193921606,205.59783843496035,490.6792242852241,Medium
17797,6.0,702.0,725.0,296.1983333333333,1.4871107712012952,298.66525352459894,444.14831549999667,Medium
17798,0.0,0.0,582.0,0.0,0.18432173320092607,470.98914615257866,86.81353573766758,Low
17799,16.0,704.0,727.0,374.58,3.734573314395177,375.5548972324366,1402.537297294681,High
17800,8.0,297.0,335.0,132.87,3.7698448160302034,134.50753708428473,507.07254139418114,Medium
17801,2.0,240.0,692.0,194.32,0.4547131021298628,201.2158090446965,91.49546472828405,Low
17802,8.0,644.0,727.0,566.27125,1.9110454924633629,568.4709516274398,1086.3738497039774,High
17803,0.0,0.0,393.0,0.0,0.259408777495595,470.98914615257866,122.17871861713455,Low
17804,2.0,362.0,739.0,130.14,0.5011663788600175,136.7015168311709,68.51020417494965,Low
17805,1.0,537.0,611.0,512.31,0.409951746586799,529.5037824639132,217.07100044539771,Low
17806,0.0,0.0,12.0,0.0,1.485694288265705,470.98914615257866,699.7458842740274,Medium
17807,2.0,309.0,705.0,124.095,0.502073353369865,130.62503044240862,65.58334706826079,Low
17808,3.0,33.0,582.0,46.946666666666665,0.03957036271553159,51.02504603138312,2.0190795790385256,Low
17809,15.0,721.0,738.0,659.0306666666668,3.4650166717580637,660.2672620433377,2287.8370707962154,High
17810,1.0,15.0,684.0,64.14,0.10977066785517271,76.64060115133962,8.41288997320447,Low
17811,44.0,441.0,446.0,213.0965909090909,15.53814574016331,213.41290956717893,3316.0408916871193,High
17812,6.0,518.0,531.0,177.41499999999996,1.9685302349414595,179.67639959523356,353.69842510864066,Medium
17813,4.0,57.0,72.0,366.0675,5.775232210309367,369.9525742160463,2136.562022899377,High
17814,1.0,47.0,423.0,814.2,0.35240088752268034,834.5551375444696,294.09797115728367,Medium
17815,0.0,0.0,394.0,0.0,0.25885058274552675,470.98914615257866,121.91581494841306,Low
17816,5.0,688.0,725.0,17.538,1.2588729194178758,19.92055825731754,25.077451329823205,Low
17817,4.0,418.0,423.0,175.92499999999998,1.6721960507788756,179.3161660860351,299.8517847698769,Medium
17818,0.0,0.0,738.0,0.0,0.14879237389849828,470.98914615257866,70.07959313646893,Low
17819,11.0,655.0,727.0,551.5836363636364,2.581356891046824,553.1690030467747,1427.9266179282934,High
17820,0.0,0.0,375.0,0.0,0.26988531895796886,470.98914615257866,127.1130559351301,Low
17821,0.0,0.0,407.0,0.0,0.25180703038366353,470.98914615257866,118.59837823561811,Low
17822,1.0,140.0,561.0,1088.01,0.33989388312157304,1111.2324423064927,377.7011098662232,Medium
17823,0.0,0.0,422.0,0.0,0.24414233998531915,470.98914615257866,114.98839224937802,Low
17824,0.0,0.0,52.0,0.0,0.9891079619975823,470.98914615257866,465.8591144739585,Medium
17825,1.0,127.0,726.0,264.5,0.22732871005697078,279.09874651534716,63.44715802385134,Low
17826,0.0,0.0,375.0,0.0,0.26988531895796886,470.98914615257866,127.1130559351301,Low
17827,3.0,616.0,622.0,665.1533333333333,0.9310861600928567,671.3746802511075,625.1076730185732,Medium
17828,3.0,162.0,185.0,328.97666666666663,2.5071879696093875,334.0326821061405,837.4827220328724,Medium
17829,3.0,357.0,656.0,1123.3733333333332,0.7786762323730436,1131.1830658915546,880.8253678726242,High
17830,2.0,287.0,289.0,105.1,1.2925523107711505,111.53109182296457,144.15977045860222,Low
17831,0.0,0.0,34.0,0.0,1.163728872765088,470.98914615257866,548.1036681367317,Medium
17832,0.0,0.0,50.0,0.0,1.005855476197769,470.98914615257866,473.7470118872826,Medium
17833,0.0,0.0,724.0,0.0,0.1514112306876721,470.98914615257866,71.3130462594978,Low
17834,1.0,31.0,446.0,317.79,0.28810691574888625,332.94679286415914,95.92427360057617,Low
17835,2.0,21.0,24.0,120.4,4.99507873542226,126.91078441983186,633.9293605512609,Medium
17836,0.0,0.0,48.0,0.0,1.023185371985427,470.98914615257866,481.9092047072248,Medium
17837,7.0,121.0,164.0,210.51142857142855,5.617268901007841,212.49836331279815,1193.6604477520466,High
17838,10.0,541.0,631.0,579.938,2.652386313207843,581.7114829328232,1542.923575566858,High
17839,0.0,0.0,43.0,0.0,1.0692678251740813,470.98914615257866,503.61353998716527,Medium
17840,0.0,0.0,444.0,0.0,0.23370984924460841,470.98914615257866,110.074802343166,Low
17841,192.0,736.0,738.0,366.37557291666667,42.87899727988913,366.45632324989,15713.279687830203,High
17842,0.0,0.0,603.0,0.0,0.17858053756629405,470.98914615257866,84.10949490781734,Low
17843,1.0,108.0,412.0,205.48,0.46561830348496963,219.46069630880035,102.18491709693376,Low
17844,0.0,0.0,107.0,0.0,0.6791658584450884,470.98914615257866,319.8797477650353,Medium
17845,1.0,21.0,577.0,144.9,0.1658893950288165,158.2463099734461,26.251384627037545,Low
17846,0.0,0.0,86.0,0.0,0.7712946225764735,470.98914615257866,363.2713957193687,Medium
17847,1.0,130.0,646.0,89.04,0.2727061929059963,101.80135089961169,27.761858836520524,Low
17848,27.0,652.0,734.0,128.7296296296296,5.8662967911169766,129.21279353237952,758.0005960702584,Medium
17849,6.0,417.0,636.0,145.4466666666667,1.4806120905444697,147.6527542013911,218.6164530727704,Low
17850,22.0,362.0,735.0,2468.0763636363636,0.0009608664657242985,2469.7718848648133,2.3731209821552923,Low
17851,5.0,314.0,737.0,249.26,0.6262625647793656,252.12383920212295,157.89572218074187,Low
17852,3.0,720.0,732.0,191.72,0.8029735103959748,196.3002253858119,157.6238810695664,Low
17853,2.0,329.0,737.0,511.9200000000001,0.484942747019472,520.4700815130002,252.39819107036283,Low
17854,4.0,546.0,732.0,233.8775,0.986260410837656,237.41920166279715,234.15715937269863,Low
17855,0.0,0.0,373.0,0.0,0.27110194122884895,470.98914615257866,127.68607181968213,Low
17856,3.0,280.0,282.0,311.74,1.8314365963713968,316.73626581304444,580.082388608028,Medium
17857,20.0,637.0,642.0,1410.712,5.200663510095728,1412.028985163158,7343.487618335538,High
17858,27.0,728.0,734.0,454.21037037037036,6.1709557852078545,454.81851083629664,2806.664920664866,High
17859,0.0,0.0,305.0,0.0,0.3201930159645665,470.98914615257866,150.80743519317016,Low
17860,2.0,360.0,729.0,379.425,0.5090691284220565,387.28495925012896,197.15481665643483,Low
17861,16.0,726.0,730.0,299.91875,3.72996696645234,300.8452570809658,1122.1428709258644,High
17862,3.0,240.0,564.0,376.08666666666664,0.7798791632325651,381.3059854266448,297.3725928501004,Medium
17863,11.0,593.0,653.0,491.78363636363633,2.850677228987255,493.3126109594403,1406.275026834325,High
17864,4.0,415.0,428.0,178.0525,1.6529766204018939,181.4491924125881,299.93127284881285,Medium
17865,33.0,708.0,739.0,778.2745454545455,7.424932886425881,778.8738816059492,5783.086297914191,High
17866,2.0,583.0,726.0,492.725,0.5700894390602461,501.17510116026375,285.7146322914169,Medium
17867,11.0,707.0,738.0,139.57545454545456,2.570896327675976,140.77229277756297,361.91097054036396,Medium
17868,0.0,0.0,387.0,0.0,0.2628092490546711,470.98914615257866,123.78030381325995,Low
17869,5.0,440.0,548.0,176.19400000000002,1.5815293339964627,178.90608290141284,282.9452181389874,Medium
17870,9.0,379.0,382.0,246.75,3.8159761939107084,248.33666090472278,947.6467860876983,High
17871,4.0,489.0,694.0,220.8675,1.019990433185134,224.3754072992464,228.8607688872492,Low
17872,0.0,0.0,382.0,0.0,0.2657119441891347,470.98914615257866,125.14744171618219,Low
17873,13.0,643.0,724.0,440.8923076923077,3.021530477091629,442.1452657891868,1335.9553958838067,High
17874,2.0,70.0,256.0,309.15000000000003,1.0941693391541814,316.64392021451806,346.46206892830855,Medium
17875,0.0,0.0,689.0,0.0,0.15838056393963323,470.98914615257866,74.59552657709175,Low
17876,2.0,276.0,676.0,1323.31,0.5066500088938855,1336.086341393532,676.9281567500318,Medium
17877,0.0,0.0,171.0,0.0,0.49824669090635954,470.98914615257866,234.66878352333404,Low
17878,1.0,352.0,396.0,379.45,0.6000204832166399,395.25248882714925,237.15958933864567,Low
17879,0.0,0.0,174.0,0.0,0.492110587433571,470.98914615257866,231.7787453879815,Low
17880,2.0,366.0,731.0,326.66,0.5101583727181526,334.2451239642661,170.51794853058718,Low
17881,0.0,0.0,305.0,0.0,0.3201930159645665,470.98914615257866,150.80743519317016,Low
17882,0.0,0.0,380.0,0.0,0.26689108588693405,470.98914615257866,125.70280465762161,Low
17883,5.0,649.0,653.0,165.474,1.3897292877552578,168.16381772275773,233.7021826300531,Low
17884,15.0,732.0,736.0,194.90066666666664,3.4790307488972663,195.81637745801584,681.2511983141106,Medium
17885,0.0,0.0,13.0,0.0,1.4671892492562184,470.98914615257866,691.0302117514292,Medium
17886,5.0,558.0,590.0,292.836,1.5159900709333438,295.7903454917754,448.41522684347484,Medium
17887,0.0,0.0,130.0,0.0,0.6006990184031485,470.98914615257866,282.9227177723911,Medium
17888,19.0,680.0,719.0,73.61736842105263,4.437783728673957,74.27400396145612,329.611966243615,Medium
17889,4.0,406.0,619.0,189.6075,1.1059866445413733,193.03420731426593,213.49325522920878,Low
17890,1.0,39.0,362.0,125.13,0.41867472563810093,138.26928095644453,57.88985326861691,Low
17891,0.0,0.0,163.0,0.0,0.515386855296632,470.98914615257866,242.7416149144233,Low
17892,2.0,99.0,156.0,51.0,1.9776010190494744,57.149302967375064,113.01851978624808,Low
17893,0.0,0.0,226.0,0.0,0.40559748176909827,470.98914615257866,191.03201162006368,Low
17894,16.0,398.0,470.0,145.065,5.28057605748002,145.8911418122579,770.3892704522312,Medium
17895,0.0,0.0,45.0,0.0,1.0503408506142657,470.98914615257866,494.6991403999862,Medium
17896,0.0,0.0,24.0,0.0,1.2906697127470192,470.98914615257866,607.8914259717126,Medium
17897,7.0,404.0,577.0,331.0585714285714,1.9102069451331667,333.22423830419706,636.5272542953866,Medium
17898,3.0,482.0,568.0,61.43333333333334,0.9945149719009176,65.56192965346702,65.20232062708769,Low
17899,0.0,0.0,160.0,0.0,0.5221237864542811,470.98914615257866,245.91463636805318,Low
17900,0.0,0.0,191.0,0.0,0.46001745390047855,470.98914615257866,216.6632278278696,Low
17901,1.0,492.0,522.0,110.38,0.4748520184916965,123.36482076419503,58.58003415074436,Low
17902,0.0,0.0,547.0,0.0,0.19475806030282042,470.98914615257866,91.72893252835782,Low
17903,0.0,0.0,395.0,0.0,0.2582947889087922,470.98914615257866,121.65404208381258,Low
17904,0.0,0.0,22.0,0.0,1.319497517373435,470.98914615257866,621.4690090581614,Medium
17905,11.0,609.0,681.0,200.64454545454547,2.7353611801548743,201.89897254130236,552.2666118026334,Medium
17906,0.0,0.0,248.0,0.0,0.37754112140522084,470.98914615257866,177.817770408132,Low
17907,0.0,0.0,641.0,0.0,0.16905300937395157,470.98914615257866,79.62213253956132,Low
17908,4.0,352.0,726.0,252.6575,0.7780611385215959,256.2479839954246,199.37659817134374,Low
17909,0.0,0.0,738.0,0.0,0.14879237389849828,470.98914615257866,70.07959313646893,Low
17910,0.0,0.0,727.0,0.0,0.15084231043433738,470.98914615257866,71.04509099515077,Low
17911,0.0,0.0,10.0,0.0,1.524160513486826,470.98914615257866,717.863058846636,Medium
17912,4.0,65.0,376.0,77.7525,0.2902007610360685,80.88865631234688,23.47394962102805,Low
17913,12.0,678.0,737.0,266.8575,2.779290409337188,268.0645329214494,745.0291854320374,Medium
17914,0.0,0.0,4.0,0.0,1.652714350685279,470.98914615257866,778.410520863373,Medium
17915,0.0,0.0,552.0,0.0,0.19319530876338442,470.98914615257866,90.99289351515023,Low
17916,1.0,105.0,734.0,18.41,0.20493057026084696,30.431722195978942,6.236390183641639,Low
17917,2.0,317.0,363.0,115.185,1.0596926054185223,121.66862122423298,128.93133822278676,Low
17918,2.0,5.0,506.0,135.23,0.07927527702908412,141.81802894346202,11.24266353221162,Low
17919,1.0,350.0,439.0,1304.04,0.5430800800781097,1329.524681989995,722.0383707609499,Medium
17920,50.0,729.0,734.0,472.6402,11.316151052401237,472.9723585464864,5352.226652922517,High
17921,9.0,448.0,513.0,250.8777777777778,2.9084160269106394,252.46919723089022,734.2854595275843,Medium
17922,0.0,0.0,544.0,0.0,0.19570791834587162,470.98914615257866,92.17630535702065,Low
17923,2.0,262.0,545.0,154.75,0.6616015757674902,161.43970211279859,106.80876130926177,Low
17924,5.0,403.0,415.0,648.3,2.0682558821780392,651.992635553851,1348.4876036210148,High
17925,0.0,0.0,373.0,0.0,0.27110194122884895,470.98914615257866,127.68607181968213,Low
17926,4.0,446.0,580.0,214.2975,1.2269846068608636,217.7883412755317,267.2229422988379,Low
17927,0.0,0.0,722.0,0.0,0.151792902635453,470.98914615257866,71.49280960429351,Low
17928,2.0,526.0,572.0,106.27,0.7178367671264431,112.707185962725,80.90536200340134,Low
17929,10.0,719.0,731.0,268.96999999999997,2.375696975880763,270.4208814730806,642.4380703306078,Medium
17930,12.0,610.0,646.0,335.98833333333334,3.145928384225657,337.2551201319474,1060.9804551485272,High
17931,10.0,527.0,662.0,307.24,2.459586637161105,308.7305831718546,759.3496168524488,Medium
17932,2.0,182.0,212.0,371.28,1.6279342999228135,379.09753466179666,617.1458796921164,Medium
17933,0.0,0.0,633.0,0.0,0.17097329221055604,470.98914615257866,80.52656491314512,Low
17934,2.0,355.0,407.0,352.125,0.9615771987646708,359.84276265571873,346.01659571022634,Medium
17935,5.0,597.0,736.0,115.978,1.2136017477590555,118.56501573743012,143.89071032202511,Low
17936,0.0,0.0,6.0,0.0,1.607486771704494,470.98914615257866,757.1088220566647,Medium
17937,6.0,354.0,363.0,484.60999999999996,2.7330212592464926,487.4029127101323,1332.082522255454,High
17938,0.0,0.0,421.0,0.0,0.24463875188449014,470.98914615257866,115.22219686590856,Low
17939,0.0,0.0,160.0,0.0,0.5221237864542811,470.98914615257866,245.91463636805318,Low
17940,11.0,687.0,737.0,2188.211818181818,2.5649389021050086,2191.3405440516303,5620.654609197981,High
17941,3.0,572.0,703.0,339.52,0.8157891548532116,344.61256312239715,281.1311916214194,Medium
17942,0.0,0.0,8.0,0.0,1.5647000965030486,470.98914615257866,736.9567624368283,Medium
17944,0.0,0.0,424.0,0.0,0.2431555443037791,470.98914615257866,114.52362219390243,Low
17945,0.0,0.0,697.0,0.0,0.1567315585192785,470.98914615257866,73.81886292215789,Low
17946,1.0,26.0,260.0,132.03,0.597167084566531,145.241536910785,86.73346515497568,Low
17947,0.0,0.0,38.0,0.0,1.1197433701259325,470.98914615257866,527.3869738056238,Medium
17948,0.0,0.0,148.0,0.0,0.5509388773509037,470.98914615257866,259.4862314257624,Low
17949,66.0,736.0,738.0,1552.27,14.826557202920874,1552.691173261615,23021.06449883366,High
17950,5.0,632.0,705.0,259.922,1.2832399087738624,262.8079839161921,337.245693305657,Medium
17951,3.0,365.0,405.0,434.68,1.345587490091732,440.10242820367904,592.1963217498651,Medium
17952,1.0,163.0,542.0,438.55,0.3722372874804068,454.9713767838914,169.35731117526186,Low
17953,0.0,0.0,541.0,0.0,0.19666709657151574,470.98914615257866,92.62806789052493,Low
17954,16.0,725.0,731.0,225.204375,3.724506607745018,226.08245749762045,842.0456068451196,High
17955,4.0,467.0,666.0,231.225,1.0577244395825867,234.75981161288797,248.31119017475555,Low
17956,0.0,0.0,250.0,0.0,0.3751823354581328,470.98914615257866,176.7068078289563,Low
17957,0.0,0.0,67.0,0.0,0.8794209617072207,470.98914615257866,414.19772786316344,Medium
17958,1.0,612.0,729.0,508.4599999999999,0.34763827099843003,525.6134657357668,182.72335644187453,Low
17959,0.0,0.0,593.0,0.0,0.1812691229770377,470.98914615257866,85.37578945478177,Low
17960,2.0,470.0,642.0,62.09,0.6291943612046551,68.29706707843769,42.97212949256908,Low
17961,82.0,717.0,739.0,36.459634146341465,18.22112464746701,36.60702096342844,667.0210919470675,Medium
17962,2.0,553.0,696.0,152.2,0.591640265467124,158.87642001332068,93.99768731314734,Low
17963,3.0,218.0,690.0,159.13,0.46627556836535333,163.59725456825225,76.28140285682322,Low
17964,1.0,341.0,373.0,209.94,0.6328851858334589,223.96740088218561,141.7456501279588,Low
17965,27.0,688.0,726.0,258.10962962962964,6.187321590257359,258.6424722559408,1600.3041527467226,High
17966,6.0,653.0,691.0,263.6666666666667,1.5499776014701807,266.07730011015695,412.4138554304025,Medium
17967,1.0,45.0,417.0,246.14,0.3552878663975156,260.54648284553696,92.56900398756773,Low
17968,3.0,139.0,513.0,252.4666666666667,0.5443421795850459,257.25746586645084,140.0360896842694,Low
17969,19.0,567.0,734.0,119.39684210526316,3.151506331091464,120.07846121357284,378.42803074229556,Medium
17970,0.0,0.0,212.0,0.0,0.42573827237933004,470.98914615257866,200.5181053924146,Low
17971,0.0,0.0,549.0,0.0,0.19412993256033761,470.98914615257866,91.4330911792511,Low
17972,0.0,0.0,242.0,0.0,0.38479938691407733,470.98914615257866,181.23633468269702,Low
17973,0.0,0.0,52.0,0.0,0.9891079619975823,470.98914615257866,465.8591144739585,Medium
17974,5.0,383.0,408.0,327.452,2.0924357983450332,330.47824207986537,691.5045043020463,Medium
17975,23.0,475.0,491.0,300.4491304347826,7.543069569509679,301.0937690744838,2271.1712470747134,High
17976,0.0,0.0,373.0,0.0,0.27110194122884895,470.98914615257866,127.68607181968213,Low
17977,1.0,371.0,401.0,288.14,0.5958726051499067,302.986301698044,180.54123691754907,Low
17978,3.0,366.0,732.0,446.21999999999997,0.6724230880625823,451.6824307576722,303.72169491368743,Medium
17979,2.0,224.0,260.0,258.02,1.3902062987534938,265.24760109832033,368.74888577613905,Medium
17980,3.0,228.0,394.0,270.48333333333335,1.267747671130504,275.33658597168863,349.0573156426321,Medium
17981,0.0,0.0,411.0,0.0,0.24971637656544896,470.98914615257866,117.6137029788766,Low
17982,0.0,0.0,681.0,0.0,0.1600646631301428,470.98914615257866,75.3887190168661,Low
17983,0.0,0.0,396.0,0.0,0.2577413805074567,470.98914615257866,121.39339273339391,Low
17984,4.0,593.0,739.0,240.4525,0.992933869827883,244.01128067435332,242.28706520164337,Low
17985,0.0,0.0,23.0,0.0,1.304922566593975,470.98914615257866,614.6043654353277,Medium
17986,0.0,0.0,57.0,0.0,0.9496012072289162,470.98914615257866,447.2518617782051,Medium
17987,4.0,365.0,551.0,201.58,1.2341085502821794,205.03780670070802,253.0389103804485,Low
17988,10.0,721.0,733.0,32.479,2.369788586350607,33.68454323308172,79.82524609019063,Low
17989,0.0,0.0,380.0,0.0,0.26689108588693405,470.98914615257866,125.70280465762161,Low
17990,5.0,496.0,733.0,238.98200000000003,1.1476584150445404,241.82449204669228,277.5319132612579,Low
17991,2.0,366.0,592.0,46.675000000000004,0.656359179923021,52.80177548492729,34.656930055766345,Low
17992,0.0,0.0,390.0,0.0,0.2610979240292292,470.98914615257866,122.97428830073751,Low
17993,0.0,0.0,618.0,0.0,0.17469406744809832,470.98914615257866,82.2790096653008,Low
17994,10.0,499.0,621.0,173.913,2.621347433435738,175.26526834581753,459.4311613487347,Medium
17995,2.0,106.0,388.0,81.175,0.7173930528646769,87.4814744778633,62.758602044777675,Low
17996,1.0,167.0,547.0,219.43,0.3705901185224592,233.55677899909736,86.5538344109993,Low
17997,7.0,90.0,165.0,235.4485714285714,4.827630717484186,237.47247982737878,1146.4294381717975,High
17998,2.0,358.0,739.0,204.82,0.4991895057565567,211.7705000425466,105.7136112500577,Low
17999,2.0,341.0,379.0,286.2,1.024739812691528,293.5743813192171,300.8373565240857,Medium
18000,0.0,0.0,565.0,0.0,0.18924723782550548,470.98914615257866,89.13339495516881,Low
18001,4.0,725.0,738.0,194.31,1.0197557121406688,197.74892237918505,201.65559316583568,Low
18002,3.0,356.0,732.0,68.53333333333333,0.6615192016025281,72.6865412768077,48.08354275268303,Low
18003,0.0,0.0,377.0,0.0,0.26867958599642533,470.98914615257866,126.5451687970847,Low
18004,0.0,0.0,363.0,0.0,0.2773536826122713,470.98914615257866,130.63057415582696,Low
18005,1.0,44.0,48.0,109.75,2.4050077369709517,122.72822348140743,295.16232701748487,Medium
18006,3.0,699.0,723.0,308.82,0.8109188915777726,313.8061438496423,254.471330340847,Low
18007,0.0,0.0,393.0,0.0,0.259408777495595,470.98914615257866,122.17871861713455,Low
18008,20.0,632.0,703.0,986.4765,4.681175050577498,987.5735460715113,4623.004644480306,High
18009,6.0,417.0,653.0,317.26166666666666,1.4142214180127375,319.765030933878,452.2185554781958,Medium
18010,0.0,0.0,257.0,0.0,0.36715433627495986,470.98914615257866,172.92570734836008,Low
18011,1.0,194.0,568.0,205.57999999999998,0.3689559571873292,219.5617434965444,81.0086132334864,Low
18012,0.0,0.0,724.0,0.0,0.1514112306876721,470.98914615257866,71.3130462594978,Low
18013,0.0,0.0,156.0,0.0,0.5313864527716534,470.98914615257866,250.2772516679686,Low
18014,0.0,0.0,29.0,0.0,1.2238805039598608,470.98914615257866,576.4344335528425,Medium
18015,0.0,0.0,5.0,0.0,1.6297824722868715,470.98914615257866,767.6098550368323,Medium
18016,6.0,649.0,682.0,293.21,1.5696252344237236,295.6717497348507,464.0938394900376,Medium
18017,3.0,350.0,432.0,174.33333333333334,1.2574464475502636,178.8532891288424,224.89843304774305,Low
18018,2.0,291.0,400.0,61.07,0.9549837787967606,67.27175423864654,64.24343406910967,Low
18019,0.0,0.0,52.0,0.0,0.9891079619975823,470.98914615257866,465.8591144739585,Medium
18020,0.0,0.0,544.0,0.0,0.19570791834587162,470.98914615257866,92.17630535702065,Low
18021,1.0,3.0,513.0,116.41,0.15875049755577708,129.45796618516212,20.551516544453452,Low
18022,4.0,511.0,547.0,363.245,1.329594494005557,367.1227425795265,488.12437715795795,Medium
18024,0.0,0.0,153.0,0.0,0.5385530384111227,470.98914615257866,253.65263571913155,Low
18025,4.0,240.0,620.0,229.8175,0.6814675252947572,233.3486555355092,159.0195308186422,Low
18026,1.0,5.0,506.0,1328.65,0.16850430979765255,1354.3923948938095,228.22095569677106,Low
18027,0.0,0.0,99.0,0.0,0.7115265532150744,470.98914615257866,335.12128376365524,Medium
18028,0.0,0.0,584.0,0.0,0.18375908219335077,470.98914615257866,86.5485332200278,Low
18029,0.0,0.0,643.0,0.0,0.16857966503442323,470.98914615257866,79.39919249325072,Low
18030,1.0,38.0,43.0,109.55,2.5106315627001177,122.5261291059193,307.61796698879056,Medium
18031,0.0,0.0,379.0,0.0,0.2674845965921218,470.98914615257866,125.98234175789041,Low
18032,0.0,0.0,335.0,0.0,0.2965017128129783,470.98914615257866,139.64908855056174,Low
18033,0.0,0.0,66.0,0.0,0.8859649921801986,470.98914615257866,417.2798951880278,Medium
18034,1.0,354.0,376.0,422.88,0.6302940263661295,439.1372824643965,276.7856058919648,Low
18035,2.0,350.0,386.0,365.19999999999993,1.0096986944160626,372.9858659697082,376.6033419052589,Medium
18036,9.0,689.0,722.0,165.8711111111111,2.1695054124241078,167.364533928127,363.09826220490976,Medium
18037,13.0,584.0,739.0,11.19,2.7466875132990585,12.100134266685698,33.23528769954767,Low
18038,0.0,0.0,557.0,0.0,0.19165746139250028,470.98914615257866,90.26858409502452,Low
18039,3.0,266.0,641.0,152.73333333333332,0.6733031608442344,157.17841433107347,105.82872318559647,Low
18040,1.0,226.0,246.0,118.2,0.8882908856830313,131.26671084578086,116.60302283789706,Low
18041,35.0,683.0,695.0,235.20399999999998,8.357878994287809,235.6082296830877,1969.185073749616,High
18042,1.0,488.0,542.0,165.04999999999998,0.457318329594602,178.60731830387508,81.68040046009953,Low
18043,2.0,342.0,367.0,121.525,1.0562322571910328,128.0416441696015,135.24171483570925,Low
18044,17.0,556.0,561.0,203.0441176470588,5.01295092663893,203.85699939288722,1021.9251340084057,High
18045,0.0,0.0,46.0,0.0,1.04112876043265,470.98914615257866,490.3603459110665,Medium
18046,0.0,0.0,650.0,0.0,0.16694364778258103,470.98914615257866,78.62864612471466,Low
18047,0.0,0.0,382.0,0.0,0.2657119441891347,470.98914615257866,125.14744171618219,Low
18048,1.0,290.0,494.0,172.29000000000002,0.47007386163015613,185.92313469654536,87.39760589318874,Low
18049,1.0,153.0,591.0,283.97,0.32676930306812785,298.77263396911655,97.62972537791708,Low
18050,1.0,34.0,394.0,74.4,0.3576626638034206,87.00804261388065,31.119528293602087,Low
18051,6.0,96.0,731.0,324.83,0.002804708513891565,327.3464591041214,0.9181114008415863,Low
18052,0.0,0.0,565.0,0.0,0.18924723782550548,470.98914615257866,89.13339495516881,Low
18053,2.0,457.0,528.0,164.935,0.7660419700638152,171.67775238071317,131.51236364984936,Low
18054,0.0,0.0,393.0,0.0,0.259408777495595,470.98914615257866,122.17871861713455,Low
18055,12.0,406.0,414.0,817.005,4.674471369948946,818.6875580171605,3826.9315508846335,High
18056,1.0,330.0,619.0,363.65,0.3773095783694224,379.28703316358707,143.10863056394217,Low
18057,2.0,297.0,691.0,453.12,0.5075583091588827,461.36381192503967,234.16903628776987,Low
18058,2.0,658.0,668.0,236.43,0.6282673869194885,243.54514598940767,153.01147246769048,Low
18059,2.0,44.0,68.0,91.19,3.3077689338733935,97.54863927247936,322.6683585271293,Medium
18060,1.0,156.0,565.0,721.06,0.3485894459922106,740.4397868796478,258.10949509896693,Low
18061,26.0,714.0,736.0,237.5676923076923,5.917643189667167,238.11284596663194,1409.0668613067066,High
18062,5.0,424.0,598.0,241.984,1.4119215196856343,244.83272712750596,345.68459615464644,Medium
18063,1.0,243.0,634.0,84.60000000000001,0.3430430061884109,97.31485576377523,33.38318066799706,Low
18064,8.0,543.0,677.0,501.07875,1.9853384688752342,503.19389046851455,999.010188050133,High
18065,16.0,725.0,731.0,347.48312500000003,3.724506607745018,348.44045995099026,1297.7687954931766,High
18066,2.0,340.0,416.0,344.55,0.9371684693437393,352.22830700726973,330.0972633375397,Medium
18067,0.0,0.0,41.0,0.0,1.0888964513854604,470.98914615257866,512.8584098866108,Medium
18068,0.0,0.0,290.0,0.0,0.3335210776577994,470.98914615257866,157.08480758993483,Low
18069,9.0,623.0,650.0,460.53666666666663,2.387649910135189,462.3697832318352,1103.977171382718,High
18070,0.0,0.0,670.0,0.0,0.1624396909079833,470.98914615257866,76.50733132203985,Low
18071,4.0,477.0,735.0,300.345,0.9398230279278663,304.0593555336126,285.7619841873954,Medium
18073,9.0,83.0,198.0,423.8355555555556,2.04236357049908,425.626362669349,869.2837777599079,High
18074,1.0,132.0,506.0,979.2,0.381382956203705,1001.282997322176,381.8722695152379,Medium
18075,19.0,475.0,499.0,271.35105263157897,6.163160074563756,272.11559882558436,1677.0919943478495,High
18076,0.0,0.0,381.0,0.0,0.2663002075856835,470.98914615257866,125.42450739103553,Low
18077,17.0,724.0,733.0,242.76117647058823,3.937836645734672,243.59828486327987,959.2502529727371,High
18078,3.0,411.0,629.0,157.28666666666666,0.8633997190944949,161.74753145665255,139.6527732239018,Low
18079,3.0,446.0,492.0,1217.3233333333333,1.1376094963467789,1225.458736597591,1394.0934961345456,High
18080,1.0,224.0,243.0,390.0,0.897086230700264,405.91296713414806,364.13893367873305,Medium
18081,2.0,97.0,134.0,115.10000000000001,2.226502657210123,121.58317848758371,270.7052699746578,Low
18082,0.0,0.0,26.0,0.0,1.2630882296182389,470.98914615257866,594.9008467832665,Medium
18083,0.0,0.0,398.0,0.0,0.2566416587623721,470.98914615257866,120.87543572767109,Low
18084,1.0,367.0,384.0,90.47999999999999,0.6200004881595602,103.2564304031262,64.01903725555191,Low
18085,3.0,298.0,629.0,462.3333333333333,0.7534104519716563,467.8516197657609,352.48430030339347,Medium
18086,0.0,0.0,275.0,0.0,0.34800986137346357,470.98914615257866,163.90886746096487,Low
18087,12.0,640.0,739.0,1176.8316666666667,2.7284647459292684,1178.8252442015132,3216.3831204152893,High
18088,0.0,0.0,62.0,0.0,0.9131534603832515,470.98914615257866,430.0853686121802,Medium
18089,0.0,0.0,447.0,0.0,0.23235600834428594,470.98914615257866,109.43715797349667,Low
18090,0.0,0.0,422.0,0.0,0.24414233998531915,470.98914615257866,114.98839224937802,Low
18091,0.0,0.0,594.0,0.0,0.1809966236592575,470.98914615257866,85.2474452337733,Low
18092,16.0,733.0,736.0,943.865,3.7025962943103097,945.2088675802414,3499.726850451846,High
18093,7.0,525.0,619.0,586.2157142857143,1.9394216902263153,588.7596960648094,1141.8533248791443,High
18094,9.0,620.0,702.0,615.2,2.1995745299041216,617.2114141856784,1357.6025062089218,High
18095,4.0,287.0,600.0,320.5125,0.9286817899003352,324.27924199225276,301.15222688088926,Medium
18096,5.0,502.0,514.0,308.036,1.7182130107257394,311.0219155212117,534.4019018693878,Medium
18097,9.0,715.0,723.0,499.1177777777778,2.1739527925541724,500.99537107934844,1089.1402860146634,High
18098,0.0,0.0,397.0,0.0,0.25719034219649733,470.98914615257866,121.1338596698178,Low
18099,0.0,0.0,128.0,0.0,0.6067914308252615,470.98914615257866,285.79217789709145,Medium
18100,0.0,0.0,551.0,0.0,0.1935058474867999,470.98914615257866,91.13915388333899,Low
18101,4.0,663.0,675.0,129.165,1.1059625753415434,132.43470379244312,146.46782607088485,Low
18102,66.0,738.0,739.0,9189.930454545454,14.80981556380981,9191.551085487594,136125.1763214071,High
18103,0.0,0.0,550.0,0.0,0.1938173871353207,470.98914615257866,91.28588567638849,Low
18104,0.0,0.0,38.0,0.0,1.1197433701259325,470.98914615257866,527.3869738056238,Medium
18105,0.0,0.0,38.0,0.0,1.1197433701259325,470.98914615257866,527.3869738056238,Medium
18106,3.0,364.0,694.0,385.7166666666667,0.7257355499983366,390.9693671073168,283.7403686701301,Medium
18107,0.0,0.0,443.0,0.0,0.23416464708034065,470.98914615257866,110.28900718748956,Low
18108,2.0,483.0,738.0,177.78,0.5429843983209445,184.58965770141646,100.2293042232727,Low
18109,36.0,525.0,527.0,268.685,11.02659003384919,269.08763882960454,2967.119076550528,High
18110,1.0,392.0,412.0,236.3,0.5837389090760755,250.60343957152102,146.2869784261919,Low
18111,0.0,0.0,590.0,0.0,0.18209157090351197,470.98914615257866,85.76315350142684,Low
18112,3.0,539.0,552.0,207.98666666666668,1.0346988846093896,212.6232792458601,220.00106987768223,Low
18113,0.0,0.0,369.0,0.0,0.27356845002637,470.98914615257866,128.8477706922044,Low
18114,0.0,0.0,291.0,0.0,0.332598034761011,470.98914615257866,156.65006440411426,Low
18115,0.0,0.0,698.0,0.0,0.15652784577614928,470.98914615257866,73.72291643121106,Low
18116,12.0,344.0,412.0,160.65333333333334,4.532964203248545,161.76856769799738,733.291126585811,Medium
18117,0.0,0.0,26.0,0.0,1.2630882296182389,470.98914615257866,594.9008467832665,Medium
18118,28.0,371.0,382.0,235.82392857142855,11.353882174022191,236.3294826252642,2683.2570999748746,High
18119,0.0,0.0,368.0,0.0,0.27419211822492384,470.98914615257866,129.14151164452377,Low
18120,0.0,0.0,215.0,0.0,0.42125522196033716,470.98914615257866,198.4066373034142,Low
18121,1.0,5.0,155.0,23.25,0.9376783434882452,35.322406082791666,33.121055223731204,Low
18122,5.0,142.0,151.0,341.404,4.541115751300149,344.45922004372693,1564.2291898211322,High
18123,2.0,489.0,514.0,294.71999999999997,0.7915881688950718,302.1387591574726,239.1694671136928,Low
18124,0.0,0.0,473.0,0.0,0.22124911617030357,470.98914615257866,104.20593231206396,Low
18125,3.0,287.0,317.0,195.51,1.6531586101081408,200.1033631396797,330.80259768595744,Medium
18126,0.0,0.0,61.0,0.0,0.9202155691366966,470.98914615257866,433.4115451840019,Medium
18127,2.0,384.0,404.0,174.365,0.9753257688652895,181.15687010544903,176.68696362082648,Low
18128,0.0,0.0,538.0,0.0,0.1976357329597776,470.98914615257866,93.0842851159647,Low
18129,0.0,0.0,244.0,0.0,0.38234906500145155,470.98914615257866,180.08225965727047,Low
18130,2.0,42.0,58.0,372.765,3.5997192930497737,380.5902695314926,1370.0181359795274,High
18131,0.0,0.0,632.0,0.0,0.17121640184758077,470.98914615257866,80.64106691350887,Low
18132,0.0,0.0,505.0,0.0,0.2089573196770195,470.98914615257866,98.41662957701084,Low
18133,0.0,0.0,213.0,0.0,0.42423332264151875,470.98914615257866,199.80929040040033,Low
18134,1.0,96.0,695.0,142.85,0.2146169277617701,156.17484262469276,33.5177649177895,Low
18135,9.0,605.0,635.0,117.63555555555556,2.43694880355678,119.07337188463296,290.1757111497278,Medium
18136,4.0,388.0,452.0,237.145,1.5572994716581856,240.6951892172093,374.8344909986271,Medium
18137,0.0,0.0,552.0,0.0,0.19319530876338442,470.98914615257866,90.99289351515023,Low
18138,0.0,0.0,296.0,0.0,0.32805858460761883,470.98914615257866,154.5120326523659,Low
18139,1.0,1.0,19.0,1825.74,3.1317211839633474,1856.6878604507795,5814.62870458129,High
18140,0.0,0.0,474.0,0.0,0.22084312080124469,470.98914615257866,104.01471289984902,Low
18141,1.0,188.0,590.0,424.20000000000005,0.34905781418309323,440.47110534261816,153.74988124170528,Low
18142,1.0,58.0,216.0,737.04,0.8418300957226142,756.5871274811494,636.9178139499537,Medium
18143,1.0,25.0,142.0,519.98,1.1336472732152114,537.2541017638831,609.0566474883138,Medium
18144,17.0,716.0,724.0,262.38235294117646,3.982899779968909,263.2314298765416,1048.424404136179,High
18145,10.0,719.0,732.0,530.809,2.372460066641545,532.5315159937306,1263.409755923209,High
18146,1.0,80.0,221.0,83.7,0.8647772192973607,96.40543107407863,83.36922060940509,Low
18147,1.0,63.0,109.0,80.46,1.522941513562315,93.13150219117094,141.83383090735393,Low
18148,0.0,0.0,647.0,0.0,0.16764089043935285,470.98914615257866,78.95703984828879,Low
18149,6.0,585.0,636.0,209.56999999999996,1.6658642460626973,211.88703462903806,352.97503519276313,Medium
18150,2.0,169.0,202.0,169.5,1.68444814321413,176.2665299431118,296.9118290734725,Medium
18151,5.0,511.0,646.0,263.048,1.3594525449456878,265.9404765419827,361.53345763906736,Medium
18152,0.0,0.0,647.0,0.0,0.16764089043935285,470.98914615257866,78.95703984828879,Low
18153,0.0,0.0,660.0,0.0,0.16466085235388223,470.98914615257866,77.55347425491081,Low
18154,4.0,487.0,491.0,185.825,1.469833324220945,189.24188201218055,278.15402451979116,Low
18155,2.0,216.0,292.0,128.845,1.2458307852255028,135.39977160810272,168.68520378187637,Low
18156,1.0,357.0,370.0,528.71,0.6402649332916216,546.07552125394,349.6330071878414,Medium
18157,0.0,0.0,572.0,0.0,0.18718752529902458,470.98914615257866,88.1632927110018,Low
18158,1.0,79.0,89.0,109.6,1.771299231862797,122.57665269979132,217.1199307714532,Low
18159,0.0,0.0,302.0,0.0,0.3227725319651505,470.98914615257866,152.02235923177213,Low
18160,2.0,329.0,387.0,319.03,1.0011579156332044,326.57538183916165,326.9535285792129,Medium
18161,5.0,364.0,380.0,323.738,2.226826594500244,326.7565281924097,727.6301269054267,Medium
18162,0.0,0.0,733.0,0.0,0.14971720869785526,470.98914615257866,70.51518028895028,Low
18163,0.0,0.0,585.0,0.0,0.1834790440497688,470.98914615257866,86.41663829389198,Low
18164,0.0,0.0,38.0,0.0,1.1197433701259325,470.98914615257866,527.3869738056238,Medium
18165,0.0,0.0,178.0,0.0,0.48416132599924255,470.98914615257866,228.03472953248354,Low
18166,0.0,0.0,624.0,0.0,0.17318647549489605,470.98914615257866,81.56895021851558,Low
18167,2.0,82.0,106.0,443.19000000000005,2.603344374786367,451.3820898670729,1175.1030245347588,High
18168,15.0,560.0,737.0,234.17666666666668,2.800641549709982,235.1195316238166,658.4855294140109,Medium
18169,0.0,0.0,61.0,0.0,0.9202155691366966,470.98914615257866,433.4115451840019,Medium
18170,8.0,667.0,701.0,327.45125,1.9956562856367137,329.341178325687,657.2517926446591,Medium
18171,8.0,645.0,704.0,266.88875,1.9786964695053944,268.70012273743055,531.67598421622,Medium
18172,34.0,714.0,729.0,507.25705882352946,7.774020944764484,507.75612952485244,3947.3067857587507,High
18173,4.0,526.0,613.0,526.71,1.1892658717368851,531.0123540812807,631.5148701795298,Medium
18174,1.0,596.0,604.0,104.0,0.41884584934280134,116.91801018612372,48.97062327987729,Low
18175,0.0,0.0,676.0,0.0,0.16113554763070734,470.98914615257866,75.89309399341502,Low
18176,0.0,0.0,359.0,0.0,0.2799360134698105,470.98914615257866,131.84682396150282,Low
18177,8.0,693.0,725.0,235.29625000000001,1.9363110115523243,237.06664412158756,459.0347534843861,Medium
18178,10.0,531.0,660.0,561.807,2.4811583425766153,563.5616736435503,1398.2857481171347,High
18179,7.0,654.0,664.0,320.45285714285717,1.8580282149642597,322.6027991999208,599.4051031399024,Medium
18180,5.0,138.0,143.0,308.62,4.721203498434755,311.6071284749743,1471.1606650932567,High
18181,4.0,711.0,736.0,226.7375,1.0208491736898797,230.26065502515286,235.06139941571774,Low
18182,0.0,0.0,464.0,0.0,0.22497146673768453,470.98914615257866,105.95911902747528,Low
18183,1.0,47.0,275.0,319.27000000000004,0.6224831518438273,334.4422912427713,208.18469156267153,Low
18184,0.0,0.0,16.0,0.0,1.4143724889872349,470.98914615257866,666.1540909297952,Medium
18185,0.0,0.0,250.0,0.0,0.3751823354581328,470.98914615257866,176.7068078289563,Low
18186,0.0,0.0,723.0,0.0,0.151601826277843,470.98914615257866,71.40281471377283,Low
18187,0.0,0.0,632.0,0.0,0.17121640184758077,470.98914615257866,80.64106691350887,Low
18188,5.0,608.0,624.0,596.168,1.445528705815618,599.752358660787,866.9592508247918,High
18189,2.0,548.0,626.0,545.12,0.6588371444515974,553.8430092395357,364.8923466818554,Medium
18190,4.0,525.0,718.0,138.3,0.9988950054832587,141.59343257884098,141.43697261223477,Low
18191,1.0,216.0,478.0,207.79999999999998,0.4618351253279605,221.80499106446263,102.43733584662326,Low
18192,0.0,0.0,72.0,0.0,0.8481097616671857,470.98914615257866,399.45049249129477,Medium
18193,2.0,277.0,443.0,261.6,0.8522948622919287,268.84624812425403,229.1362760227628,Low
18194,5.0,598.0,681.0,706.344,1.3206554951739506,710.1571915267854,937.8729974271488,High
18195,0.0,0.0,388.0,0.0,0.26223631616077103,470.98914615257866,123.51045863875922,Low
18196,3.0,537.0,633.0,390.46,0.9023382892006654,395.7291428538021,357.0815577495455,Medium
18197,0.0,0.0,576.0,0.0,0.18603057093230413,470.98914615257866,87.61837976168265,Low
18198,16.0,332.0,337.0,320.31375,7.32989170266715,321.2534756801622,2354.753185841004,High
18199,0.0,0.0,684.0,0.0,0.15942894250679596,470.98914615257866,75.08930150328437,Low
18200,0.0,0.0,107.0,0.0,0.6791658584450884,470.98914615257866,319.8797477650353,Medium
18201,0.0,0.0,723.0,0.0,0.151601826277843,470.98914615257866,71.40281471377283,Low
18202,1.0,112.0,312.0,911.26,0.6444382290676568,932.6315379688585,601.0234167012964,Medium
18203,3.0,574.0,732.0,131.78,0.7816998398758765,136.15244782200324,106.43034666116857,Low
18204,2.0,121.0,193.0,722.135,1.688805874484786,731.7800213332913,1235.8343988582644,High
18205,1.0,38.0,75.0,291.6,1.8839930074943618,306.48253439398866,577.4109517174248,Medium
18206,0.0,0.0,554.0,0.0,0.1925772148419272,470.98914615257866,90.70177798684098,Low
18207,0.0,0.0,500.0,0.0,0.2107869908778219,470.98914615257866,99.27838485361673,Low
18208,0.0,0.0,566.0,0.0,0.18895021967055314,470.98914615257866,88.993502627976,Low
18209,0.0,0.0,29.0,0.0,1.2238805039598608,470.98914615257866,576.4344335528425,Medium
18210,6.0,381.0,383.0,436.8966666666667,2.6160546820247217,439.60702509556984,1150.0360162522247,High
18211,4.0,253.0,279.0,115.5425,2.3468155717352004,118.77681841831016,278.74728702525465,Low
18212,1.0,351.0,678.0,248.42,0.34513211954686374,262.8503587261016,90.71810143079291,Low
18213,0.0,0.0,237.0,0.0,0.39106524779499247,470.98914615257866,184.1874871489101,Low
18214,3.0,24.0,555.0,352.2633333333333,0.034010176598476244,357.4000702754636,12.155239506376336,Low
18215,4.0,534.0,624.0,362.235,1.1699419004431655,366.11011903554606,428.3275684359203,Medium
18216,0.0,0.0,32.0,0.0,1.18705804464975,470.98914615257866,559.0914548831354,Medium
18217,2.0,497.0,527.0,310.875,0.7737527037204707,318.3779051641648,246.34576492563212,Low
18218,3.0,449.0,661.0,280.02666666666664,0.8334571828708467,284.9130005621226,237.46278681178666,Low
18219,15.0,730.0,733.0,227.41133333333335,3.492386144189233,228.3495209561562,797.4847030195289,Medium
18220,5.0,498.0,725.0,333.62399999999997,1.1675770368900003,336.66306117339695,393.0800593951517,Medium
18221,5.0,368.0,391.0,208.32200000000003,2.1702524692793213,211.10081197415826,458.14205845378666,Medium
18222,0.0,0.0,93.0,0.0,0.7379102243289635,470.98914615257866,347.5477064939563,Medium
18223,24.0,731.0,736.0,533.9870833333333,5.486967423066788,534.7057371733476,2933.9129607970704,High
18224,0.0,0.0,264.0,0.0,0.3594635718080661,470.98914615257866,169.30344075883718,Low
18225,24.0,732.0,736.0,541.4483333333334,5.487572609306845,542.1702103806734,2975.198396067113,High
18226,24.0,600.0,645.0,477.3929166666667,6.1121316094234945,478.08712222621995,2922.1314118171927,High
18227,0.0,0.0,218.0,0.0,0.41686590155552616,470.98914615257866,196.33931503376218,Low
18228,1.0,23.0,80.0,359.51,1.7574095068659976,375.10367959098284,659.2107725736104,Medium
18229,26.0,725.0,737.0,400.8734615384615,5.920574125166111,401.48373328528,2377.0142029639205,High
18230,8.0,516.0,526.0,500.38250000000005,2.589249377192461,502.4967373629902,1301.089364258366,High
18231,24.0,506.0,699.0,275.52791666666667,1.1235135366700495,276.1349179713301,310.2413182880631,Medium
18232,3.0,116.0,198.0,161.70666666666668,2.2557601529865714,166.1828530587886,374.86865803963786,Medium
18233,0.0,0.0,326.0,0.0,0.303231865302198,470.98914615257866,142.81891732493597,Low
18234,0.0,0.0,552.0,0.0,0.19319530876338442,470.98914615257866,90.99289351515023,Low
18235,2.0,146.0,218.0,683.01,1.5518924296418903,692.4512322579689,1074.6098252373401,High
18236,9.0,574.0,604.0,173.19,2.548406158755018,174.69186011398565,445.1858121988511,Medium
18237,4.0,132.0,135.0,165.92999999999998,4.030101415027126,169.2952033909014,682.2768387429768,Medium
18238,0.0,0.0,516.0,0.0,0.20504187707919774,470.98914615257866,96.57249861105333,Low
18239,5.0,204.0,423.0,399.942,1.450745028081416,403.1188020426179,584.8225977894646,Medium
18240,0.0,0.0,47.0,0.0,1.032078349029399,470.98914615257866,486.0977003719197,Medium
18241,20.0,608.0,618.0,138.5345,5.378160294678269,139.19194214103086,748.5965765620471,Medium
18242,6.0,625.0,698.0,546.445,1.5259447488021465,549.3449004978886,838.2699661959907,High
18243,0.0,0.0,415.0,0.0,0.24766020398417288,470.98914615257866,116.64526801047904,Low
18244,1.0,72.0,503.0,265.84,0.31403211431331873,280.4527788311176,88.07117910138142,Low
18245,14.0,634.0,642.0,429.5864285714286,3.6836726381865894,430.7414481045403,1586.7104865155638,High
18246,2.0,586.0,610.0,298.05,0.6803984479336648,305.48610401679076,207.8522710383265,Low
18247,2.0,217.0,632.0,326.865,0.49502184977790836,334.4511917408908,165.56064759600167,Low
18248,1.0,64.0,187.0,307.56,0.9819033761380986,322.60966555794136,316.7715197861255,Medium
18249,0.0,0.0,18.0,0.0,1.3812487825271869,470.98914615257866,650.5531847067685,Medium
18250,0.0,0.0,311.0,0.0,0.3151559889210759,470.98914615257866,148.43505012680907,Low
18251,7.0,630.0,718.0,3284.8542857142857,1.706357495161502,3291.3994691811604,5616.304153807861,High
18252,6.0,671.0,722.0,194.20666666666668,1.4866128109546528,196.49711944002604,292.11513507522926,Medium
18253,0.0,0.0,643.0,0.0,0.16857966503442323,470.98914615257866,79.39919249325072,Low
18254,0.0,0.0,582.0,0.0,0.18432173320092607,470.98914615257866,86.81353573766758,Low
18255,1.0,367.0,457.0,103.3,0.5248881770120318,116.21067987191527,60.99761190729843,Low
18256,0.0,0.0,388.0,0.0,0.26223631616077103,470.98914615257866,123.51045863875922,Low
18257,9.0,620.0,660.0,467.15222222222224,2.349624167045655,468.9929652738274,1101.9572053817885,High
18258,4.0,108.0,573.0,296.22,0.14416794256215967,299.92364056438527,43.23937418592012,Low
18259,6.0,707.0,732.0,660.3000000000001,1.4737987669382346,663.3968940221869,977.7135244005538,High
18260,21.0,552.0,725.0,459.70142857142855,2.791222112777551,460.48612038200986,1285.3190418374113,High
18261,1.0,52.0,96.0,99.44,1.6400654428106627,112.31025842499439,184.19617371596837,Low
18262,2.0,462.0,603.0,187.74,0.6703408808747441,194.6015360193771,130.4493650748075,Low
18263,2.0,227.0,253.0,452.78,1.4255899748965875,461.0220409784426,657.2283998252315,Medium
18264,0.0,0.0,499.0,0.0,0.21115678136924676,470.98914615257866,99.45255216142826,Low
18265,1.0,86.0,159.0,312.96,1.1714622860217798,328.06621369612077,384.3171966629674,Medium
18266,0.0,0.0,435.0,0.0,0.23786785123896945,470.98914615257866,112.03317615219082,Low
18267,0.0,0.0,673.0,0.0,0.16178498918934597,470.98914615257866,76.19897391859423,Low
18268,4.0,137.0,729.0,272.3875,0.08887591550541409,276.0292340179346,24.532350879602124,Low
18269,0.0,0.0,367.0,0.0,0.27481864156018637,470.98914615257866,129.43659733524373,Low
18270,2.0,394.0,433.0,141.57500000000002,0.9155050589829804,148.1960779321629,135.67425906833114,Low
18271,1.0,122.0,732.0,488.3,0.22050183662940515,505.2423526865635,111.40686671034892,Low
18272,8.0,643.0,646.0,468.8725,2.1576289316157653,470.9458657578556,1016.1264251839835,High
18273,3.0,588.0,591.0,68.0,0.9750916349394114,72.15135918303564,70.35418678888693,Low
18275,1.0,153.0,732.0,369.21000000000004,0.24316520644954362,384.9052568021571,93.59556623381114,Low
18276,5.0,686.0,730.0,287.6940000000001,1.2497952675363144,290.63766568313326,363.23757913858145,Medium
18277,3.0,436.0,495.0,280.97,1.1281780591971144,285.859603890482,322.5005331200199,Medium
18278,1.0,331.0,405.0,173.9,0.583661841022263,187.5499944192248,109.4657750264399,Low
18279,0.0,0.0,520.0,0.0,0.20365425353613836,470.98914615257866,95.91894298332657,Low
18280,1.0,117.0,395.0,180.60000000000002,0.4997157783439844,194.32015599807713,97.10484800250357,Low
18281,1.0,397.0,578.0,80.82,0.41826001998984386,93.49527206704957,39.10533436372004,Low
18282,1.0,119.0,127.0,77.84,1.4308240218500166,90.48406587227646,129.46677504471242,Low
18283,18.0,655.0,659.0,146.40555555555557,4.586583328460774,147.14062321187635,674.8727293629205,Medium
18284,0.0,0.0,432.0,0.0,0.2392869734754787,470.98914615257866,112.70156732265045,Low
18285,0.0,0.0,661.0,0.0,0.1644360044011526,470.98914615257866,77.44757330964053,Low
18286,1.0,247.0,724.0,833.48,0.29286547851463895,854.0370353415252,250.1179650245194,Low
18287,5.0,529.0,572.0,622.2760000000001,1.5550181556328306,625.9145843402952,973.3085425245356,High
