Customer ID,Recency,Frequency,Monetary,R_score,F_score,M_score,RFM_score,RFM_sum,Segment,KMeans_Cluster,DBSCAN_Cluster,BGNBD_repeat_freq,BGNBD_recency_days,BGNBD_age_days,BGNBD_avg_order_value,predicted_purchases_6m,expected_avg_value,CLV_6m,CLV_Bucket,gross_vs_net_gap
12346,326.0,3.0,-263.679999999993,2,3,1,231,6,At Risk,0,0,1.0,118.0,648.0,142.31,0.2612054847065662,155.62918781087484,40.651197436628784,Low,405.989999999993
12347,2.0,8.0,5633.32,5,4,5,545,14,Champions,1,-1,7.0,402.0,405.0,717.3985714285715,2.8733508179001337,720.1370546407096,2069.206394952076,High,-611.5299999999997
12348,75.0,5.0,2019.4,3,4,4,344,11,Loyal Customers,3,1,4.0,363.0,439.0,449.31,1.5890620158221744,453.41130229505256,720.4986780215336,Medium,-222.16000000000008
12349,19.0,4.0,4404.54,4,3,5,435,12,Loyal Customers,3,1,3.0,571.0,590.0,1120.0566666666666,0.9744081720625979,1127.8549022459094,1098.9910336492767,High,-1044.37
12350,310.0,1.0,334.4,2,1,2,212,5,Hibernating/Lost,0,2,0.0,0.0,311.0,0.0,0.3151559889210759,470.98914615257866,148.43505012680907,Low,-334.4
12351,375.0,1.0,300.93,2,1,2,212,5,Hibernating/Lost,0,2,0.0,0.0,376.0,0.0,0.2692811004844868,470.98914615257866,126.82847559221516,Low,-300.93
12352,36.0,10.0,1889.21,4,5,4,454,13,Champions,1,1,7.0,356.0,393.0,369.39428571428573,2.9219884201808974,371.61679196304055,1085.859962860778,High,696.5500000000002
12353,204.0,2.0,406.76,2,2,2,222,6,Hibernating/Lost,0,3,1.0,204.0,409.0,89.0,0.5403980783657558,101.76093202451405,54.99141211875569,Low,-317.76
12354,232.0,1.0,1079.4,2,1,3,213,6,Hibernating/Lost,0,2,0.0,0.0,233.0,0.0,0.3962272512063683,470.98914615257866,186.6187347280707,Low,-1079.4
12355,214.0,2.0,947.61,2,2,3,223,7,Hibernating/Lost,0,3,1.0,353.0,568.0,459.4,0.418675334927422,476.0397154285288,199.30608729579393,Low,-488.21000000000004
12356,23.0,6.0,6373.68,4,4,5,445,13,Champions,1,-1,5.0,402.0,425.0,1092.648,2.0218834183593133,1097.2635355170069,2218.5389480321514,High,-910.4400000000005
12357,33.0,3.0,18287.66,4,3,5,435,12,Loyal Customers,1,-1,1.0,355.0,389.0,6207.67,0.610696526592158,6284.504894364264,3837.925310339673,High,-12079.99
12358,2.0,5.0,3887.07,5,4,5,545,14,Champions,1,-1,4.0,730.0,732.0,614.3100000000001,1.0285954297289202,618.8399010641434,636.5358939684751,Medium,-1429.83
12359,58.0,10.0,8714.89,4,5,5,455,14,Champions,1,-1,8.0,677.0,735.0,1012.1312499999999,1.9038343840393916,1014.9092764089468,1932.219177107892,High,-617.8400000000001
12360,52.0,8.0,4212.89,4,4,5,445,13,Champions,1,1,6.0,603.0,656.0,682.4816666666667,1.6198025755531777,685.6169397208809,1110.5640848027706,High,-118.0
12361,287.0,4.0,511.25,2,3,2,232,7,At Risk,0,1,3.0,395.0,683.0,134.01666666666668,0.7691039897469948,138.39686772775988,106.44158313790723,Low,-109.19999999999993
12362,3.0,11.0,5284.58,5,5,5,555,15,Champions,1,1,10.0,735.0,739.0,522.6229999999999,2.3542915731945997,524.3370237516046,1234.4422365323394,High,-58.350000000000364
12363,110.0,2.0,552.0,3,2,2,322,7,Potential Loyalists,0,3,1.0,133.0,243.0,252.9,0.8489576550463617,267.3772727370357,226.9919824755253,Low,-299.1
12364,8.0,4.0,1313.1,5,3,4,534,12,Loyal Customers,3,1,3.0,105.0,113.0,229.7266666666667,3.5201933660116573,234.43863934324415,825.2693429528875,Medium,-623.9199999999998
12365,291.0,2.0,320.69,2,2,2,222,6,Hibernating/Lost,0,3,0.0,0.0,292.0,0.0,0.33168009881673316,470.98914615257866,156.21772653749608,Low,-320.69
12366,634.0,1.0,500.24,1,1,2,112,4,Hibernating/Lost,0,2,0.0,0.0,634.0,0.0,0.17073087253847158,470.98914615257866,80.41238787877947,Low,-500.24
12367,4.0,1.0,168.9,5,1,1,511,7,New Customers,3,2,0.0,0.0,5.0,0.0,1.6297824722868715,470.98914615257866,767.6098550368323,Medium,-168.9
12368,628.0,1.0,917.6999999999999,1,1,3,113,5,Hibernating/Lost,0,2,0.0,0.0,629.0,0.0,0.17194990015269698,470.98914615257866,80.98653665393991,Low,-917.6999999999999
12369,413.0,3.0,1791.15,1,3,4,134,8,At Risk,0,0,2.0,228.0,642.0,721.415,0.49662445251479503,731.0562710934387,363.06042038928655,Medium,-348.32000000000016
12370,51.0,7.0,4320.31,4,4,5,445,13,Champions,1,1,5.0,617.0,669.0,751.47,1.3503425295208638,755.3769171286501,1020.0175770171733,High,-562.96
12371,45.0,5.0,4067.38,4,4,5,445,13,Champions,3,1,3.0,601.0,646.0,1153.2333333333333,0.895014804279201,1161.1465733666184,1039.2433731011888,High,-607.6800000000003
12372,72.0,3.0,1298.04,3,3,4,334,10,Loyal Customers,3,0,2.0,225.0,297.0,449.41,1.2322694572910289,457.634487772466,563.9290018850347,Medium,-399.2199999999999
12373,311.0,3.0,1127.65,2,3,3,233,8,At Risk,0,0,2.0,362.0,674.0,344.875,0.5625470368778145,352.5549998238699,198.3287704873764,Low,-437.9000000000001
12374,25.0,4.0,2989.2200000000003,4,3,5,435,12,Loyal Customers,3,1,2.0,563.0,589.0,800.34,0.7017743008119504,810.3923650939453,568.7125353971462,Medium,-1388.5400000000002
12375,11.0,2.0,455.42,5,2,2,522,9,New Customers,3,3,1.0,88.0,99.0,227.20000000000002,1.6650821845902355,241.40814548681118,401.96440226505695,Medium,-228.22
12376,390.0,2.0,503.15,2,2,2,222,6,Hibernating/Lost,0,3,1.0,28.0,418.0,70.6,0.3108807994257814,83.16824947960619,25.8554118850628,Low,-432.54999999999995
12377,315.0,4.0,3426.32,2,3,5,235,10,At Risk,0,1,3.0,274.0,590.0,738.4533333333334,0.7915302836976479,744.9287692639066,589.6336800699996,Medium,-1210.96
12378,130.0,2.0,5416.32,3,2,5,325,10,Potential Loyalists,0,-1,1.0,433.0,563.0,4008.62,0.43454694075500805,4062.426712278414,1765.3150998620101,High,-1407.6999999999998
12379,82.0,4.0,1618.27,3,3,4,334,10,Loyal Customers,3,1,3.0,453.0,535.0,417.58,1.0486123662636482,422.943152322112,443.50341975149644,Medium,-365.53
12380,22.0,11.0,7888.0,4,5,5,455,14,Champions,1,1,7.0,641.0,663.0,951.2857142857143,1.8576207918130654,954.3709759218541,1772.8593679753626,High,-1229.0
12381,5.0,5.0,1803.96,5,4,4,544,13,Champions,3,1,4.0,115.0,120.0,144.14249999999998,4.34601085435256,147.4511088716192,640.824119642378,Medium,-1227.39
12383,185.0,5.0,1839.31,3,4,4,344,11,Loyal Customers,0,1,4.0,168.0,353.0,312.46,1.5568204049451293,316.20582507353697,492.27568063699255,Medium,-589.47
12384,29.0,2.0,566.16,4,2,2,422,8,New Customers,3,3,1.0,93.0,122.0,292.58,1.447204537469902,307.47279683388047,444.97602672655313,Medium,-273.58
12385,379.0,1.0,1923.4,2,1,4,214,7,Hibernating/Lost,0,2,0.0,0.0,380.0,0.0,0.26689108588693405,470.98914615257866,125.70280465762161,Low,-1923.4
12386,338.0,2.0,660.8,2,2,3,223,7,Hibernating/Lost,0,3,1.0,29.0,367.0,143.0,0.3821255023479369,156.32641340630886,59.73630925313703,Low,-517.8
12387,415.0,1.0,143.94,1,1,1,111,3,Hibernating/Lost,0,2,0.0,0.0,416.0,0.0,0.24715144864408414,470.98914615257866,116.40564976725008,Low,-143.94
12388,16.0,8.0,3901.11,5,4,5,545,14,Champions,1,1,7.0,567.0,583.0,491.3557142857143,2.086365439277033,493.75904959361424,1030.1618164023914,High,-461.6199999999999
12389,403.0,3.0,1433.33,2,3,4,234,9,At Risk,0,0,2.0,253.0,656.0,634.24,0.5075923265965577,643.4272055946215,326.5987122832956,Medium,-164.8499999999999
12390,80.0,1.0,549.84,3,1,2,312,6,Potential Loyalists,0,2,0.0,0.0,80.0,0.0,0.8024299461987893,470.98914615257866,377.93579520742736,Medium,-549.84
12391,22.0,6.0,2747.82,4,4,4,444,12,Champions,3,1,4.0,641.0,663.0,515.2574999999999,1.1225957880679258,519.5301054303533,583.2223081306,Medium,-686.7900000000004
12392,591.0,1.0,234.75000000000003,1,1,1,111,3,Hibernating/Lost,0,2,0.0,0.0,592.0,0.0,0.1815424447981936,470.98914615257866,85.50452106595284,Low,-234.75000000000003
12393,72.0,6.0,2376.75,3,4,4,344,11,Loyal Customers,3,1,5.0,356.0,429.0,419.13,1.9731276406770253,422.34665505083,833.3438590282776,Medium,-281.0999999999999
12394,64.0,2.0,1272.48,3,2,4,324,9,Potential Loyalists,3,3,1.0,154.0,218.0,891.4,0.9518472397942157,912.5635664828873,868.6211118935015,High,-381.08000000000004
12395,19.0,15.0,5046.92,4,5,5,455,14,Champions,1,1,13.0,583.0,603.0,303.2176923076923,3.6229144685413246,304.3608112482028,1102.6731867280891,High,-1105.0900000000001
12396,674.0,1.0,931.43,1,1,3,113,5,Hibernating/Lost,0,2,0.0,0.0,675.0,0.0,0.16135144760907524,470.98914615257866,75.99478053988088,Low,-931.43
12397,36.0,2.0,2409.9,4,2,4,424,10,New Customers,3,-1,1.0,100.0,136.0,1195.09,1.3432407792732035,1219.4337709428369,1637.9931687533174,High,-1214.8100000000002
12398,46.0,1.0,1635.6599999999999,4,1,4,414,9,New Customers,3,2,0.0,0.0,46.0,0.0,1.04112876043265,470.98914615257866,490.3603459110665,Medium,-1635.6599999999999
12399,119.0,7.0,1962.3,3,4,4,344,11,Loyal Customers,3,1,6.0,525.0,645.0,292.72,1.6107636559010168,295.18090192995066,475.46666874484686,Medium,-205.9799999999998
12400,414.0,1.0,205.25,1,1,1,111,3,Hibernating/Lost,0,2,0.0,0.0,415.0,0.0,0.24766020398417288,470.98914615257866,116.64526801047904,Low,-205.25
12401,303.0,1.0,84.3,2,1,1,211,4,Hibernating/Lost,0,2,0.0,0.0,304.0,0.0,0.3210482511012561,470.98914615257866,151.21024165995928,Low,-84.3
12402,323.0,6.0,1244.15,2,4,4,244,10,Can't Lose Them,0,1,5.0,347.0,671.0,213.04000000000002,0.9908597879221597,215.82861114513722,213.85589186680494,Low,-178.95000000000005
12403,50.0,2.0,1001.36,4,2,3,423,9,New Customers,3,3,1.0,472.0,522.0,427.7,0.4729754436132303,444.0077569136604,210.00476579395385,Low,-573.6600000000001
12404,682.0,1.0,63.24,1,1,1,111,3,Hibernating/Lost,0,2,0.0,0.0,683.0,0.0,0.15964028714830325,470.98914615257866,75.18884253553182,Low,-63.24
12405,149.0,1.0,1710.39,3,1,4,314,8,Potential Loyalists,0,2,0.0,0.0,149.0,0.0,0.5484161300551158,470.98914615257866,258.2980448309605,Low,-1710.39
12406,22.0,5.0,6072.21,4,4,5,445,13,Champions,1,-1,4.0,675.0,698.0,1377.29,1.0714562318227867,1383.8017937237848,1482.6830554928997,High,-563.0500000000002
12407,50.0,5.0,1708.1200000000001,4,4,4,444,12,Champions,3,1,4.0,215.0,265.0,370.45500000000004,2.415133724385416,374.3514710469517,904.1088624987838,High,-226.29999999999995
12408,33.0,8.0,4279.64,4,4,5,445,13,Champions,1,1,6.0,466.0,499.0,691.1116666666667,2.07093803616053,694.2618714684079,1437.773316679919,High,-132.97000000000025
12409,79.0,7.0,23090.47,3,4,5,345,12,Loyal Customers,1,-1,3.0,487.0,566.0,5432.926666666666,0.9993327343081041,5455.675146183572,5452.034761332395,High,-6791.690000000002
12410,309.0,3.0,1001.46,2,3,3,233,8,At Risk,0,0,1.0,194.0,503.0,693.3299999999999,0.4259813873172864,712.4194017182188,303.477405095678,Medium,-308.1300000000001
12411,410.0,1.0,346.9,1,1,2,112,4,Hibernating/Lost,0,2,0.0,0.0,410.0,0.0,0.25023577369087,470.98914615257866,117.85833338749278,Low,-346.9
12412,75.0,6.0,2581.03,3,4,4,344,11,Loyal Customers,3,1,5.0,465.0,540.0,385.21,1.622110438177807,388.3562040377721,629.9566523007803,Medium,-654.9800000000002
12413,67.0,4.0,935.5,3,3,3,333,9,Loyal Customers,3,1,3.0,336.0,403.0,252.70000000000002,1.339822148529939,257.4916080324761,344.99295950250104,Medium,-177.39999999999998
12414,217.0,6.0,692.41,2,4,3,243,9,Can't Lose Them,0,1,3.0,246.0,464.0,187.47,1.0608606485118952,192.0354930760657,203.72289772197664,Low,-130.0
12415,24.0,28.0,143269.29,4,5,5,455,14,Champions,2,-1,21.0,503.0,528.0,6760.6180952380955,6.4617106911017315,6764.513780772354,43710.33101732172,High,-1296.3099999999977
12416,657.0,1.0,202.56,1,1,1,111,3,Hibernating/Lost,0,2,0.0,0.0,657.0,0.0,0.1653391037320635,470.98914615257866,77.87292329239722,Low,-202.56
12417,3.0,20.0,6708.21,5,5,5,555,15,Champions,1,4,18.0,730.0,734.0,361.0727777777778,4.1588801841956,361.93150954078527,1505.2297830651726,High,-208.89999999999964
12418,113.0,4.0,2016.95,3,3,4,334,10,Loyal Customers,3,1,3.0,518.0,631.0,559.0866666666667,0.900966557939485,564.9403413521868,508.9923547892374,Medium,-339.6899999999998
12419,386.0,2.0,503.01,2,2,2,222,6,Hibernating/Lost,0,3,1.0,28.0,414.0,180.1,0.31560439692383613,193.81492005935678,61.168840960174805,Low,-322.90999999999997
12420,64.0,1.0,600.39,3,1,2,312,6,Potential Loyalists,3,2,0.0,0.0,64.0,0.0,0.8993521048130465,470.98914615257866,423.5850799364212,Medium,-600.39
12421,16.0,6.0,1092.83,5,4,3,543,12,Champions,3,1,5.0,490.0,506.0,204.16,1.740875968010518,206.93016760162442,360.2397558340566,Medium,-72.02999999999997
12422,96.0,17.0,4119.35,3,5,5,355,13,Loyal Customers,1,-1,12.0,626.0,722.0,338.52916666666664,2.7884790609189736,339.79814965814535,947.52002526075,High,-57.00000000000091
12423,1.0,10.0,2612.19,5,5,4,554,14,Champions,1,5,9.0,465.0,466.0,258.1766666666667,3.218786035017466,259.7765003605252,836.1649715861681,Medium,-288.5999999999999
12424,163.0,4.0,3289.78,3,3,5,335,11,Loyal Customers,0,1,2.0,386.0,549.0,1446.7450000000001,0.7197009842023325,1460.1642731382583,1050.881664474688,High,-396.28999999999996
12425,78.0,2.0,1680.81,3,2,4,324,9,Potential Loyalists,3,3,1.0,370.0,449.0,777.2,0.534502311086236,797.1676780791657,426.0879662565627,Medium,-903.6099999999999
12426,195.0,2.0,1311.41,2,2,4,224,8,Hibernating/Lost,0,3,1.0,468.0,663.0,582.73,0.3709099098665105,600.6612120732835,222.79119603041056,Low,-728.6800000000001
12427,22.0,3.0,1011.87,4,3,3,433,10,Loyal Customers,3,0,2.0,350.0,372.0,261.15,1.0451200312592888,268.39390422434616,280.50384557275123,Low,-489.57000000000005
12428,26.0,9.0,7877.2,4,5,5,455,14,Champions,1,1,6.0,258.0,284.0,497.8733333333334,3.3231284928742095,500.68919444957237,1663.8545281496095,High,-4889.959999999999
12429,9.0,8.0,7435.51,5,4,5,545,14,Champions,1,-1,5.0,537.0,547.0,1215.7099999999998,1.626954595547773,1220.581132290855,1985.830082419511,High,-1356.960000000001
12430,43.0,1.0,256.4,4,1,1,411,6,New Customers,3,2,0.0,0.0,44.0,0.0,1.0597190186051295,470.98914615257866,499.1161557344786,Medium,-256.4
12431,36.0,27.0,10719.41,4,5,5,455,14,Champions,1,-1,23.0,658.0,694.0,423.3782608695652,5.517552694951439,424.07831395860194,2339.8744440527466,High,-981.7099999999991
12432,43.0,5.0,5059.32,4,4,5,445,13,Champions,3,1,2.0,130.0,173.0,871.33,1.8692261134998327,881.7521283260764,1648.1941039011576,High,-3316.66
12433,1.0,10.0,20428.86,5,5,5,555,15,Champions,2,-1,7.0,449.0,450.0,2779.31,2.6254898724812885,2785.105626015698,7312.266614894874,High,-973.6900000000023
12434,85.0,3.0,1062.48,3,3,3,333,9,Loyal Customers,3,0,2.0,297.0,382.0,403.07,1.0020724626048632,411.05311816862087,411.9050103846377,Medium,-256.34000000000003
12435,80.0,6.0,13925.93,3,4,5,345,12,Loyal Customers,1,-1,5.0,658.0,738.0,2583.5860000000002,1.2299063989051957,2591.298177395147,3187.054209849662,High,-1008.0
12436,100.0,1.0,509.01,3,1,2,312,6,Potential Loyalists,0,2,0.0,0.0,100.0,0.0,0.7073127495047882,470.98914615257866,333.1366279520929,Medium,-509.01
12437,2.0,39.0,12394.85,5,5,5,555,15,Champions,1,-1,33.0,736.0,738.0,366.8218181818182,7.479066569235619,367.2919007079883,2747.0005757361237,High,-289.7300000000014
12438,14.0,2.0,2906.85,5,2,5,525,12,New Customers,3,-1,1.0,126.0,141.0,2016.78,1.3306532310451482,2049.72840791704,2727.4777287598367,High,-890.0699999999999
12439,683.0,2.0,1104.48,1,2,3,123,6,Hibernating/Lost,0,3,1.0,43.0,726.0,76.52000000000001,0.13795523075138952,89.15024299405482,12.29874234378728,Low,-1027.96
12440,462.0,2.0,768.15,1,2,3,123,6,Hibernating/Lost,0,3,1.0,255.0,718.0,290.69,0.2987014008088428,305.56300498551764,91.27209762453353,Low,-477.46
12441,367.0,1.0,347.1,2,1,2,212,5,Hibernating/Lost,0,2,0.0,0.0,367.0,0.0,0.27481864156018637,470.98914615257866,129.43659733524373,Low,-347.1
12442,3.0,1.0,172.06,5,1,1,511,7,New Customers,3,2,0.0,0.0,4.0,0.0,1.652714350685279,470.98914615257866,778.410520863373,Medium,-172.06
12443,732.0,1.0,485.31,1,1,2,112,4,Hibernating/Lost,0,2,0.0,0.0,733.0,0.0,0.14971720869785526,470.98914615257866,70.51518028895028,Low,-485.31
12444,21.0,5.0,5005.46,4,4,5,445,13,Champions,1,1,4.0,150.0,172.0,783.8149999999999,3.3806187652131334,788.7852018784143,2666.582055192597,High,-1870.2000000000003
12445,22.0,2.0,426.48,4,2,2,422,8,New Customers,3,3,1.0,398.0,421.0,133.4,0.5727062458905077,146.6258833828787,83.97355922258782,Low,-293.08000000000004
12446,58.0,1.0,1002.3100000000001,4,1,3,413,8,New Customers,3,2,0.0,0.0,58.0,0.0,0.9420787360010973,470.98914615257866,443.70885947765737,Medium,-1002.3100000000001
12447,243.0,1.0,476.49,2,1,2,212,5,Hibernating/Lost,0,2,0.0,0.0,244.0,0.0,0.38234906500145155,470.98914615257866,180.08225965727047,Low,-476.49
12448,44.0,1.0,449.45,4,1,2,412,7,New Customers,3,2,0.0,0.0,45.0,0.0,1.0503408506142657,470.98914615257866,494.6991403999862,Medium,-449.45
12449,22.0,6.0,4835.89,4,4,5,445,13,Champions,1,1,5.0,416.0,439.0,831.458,1.966526178749689,835.5310502546074,1643.0936834839074,High,-678.6000000000004
12450,156.0,5.0,666.95,3,4,3,343,10,Loyal Customers,0,1,4.0,318.0,475.0,134.945,1.4150521342307036,138.22971773720278,195.60225709813653,Low,-127.17000000000007
12451,11.0,8.0,12546.53,5,4,5,545,14,Champions,1,-1,6.0,519.0,530.0,1753.1016666666667,1.972422393767153,1758.0893415212777,3467.6947874599164,High,-2027.92
12452,17.0,2.0,428.57,5,2,2,522,9,New Customers,3,3,0.0,0.0,17.0,0.0,1.3976119808794234,470.98914615257866,658.2600735270137,Medium,-428.57
12453,134.0,1.0,707.09,3,1,3,313,7,Potential Loyalists,0,2,0.0,0.0,135.0,0.0,0.5859927140760357,470.98914615257866,275.9962080543042,Low,-707.09
12454,56.0,5.0,4292.71,4,4,5,445,13,Champions,3,1,1.0,1.0,418.0,4098.96,0.22384261463421054,4153.712741686401,929.7779205385193,High,-193.75
12455,73.0,10.0,5879.95,3,5,5,355,13,Loyal Customers,1,1,9.0,648.0,722.0,471.50222222222214,2.150661217379586,473.3479800024802,1018.0111429163019,High,-1636.4300000000003
12456,44.0,3.0,3153.89,4,3,5,435,12,Loyal Customers,3,0,2.0,210.0,255.0,1120.435,1.4056660803601715,1132.1546331850714,1591.431365590867,High,-913.02
12457,66.0,8.0,2472.31,3,4,4,344,11,Loyal Customers,1,1,5.0,354.0,436.0,397.57599999999996,1.938265957244744,400.74788791829906,776.7559885897713,Medium,-484.43000000000006
12458,71.0,4.0,1777.49,3,3,4,334,10,Loyal Customers,3,1,3.0,416.0,488.0,465.6266666666667,1.138115307419458,471.1563691948035,536.2302759687796,Medium,-380.6099999999999
12459,605.0,1.0,454.36,1,1,2,112,4,Hibernating/Lost,0,2,0.0,0.0,606.0,0.0,0.1777894586218378,470.98914615257866,83.7369053112286,Low,-454.36
12460,456.0,1.0,326.65,1,1,2,112,4,Hibernating/Lost,0,2,0.0,0.0,457.0,0.0,0.2279544859007413,470.98914615257866,107.36408867604017,Low,-326.65
12461,94.0,2.0,826.88,3,2,3,323,8,Potential Loyalists,0,3,1.0,60.0,155.0,200.0,1.1514895695398635,213.92331042042562,246.3304606305585,Low,-626.88
12462,19.0,2.0,1124.01,4,2,3,423,9,New Customers,3,3,1.0,285.0,304.0,427.48,0.7515146739671356,443.78545310062344,333.51128009827255,Medium,-696.53
12463,53.0,4.0,1303.63,4,3,4,434,11,Loyal Customers,3,1,3.0,188.0,242.0,331.40333333333336,2.0198853778251484,336.4677606328035,679.6263098117719,Medium,-309.4200000000001
12464,10.0,8.0,1212.05,5,4,4,544,13,Champions,3,1,6.0,299.0,310.0,166.35833333333332,3.1122475804721947,168.60060252820105,524.7268172845479,Medium,-213.9000000000001
12465,17.0,2.0,733.89,5,2,3,523,10,New Customers,3,3,1.0,152.0,170.0,301.25,1.1686707814851907,316.23358801129086,369.5729544330211,Medium,-432.64
12466,682.0,1.0,56.73,1,1,1,111,3,Hibernating/Lost,0,2,0.0,0.0,683.0,0.0,0.15964028714830325,470.98914615257866,75.18884253553182,Low,-56.73
12467,423.0,1.0,0.0,1,1,1,111,3,Hibernating/Lost,0,2,,,,,,,0.0,Low,
12468,188.0,5.0,3624.55,3,4,5,345,12,Loyal Customers,0,1,4.0,495.0,683.0,807.3775,1.0432988117042445,812.4089070814248,847.5852473759945,High,-395.03999999999996
12469,523.0,2.0,3070.54,1,2,5,125,8,Hibernating/Lost,0,3,1.0,14.0,537.0,1113.7,0.172746332891566,1137.1914648379427,196.44565534634282,Low,-1956.84
12470,690.0,1.0,211.95,1,1,1,111,3,Hibernating/Lost,0,2,0.0,0.0,690.0,0.0,0.15817254178903753,470.98914615257866,74.49755040200185,Low,-211.95
12471,2.0,79.0,37948.61,5,5,5,555,15,Champions,2,-1,47.0,730.0,733.0,825.2717021276595,10.661004447376165,825.7028382560881,8802.821630859276,High,839.1599999999962
12472,32.0,19.0,16956.69,4,5,5,455,14,Champions,1,-1,18.0,693.0,726.0,921.8977777777777,4.181440757414018,923.0795859840104,3859.8026031703985,High,-362.52999999999884
12473,29.0,5.0,2848.23,4,4,4,444,12,Champions,3,1,3.0,162.0,192.0,1075.3,2.4315408650635097,1082.9430899141746,2633.2203776644624,High,377.6699999999996
12474,17.0,31.0,11966.45,5,5,5,555,15,Champions,1,6,28.0,649.0,667.0,438.0625,6.961178276987052,438.64293426282654,3053.471665344248,High,299.2999999999993
12475,54.0,2.0,1149.64,4,2,3,423,9,New Customers,3,3,1.0,356.0,410.0,723.38,0.5811595553489685,742.7840816353103,431.6760666034688,Medium,-426.2600000000001
12476,16.0,23.0,13715.62,5,5,5,555,15,Champions,1,-1,16.0,486.0,502.0,804.45125,5.204557846116355,805.7047594295325,4193.337027342263,High,-844.4000000000015
12477,23.0,9.0,20173.64,4,5,5,455,14,Champions,1,-1,8.0,601.0,624.0,2281.8925,2.219884826031159,2286.31753308699,5075.361599188801,High,-1918.5
12478,4.0,1.0,680.99,5,1,3,513,9,New Customers,3,2,0.0,0.0,4.0,0.0,1.652714350685279,470.98914615257866,778.410520863373,Medium,-680.99
12479,11.0,1.0,477.3,5,1,2,512,8,New Customers,3,2,0.0,0.0,12.0,0.0,1.485694288265705,470.98914615257866,699.7458842740274,Medium,-477.3
12480,28.0,7.0,5435.1,4,4,5,445,13,Champions,1,1,6.0,479.0,508.0,835.4916666666667,2.0406513577535392,838.891679777557,1711.8854453462188,High,-422.15000000000055
12481,23.0,15.0,12217.03,4,5,5,455,14,Champions,1,11,12.0,585.0,608.0,782.6491666666667,3.3299441913830696,784.3020289005435,2611.6819854273213,High,-2825.24
12482,576.0,29.0,21893.53,1,5,5,155,11,Can't Lose Them,2,-1,5.0,77.0,654.0,3275.76,0.009524336255085858,3284.9098059185053,31.28658555919667,Low,-5514.729999999998
12483,17.0,19.0,4846.87,5,5,5,555,15,Champions,1,1,16.0,660.0,678.0,300.64875,3.9816061817911956,301.5757302154308,1200.755791703953,High,-36.48999999999978
12484,33.0,12.0,6303.85,4,5,5,455,14,Champions,1,1,11.0,649.0,682.0,527.7136363636364,2.760304812624578,529.2764933624156,1460.9644518373364,High,-499.0
12485,529.0,1.0,708.1,1,1,3,113,5,Hibernating/Lost,0,2,0.0,0.0,530.0,0.0,0.20026608232353524,470.98914615257866,94.32315111688389,Low,-708.1
12486,432.0,1.0,1037.28,1,1,3,113,5,Hibernating/Lost,0,2,0.0,0.0,432.0,0.0,0.2392869734754787,470.98914615257866,112.70156732265045,Low,-1037.28
12487,731.0,1.0,259.79999999999995,1,1,1,111,3,Hibernating/Lost,0,2,0.0,0.0,731.0,0.0,0.15009037186887023,470.98914615257866,70.6909360922422,Low,-259.79999999999995
12488,10.0,3.0,1298.66,5,3,4,534,12,Loyal Customers,3,0,2.0,66.0,76.0,372.635,3.17375777768268,380.4595924048526,1207.4865904888832,High,-553.3900000000001
12489,336.0,1.0,334.93,2,1,2,212,5,Hibernating/Lost,0,2,0.0,0.0,337.0,0.0,0.2950465737286147,470.98914615257866,138.96373383568408,Low,-334.93
12490,5.0,21.0,9818.64,5,5,5,555,15,Champions,1,-1,20.0,733.0,739.0,460.985,4.57687558507142,461.8096121917954,2113.6451389919293,High,-598.9399999999987
12491,39.0,1.0,460.40000000000003,4,1,2,412,7,New Customers,3,2,0.0,0.0,39.0,0.0,1.1092667469559951,470.98914615257866,522.4525980042526,Medium,-460.40000000000003
12492,63.0,3.0,715.21,3,3,3,333,9,Loyal Customers,3,0,2.0,340.0,404.0,131.60500000000002,0.964103128165037,138.17414752753763,133.21412786283634,Low,-452.0
12493,166.0,2.0,416.79,3,2,2,322,7,Potential Loyalists,0,3,1.0,32.0,198.0,201.24,0.8426349040635628,215.17629554845203,181.3150571562227,Low,-215.55
12494,16.0,9.0,1743.52,5,5,4,554,14,Champions,1,1,7.0,561.0,577.0,217.57857142857142,2.1056678299531058,219.57598444006848,462.3540866657359,Medium,-220.47000000000003
12495,641.0,1.0,323.4,1,1,2,112,4,Hibernating/Lost,0,2,0.0,0.0,641.0,0.0,0.16905300937395157,470.98914615257866,79.62213253956132,Low,-323.4
12496,620.0,2.0,54.09,1,2,1,121,4,Hibernating/Lost,0,3,0.0,0.0,621.0,0.0,0.1739370020331218,470.98914615257866,81.92244007191937,Low,-54.09
12497,82.0,3.0,6211.75,3,3,5,335,11,Loyal Customers,3,-1,2.0,563.0,645.0,2518.37,0.6411125607261619,2537.3710103355056,1626.7404259485245,High,-1175.0100000000002
12498,21.0,3.0,403.70000000000005,4,3,2,432,9,Loyal Customers,3,0,1.0,36.0,58.0,156.45,2.1723549741410157,169.91726015788552,369.12060529639564,Medium,-247.25000000000006
12499,560.0,1.0,393.72,1,1,2,112,4,Hibernating/Lost,0,2,0.0,0.0,561.0,0.0,0.1904447166385695,470.98914615257866,89.69739447886964,Low,-393.72
12500,23.0,19.0,5872.31,4,5,5,455,14,Champions,1,1,16.0,650.0,674.0,347.11125000000004,3.9987924920129165,348.06834392786817,1391.8530804061288,High,-318.52999999999975
12501,337.0,1.0,2089.68,2,1,4,214,7,Hibernating/Lost,0,2,0.0,0.0,337.0,0.0,0.2950465737286147,470.98914615257866,138.96373383568408,Low,-2089.68
12502,96.0,5.0,3723.87,3,4,5,345,12,Loyal Customers,3,1,4.0,214.0,310.0,776.655,2.0636466717197797,781.6066032894041,1612.959865472381,High,-617.25
12503,584.0,1.0,0.0,1,1,1,111,3,Hibernating/Lost,0,2,,,,,,,0.0,Low,
12504,18.0,4.0,411.0,5,3,2,532,10,Loyal Customers,3,1,2.0,566.0,597.0,306.0,0.6928583596827367,313.47751291516295,217.1955153958237,Low,201.0
12505,409.0,1.0,908.0,2,1,3,213,6,Hibernating/Lost,0,2,0.0,0.0,409.0,0.0,0.25075733926599547,470.98914615257866,118.1039851123837,Low,-908.0
12506,233.0,1.0,73.5,2,1,1,211,4,Hibernating/Lost,0,2,0.0,0.0,233.0,0.0,0.3962272512063683,470.98914615257866,186.6187347280707,Low,-73.5
12507,134.0,4.0,1797.31,3,3,4,334,10,Loyal Customers,0,1,2.0,450.0,585.0,629.03,0.6892235383753196,638.1900684423548,439.85561712782714,Medium,-539.25
12508,26.0,2.0,398.27,4,2,2,422,8,New Customers,3,3,1.0,3.0,30.0,123.08,2.7382619544036295,136.19781360769122,372.9452912748978,Medium,-275.19
12509,284.0,1.0,176.5,2,1,1,211,4,Hibernating/Lost,0,2,0.0,0.0,285.0,0.0,0.3382144121305506,470.98914615257866,159.29531718586438,Low,-176.5
12510,143.0,9.0,3689.33,3,5,5,355,13,Loyal Customers,1,1,7.0,593.0,736.0,677.4485714285714,1.634573940113656,680.1278218078585,1111.7192134733898,High,1052.8100000000004
12511,429.0,1.0,3065.77,1,1,5,115,7,Hibernating/Lost,0,2,0.0,0.0,429.0,0.0,0.24072315478287643,470.98914615257866,113.37799313034199,Low,-3065.77
12512,66.0,2.0,138.03,3,2,1,321,6,Potential Loyalists,3,3,0.0,0.0,67.0,0.0,0.8794209617072207,470.98914615257866,414.19772786316344,Medium,-138.03
12513,113.0,1.0,586.79,3,1,2,312,6,Potential Loyalists,0,2,0.0,0.0,113.0,0.0,0.6567738122284743,470.98914615257866,309.33333703686316,Medium,-586.79
12514,267.0,2.0,1597.76,2,2,4,224,8,Hibernating/Lost,0,3,1.0,374.0,642.0,1017.68,0.3707936144064487,1040.165955166092,385.6868940985714,Medium,-580.08
12515,353.0,1.0,383.7,2,1,2,212,5,Hibernating/Lost,0,2,0.0,0.0,354.0,0.0,0.2832324711859836,470.98914615257866,133.39941976657124,Low,-383.7
12516,78.0,4.0,2648.62,3,3,4,334,10,Loyal Customers,3,1,3.0,522.0,600.0,653.0533333333334,0.9497681024199603,659.2327364986537,626.1182251974441,Medium,-689.4599999999996
12517,28.0,5.0,2464.89,4,4,4,444,12,Champions,3,1,3.0,162.0,191.0,578.63,2.442132260361959,584.5514202008471,1427.5518811128882,High,-729.0
12518,1.0,5.0,2056.89,5,4,4,544,13,Champions,3,7,4.0,110.0,111.0,433.015,4.572881567258068,437.07397491964446,1998.6875234382571,High,-324.8299999999999
12519,64.0,2.0,695.19,3,2,3,323,8,Potential Loyalists,3,3,1.0,413.0,477.0,340.84,0.5097122771411081,356.23816963916596,181.57896865135965,Low,-354.3500000000001
12520,79.0,5.0,2582.51,3,4,4,344,11,Loyal Customers,3,1,4.0,194.0,274.0,411.71,2.2977970061219346,415.71363372706577,955.2255429821222,High,-935.6700000000003
12521,143.0,1.0,599.68,3,1,2,312,6,Potential Loyalists,0,2,0.0,0.0,143.0,0.0,0.5639106905261188,470.98914615257866,265.5958146372077,Low,-599.68
12522,39.0,2.0,192.72,4,2,1,421,7,New Customers,3,3,1.0,12.0,52.0,103.32,2.2021827384918615,116.23088930946408,255.96165811686004,Low,-89.4
12523,19.0,23.0,4220.85,4,5,5,455,14,Champions,1,1,22.0,713.0,733.0,195.345,5.048862155562902,195.9694203594523,989.4225901004368,High,76.73999999999978
12524,9.0,17.0,11091.36,5,5,5,555,15,Champions,1,-1,15.0,660.0,670.0,704.4806666666666,3.786397056273955,705.7486847145781,2672.244742272494,High,-524.1500000000015
12525,498.0,3.0,835.1800000000001,1,3,3,133,7,At Risk,0,0,2.0,149.0,648.0,203.64999999999998,0.36161338124366943,210.59440590278612,76.15375518950826,Low,-427.8800000000001
12526,1.0,3.0,1316.66,5,3,4,534,12,Loyal Customers,3,8,2.0,94.0,95.0,398.17999999999995,2.82269293832276,406.13764778962206,1146.4018704027824,High,-520.3000000000002
12527,82.0,5.0,735.51,3,4,3,343,10,Loyal Customers,3,1,4.0,448.0,530.0,108.42750000000001,1.3514357017642373,111.6433367198733,150.87879110732302,Low,-301.79999999999995
12528,9.0,6.0,1922.28,5,4,4,544,13,Champions,3,1,5.0,303.0,313.0,287.99,2.6193426270763682,290.93428046791695,762.0565625074065,Medium,-482.3299999999999
12529,528.0,1.0,311.78000000000003,1,1,2,112,4,Hibernating/Lost,0,2,0.0,0.0,529.0,0.0,0.20059981240328728,470.98914615257866,94.48033436219174,Low,-311.78000000000003
12530,60.0,9.0,3689.86,3,5,5,355,13,Loyal Customers,1,1,8.0,583.0,643.0,425.2825,2.1449404300511716,427.2993251908034,916.5315983353373,High,-287.5999999999999
12531,15.0,2.0,1899.05,5,2,4,524,11,New Customers,3,3,1.0,672.0,687.0,125.22,0.37265942570562083,138.3602234254142,51.56124140221625,Low,-1773.83
12532,30.0,1.0,349.83000000000004,4,1,2,412,7,New Customers,3,2,0.0,0.0,31.0,0.0,1.1990808315035197,470.98914615257866,564.7540569977668,Medium,-349.83000000000004
12533,628.0,2.0,1149.99,1,2,3,123,6,Hibernating/Lost,0,3,1.0,111.0,739.0,437.96999999999997,0.20804685567300044,454.38530309497577,94.53343357293298,Low,-712.02
12534,131.0,1.0,1089.18,3,1,3,313,7,Potential Loyalists,0,2,0.0,0.0,131.0,0.0,0.5976986954073057,470.98914615257866,281.5095982063971,Medium,-1089.18
12535,92.0,2.0,716.35,3,2,3,323,8,Potential Loyalists,3,3,1.0,95.0,187.0,344.9,1.0318127648840771,360.340685461575,371.80411896633126,Medium,-371.45000000000005
12536,43.0,3.0,4106.82,4,3,5,435,12,Loyal Customers,3,-1,1.0,16.0,60.0,8322.12,2.058491767986784,8421.097155618636,17334.759172257884,High,4215.300000000001
12537,409.0,1.0,732.94,2,1,3,213,6,Hibernating/Lost,0,2,0.0,0.0,409.0,0.0,0.25075733926599547,470.98914615257866,118.1039851123837,Low,-732.94
12538,29.0,2.0,640.45,4,2,3,423,9,New Customers,3,3,1.0,349.0,379.0,363.95,0.6248306573523222,379.59017472681927,237.17957839904133,Low,-276.50000000000006
12539,22.0,7.0,9498.9,4,4,5,445,13,Champions,1,-1,4.0,694.0,717.0,1087.46,1.0456701733350615,1093.2189405041147,1143.1464390101098,High,-5149.0599999999995
12540,20.0,33.0,22107.29,4,5,5,455,14,Champions,2,-1,30.0,713.0,733.0,726.1963333333333,6.834837183209042,726.8376274296859,4967.816842111857,High,-321.40000000000146
12541,30.0,3.0,981.18,4,3,3,433,10,Loyal Customers,3,0,2.0,251.0,281.0,334.39,1.310918377558596,342.0153869560167,448.3542561684568,Medium,-312.4
12542,484.0,2.0,423.38,1,2,2,122,5,Hibernating/Lost,0,3,1.0,156.0,641.0,117.09,0.2951259396489045,130.14508706182176,38.409191109808624,Low,-306.28999999999996
12543,448.0,1.0,980.25,1,1,3,113,5,Hibernating/Lost,0,2,0.0,0.0,449.0,0.0,0.23146213983750413,470.98914615257866,109.01615560871483,Low,-980.25
12544,36.0,1.0,355.7,4,1,2,412,7,New Customers,3,2,0.0,0.0,37.0,0.0,1.130421845773504,470.98914615257866,532.4164199330846,Medium,-355.7
12545,75.0,2.0,1000.39,3,2,3,323,8,Potential Loyalists,3,3,1.0,184.0,260.0,372.24,0.8293366189830024,387.96698659080226,321.75522893623975,Medium,-628.15
12546,47.0,2.0,1141.5,4,2,3,423,9,New Customers,3,3,1.0,31.0,78.0,401.3,1.8169717469901412,417.3312993492274,758.2791800522313,Medium,-740.2
12547,198.0,3.0,383.58,2,3,2,232,7,At Risk,0,0,2.0,303.0,501.0,103.9,0.7591583644462542,110.32484142321029,83.75402617263667,Low,-175.77999999999997
12548,166.0,1.0,95.19999999999999,3,1,1,311,5,Potential Loyalists,0,2,0.0,0.0,167.0,0.0,0.5066712476672819,470.98914615257866,238.6366583188748,Low,-95.19999999999999
12549,576.0,6.0,1575.68,1,4,4,144,9,Can't Lose Them,0,1,4.0,122.0,698.0,254.315,0.07861010846862426,257.9097894648777,20.27431652495408,Low,-558.4200000000001
12550,79.0,1.0,964.83,3,1,3,313,7,Potential Loyalists,0,2,0.0,0.0,80.0,0.0,0.8024299461987893,470.98914615257866,377.93579520742736,Medium,-964.83
12551,358.0,1.0,168.0,2,1,1,211,4,Hibernating/Lost,0,2,0.0,0.0,358.0,0.0,0.2805891408857014,470.98914615257866,132.15443988544212,Low,-168.0
12552,39.0,2.0,437.82,4,2,2,422,8,New Customers,3,3,1.0,1.0,40.0,120.0,2.4254536285213746,133.08556022517402,322.79285495194824,Medium,-317.82
12553,8.0,12.0,4548.82,5,5,5,555,15,Champions,1,1,10.0,415.0,424.0,406.446,3.851421920440798,408.0395005151672,1571.5322766898294,High,-484.3599999999997
12554,449.0,1.0,468.5,1,1,2,112,4,Hibernating/Lost,0,2,0.0,0.0,449.0,0.0,0.23146213983750413,470.98914615257866,109.01615560871483,Low,-468.5
12555,682.0,1.0,129.23,1,1,1,111,3,Hibernating/Lost,0,2,0.0,0.0,683.0,0.0,0.15964028714830325,470.98914615257866,75.18884253553182,Low,-129.23
12556,50.0,2.0,603.71,4,2,3,423,9,New Customers,3,3,1.0,101.0,152.0,290.81,1.2337201287710506,305.68426161081055,377.12882659777273,Medium,-312.90000000000003
12557,16.0,8.0,18716.14,5,4,5,545,14,Champions,1,-1,7.0,706.0,723.0,2394.785714285714,1.718554771559687,2400.01121607756,4124.550727186858,High,-1952.6399999999994
12558,8.0,1.0,1.0658141036401503e-14,5,1,1,511,7,New Customers,3,2,,,,,,,0.0,Low,
12559,311.0,2.0,536.21,2,2,2,222,6,Hibernating/Lost,0,3,1.0,9.0,320.0,75.60000000000001,0.38765962944843285,88.22060886680943,34.19956854302247,Low,-460.61
12560,5.0,3.0,2101.39,5,3,4,534,12,Loyal Customers,3,0,2.0,138.0,144.0,420.85,2.167258434747196,428.92572825831377,929.5929024479142,High,-1259.6899999999998
12561,303.0,1.0,238.85,2,1,1,211,4,Hibernating/Lost,0,2,0.0,0.0,303.0,0.0,0.32190807738873656,470.98914615257866,151.61521050893924,Low,-238.85
12562,8.0,9.0,4966.92,5,5,5,555,15,Champions,1,1,8.0,427.0,436.0,567.615,3.049726912115728,569.8164446048883,1737.7845460776286,High,-426.0
12563,409.0,1.0,249.24,2,1,1,211,4,Hibernating/Lost,0,2,0.0,0.0,409.0,0.0,0.25075733926599547,470.98914615257866,118.1039851123837,Low,-249.24
12564,261.0,1.0,456.9,2,1,2,212,5,Hibernating/Lost,0,2,0.0,0.0,262.0,0.0,0.36162777054291173,470.98914615257866,170.32275487306663,Low,-456.9
12565,289.0,1.0,131.17,2,1,1,211,4,Hibernating/Lost,0,2,0.0,0.0,289.0,0.0,0.3344492703279168,470.98914615257866,157.5219762630985,Low,-131.17
12566,86.0,1.0,346.7,3,1,2,312,6,Potential Loyalists,0,2,0.0,0.0,87.0,0.0,0.7663403858190339,470.98914615257866,360.93800397914447,Medium,-346.7
12567,23.0,15.0,13393.82,4,5,5,455,14,Champions,1,-1,13.0,644.0,667.0,992.4030769230769,3.3076683201164947,994.0960397183621,3288.139977729695,High,-492.5799999999999
12568,645.0,1.0,70.0,1,1,1,111,3,Hibernating/Lost,0,2,0.0,0.0,645.0,0.0,0.16810896609976136,470.98914615257866,79.1774984039194,Low,-70.0
12569,2.0,32.0,4064.9900000000002,5,5,5,555,15,Champions,1,-1,25.0,250.0,253.0,151.0404,14.258883657093829,151.5714854562512,2161.240176853575,High,-288.98
12570,682.0,1.0,77.52,1,1,1,111,3,Hibernating/Lost,0,2,0.0,0.0,683.0,0.0,0.15964028714830325,470.98914615257866,75.18884253553182,Low,-77.52
12571,40.0,2.0,519.61,4,2,2,422,8,New Customers,3,3,1.0,82.0,122.0,271.26,1.4332573174666576,285.9295364068459,409.81060033496095,Medium,-248.35000000000002
12572,9.0,2.0,1004.72,5,2,3,523,10,New Customers,3,3,1.0,43.0,52.0,487.68,2.313782333191788,504.61586012255026,1167.5712621999353,High,-517.04
12573,227.0,5.0,717.41,2,4,3,243,9,Can't Lose Them,0,1,4.0,238.0,466.0,141.34750000000003,1.257133780944767,144.64884866822766,181.84295403559645,Low,-152.01999999999987
12574,316.0,1.0,218.45,2,1,1,211,4,Hibernating/Lost,0,2,0.0,0.0,316.0,0.0,0.3110782108246574,470.98914615257866,146.51446090297725,Low,-218.45
12575,457.0,2.0,622.8199999999999,1,2,3,123,6,Hibernating/Lost,0,3,1.0,69.0,527.0,281.02,0.2884484504216354,295.7917419306666,85.32066960741706,Low,-341.79999999999995
12576,36.0,8.0,2083.87,4,4,4,444,12,Champions,1,1,7.0,491.0,527.0,252.56714285714287,2.2725809090136737,254.61643251953166,578.6364436650559,Medium,-315.89999999999986
12577,35.0,8.0,1591.35,4,4,4,444,12,Champions,3,1,4.0,701.0,737.0,360.79999999999995,1.0181681186024603,364.67139152503904,371.29678461719016,Medium,-148.1500000000001
12578,21.0,4.0,4572.45,4,3,5,435,12,Loyal Customers,3,1,3.0,422.0,444.0,1210.1966666666667,1.2494077081511008,1218.3073658695619,1522.162613814694,High,-941.8599999999997
12579,78.0,1.0,410.72,3,1,2,312,6,Potential Loyalists,0,2,0.0,0.0,79.0,0.0,0.8078670417070272,470.98914615257866,380.49660817840237,Medium,-410.72
12580,247.0,2.0,1052.9,2,2,3,223,7,Hibernating/Lost,0,3,1.0,330.0,577.0,415.7,0.4072479135956337,431.88209438437264,175.88308185734832,Low,-637.2
12581,40.0,1.0,197.71,4,1,1,411,6,New Customers,3,2,0.0,0.0,40.0,0.0,1.0989862711322556,470.98914615257866,517.6106054739873,Medium,-197.71
12582,239.0,4.0,1980.4,2,3,4,234,9,At Risk,0,1,3.0,339.0,578.0,381.09666666666664,0.9020062353781952,386.3333522200162,348.4750926370151,Medium,-837.1100000000001
12583,3.0,27.0,14344.9,5,5,5,555,15,Champions,1,-1,26.0,731.0,734.0,524.2307692307693,5.949294252577984,524.8902296378575,3122.726426418844,High,-714.8999999999978
12584,4.0,9.0,1893.95,5,5,4,554,14,Champions,1,1,8.0,277.0,281.0,234.315,4.40120031022192,236.0841213427066,1039.0535080919897,High,-19.430000000000064
12585,234.0,2.0,1982.81,2,2,4,224,8,Hibernating/Lost,0,3,1.0,117.0,352.0,777.25,0.5700806822375513,797.2182016730377,454.4786963019591,Medium,-1205.56
12586,17.0,4.0,2028.67,5,3,4,534,12,Loyal Customers,3,1,3.0,706.0,724.0,546.7733333333333,0.8104852886700082,552.5843247622241,447.8614659694328,Medium,-388.35000000000014
12587,8.0,1.0,144.0,5,1,1,511,7,New Customers,3,2,0.0,0.0,8.0,0.0,1.5647000965030486,470.98914615257866,736.9567624368283,Medium,-144.0
12588,39.0,4.0,938.98,4,3,3,433,10,Loyal Customers,3,1,2.0,558.0,598.0,314.94,0.6908265852003548,322.4640783933325,222.7667581262454,Low,-309.1
12589,29.0,8.0,3094.17,4,4,5,445,13,Champions,1,1,4.0,661.0,690.0,604.98,1.08184202128977,609.4856657519275,659.3672045842063,Medium,-674.25
12590,211.0,2.0,9853.48,2,2,5,225,9,Hibernating/Lost,0,-1,0.0,0.0,212.0,0.0,0.42573827237933004,470.98914615257866,200.5181053924146,Low,-9853.48
12591,317.0,3.0,1352.15,2,3,4,234,9,At Risk,0,0,2.0,91.0,409.0,327.0,0.6015746214600015,334.5868949108632,201.27898465147982,Low,-698.1500000000001
12592,92.0,5.0,1152.62,3,4,3,343,10,Loyal Customers,3,1,2.0,427.0,520.0,218.8,0.7718763487594118,225.82331719968414,174.30767754483068,Low,-715.0199999999999
12593,109.0,3.0,418.09999999999997,3,3,2,332,8,Loyal Customers,0,0,2.0,110.0,219.0,91.05,1.4781941800925416,97.40791005917468,143.98780574444976,Low,-235.99999999999997
12594,38.0,15.0,5044.51,4,5,5,455,14,Champions,1,1,13.0,609.0,647.0,379.69,3.3890349667867383,380.8941298519194,1290.8635247119632,High,-108.53999999999996
12595,505.0,1.0,299.02,1,1,2,112,4,Hibernating/Lost,0,2,0.0,0.0,505.0,0.0,0.2089573196770195,470.98914615257866,98.41662957701084,Low,-299.02
12596,51.0,2.0,618.27,4,2,3,423,9,New Customers,3,3,1.0,191.0,243.0,348.32,0.8843275610160105,363.796499282422,321.7152709165871,Medium,-269.95
12597,19.0,4.0,3683.13,4,3,5,435,12,Loyal Customers,3,1,3.0,249.0,269.0,1098.3566666666666,1.8917173684313744,1106.0796808055584,2092.3901430489054,High,-388.0600000000004
12598,10.0,11.0,4414.67,5,5,5,555,15,Champions,1,1,8.0,639.0,649.0,485.5475,2.1468194987609217,487.64249489195964,1046.8804164584822,High,-530.29
12599,29.0,13.0,2296.72,4,5,4,454,13,Champions,1,1,12.0,548.0,578.0,149.77,3.4782246504170957,150.87582725452543,524.7800215087618,Medium,-499.47999999999956
12600,29.0,21.0,4955.79,4,5,5,455,14,Champions,1,1,20.0,704.0,733.0,237.901,4.594337322305685,238.6099573436722,1096.2546324978005,High,-197.76999999999953
12601,190.0,6.0,673.76,2,4,3,243,9,Can't Lose Them,0,1,5.0,215.0,405.0,115.41199999999999,1.6854705329901887,117.99784016922871,198.881882561721,Low,-96.70000000000005
12602,59.0,1.0,153.12,3,1,1,311,5,Potential Loyalists,3,2,0.0,0.0,59.0,0.0,0.9346755101752721,470.98914615257866,440.22202046717723,Medium,-153.12
12603,22.0,1.0,739.1999999999999,4,1,3,413,8,New Customers,3,2,0.0,0.0,22.0,0.0,1.319497517373435,470.98914615257866,621.4690090581614,Medium,-739.1999999999999
12604,79.0,2.0,254.18,3,2,1,321,6,Potential Loyalists,3,3,1.0,182.0,262.0,75.68,0.822598749452949,88.30144661700467,72.63665956203438,Low,-178.5
12605,376.0,4.0,1217.95,2,3,4,234,9,At Risk,0,1,3.0,82.0,459.0,325.32,0.3540514049402607,330.3633398757158,116.96560462375403,Low,-241.99
12606,682.0,1.0,21.0,1,1,1,111,3,Hibernating/Lost,0,2,0.0,0.0,683.0,0.0,0.15964028714830325,470.98914615257866,75.18884253553182,Low,-21.0
12607,60.0,1.0,3.552713678800501e-15,3,1,1,311,5,Potential Loyalists,3,2,,,,,,,0.0,Low,
12608,405.0,1.0,415.79,2,1,2,212,5,Hibernating/Lost,0,2,0.0,0.0,405.0,0.0,0.25286556030762813,470.98914615257866,119.09693434068316,Low,-415.79
12609,78.0,9.0,3417.86,3,5,5,355,13,Loyal Customers,1,1,8.0,641.0,720.0,388.15749999999997,1.929755463281999,390.126170371996,752.8481086446433,Medium,-312.60000000000036
12610,23.0,5.0,2057.99,4,4,4,444,12,Champions,3,1,4.0,104.0,127.0,288.1975,4.140936102604283,291.8803015727184,1208.6576784214953,High,-905.1999999999998
12611,52.0,1.0,1193.32,4,1,3,413,8,New Customers,3,2,0.0,0.0,53.0,0.0,0.9809434483406048,470.98914615257866,462.0137171579076,Medium,-1193.32
12612,74.0,1.0,643.59,3,1,3,313,7,Potential Loyalists,0,2,0.0,0.0,75.0,0.0,0.8303785825312143,470.98914615257866,391.0992995697652,Medium,-643.59
12613,57.0,10.0,6591.52,4,5,5,455,14,Champions,1,1,7.0,668.0,726.0,783.4657142857143,1.7013612794308914,786.3021535436548,1337.7840379722977,High,-1107.2600000000002
12614,278.0,1.0,315.6,2,1,2,212,5,Hibernating/Lost,0,2,0.0,0.0,278.0,0.0,0.3450120167350719,470.98914615257866,162.4969151744307,Low,-315.6
12615,2.0,8.0,5564.88,5,4,5,545,14,Champions,1,-1,6.0,629.0,632.0,764.25,1.6878966523780978,767.5267497760035,1295.5058315575582,High,-979.3800000000001
12616,95.0,3.0,1045.35,3,3,3,333,9,Loyal Customers,3,0,2.0,293.0,389.0,356.65,0.9827063511004479,364.3913318714589,358.0896761160337,Medium,-332.04999999999995
12617,29.0,1.0,355.53,4,1,2,412,7,New Customers,3,2,0.0,0.0,30.0,0.0,1.2113523663161674,470.98914615257866,570.5338167011573,Medium,-355.53
12618,22.0,1.0,177.31,4,1,1,411,6,New Customers,3,2,0.0,0.0,22.0,0.0,1.319497517373435,470.98914615257866,621.4690090581614,Medium,-177.31
12619,16.0,10.0,3354.95,5,5,5,555,15,Champions,1,1,8.0,544.0,561.0,406.445,2.443156079702515,408.43739107903815,997.8762951925858,High,-103.38999999999987
12620,15.0,3.0,1339.41,5,3,4,534,12,Loyal Customers,3,0,2.0,190.0,205.0,388.875,1.6800446419114505,396.784181148194,666.6151375332457,Medium,-561.6600000000001
12621,2.0,35.0,24579.31,5,5,5,555,15,Champions,2,-1,31.0,667.0,669.0,790.3667741935484,7.6904283905833095,791.008833929001,6083.196793649787,High,-77.94000000000233
12622,232.0,1.0,180.1,2,1,1,211,4,Hibernating/Lost,0,2,0.0,0.0,233.0,0.0,0.3962272512063683,470.98914615257866,186.6187347280707,Low,-180.1
12623,276.0,7.0,3639.84,2,4,5,245,11,Can't Lose Them,0,1,6.0,420.0,697.0,361.3533333333333,1.2539726968698233,363.9329856231071,456.3620274616942,Medium,-1471.7200000000003
12624,106.0,2.0,641.13,3,2,3,323,8,Potential Loyalists,0,3,1.0,71.0,178.0,341.19,1.0407149508810691,356.59183479627023,371.1104538345907,Medium,-299.94
12625,212.0,4.0,5095.38,2,3,5,235,10,At Risk,0,-1,3.0,385.0,597.0,1398.3966666666665,0.902219310930475,1407.1597472093813,1269.5666974963494,High,-900.1900000000005
12626,23.0,9.0,6388.35,4,5,5,455,14,Champions,1,1,8.0,303.0,327.0,690.56,3.8684261770986406,692.9209165024847,2680.5134120573935,High,-863.8700000000008
12627,11.0,7.0,4478.53,5,4,5,545,14,Champions,1,1,6.0,130.0,141.0,618.4183333333334,5.602853723851686,621.4427631060788,3481.852899429575,High,-768.0199999999995
12628,4.0,3.0,769.61,5,3,3,533,11,Loyal Customers,3,0,2.0,60.0,65.0,226.41,3.4483368321364267,233.4729551514593,805.0933905565132,Medium,-316.79
12629,386.0,2.0,1558.22,2,2,4,224,8,Hibernating/Lost,0,3,1.0,38.0,424.0,853.86,0.33006843882918413,874.6304522037656,288.68790791136024,Medium,-704.36
12630,10.0,2.0,1270.88,5,2,4,524,11,New Customers,3,3,1.0,34.0,44.0,569.09,2.474885143911783,586.8783756649932,1452.45657321637,High,-701.7900000000001
12631,57.0,6.0,3452.27,4,4,5,445,13,Champions,3,1,4.0,636.0,694.0,685.8475,1.0715225216920592,690.5632246062271,739.9540478178643,Medium,-708.8800000000001
12632,521.0,2.0,738.88,1,2,3,123,6,Hibernating/Lost,0,3,1.0,44.0,565.0,410.56,0.21812804119148715,426.68826893432777,93.0726763020314,Low,-328.32
12633,59.0,7.0,5595.21,3,4,5,345,12,Loyal Customers,1,1,6.0,467.0,526.0,576.9616666666667,1.9648933844103194,579.9143675309555,1139.4699042860689,High,-2133.4399999999996
12634,536.0,2.0,490.0,1,2,2,122,5,Hibernating/Lost,0,3,1.0,13.0,549.0,130.0,0.16343760764902415,143.1902789995805,23.40267663828774,Low,-360.0
12635,90.0,4.0,2930.41,3,3,5,335,11,Loyal Customers,3,1,3.0,367.0,457.0,733.0266666666666,1.1960564845334074,739.4832914597757,884.4637859545725,High,-731.3299999999999
12636,739.0,1.0,141.0,1,1,1,111,3,Hibernating/Lost,0,2,0.0,0.0,739.0,0.0,0.1486087772250233,470.98914615257866,69.9931210959925,Low,-141.0
12637,67.0,12.0,8271.66,3,5,5,355,13,Loyal Customers,1,-1,10.0,476.0,544.0,764.2470000000001,3.0466795058232563,766.2116870195579,2334.40144396475,High,-629.1899999999987
12638,33.0,2.0,921.49,4,2,3,423,9,New Customers,3,3,1.0,606.0,640.0,671.69,0.39611741019412583,690.5527902904033,273.53998289216185,Low,-249.79999999999995
12639,239.0,3.0,1312.37,2,3,4,234,9,At Risk,0,0,2.0,389.0,628.0,529.395,0.6223150132013718,538.0361029594221,334.82794451600745,Medium,-253.57999999999993
12640,24.0,3.0,1174.58,4,3,3,433,10,Loyal Customers,3,0,2.0,58.0,82.0,204.995,3.0081236358809447,211.94641155917742,637.5610101513118,Medium,-764.5899999999999
12641,115.0,1.0,185.9,3,1,1,311,5,Potential Loyalists,0,2,0.0,0.0,116.0,0.0,0.6461255449034196,470.98914615257866,304.3181187014312,Medium,-185.9
12642,25.0,3.0,1013.26,4,3,3,433,10,Loyal Customers,3,0,2.0,82.0,108.0,323.40500000000003,2.569887776542284,330.9731697549326,850.5639033166556,High,-366.44999999999993
12643,128.0,12.0,7880.9,3,5,5,355,13,Loyal Customers,1,-1,10.0,483.0,612.0,613.722,2.629126919280615,615.5305308082185,1618.307888186973,High,-1743.6800000000003
12644,130.0,4.0,1815.54,3,3,4,334,10,Loyal Customers,0,1,3.0,565.0,695.0,415.52000000000004,0.8242388186471215,420.8760114849174,346.90234650324066,Medium,-568.9799999999998
12645,34.0,8.0,3499.1,4,4,5,445,13,Champions,1,1,7.0,635.0,669.0,452.2357142857143,1.8392558045767906,454.5810473803193,836.0908300448493,Medium,-333.4499999999998
12646,5.0,2.0,1346.97,5,2,4,524,11,New Customers,3,3,1.0,45.0,50.0,615.28,2.362101580156796,633.5520716839765,1496.5143496363326,High,-731.69
12647,22.0,36.0,17682.79,4,5,5,455,14,Champions,2,-1,31.0,673.0,696.0,533.5787096774193,7.391676163757851,534.1348960106931,3948.1521790735187,High,-1141.8500000000022
12648,155.0,4.0,1097.0,3,3,3,333,9,Loyal Customers,0,1,3.0,547.0,702.0,302.0833333333333,0.8113407354585968,307.04612502768384,249.11902889967325,Low,-190.75
12649,107.0,8.0,2238.7,3,4,4,344,11,Loyal Customers,3,1,6.0,589.0,697.0,331.39166666666665,1.5133169034859373,333.91947885885565,505.32599176032136,Medium,-250.3499999999999
12650,3.0,1.0,314.44,5,1,2,512,8,New Customers,3,2,0.0,0.0,4.0,0.0,1.652714350685279,470.98914615257866,778.410520863373,Medium,-314.44
12651,335.0,4.0,365.3,2,3,2,232,7,At Risk,0,1,3.0,131.0,466.0,92.91666666666667,0.6425902520124497,97.15439762644961,62.430468854897995,Low,-86.55000000000001
12652,331.0,2.0,1011.58,2,2,3,223,7,Hibernating/Lost,0,3,1.0,103.0,435.0,919.98,0.429641756940683,941.442852740141,404.4831613105229,Medium,-91.60000000000002
12653,149.0,3.0,4160.83,3,3,5,335,11,Loyal Customers,0,-1,2.0,378.0,527.0,1104.925,0.7488154048659132,1116.563846768247,836.1002089764064,Medium,-1950.98
12654,11.0,5.0,601.98,5,4,3,543,12,Champions,3,1,3.0,285.0,296.0,145.12666666666667,1.7573051920366964,149.54537971864931,262.79687222468175,Low,-166.60000000000002
12655,424.0,1.0,261.35,1,1,1,111,3,Hibernating/Lost,0,2,0.0,0.0,424.0,0.0,0.2431555443037791,470.98914615257866,114.52362219390243,Low,-261.35
12656,17.0,8.0,6320.78,5,4,5,545,14,Champions,1,1,7.0,545.0,563.0,780.4042857142857,2.151440024671751,783.2361858711785,1685.0856790544963,High,-857.9499999999998
12657,11.0,4.0,1152.06,5,3,3,533,11,Loyal Customers,3,1,2.0,67.0,79.0,266.81,3.104492017806503,274.0833852765206,850.8896818043426,High,-618.4399999999999
12658,19.0,1.0,686.05,4,1,3,413,8,New Customers,3,2,0.0,0.0,19.0,0.0,1.3652688327800393,470.98914615257866,643.0268018197984,Medium,-686.05
12659,30.0,1.0,91.68,4,1,1,411,6,New Customers,3,2,0.0,0.0,30.0,0.0,1.2113523663161674,470.98914615257866,570.5338167011573,Medium,-91.68
12660,11.0,1.0,245.1,5,1,1,511,7,New Customers,3,2,0.0,0.0,12.0,0.0,1.485694288265705,470.98914615257866,699.7458842740274,Medium,-245.1
12661,436.0,1.0,162.0,1,1,1,111,3,Hibernating/Lost,0,2,0.0,0.0,437.0,0.0,0.23693109732714998,470.98914615257866,111.59197522710788,Low,-162.0
12662,1.0,20.0,6949.17,5,5,5,555,15,Champions,1,9,18.0,617.0,618.0,361.75888888888886,4.861587161788646,362.61801590235314,1762.899090744151,High,-437.5100000000002
12663,625.0,2.0,204.0,1,2,1,121,4,Hibernating/Lost,0,3,1.0,44.0,669.0,85.65,0.16206103618983075,98.37585123508791,15.942892387214988,Low,-118.35
12664,8.0,11.0,6052.04,5,5,5,555,15,Champions,1,1,10.0,718.0,727.0,552.096,2.388426691818288,553.840599350454,1322.8076705012627,High,-531.0799999999999
12665,325.0,3.0,301.45,2,3,2,232,7,At Risk,0,0,2.0,345.0,670.0,72.4,0.5585262884743951,78.66076842966001,43.93410703956188,Low,-156.64999999999998
12666,394.0,1.0,1020.98,2,1,3,213,6,Hibernating/Lost,0,2,0.0,0.0,395.0,0.0,0.2582947889087922,470.98914615257866,121.65404208381258,Low,-1020.98
12667,58.0,1.0,620.13,4,1,3,413,8,New Customers,3,2,0.0,0.0,59.0,0.0,0.9346755101752721,470.98914615257866,440.22202046717723,Medium,-620.13
12668,12.0,10.0,11380.710000000001,5,5,5,555,15,Champions,1,-1,9.0,666.0,678.0,1076.548888888889,2.3034876907646353,1079.0921512336686,2485.675487567486,High,-1691.7700000000004
12669,151.0,3.0,1607.73,3,3,4,334,10,Loyal Customers,0,0,1.0,106.0,257.0,471.43,0.7789282868871533,488.1956921141398,380.26943412415505,Medium,-1136.3
12670,10.0,7.0,3750.39,5,4,5,545,14,Champions,1,1,6.0,656.0,667.0,589.115,1.6062639062061064,592.0887287327645,951.0507542348979,High,-215.69999999999982
12671,606.0,1.0,2622.481,1,1,4,114,6,Hibernating/Lost,0,2,0.0,0.0,607.0,0.0,0.1775273221803609,470.98914615257866,83.61344189248192,Low,-2622.481
12672,330.0,2.0,410.5,2,2,2,222,6,Hibernating/Lost,0,3,1.0,266.0,596.0,225.89999999999998,0.376763026666418,240.09453204613828,90.45874257976034,Low,-184.60000000000002
12673,5.0,3.0,1230.02,5,3,4,534,12,Loyal Customers,3,0,2.0,396.0,402.0,305.26,0.9822915318806541,312.73365850198115,307.1956244805524,Medium,-619.5
12674,39.0,4.0,1919.31,4,3,4,434,11,Loyal Customers,3,1,3.0,169.0,208.0,461.2866666666667,2.2816212500609705,466.80132490673327,1065.063822463818,High,-535.4499999999998
12675,554.0,2.0,934.8,1,2,3,123,6,Hibernating/Lost,0,3,0.0,0.0,579.0,0.0,0.18517220601708279,470.98914615257866,87.21409920317521,Low,-934.8
12676,25.0,11.0,2773.09,4,5,4,454,13,Champions,1,1,8.0,459.0,484.0,284.8825,2.7770931999977284,286.71721242149556,796.2404209380395,Medium,-494.0300000000002
12677,555.0,2.0,389.3,1,2,2,122,5,Hibernating/Lost,0,3,1.0,111.0,667.0,204.4,0.24389875923041804,218.36938668116446,53.260022465443384,Low,-184.9
12678,42.0,21.0,33851.13,4,5,5,455,14,Champions,2,-1,17.0,659.0,702.0,1891.2282352941177,4.068515558314944,1893.0708770894016,7701.988316431148,High,-1700.2499999999964
12679,59.0,4.0,1058.67,3,3,3,333,9,Loyal Customers,3,1,3.0,225.0,284.0,106.32000000000001,1.7822408669451393,110.60419262055898,197.1233121438322,Low,-739.71
12680,1.0,4.0,880.81,5,3,3,533,11,Loyal Customers,3,7,3.0,113.0,114.0,189.67666666666665,3.513990082218689,194.24980898904764,682.5919022603881,Medium,-311.78
12681,15.0,45.0,30551.76,5,5,5,555,15,Champions,2,-1,42.0,712.0,727.0,710.8033333333333,9.59421246209553,711.2575562167232,6823.956109614098,High,-698.0200000000004
12682,4.0,52.0,23945.81,5,5,5,555,15,Champions,2,-1,47.0,735.0,739.0,502.2895744680851,10.580719879371362,502.64947833643936,5318.393327790009,High,-338.2000000000007
12683,4.0,21.0,12418.6,5,5,5,555,15,Champions,1,-1,16.0,722.0,727.0,777.405,3.7435987534489095,778.6409799596373,2914.9194019611355,High,19.8799999999992
12684,8.0,7.0,2283.63,5,4,4,544,13,Champions,1,1,6.0,206.0,214.0,299.0883333333333,4.167630319614745,301.5602538432957,1256.7916571080382,High,-489.10000000000036
12685,28.0,6.0,2863.08,4,4,4,444,12,Champions,3,1,5.0,65.0,94.0,462.76800000000003,5.9761612693931205,466.07529011297095,2785.3410973942996,High,-549.2399999999998
12686,372.0,1.0,178.28,2,1,1,211,4,Hibernating/Lost,0,2,0.0,0.0,372.0,0.0,0.2717143821262589,470.98914615257866,127.97452483502217,Low,-178.28
12687,481.0,2.0,2138.91,1,2,4,124,7,Hibernating/Lost,0,3,0.0,0.0,481.0,0.0,0.2180423946858452,470.98914615257866,102.69560129814978,Low,-2138.91
12688,114.0,1.0,4873.8099999999995,3,1,5,315,9,Potential Loyalists,0,-1,0.0,0.0,114.0,0.0,0.6531853826149943,470.98914615257866,307.64322563718156,Medium,-4873.8099999999995
12689,26.0,2.0,1247.61,4,2,4,424,10,New Customers,3,3,1.0,102.0,128.0,736.5799999999999,1.40723818926248,756.1223104175267,1064.044190972923,High,-511.03
12690,206.0,1.0,389.01,2,1,2,212,5,Hibernating/Lost,0,2,0.0,0.0,206.0,0.0,0.4349978680294209,470.98914615257866,204.87927444136906,Low,-389.01
12691,28.0,7.0,1170.4,4,4,3,443,11,Champions,3,1,6.0,392.0,421.0,172.63333333333333,2.3997340507077816,174.88645962156517,419.68099216160147,Medium,-134.60000000000014
12692,637.0,1.0,110.95,1,1,1,111,3,Hibernating/Lost,0,2,0.0,0.0,638.0,0.0,0.16976803504368818,470.98914615257866,79.95890186922774,Low,-110.95
12693,127.0,7.0,1640.42,3,4,4,344,11,Loyal Customers,3,1,6.0,395.0,523.0,187.27833333333334,1.9043010240969627,189.55679860679504,360.9732057114615,Medium,-516.75
12694,70.0,3.0,1839.45,3,3,4,334,10,Loyal Customers,3,0,2.0,351.0,422.0,434.83500000000004,0.9275233942651329,442.9835714587836,410.877625803142,Medium,-969.78
12695,7.0,7.0,1407.1200000000001,5,4,4,544,13,Champions,3,1,6.0,658.0,666.0,152.24333333333334,1.6090248038796242,154.4611805564346,248.53187075183243,Low,-493.6600000000001
12696,435.0,2.0,801.15,1,2,3,123,6,Hibernating/Lost,0,3,1.0,74.0,509.0,534.76,0.3116260317576994,552.1888761124558,172.07642824366846,Low,-266.39
12697,29.0,3.0,939.02,4,3,3,433,10,Loyal Customers,3,0,2.0,141.0,170.0,283.54499999999996,1.9099811370286979,290.90555230976065,555.624117568558,Medium,-371.93000000000006
12698,590.0,1.0,339.75,1,1,2,112,4,Hibernating/Lost,0,2,0.0,0.0,591.0,0.0,0.18181659285528617,470.98914615257866,85.63364182528227,Low,-339.75
12699,418.0,1.0,638.11,1,1,3,113,5,Hibernating/Lost,0,2,0.0,0.0,418.0,0.0,0.2461401922075257,470.98914615257866,115.92935896165412,Low,-638.11
12700,8.0,4.0,4867.99,5,3,5,535,13,Loyal Customers,3,-1,3.0,208.0,216.0,1282.52,2.2505095822268695,1290.8814026731407,2905.140966234365,High,-1020.4299999999998
12701,80.0,6.0,2446.41,3,4,4,344,11,Loyal Customers,3,1,5.0,554.0,634.0,379.81800000000004,1.4080144342690541,382.95300498522477,539.2033586659055,Medium,-547.3199999999997
12702,20.0,1.0,219.0,4,1,1,411,6,New Customers,3,2,0.0,0.0,20.0,0.0,1.349658729187219,470.98914615257866,635.6746124572627,Medium,-219.0
12703,71.0,4.0,892.18,3,3,3,333,9,Loyal Customers,3,1,2.0,613.0,685.0,178.5,0.6087107457191027,185.31340794126902,112.80226273967814,Low,-535.18
12704,7.0,8.0,2220.84,5,4,4,544,13,Champions,1,1,6.0,162.0,170.0,335.2133333333333,4.93267689661288,337.74775782700544,1666.0005619160718,High,-209.5600000000004
12705,15.0,14.0,11554.0,5,5,5,555,15,Champions,1,11,11.0,518.0,534.0,928.8390909090908,3.4441796972567453,930.780213821997,3205.774315054014,High,-1336.7700000000004
12707,292.0,1.0,603.42,2,1,3,213,6,Hibernating/Lost,0,2,0.0,0.0,292.0,0.0,0.33168009881673316,470.98914615257866,156.21772653749608,Low,-603.42
12708,30.0,18.0,5118.16,4,5,5,455,14,Champions,1,1,17.0,692.0,722.0,300.5076470588235,3.9792756253326393,301.37997969500094,1199.274007163563,High,-9.529999999999745
12709,15.0,34.0,30312.61,5,5,5,555,15,Champions,2,-1,28.0,715.0,731.0,1051.135,6.409204179908731,1051.942428533021,6742.113809977181,High,-880.8300000000017
12710,97.0,3.0,1130.57,3,3,3,333,9,Loyal Customers,3,0,2.0,105.0,202.0,215.03000000000003,1.5855194760764875,222.03368052712275,352.0387248206979,Medium,-700.5099999999999
12711,612.0,2.0,1339.05,1,2,4,124,7,Hibernating/Lost,0,3,1.0,65.0,677.0,789.75,0.18776422133946458,809.8491001410458,152.06068569044953,Low,-549.3
12712,29.0,21.0,6979.66,4,5,5,455,14,Champions,1,1,20.0,702.0,731.0,342.99300000000005,4.605737487166552,343.7564408534666,1583.2519260937627,High,-119.79999999999927
12713,1.0,1.0,848.55,5,1,3,513,9,New Customers,3,-1,0.0,0.0,1.0,0.0,1.7256140234693884,470.98914615257866,812.745475502763,Medium,-848.55
12714,9.0,12.0,14093.71,5,5,5,555,15,Champions,1,-1,11.0,726.0,736.0,1219.1872727272728,2.5845771640826496,1221.4021973128627,3156.808227335195,High,-682.6499999999978
12715,106.0,1.0,353.86,3,1,2,312,6,Potential Loyalists,0,2,0.0,0.0,107.0,0.0,0.6791658584450884,470.98914615257866,319.8797477650353,Medium,-353.86
12716,4.0,2.0,1053.49,5,2,3,523,10,New Customers,3,3,1.0,130.0,134.0,375.59000000000003,1.3845794514023508,391.35206738022845,541.8580307584925,Medium,-677.9
12717,151.0,3.0,1258.91,3,3,4,334,10,Loyal Customers,0,0,2.0,439.0,591.0,515.49,0.6795116395084263,524.0586764522692,356.1039704346974,Medium,-227.93000000000006
12718,71.0,1.0,238.25,3,1,1,311,5,Potential Loyalists,3,2,0.0,0.0,72.0,0.0,0.8481097616671857,470.98914615257866,399.45049249129477,Medium,-238.25
12719,5.0,2.0,608.1,5,2,3,523,10,New Customers,3,3,1.0,60.0,66.0,361.35,2.0793662597434,376.96294784547365,783.8440349232889,Medium,-246.75
12720,3.0,30.0,8047.88,5,5,5,555,15,Champions,1,4,23.0,504.0,507.0,317.96434782608696,7.354269713769968,318.61688204044407,2343.1944858858565,High,-734.6999999999998
12721,32.0,8.0,3906.68,4,4,5,445,13,Champions,1,1,7.0,440.0,472.0,465.93285714285713,2.5036872183655516,468.29849863729675,1172.4729654179775,High,-645.1500000000001
12722,85.0,4.0,904.33,3,3,3,333,9,Loyal Customers,3,1,2.0,65.0,151.0,324.03000000000003,1.9207642680367907,331.6014251714713,636.9281686994377,Medium,-256.27
12723,4.0,5.0,725.07,5,4,3,543,12,Champions,3,1,2.0,62.0,66.0,212.82999999999998,3.4253001718865717,219.8222214609065,752.957092954531,Medium,-299.4100000000001
12724,5.0,7.0,2317.52,5,4,4,544,13,Champions,1,1,6.0,530.0,536.0,291.02000000000004,1.9543683215137613,293.47796056601135,573.5640291926774,Medium,-571.3999999999996
12725,371.0,4.0,2694.56,2,3,4,234,9,At Risk,0,1,3.0,213.0,585.0,561.87,0.6580068027186857,567.7333229040598,373.5723886009556,Medium,-1008.9499999999998
12726,28.0,11.0,4014.6,4,5,5,455,14,Champions,1,1,10.0,596.0,625.0,363.32399999999996,2.729956239171636,364.8727653007817,996.0866821366769,High,-381.3600000000001
12727,11.0,10.0,5646.53,5,5,5,555,15,Champions,1,1,8.0,644.0,655.0,615.02625,2.128807093775556,617.2891917133915,1314.0896102304469,High,-726.3199999999997
12728,71.0,5.0,1070.17,3,4,3,343,10,Loyal Customers,3,1,4.0,312.0,384.0,209.08249999999998,1.7780960812420883,212.55979495686012,377.95173844241475,Medium,-233.84000000000015
12729,114.0,1.0,453.01,3,1,2,312,6,Potential Loyalists,0,2,0.0,0.0,114.0,0.0,0.6531853826149943,470.98914615257866,307.64322563718156,Medium,-453.01
12730,522.0,1.0,829.25,1,1,3,113,5,Hibernating/Lost,0,2,0.0,0.0,522.0,0.0,0.20296746870592633,470.98914615257866,95.59547478255448,Low,-829.25
12731,24.0,17.0,25673.21,4,5,5,455,14,Champions,2,-1,15.0,624.0,648.0,1609.9540000000002,3.8934113650468283,1611.8480332485808,6275.587451378403,High,-1523.8999999999978
12732,180.0,1.0,236.26000000000002,3,1,1,311,5,Potential Loyalists,0,2,0.0,0.0,180.0,0.0,0.48028260073809936,470.98914615257866,226.20789203357725,Low,-236.26000000000002
12733,234.0,4.0,2326.82,2,3,4,234,9,At Risk,0,1,3.0,455.0,690.0,431.55,0.7951683193786359,436.96157829085416,347.4580038425747,Medium,-1032.17
12734,353.0,3.0,639.65,2,3,3,233,8,At Risk,0,0,2.0,40.0,393.0,254.65,0.37527239588434225,261.86004789234374,98.26884755894844,Low,-130.34999999999997
12735,315.0,2.0,779.5699999999999,2,2,3,223,7,Hibernating/Lost,0,3,1.0,22.0,338.0,459.8,0.4066690745524437,476.44390417950507,193.7550015888325,Low,-319.7699999999999
12736,333.0,1.0,234.0,2,1,1,211,4,Hibernating/Lost,0,2,0.0,0.0,333.0,0.0,0.29797130501368135,470.98914615257866,140.34125052636335,Low,-234.0
12737,499.0,2.0,3710.5,1,2,5,125,8,Hibernating/Lost,0,3,0.0,0.0,499.0,0.0,0.21115678136924676,470.98914615257866,99.45255216142826,Low,-3710.5
12738,372.0,1.0,310.7,2,1,2,212,5,Hibernating/Lost,0,2,0.0,0.0,373.0,0.0,0.27110194122884895,470.98914615257866,127.68607181968213,Low,-310.7
12739,78.0,4.0,2726.73,3,3,4,334,10,Loyal Customers,3,1,3.0,316.0,395.0,427.0133333333333,1.3557514330069087,432.4091856057055,586.2393730302856,Medium,-1445.69
12740,64.0,1.0,427.6,3,1,2,312,6,Potential Loyalists,3,2,0.0,0.0,64.0,0.0,0.8993521048130465,470.98914615257866,423.5850799364212,Medium,-427.6
12741,529.0,2.0,406.07,1,2,2,122,5,Hibernating/Lost,0,3,1.0,4.0,534.0,170.0,0.14955819686309843,183.60915409720627,27.46025401433695,Low,-236.07
12742,626.0,1.0,1185.02,1,1,3,113,5,Hibernating/Lost,0,2,0.0,0.0,626.0,0.0,0.17268971543298167,470.98914615257866,81.33498162111182,Low,-1185.02
12743,134.0,2.0,546.43,3,2,2,322,7,Potential Loyalists,0,3,0.0,0.0,135.0,0.0,0.5859927140760357,470.98914615257866,275.9962080543042,Low,-546.43
12744,52.0,11.0,13158.16,4,5,5,455,14,Champions,1,-1,5.0,535.0,592.0,2381.0420000000004,1.5040723725290484,2388.3334984450053,3592.226431396781,High,-1252.949999999997
12745,487.0,3.0,925.41,1,3,3,133,7,At Risk,0,0,2.0,196.0,683.0,361.92499999999995,0.40692832144674673,369.69380758704546,150.43888057065297,Low,-201.56000000000006
12746,541.0,1.0,230.85000000000002,1,1,1,111,3,Hibernating/Lost,0,2,0.0,0.0,541.0,0.0,0.19666709657151574,470.98914615257866,92.62806789052493,Low,-230.85000000000002
12747,2.0,26.0,9164.59,5,5,5,555,15,Champions,1,4,25.0,730.0,733.0,355.8356,5.732679681951153,356.4516152660674,2043.4229324344542,High,-268.7000000000007
12748,1.0,336.0,49970.13,5,5,5,555,15,Champions,2,-1,197.0,735.0,736.0,268.90903553299495,44.10732754470653,268.9826086771631,11864.104024753255,High,3004.9500000000044
12749,4.0,9.0,6328.49,5,5,5,555,15,Champions,1,-1,6.0,518.0,522.0,1010.7433333333333,2.0011351194907143,1014.4465693457722,2030.044656764697,High,-264.02999999999975
12750,129.0,1.0,275.88,3,1,2,312,6,Potential Loyalists,0,2,0.0,0.0,129.0,0.0,0.6037297744738492,470.98914615257866,284.3501709863271,Medium,-275.88
12751,445.0,1.0,268.27,1,1,1,111,3,Hibernating/Lost,0,2,0.0,0.0,445.0,0.0,0.23325681701251125,470.98914615257866,109.86142907899095,Low,-268.27
12752,81.0,1.0,4366.78,3,1,5,315,9,Potential Loyalists,3,-1,0.0,0.0,82.0,0.0,0.7917739303878477,470.98914615257866,372.9169274192436,Medium,-4366.78
12753,23.0,6.0,21024.01,4,4,5,445,13,Champions,1,-1,5.0,340.0,363.0,3567.7599999999998,2.3098433560845875,3577.5162827997815,8263.502217109506,High,-3185.209999999999
12754,236.0,3.0,2949.12,2,3,5,235,10,At Risk,0,0,0.0,0.0,236.0,0.0,0.3923430605094748,470.98914615257866,184.78932306824706,Low,-2949.12
12755,281.0,11.0,6406.349999999999,2,5,5,255,12,Can't Lose Them,1,-1,1.0,142.0,508.0,7588.799999999999,0.387781463064714,7680.097918453861,2978.199607298303,High,1182.4499999999998
12756,87.0,1.0,112.07999999999998,3,1,1,311,5,Potential Loyalists,0,2,0.0,0.0,87.0,0.0,0.7663403858190339,470.98914615257866,360.93800397914447,Medium,-112.07999999999998
12757,16.0,13.0,4227.7,5,5,5,555,15,Champions,1,1,7.0,196.0,212.0,522.1242857142857,4.818691267027909,524.5732407881054,2527.756494302172,High,-572.8299999999995
12758,117.0,7.0,9779.0,3,4,5,345,12,Loyal Customers,1,-1,6.0,622.0,739.0,1241.4266666666667,1.4333715841893842,1245.5290342309056,1785.3059249494268,High,-2330.4399999999996
12759,52.0,8.0,5020.74,4,4,5,445,13,Champions,1,1,7.0,683.0,736.0,644.64,1.682026336254389,647.2706059580728,1088.7262059048155,High,-508.2600000000002
12760,456.0,1.0,347.8,1,1,2,112,4,Hibernating/Lost,0,2,0.0,0.0,456.0,0.0,0.2283871099981759,470.98914615257866,107.56784993029594,Low,-347.8
12761,458.0,2.0,782.95,1,2,3,123,6,Hibernating/Lost,0,3,1.0,7.0,465.0,25.0,0.2031711747788111,37.090731868312794,7.535767567090998,Low,-757.95
12762,8.0,2.0,1898.52,5,2,4,524,11,New Customers,3,3,1.0,18.0,26.0,1436.93,2.9525748579562756,1463.8062897830823,4321.997648131787,High,-461.5899999999999
12763,138.0,2.0,814.16,3,2,3,323,8,Potential Loyalists,0,3,1.0,231.0,370.0,174.0,0.6101985824013194,187.65104160696885,114.5043995747034,Low,-640.16
12764,317.0,1.0,1693.88,2,1,4,214,7,Hibernating/Lost,0,2,0.0,0.0,317.0,0.0,0.31027531204966974,470.98914615257866,146.13630429449884,Low,-1693.88
12765,472.0,6.0,1404.58,1,4,4,144,9,Can't Lose Them,0,1,5.0,169.0,642.0,251.516,0.16399756911734367,254.3845248591235,41.718443697966734,Low,-147.0
12766,4.0,9.0,10026.43,5,5,5,555,15,Champions,1,-1,8.0,404.0,408.0,1149.24,3.2312601034694035,1152.195870099537,3723.044546434849,High,-832.5100000000002
12767,376.0,1.0,949.82,2,1,3,213,6,Hibernating/Lost,0,2,0.0,0.0,376.0,0.0,0.2692811004844868,470.98914615257866,126.82847559221516,Low,-949.82
12768,451.0,1.0,3.552713678800501e-15,1,1,1,111,3,Hibernating/Lost,0,2,,,,,,,0.0,Low,
12769,239.0,1.0,1143.6,2,1,3,213,6,Hibernating/Lost,0,2,0.0,0.0,239.0,0.0,0.3885345033549189,470.98914615257866,182.99553398594946,Low,-1143.6
12770,211.0,2.0,2975.95,2,2,5,225,9,Hibernating/Lost,0,3,1.0,246.0,457.0,1351.45,0.4965374169727489,1377.431153699456,683.9461071157214,Medium,-1624.4999999999998
12771,486.0,1.0,262.5,1,1,1,111,3,Hibernating/Lost,0,2,0.0,0.0,486.0,0.0,0.21608502961477286,470.98914615257866,101.77370359461653,Low,-262.5
12772,60.0,1.0,892.47,3,1,3,313,7,Potential Loyalists,3,2,0.0,0.0,60.0,0.0,0.9273887010786552,470.98914615257866,436.7900124725848,Medium,-892.47
12773,564.0,1.0,1.7763568394002505e-15,1,1,1,111,3,Hibernating/Lost,0,2,,,,,,,0.0,Low,
12774,536.0,1.0,98.7,1,1,1,111,3,Hibernating/Lost,0,2,0.0,0.0,536.0,0.0,0.1982868144630162,470.98914615257866,93.39093743725078,Low,-98.7
12775,17.0,7.0,1651.32,5,4,4,544,13,Champions,3,1,6.0,392.0,410.0,252.33333333333334,2.461020085608602,254.72435768389508,626.8817605538156,Medium,-137.31999999999994
12776,668.0,1.0,55.5,1,1,1,111,3,Hibernating/Lost,0,2,0.0,0.0,668.0,0.0,0.16287911269746594,470.98914615257866,76.71429421546911,Low,-55.5
12777,458.0,1.0,519.45,1,1,2,112,4,Hibernating/Lost,0,2,0.0,0.0,458.0,0.0,0.2275234998467401,470.98914615257866,107.16109892246249,Low,-519.45
12778,20.0,9.0,1757.68,4,5,4,454,13,Champions,1,1,8.0,583.0,603.0,174.635,2.2900025170784595,176.3267104447558,403.7886107466555,Medium,-360.60000000000014
12779,38.0,14.0,6406.76,4,5,5,455,14,Champions,1,1,12.0,699.0,737.0,527.1208333333333,2.7925691648557094,528.5528272815864,1476.0203274638636,High,-81.31000000000131
12780,599.0,1.0,337.4,1,1,2,112,4,Hibernating/Lost,0,2,0.0,0.0,599.0,0.0,0.1796463355444766,470.98914615257866,84.61147418753268,Low,-337.4
12781,64.0,2.0,707.72,3,2,3,323,8,Potential Loyalists,3,3,1.0,221.0,285.0,277.48,0.7778686429135453,292.2146714845268,227.30462994709632,Low,-430.24
12782,5.0,11.0,4526.04,5,5,5,555,15,Champions,1,1,9.0,515.0,520.0,479.20444444444445,2.922444899660436,481.05908143262633,1405.868658968113,High,-213.19999999999982
12783,2.0,6.0,1603.87,5,4,4,544,13,Champions,3,1,3.0,73.0,76.0,421.6166666666666,4.4338571741964055,426.9938117943493,1893.2295757618454,High,-339.02
12784,9.0,3.0,1804.75,5,3,4,534,12,Loyal Customers,3,0,2.0,520.0,530.0,287.21,0.7724722563150122,294.5896420723436,227.5623254986551,Low,-1230.33
12785,364.0,3.0,1079.31,2,3,3,233,8,At Risk,0,0,2.0,367.0,732.0,366.75,0.5097378831689546,374.5439394027242,190.91923482490586,Low,-345.80999999999995
12786,610.0,1.0,728.5,1,1,3,113,5,Hibernating/Lost,0,2,0.0,0.0,610.0,0.0,0.17674553441455482,470.98914615257866,83.24522834019238,Low,-728.5
12787,10.0,4.0,859.18,5,3,3,533,11,Loyal Customers,3,1,3.0,404.0,414.0,154.5533333333333,1.3297643535140307,159.00472322607067,211.43881298639323,Low,-395.52
12788,463.0,4.0,444.9,1,3,2,132,6,At Risk,0,1,3.0,65.0,529.0,94.60000000000001,0.15085476459693778,98.8435661099177,14.911022897433492,Low,-161.09999999999997
12789,65.0,3.0,273.35,3,3,2,332,8,Loyal Customers,3,0,2.0,628.0,694.0,92.05,0.6022151743791456,98.41311872563661,59.265873454554814,Low,-89.25000000000003
12790,192.0,2.0,563.45,2,2,2,222,6,Hibernating/Lost,0,3,1.0,218.0,411.0,324.92,0.5437408436042109,340.1514573503109,184.95424037285983,Low,-238.53000000000003
12791,374.0,6.0,777.75,2,4,3,243,9,Can't Lose Them,0,1,3.0,251.0,625.0,210.35666666666668,0.6721312931064558,215.00149467505975,144.50923263576868,Low,-146.67999999999995
12792,257.0,2.0,813.88,2,2,3,223,7,Hibernating/Lost,0,3,1.0,278.0,535.0,400.53999999999996,0.4286573692780383,416.56334072237246,178.56294577172332,Low,-413.34000000000003
12793,335.0,3.0,1017.33,2,3,3,233,8,At Risk,0,0,2.0,67.0,402.0,338.64,0.5078338330930092,346.2875237884798,175.8565205577903,Low,-340.05000000000007
12794,53.0,2.0,860.41,4,2,3,423,9,New Customers,3,3,1.0,45.0,99.0,543.41,1.5888242610467729,560.9294578523173,891.218331371575,High,-317.0
12795,19.0,1.0,430.48,4,1,2,412,7,New Customers,3,2,0.0,0.0,19.0,0.0,1.3652688327800393,470.98914615257866,643.0268018197984,Medium,-430.48
12796,628.0,1.0,381.0,1,1,2,112,4,Hibernating/Lost,0,2,0.0,0.0,629.0,0.0,0.17194990015269698,470.98914615257866,80.98653665393991,Low,-381.0
12797,366.0,2.0,725.46,2,2,3,223,7,Hibernating/Lost,0,3,1.0,59.0,425.0,508.06,0.3749242290892688,525.2092769847906,196.91368328405485,Low,-217.40000000000003
12798,10.0,4.0,8510.93,5,3,5,535,13,Loyal Customers,1,-1,3.0,411.0,422.0,2325.68,1.3079274344060403,2337.6574394342792,3057.4862972794704,High,-1533.8900000000012
12799,529.0,1.0,219.35,1,1,1,111,3,Hibernating/Lost,0,2,0.0,0.0,530.0,0.0,0.20026608232353524,470.98914615257866,94.32315111688389,Low,-219.35
12800,470.0,3.0,584.25,1,3,2,132,6,At Risk,0,0,1.0,206.0,677.0,180.92,0.30159076632230364,194.6435069988581,58.70268443544629,Low,-403.33000000000004
12801,501.0,1.0,1031.87,1,1,3,113,5,Hibernating/Lost,0,2,0.0,0.0,501.0,0.0,0.21041849481150834,470.98914615257866,99.10482720598311,Low,-1031.87
12802,187.0,7.0,2350.42,3,4,4,344,11,Loyal Customers,0,1,6.0,377.0,564.0,273.695,1.6778669182833978,276.1229846070419,463.2976212498314,Medium,-708.25
12803,393.0,1.0,1092.81,2,1,3,213,6,Hibernating/Lost,0,2,0.0,0.0,394.0,0.0,0.25885058274552675,470.98914615257866,121.91581494841306,Low,-1092.81
12804,466.0,2.0,327.02,1,2,2,122,5,Hibernating/Lost,0,3,1.0,35.0,501.0,147.09,0.24697930291918396,160.4592433850411,39.630112078177135,Low,-179.92999999999998
12805,382.0,4.0,1434.95,2,3,4,234,9,At Risk,0,1,3.0,293.0,675.0,389.48333333333335,0.6624665018695484,394.74909064458205,261.50804919550154,Low,-266.5
12806,435.0,4.0,2878.96,1,3,4,134,8,At Risk,0,1,3.0,153.0,589.0,508.15333333333336,0.42965445073042263,513.830451396954,220.7695403635234,Low,-1354.5
12807,383.0,1.0,269.95,2,1,1,211,4,Hibernating/Lost,0,2,0.0,0.0,384.0,0.0,0.2645431928862236,470.98914615257866,124.59697253795936,Low,-269.95
12808,37.0,5.0,906.1,4,4,3,443,11,Champions,3,1,4.0,426.0,463.0,179.1125,1.5371051383312957,182.5119458349835,280.54004974979625,Medium,-189.64999999999998
12809,178.0,3.0,1705.34,3,3,4,334,10,Loyal Customers,0,0,2.0,470.0,648.0,561.13,0.6229917860948434,569.9363999895909,355.06569578998034,Medium,-583.0799999999999
12810,535.0,2.0,534.99,1,2,2,122,5,Hibernating/Lost,0,3,1.0,142.0,677.0,375.33,0.2640230480587711,391.0893446920938,103.25660084891396,Low,-159.66000000000003
12811,261.0,5.0,1033.9,2,4,3,243,9,Can't Lose Them,0,1,4.0,167.0,428.0,187.7375,1.0484789459191213,191.1593498615496,200.42655364542205,Low,-282.95000000000005
12812,45.0,1.0,229.64000000000001,4,1,1,411,6,New Customers,3,2,0.0,0.0,45.0,0.0,1.0503408506142657,470.98914615257866,494.6991403999862,Medium,-229.64000000000001
12813,502.0,3.0,1687.8,1,3,4,134,8,At Risk,0,0,2.0,192.0,694.0,721.8,0.38928545089785216,731.4432764300265,284.7402256712652,Medium,-244.20000000000005
12814,102.0,1.0,125.92,3,1,1,311,5,Potential Loyalists,0,2,0.0,0.0,102.0,0.0,0.6990340330013196,470.98914615257866,329.23744233488503,Medium,-125.92
12815,148.0,2.0,1063.46,3,2,3,323,8,Potential Loyalists,0,3,1.0,51.0,199.0,448.1,0.8961996536637258,464.6213832134496,416.39352272065474,Medium,-615.36
12816,96.0,2.0,572.2,3,2,2,322,7,Potential Loyalists,0,3,1.0,81.0,177.0,253.55,1.0626049522204044,268.0340794573721,284.81434019524096,Medium,-318.65000000000003
12817,281.0,3.0,690.98,2,3,3,233,8,At Risk,0,0,2.0,153.0,435.0,247.69,0.7239865037589718,254.8637955737688,184.51794829219418,Low,-195.60000000000002
12818,262.0,1.0,1517.88,2,1,4,214,7,Hibernating/Lost,0,2,0.0,0.0,262.0,0.0,0.36162777054291173,470.98914615257866,170.32275487306663,Low,-1517.88
12819,458.0,1.0,540.52,1,1,2,112,4,Hibernating/Lost,0,2,0.0,0.0,459.0,0.0,0.2270941425401071,470.98914615257866,106.95887629121704,Low,-540.52
12820,3.0,11.0,2647.94,5,5,4,554,14,Champions,1,1,10.0,731.0,735.0,254.122,2.3659843384005566,255.55747800238828,604.6449905147954,Medium,-106.7199999999998
12821,214.0,2.0,220.8,2,2,1,221,5,Hibernating/Lost,0,3,1.0,397.0,612.0,92.72,0.39400155778499324,105.51988740859325,41.575000016282836,Low,-128.08
12822,71.0,2.0,918.98,3,2,3,323,8,Potential Loyalists,3,3,1.0,17.0,88.0,257.98,1.6202589113250088,272.5104698744342,441.53751724341737,Medium,-661.0
12823,75.0,18.0,6501.5,3,5,5,355,13,Loyal Customers,1,1,14.0,605.0,680.0,434.64285714285717,3.432588624308951,435.8016224171145,1495.927691564372,High,-416.5
12824,60.0,1.0,397.12,3,1,2,312,6,Potential Loyalists,3,2,0.0,0.0,60.0,0.0,0.9273887010786552,470.98914615257866,436.7900124725848,Medium,-397.12
12825,521.0,2.0,518.63,1,2,2,122,5,Hibernating/Lost,0,3,1.0,120.0,642.0,303.8,0.2665893616560881,318.8102912987645,84.99143204672913,Low,-214.82999999999998
12826,3.0,12.0,2928.69,5,5,5,555,15,Champions,1,1,11.0,719.0,722.0,227.05,2.6322315192973442,228.32932773389456,601.0156532411305,Medium,-431.1399999999999
12827,6.0,3.0,430.15000000000003,5,3,2,532,10,Loyal Customers,3,0,2.0,39.0,45.0,106.2,4.053149069617344,112.63682135607269,456.53382768402105,Medium,-217.75000000000003
12828,3.0,6.0,1018.71,5,4,3,543,12,Champions,3,1,5.0,128.0,131.0,158.342,5.009202713772094,161.01700473263014,806.566817070145,Medium,-227.0
12829,337.0,3.0,345.35,2,3,2,232,7,At Risk,0,0,2.0,214.0,551.0,146.5,0.6028778140544975,153.1467306144878,92.3287661824554,Low,-52.35000000000002
12830,38.0,6.0,6748.4,4,4,5,445,13,Champions,1,-1,4.0,134.0,172.0,1148.2,3.340626016363919,1154.116716802506,3855.472330070961,High,-2155.5999999999995
12831,262.0,3.0,451.11,2,3,2,232,7,At Risk,0,0,1.0,201.0,464.0,215.05,0.47030272908937387,229.13091217590733,107.76089331506687,Low,-236.06
12832,32.0,2.0,383.03,4,2,2,422,8,New Customers,3,3,1.0,66.0,99.0,115.23,1.6335795122462862,128.26560936978217,209.53207159226142,Low,-267.79999999999995
12833,145.0,1.0,417.38,3,1,2,312,6,Potential Loyalists,0,2,0.0,0.0,146.0,0.0,0.5560549814619257,470.98914615257866,261.89586093264035,Low,-417.38
12834,283.0,1.0,312.38,2,1,2,212,5,Hibernating/Lost,0,2,0.0,0.0,283.0,0.0,0.340129031003813,470.98914615257866,160.19708189418984,Low,-312.38
12835,428.0,41.0,6018.67,1,5,5,155,11,Can't Lose Them,1,-1,36.0,309.0,737.0,159.95055555555555,2.6453833529072037e-09,160.32188388555474,4.2411284273756817e-07,Low,-260.4499999999998
12836,59.0,15.0,6546.47,3,5,5,355,13,Loyal Customers,1,1,13.0,679.0,739.0,473.9807692307692,2.990635933763206,475.26012586662927,1421.3300103015656,High,-384.72000000000025
12837,173.0,2.0,688.41,3,2,3,323,8,Potential Loyalists,0,3,1.0,396.0,570.0,134.1,0.42418702342878717,147.33321369708713,62.49683737036481,Low,-554.31
12838,34.0,10.0,3376.03,4,5,5,455,14,Champions,1,1,9.0,559.0,593.0,352.27000000000004,2.588353570594788,353.9783055409189,916.2210110599302,High,-205.5999999999999
12839,3.0,26.0,9927.83,5,5,5,555,15,Champions,1,-1,25.0,730.0,733.0,389.0292,5.732679681951153,389.65898085302996,2233.7901224259585,High,-202.10000000000036
12840,144.0,7.0,4013.87,3,4,5,345,12,Loyal Customers,1,1,6.0,531.0,675.0,648.6616666666666,1.5316895415351315,651.7384238806299,998.2609276745511,High,-121.90000000000009
12841,5.0,40.0,7390.4800000000005,5,5,5,555,15,Champions,1,-1,38.0,515.0,520.0,189.35736842105263,11.761477149551766,189.71716983222342,2231.354157859327,High,-194.90000000000055
12842,70.0,4.0,1917.99,3,3,4,334,10,Loyal Customers,3,1,3.0,667.0,738.0,506.93,0.7907491524850891,512.6028774693643,405.34029092031784,Medium,-397.20000000000005
12843,66.0,30.0,6345.61,3,5,5,355,13,Loyal Customers,1,-1,27.0,661.0,727.0,241.16925925925923,6.059771967303671,241.69559720187385,1464.6202045446348,High,165.96000000000004
12844,29.0,4.0,648.6,4,3,3,433,10,Loyal Customers,3,1,3.0,564.0,594.0,175.18999999999997,0.9669447071942904,179.71292536696373,173.7724619979881,Low,-123.03000000000009
12845,267.0,4.0,354.09,2,3,2,232,7,At Risk,0,1,3.0,23.0,291.0,96.33333333333333,0.36048418490461615,100.58290791467692,36.25854757495838,Low,-65.08999999999997
12846,682.0,1.0,15.58,1,1,1,111,3,Hibernating/Lost,0,2,0.0,0.0,683.0,0.0,0.15964028714830325,470.98914615257866,75.18884253553182,Low,-15.58
12847,22.0,2.0,1636.8999999999999,4,2,4,424,10,New Customers,3,3,1.0,365.0,388.0,871.54,0.6137231293140928,892.4955949969161,547.7451894605505,Medium,-765.3599999999999
12848,676.0,1.0,208.0,1,1,1,111,3,Hibernating/Lost,0,2,0.0,0.0,676.0,0.0,0.16113554763070734,470.98914615257866,75.89309399341502,Low,-208.0
12849,31.0,6.0,3090.56,4,4,5,445,13,Champions,3,1,5.0,560.0,592.0,523.654,1.511435376208944,527.0877488506195,796.6590699791615,Medium,-472.28999999999996
12850,446.0,1.0,330.0,1,1,2,112,4,Hibernating/Lost,0,2,0.0,0.0,446.0,0.0,0.23280554011040677,470.98914615257866,109.64888255619039,Low,-330.0
12851,97.0,2.0,284.13,3,2,2,322,7,Potential Loyalists,0,3,1.0,381.0,478.0,135.18,0.5042874925244244,148.42452332472303,74.84863069655752,Low,-148.95
12852,295.0,1.0,299.75,2,1,2,212,5,Hibernating/Lost,0,2,0.0,0.0,295.0,0.0,0.32895651156419287,470.98914615257866,154.93494650295005,Low,-299.75
12853,135.0,11.0,3728.5,3,5,5,355,13,Loyal Customers,1,1,6.0,538.0,673.0,582.4166666666666,1.5427090865399058,585.3788058487723,903.0692028507805,High,-234.0
12854,79.0,7.0,2922.37,3,4,5,345,12,Loyal Customers,3,1,6.0,650.0,729.0,411.44666666666666,1.46577873450717,414.11299114718463,606.9980161066992,Medium,-453.69000000000005
12855,373.0,4.0,650.9399999999999,2,3,3,233,8,At Risk,0,1,2.0,30.0,403.0,133.81,0.29446352592716485,140.39063263708613,41.339920693461686,Low,-383.31999999999994
12856,8.0,6.0,2162.68,5,4,4,544,13,Champions,3,1,5.0,56.0,64.0,357.23799999999994,7.51264010347336,360.3261068757068,2707.000360842863,High,-376.49000000000024
12857,211.0,6.0,3684.25,2,4,5,245,11,Can't Lose Them,0,1,5.0,473.0,684.0,696.6800000000001,1.23588590448931,700.473119634386,865.7048550297918,High,-200.84999999999945
12858,383.0,1.0,151.73,2,1,1,211,4,Hibernating/Lost,0,2,0.0,0.0,384.0,0.0,0.2645431928862236,470.98914615257866,124.59697253795936,Low,-151.73
12859,459.0,1.0,575.1,1,1,2,112,4,Hibernating/Lost,0,2,0.0,0.0,459.0,0.0,0.2270941425401071,470.98914615257866,106.95887629121704,Low,-575.1
12860,693.0,1.0,55.47,1,1,1,111,3,Hibernating/Lost,0,2,0.0,0.0,694.0,0.0,0.15734589294860324,470.98914615257866,74.10820777047769,Low,-55.47
12861,620.0,1.0,68.25,1,1,1,111,3,Hibernating/Lost,0,2,0.0,0.0,620.0,0.0,0.17418862641869573,470.98914615257866,82.040952426432,Low,-68.25
12862,426.0,2.0,1008.3199999999999,1,2,3,123,6,Hibernating/Lost,0,3,1.0,70.0,496.0,497.64,0.3174039397238985,514.6801600218591,163.36151048866463,Low,-510.67999999999995
12863,52.0,6.0,2775.5499999999997,4,4,4,444,12,Champions,3,1,5.0,537.0,590.0,432.03999999999996,1.5098942761171326,435.2834688060946,657.2320180387327,Medium,-615.3499999999999
12864,138.0,2.0,299.57,3,2,2,322,7,Potential Loyalists,0,3,1.0,370.0,509.0,147.12,0.47194864789366936,160.48955754136432,75.74282968270013,Low,-152.45
12865,26.0,4.0,3303.31,4,3,5,435,12,Loyal Customers,3,1,3.0,450.0,477.0,760.1066666666667,1.1732155477026556,766.6571622710527,899.4541025339968,High,-1022.9899999999998
12866,283.0,3.0,1227.35,2,3,4,234,9,At Risk,0,0,2.0,219.0,503.0,442.26,0.6885536902290638,450.44724580726324,310.1571133541093,Medium,-342.8299999999999
12867,26.0,13.0,7862.69,4,5,5,455,14,Champions,1,1,12.0,697.0,724.0,634.8041666666667,2.8434066374694082,636.3292377031366,1809.3427781009475,High,-245.03999999999996
12868,186.0,8.0,2247.06,3,4,4,344,11,Loyal Customers,0,1,7.0,207.0,393.0,278.0014285714286,1.8941333507681515,280.08842899212533,530.5248345182418,Medium,-301.0499999999997
12869,682.0,1.0,337.66999999999996,1,1,2,112,4,Hibernating/Lost,0,2,0.0,0.0,682.0,0.0,0.15985219327541073,470.98914615257866,75.28864802140268,Low,-337.66999999999996
12870,375.0,3.0,1647.15,2,3,4,234,9,At Risk,0,0,2.0,249.0,625.0,733.825,0.5402798310122656,743.5309106442311,401.71475475526114,Medium,-179.5
12871,84.0,3.0,744.02,3,3,3,333,9,Loyal Customers,3,0,2.0,355.0,440.0,190.32,0.8915464785342285,197.19497437884883,175.8084849921101,Low,-363.38
12872,327.0,12.0,3678.34,2,5,5,255,12,Can't Lose Them,1,1,11.0,410.0,737.0,298.02454545454543,0.6411255548354129,299.37080300057704,191.93427217526803,Low,-400.0700000000006
12873,282.0,3.0,2027.3,2,3,4,234,9,At Risk,0,0,2.0,399.0,682.0,767.45,0.5693863421662227,777.331052054013,442.6016843812561,Medium,-492.39999999999986
12874,385.0,2.0,933.42,2,2,3,223,7,Hibernating/Lost,0,3,1.0,169.0,555.0,459.15999999999997,0.36521180522035007,475.79720217794306,173.76675512619846,Low,-474.26
12875,143.0,5.0,1356.99,3,4,4,344,11,Loyal Customers,0,1,4.0,554.0,698.0,262.9275,1.0440245068504896,266.5446610218401,278.27915827695756,Low,-305.28
12876,58.0,4.0,4068.59,4,3,5,435,12,Loyal Customers,3,1,3.0,533.0,591.0,1065.4166666666667,0.9665364647453345,1073.025496738961,1037.1182701996818,High,-872.3400000000001
12877,4.0,20.0,2955.17,5,5,5,555,15,Champions,1,1,19.0,687.0,691.0,139.7726315789474,4.630149525388663,140.4653705162763,650.3756686294794,Medium,-299.4899999999993
12878,236.0,2.0,841.64,2,2,3,223,7,Hibernating/Lost,0,3,1.0,30.0,267.0,539.81,0.592119334047956,557.291759093531,329.98322526487556,Medium,-301.83000000000004
12879,45.0,3.0,552.5699999999999,4,3,2,432,9,Loyal Customers,3,0,2.0,47.0,92.0,216.36,2.7440949566746644,223.3706080535171,612.9501590290095,Medium,-119.84999999999991
12880,382.0,2.0,640.13,2,2,3,223,7,Hibernating/Lost,0,3,1.0,193.0,575.0,302.95,0.3629859740267842,317.95139020293993,115.41189506598427,Low,-337.18
12881,276.0,1.0,298.0,2,1,2,212,5,Hibernating/Lost,0,2,0.0,0.0,276.0,0.0,0.34700479356435426,470.98914615257866,163.43549143172703,Low,-298.0
12882,9.0,2.0,1463.04,5,2,4,524,11,New Customers,3,3,1.0,24.0,34.0,991.1999999999999,2.7152366618680417,1013.4086598514637,2751.644346683254,High,-471.84000000000003
12883,25.0,4.0,703.47,4,3,3,433,10,Loyal Customers,3,1,1.0,65.0,90.0,411.84000000000003,1.7376466502697843,427.9816729374518,743.6809203566214,Medium,-291.63
12884,88.0,1.0,309.05,3,1,2,312,6,Potential Loyalists,0,2,0.0,0.0,89.0,0.0,0.7566216966789203,470.98914615257866,356.36060687932,Medium,-309.05
12885,63.0,3.0,1158.27,3,3,3,333,9,Loyal Customers,3,0,1.0,60.0,124.0,529.87,1.3791426739578727,547.247668631771,754.7326130340325,Medium,-628.4
12886,68.0,2.0,1351.09,3,2,4,324,9,Potential Loyalists,3,3,1.0,152.0,220.0,603.4,0.9430252792265483,621.5476657799817,586.1351610747765,Medium,-747.6899999999999
12887,384.0,1.0,222.4,2,1,1,211,4,Hibernating/Lost,0,2,0.0,0.0,384.0,0.0,0.2645431928862236,470.98914615257866,124.59697253795936,Low,-222.4
12888,214.0,2.0,313.77,2,2,2,222,6,Hibernating/Lost,0,3,1.0,41.0,256.0,81.36,0.6594531652948066,94.04092688086753,62.015586898845555,Low,-232.40999999999997
12889,381.0,4.0,365.66,2,3,2,232,7,At Risk,0,1,3.0,121.0,503.0,95.35000000000001,0.4752291017703771,99.59616592928468,47.330996474347394,Low,-79.61000000000001
12890,24.0,2.0,717.27,4,2,3,423,9,New Customers,3,3,1.0,363.0,388.0,380.46999999999997,0.6134210485505687,396.2831701421387,243.08843775153414,Low,-336.8
12891,186.0,11.0,819.5,3,5,3,353,11,Loyal Customers,3,1,9.0,474.0,660.0,88.72222222222223,2.0828179929549773,90.12670693724971,187.71752685468385,Low,-21.0
12892,397.0,1.0,263.38,2,1,1,211,4,Hibernating/Lost,0,2,0.0,0.0,397.0,0.0,0.25719034219649733,470.98914615257866,121.1338596698178,Low,-263.38
12893,31.0,1.0,188.14,4,1,1,411,6,New Customers,3,2,0.0,0.0,31.0,0.0,1.1990808315035197,470.98914615257866,564.7540569977668,Medium,-188.14
12894,575.0,1.0,157.35,1,1,1,111,3,Hibernating/Lost,0,2,0.0,0.0,576.0,0.0,0.18603057093230413,470.98914615257866,87.61837976168265,Low,-157.35
12895,42.0,2.0,347.3,4,2,2,422,8,New Customers,3,3,1.0,44.0,87.0,105.0,1.731285620772332,117.92848206356437,204.16788527615685,Low,-242.3
12897,205.0,4.0,514.25,2,3,2,232,7,At Risk,0,1,3.0,339.0,544.0,136.70000000000002,0.9720329873269571,141.0895026370506,137.1436507287669,Low,-104.14999999999998
12898,464.0,2.0,310.96000000000004,1,2,2,122,5,Hibernating/Lost,0,3,1.0,196.0,660.0,152.64000000000001,0.3067304142779375,166.0673623048367,50.9379108378069,Low,-158.32000000000002
12899,414.0,1.0,366.4,1,1,2,112,4,Hibernating/Lost,0,2,0.0,0.0,414.0,0.0,0.24817106132100666,470.98914615257866,116.88587627136016,Low,-366.4
12900,422.0,1.0,340.33,1,1,2,112,4,Hibernating/Lost,0,2,0.0,0.0,423.0,0.0,0.24364794153851851,470.98914615257866,114.75553594706024,Low,-340.33
12901,9.0,28.0,16293.1,5,5,5,555,15,Champions,1,-1,22.0,262.0,271.0,772.67,11.896299064407033,773.5665041257467,9202.57847928774,High,705.6399999999976
12902,265.0,1.0,138.68,2,1,1,211,4,Hibernating/Lost,0,2,0.0,0.0,265.0,0.0,0.3583911826236957,470.98914615257866,168.79835709254732,Low,-138.68
12903,429.0,1.0,833.53,1,1,3,113,5,Hibernating/Lost,0,2,0.0,0.0,429.0,0.0,0.24072315478287643,470.98914615257866,113.37799313034199,Low,-833.53
12904,18.0,2.0,509.58,5,2,2,522,9,New Customers,3,3,1.0,154.0,173.0,264.89,1.1537434947176606,279.49283054754903,322.46303506446014,Medium,-244.69
12905,577.0,2.0,1011.82,1,2,3,123,6,Hibernating/Lost,0,3,1.0,106.0,683.0,424.76,0.23056457303792738,441.0369695939849,101.68750058837848,Low,-587.0600000000001
12906,12.0,5.0,2919.81,5,4,5,545,14,Champions,3,1,1.0,67.0,79.0,983.22,1.8874230444928604,1005.3450942694874,1897.5114985920775,High,-1936.59
12907,396.0,2.0,440.36,2,2,2,222,6,Hibernating/Lost,0,3,1.0,99.0,495.0,180.48,0.3583905721916747,194.1988993727842,69.59905466520559,Low,-259.88
12908,176.0,5.0,1272.0,3,4,4,344,11,Loyal Customers,0,1,3.0,454.0,631.0,356.0,0.8808389643513931,361.1496898199542,318.11471875683526,Medium,-204.0
12909,40.0,8.0,3034.77,4,4,5,445,13,Champions,1,1,6.0,614.0,654.0,469.84666666666664,1.6281265323381033,472.6140356495694,769.4754509964501,Medium,-215.69000000000005
12910,23.0,13.0,5747.02,4,5,5,455,14,Champions,1,1,9.0,598.0,622.0,530.9511111111111,2.4850801538343887,532.8654022353907,1324.213235760148,High,-968.46
12911,552.0,1.0,1680.47,1,1,4,114,6,Hibernating/Lost,0,2,0.0,0.0,552.0,0.0,0.19319530876338442,470.98914615257866,90.99289351515023,Low,-1680.47
12912,3.0,5.0,1662.3,5,4,4,544,13,Champions,3,1,4.0,38.0,41.0,336.06,7.498100727392686,339.86712768535847,2548.3579573144493,High,-318.05999999999995
12913,5.0,13.0,6700.860000000001,5,5,5,555,15,Champions,1,1,12.0,734.0,739.0,513.575,2.7987569251167694,514.9952854815376,1441.346621643941,High,-537.96
12914,401.0,1.0,223.98,2,1,1,211,4,Hibernating/Lost,0,2,0.0,0.0,401.0,0.0,0.2550095875284621,470.98914615257866,120.10674789075163,Low,-223.98
12915,149.0,4.0,1084.85,3,3,3,333,9,Loyal Customers,0,1,3.0,441.0,590.0,322.81666666666666,0.9429170318312985,327.85132892307314,309.1366019500909,Medium,-116.39999999999986
12916,139.0,7.0,4630.22,3,4,5,345,12,Loyal Customers,1,1,6.0,546.0,685.0,712.4483333333333,1.5168501122681672,715.6354551362026,1085.5117204664298,High,-355.53000000000065
12917,128.0,6.0,4329.5,3,4,5,345,12,Loyal Customers,3,1,4.0,602.0,731.0,701.575,1.0074224785126416,706.3315778616264,711.5743088211045,Medium,-1523.1999999999998
12918,626.0,1.0,-10953.5,1,1,1,111,3,Hibernating/Lost,0,-1,,,,,,,0.0,Low,
12919,8.0,6.0,1301.44,5,4,4,544,13,Champions,3,1,5.0,161.0,170.0,225.798,4.181125317609374,228.61310920010752,955.860058813966,High,-172.45000000000005
12920,17.0,4.0,488.09000000000003,5,3,2,532,10,Loyal Customers,3,1,2.0,708.0,726.0,174.595,0.5820180617429634,181.38806809873526,105.57113181812656,Low,-138.90000000000003
12921,9.0,74.0,34639.45,5,5,5,555,15,Champions,2,-1,48.0,729.0,739.0,731.7779166666668,10.793540952941138,732.1798788860798,7902.813507676385,High,485.8900000000067
12922,161.0,1.0,405.38,3,1,2,312,6,Potential Loyalists,0,2,0.0,0.0,162.0,0.0,0.5176130149720487,470.98914615257866,243.79011195914714,Low,-405.38
12923,64.0,3.0,789.87,3,3,3,333,9,Loyal Customers,3,0,2.0,511.0,576.0,181.83499999999998,0.7108750945116157,188.6657788439195,134.11780336677884,Low,-426.20000000000005
12924,88.0,12.0,2423.15,3,5,4,354,12,Loyal Customers,1,1,10.0,642.0,731.0,225.98499999999999,2.3352682689727042,227.39128838392983,531.0196604038128,Medium,-163.30000000000018
12925,5.0,3.0,729.3299999999999,5,3,3,533,11,Loyal Customers,3,0,2.0,588.0,593.0,347.025,0.6996857157379838,354.7161984567629,248.18985720107685,Low,-35.27999999999997
12926,411.0,4.0,1548.46,1,3,4,134,8,At Risk,0,1,3.0,314.0,726.0,385.9333333333334,0.614500075381527,391.18678483291177,240.38430876808144,Low,-390.65999999999985
12927,395.0,1.0,197.31,2,1,1,211,4,Hibernating/Lost,0,2,0.0,0.0,395.0,0.0,0.2582947889087922,470.98914615257866,121.65404208381258,Low,-197.31
12928,35.0,12.0,4304.89,4,5,5,455,14,Champions,1,1,10.0,514.0,550.0,382.01000000000005,3.053082306601932,383.5781503528667,1171.095664041433,High,-484.78999999999996
12929,312.0,1.0,105.1,2,1,1,211,4,Hibernating/Lost,0,2,0.0,0.0,312.0,0.0,0.31433188465276213,470.98914615257866,148.04690596113528,Low,-105.1
12930,78.0,2.0,409.9,3,2,2,322,7,Potential Loyalists,3,3,1.0,93.0,172.0,194.24,1.106098050955943,208.10299240636752,230.18231429878253,Low,-215.65999999999997
12931,22.0,57.0,71299.67,4,5,5,455,14,Champions,2,-1,41.0,717.0,739.0,1927.8029268292682,9.214076987737354,1928.575923460304,17770.047035459902,High,7740.25
12932,539.0,8.0,1698.56,1,4,4,144,9,Can't Lose Them,0,1,6.0,128.0,668.0,212.3066666666667,0.017658639929500272,214.628436314909,3.7900462755166586,Low,-424.7199999999998
12933,24.0,8.0,1627.28,4,4,4,444,12,Champions,3,1,6.0,705.0,730.0,255.20666666666668,1.477470765983983,257.6026624990238,380.6004030819461,Medium,-96.03999999999996
12934,737.0,1.0,181.65,1,1,1,111,3,Hibernating/Lost,0,2,0.0,0.0,737.0,0.0,0.14897642507131617,470.98914615257866,70.16627924120282,Low,-181.65
12935,2.0,15.0,4182.01,5,5,5,555,15,Champions,1,1,12.0,605.0,608.0,313.76666666666665,3.340048554978521,315.01424596153214,1052.1628770214638,High,-416.8100000000004
12936,17.0,4.0,1012.9,5,3,3,533,11,Loyal Customers,3,1,2.0,61.0,79.0,132.72,3.087606725889237,139.29495519064264,430.08804052906805,Medium,-747.46
12937,15.0,9.0,3097.61,5,5,5,555,15,Champions,1,1,8.0,721.0,737.0,365.94375,1.9116750916995242,367.8836069280558,703.2739280089428,Medium,-170.05999999999995
12938,26.0,1.0,114.14,4,1,1,411,6,New Customers,3,2,0.0,0.0,26.0,0.0,1.2630882296182389,470.98914615257866,594.9008467832665,Medium,-114.14
12939,64.0,20.0,25264.8,3,5,5,355,13,Loyal Customers,2,-1,15.0,632.0,697.0,1651.32,3.6033417729502886,1653.2426323733007,5957.198238053012,High,-495.0
12940,55.0,2.0,876.29,4,2,3,423,9,New Customers,3,3,1.0,33.0,88.0,552.27,1.6858456880155366,569.8822386864415,960.7335147661782,High,-324.02
12941,724.0,1.0,377.49,1,1,2,112,4,Hibernating/Lost,0,2,0.0,0.0,725.0,0.0,0.15122111405164462,470.98914615257866,71.22350338742582,Low,-377.49
12942,131.0,3.0,942.65,3,3,3,333,9,Loyal Customers,0,0,2.0,234.0,366.0,212.575,1.0097355700364372,219.5658932509587,221.7034923823163,Low,-517.5
12943,558.0,2.0,489.0,1,2,2,122,5,Hibernating/Lost,0,3,1.0,47.0,606.0,180.64999999999998,0.19834423464673973,194.3706795919491,38.552303681431816,Low,-308.35
12944,36.0,2.0,604.51,4,2,3,423,9,New Customers,3,3,1.0,319.0,355.0,317.56,0.6586861557265644,332.7143843323478,219.15435877080483,Low,-286.95
12945,288.0,2.0,900.11,2,2,3,223,7,Hibernating/Lost,0,3,1.0,368.0,657.0,462.95,0.3605586264900472,479.6268905934431,172.933612900064,Low,-437.16
12946,437.0,1.0,324.45,1,1,2,112,4,Hibernating/Lost,0,2,0.0,0.0,437.0,0.0,0.23693109732714998,470.98914615257866,111.59197522710788,Low,-324.45
12947,144.0,6.0,1711.33,3,4,4,344,11,Loyal Customers,3,1,5.0,230.0,374.0,259.99,2.0183214569501344,262.8761251505343,530.5685239112322,Medium,-411.3799999999999
12948,16.0,9.0,2306.18,5,5,4,554,14,Champions,1,1,8.0,721.0,738.0,273.61875,1.909085628562773,275.4388522170419,525.8363543153803,Medium,-117.23000000000002
12949,31.0,22.0,15391.0,4,5,5,455,14,Champions,1,-1,15.0,706.0,737.0,915.4666666666667,3.4615444865406757,916.880553663189,3173.822825349174,High,-1659.0
12950,2.0,3.0,1843.0,5,3,4,534,12,Loyal Customers,3,0,2.0,22.0,25.0,765.7,4.9411099261047715,775.5719368877046,3832.186195764141,High,-311.5999999999999
12951,9.0,15.0,3164.42,5,5,5,555,15,Champions,1,1,14.0,690.0,699.0,217.53,3.4104610117860723,218.52793069491815,745.2809876213073,Medium,-119.0
12952,6.0,4.0,1382.8400000000001,5,3,4,534,12,Loyal Customers,3,1,2.0,73.0,79.0,328.125,3.118906326717214,335.7177546606328,1047.0722290023452,High,-726.5900000000001
12953,10.0,2.0,828.8100000000001,5,2,3,523,10,New Customers,3,3,1.0,513.0,523.0,329.85,0.47576794346930945,345.1330837060933,164.20325745806906,Low,-498.96000000000004
12954,639.0,1.0,162.45,1,1,1,111,3,Hibernating/Lost,0,2,0.0,0.0,639.0,0.0,0.16952902149875645,470.98914615257866,79.84632908378146,Low,-162.45
12955,1.0,11.0,4734.26,5,5,5,555,15,Champions,1,5,9.0,266.0,268.0,474.0377777777778,5.105865290590359,475.8864585748394,2429.8121510992396,High,-467.9200000000001
12956,306.0,4.0,521.89,2,3,2,232,7,At Risk,0,1,3.0,418.0,725.0,156.29666666666665,0.7265734401547491,160.75409969508812,116.79965923443967,Low,-53.0
12957,10.0,13.0,8628.42,5,5,5,555,15,Champions,1,1,10.0,719.0,729.0,759.902,2.382185326873738,761.8621794710558,1814.8969050359956,High,-1029.3999999999996
12958,400.0,2.0,539.49,2,2,2,222,6,Hibernating/Lost,0,3,1.0,183.0,584.0,372.6,0.35077246583563326,388.3307564666809,136.21573700563445,Low,-166.89
12959,484.0,1.0,133.35,1,1,1,111,3,Hibernating/Lost,0,2,0.0,0.0,485.0,0.0,0.21647368277238707,470.98914615257866,101.95675501347077,Low,-133.35
12960,414.0,4.0,1322.07,1,3,4,134,8,At Risk,0,1,3.0,248.0,662.0,302.8,0.5939452434638235,307.7652759661901,182.7957217634496,Low,-413.66999999999985
12961,379.0,1.0,211.99,2,1,1,211,4,Hibernating/Lost,0,2,0.0,0.0,380.0,0.0,0.26689108588693405,470.98914615257866,125.70280465762161,Low,-211.99
12962,7.0,2.0,266.39,5,2,1,521,8,New Customers,3,3,1.0,106.0,114.0,95.85000000000001,1.5321317461115234,108.68266438498247,166.51616035621586,Low,-170.53999999999996
12963,8.0,12.0,3512.79,5,5,5,555,15,Champions,1,1,10.0,511.0,520.0,288.55100000000004,3.22534690845177,290.0221950075383,935.42219004996,High,-627.2799999999997
12964,437.0,1.0,132.24,1,1,1,111,3,Hibernating/Lost,0,2,0.0,0.0,438.0,0.0,0.2364654855642906,470.98914615257866,111.37267714048014,Low,-132.24
12965,89.0,1.0,771.91,3,1,3,313,7,Potential Loyalists,0,2,0.0,0.0,90.0,0.0,0.751854825076943,470.98914615257866,354.1154620936858,Medium,-771.91
12966,10.0,1.0,160.18,5,1,1,511,7,New Customers,3,2,0.0,0.0,10.0,0.0,1.524160513486826,470.98914615257866,717.863058846636,Medium,-160.18
12967,358.0,3.0,3840.77,2,3,5,235,10,At Risk,0,0,2.0,25.0,384.0,1514.65,0.2992027196307575,1528.4229676343546,457.30830866231213,Medium,-811.4699999999998
12968,112.0,1.0,135.95,3,1,1,311,5,Potential Loyalists,0,2,0.0,0.0,113.0,0.0,0.6567738122284743,470.98914615257866,309.33333703686316,Medium,-135.95
12969,603.0,1.0,122.45,1,1,1,111,3,Hibernating/Lost,0,2,0.0,0.0,603.0,0.0,0.17858053756629405,470.98914615257866,84.10949490781734,Low,-122.45
12970,7.0,10.0,1524.97,5,5,4,554,14,Champions,1,1,4.0,728.0,736.0,316.0825,1.0228438948370997,319.83773476469474,327.1440743425956,Medium,-260.6400000000001
12971,4.0,116.0,15482.74,5,5,5,555,15,Champions,2,-1,97.0,721.0,725.0,161.76484536082475,22.0776712823645,161.90282684279347,3574.4373907207737,High,208.45000000000073
12972,414.0,4.0,1115.95,1,3,3,133,7,At Risk,0,1,3.0,248.0,662.0,230.56333333333336,0.5939452434638235,235.27820625284912,139.74237149458014,Low,-424.26
12973,414.0,1.0,385.55,1,1,2,112,4,Hibernating/Lost,0,2,0.0,0.0,414.0,0.0,0.24817106132100666,470.98914615257866,116.88587627136016,Low,-385.55
12974,198.0,2.0,408.95,2,2,2,222,6,Hibernating/Lost,0,3,1.0,368.0,566.0,144.8,0.4228775678814508,158.14526278570204,66.8760840987906,Low,-264.15
12975,437.0,6.0,1993.99,1,4,4,144,9,Can't Lose Them,0,1,4.0,297.0,734.0,414.615,0.6060379974251422,418.6261796629701,253.7033715926842,Low,-335.53
12976,212.0,8.0,3156.38,2,4,5,245,11,Can't Lose Them,0,1,6.0,454.0,666.0,463.1266666666667,1.4564245089907144,465.8824086109389,678.5225582085981,Medium,-377.6199999999999
12977,156.0,4.0,517.63,3,3,2,332,8,Loyal Customers,0,1,2.0,355.0,512.0,146.34,0.7640899169719295,152.98589722785388,116.89498151070701,Low,-224.95
12978,385.0,5.0,2496.07,2,4,4,244,10,Can't Lose Them,0,1,4.0,344.0,730.0,389.31,0.7503271952138879,393.25544819720136,295.0702574483865,Medium,-938.8300000000002
12979,729.0,1.0,479.53999999999996,1,1,2,112,4,Hibernating/Lost,0,2,0.0,0.0,730.0,0.0,0.15027765235295168,470.98914615257866,70.77914316753076,Low,-479.53999999999996
12980,158.0,21.0,15909.390000000001,3,5,5,355,13,Loyal Customers,1,-1,20.0,580.0,738.0,774.5790000000001,3.417130868936337,775.5661907112875,2650.2111711829066,High,-417.8099999999995
12981,30.0,2.0,372.21999999999997,4,2,2,422,8,New Customers,3,3,1.0,104.0,134.0,185.04,1.3624438785573643,198.80665113391356,270.86290485389003,Low,-187.17999999999998
12982,243.0,8.0,2562.12,2,4,4,244,10,Can't Lose Them,0,1,7.0,364.0,607.0,291.8342857142857,1.5348750822014314,293.9417957548822,451.1639379217112,Medium,-519.2799999999997
12983,598.0,1.0,490.08000000000004,1,1,2,112,4,Hibernating/Lost,0,2,0.0,0.0,599.0,0.0,0.1796463355444766,470.98914615257866,84.61147418753268,Low,-490.08000000000004
12984,19.0,1.0,97.5,4,1,1,411,6,New Customers,3,2,0.0,0.0,19.0,0.0,1.3652688327800393,470.98914615257866,643.0268018197984,Medium,-97.5
12985,1.0,2.0,1215.6200000000001,5,2,4,524,11,New Customers,3,-1,1.0,28.0,29.0,485.0,2.885511591676096,501.9077954910093,1448.2607618419026,High,-730.6200000000001
12986,429.0,10.0,1991.5900000000001,1,5,4,154,10,Can't Lose Them,0,1,6.0,259.0,688.0,404.3283333333334,0.3603920751366746,406.9823415732782,146.67321062357664,Low,434.3800000000001
12987,74.0,5.0,1298.51,3,4,4,344,11,Loyal Customers,3,1,4.0,615.0,689.0,257.47,1.0753907130586693,261.0729847928564,280.755463276745,Medium,-268.6299999999999
12988,292.0,1.0,535.32,2,1,2,212,5,Hibernating/Lost,0,2,0.0,0.0,293.0,0.0,0.33076722747832277,470.98914615257866,155.787774045271,Low,-535.32
12989,3.0,33.0,12846.8,5,5,5,555,15,Champions,1,-1,26.0,721.0,730.0,502.9788461538462,5.974777992390446,503.6298323680077,3009.076438743662,High,230.65000000000146
12990,31.0,7.0,955.5,4,4,3,443,11,Champions,3,1,6.0,588.0,620.0,139.75,1.7101598511105094,141.94623108183768,242.7507454126135,Low,-117.0
12991,23.0,3.0,764.82,4,3,3,433,10,Loyal Customers,3,0,2.0,366.0,390.0,251.88,1.0039566529181672,259.0756198862442,260.1006921936931,Low,-261.06000000000006
12992,725.0,1.0,93.35000000000001,1,1,1,111,3,Hibernating/Lost,0,2,0.0,0.0,726.0,0.0,0.15103147456557572,470.98914615257866,71.1341852478054,Low,-93.35000000000001
12993,23.0,8.0,1191.26,4,4,3,443,11,Champions,3,1,6.0,636.0,660.0,181.67999999999998,1.6188516668394,183.94877895829302,297.785787429705,Medium,-101.18000000000006
12994,4.0,3.0,902.22,5,3,3,533,11,Loyal Customers,3,0,2.0,264.0,269.0,310.90999999999997,1.3677581073919136,318.4130874674909,435.51208188335124,Medium,-280.4000000000001
12995,85.0,1.0,200.72,3,1,1,311,5,Potential Loyalists,0,2,0.0,0.0,86.0,0.0,0.7712946225764735,470.98914615257866,363.2713957193687,Medium,-200.72
12996,376.0,1.0,355.5,2,1,2,212,5,Hibernating/Lost,0,2,0.0,0.0,376.0,0.0,0.2692811004844868,470.98914615257866,126.82847559221516,Low,-355.5
12997,22.0,8.0,2065.11,4,4,4,444,12,Champions,1,1,6.0,560.0,583.0,306.035,1.8092879271386517,308.51893973045156,558.1995929479233,Medium,-228.9000000000001
12998,493.0,3.0,897.38,1,3,3,133,7,At Risk,0,0,2.0,161.0,654.0,309.94000000000005,0.3788916429107643,317.43803506102296,120.2746186266358,Low,-277.4999999999999
12999,196.0,3.0,455.88,2,3,2,232,7,At Risk,0,0,2.0,49.0,246.0,67.8,1.0122431681617754,74.03680856393521,74.94325366134464,Low,-320.28
13000,107.0,4.0,965.0,3,3,3,333,9,Loyal Customers,3,1,3.0,619.0,726.0,178.28333333333333,0.7972483060028529,182.81698151084177,145.7505288180735,Low,-430.15
13001,4.0,33.0,24136.05,5,5,5,555,15,Champions,2,-1,32.0,732.0,737.0,728.1928125000001,7.263001599719099,728.7946595095675,5293.236777884725,High,-833.8799999999974
13002,318.0,3.0,414.13,2,3,2,232,7,At Risk,0,0,2.0,116.0,435.0,116.875,0.6272914812699357,123.36742387055361,77.3873340602156,Low,-180.38
13003,106.0,3.0,149.05,3,3,1,331,7,Loyal Customers,3,0,2.0,109.0,215.0,45.0,1.5027042960400785,51.11805096860358,76.8153147957163,Low,-59.05000000000001
13004,12.0,36.0,11143.99,5,5,5,555,15,Champions,1,6,32.0,713.0,725.0,344.5890625,7.365391709702639,345.06663734684275,2541.5509500094026,High,-117.13999999999942
13005,174.0,4.0,935.03,3,3,3,333,9,Loyal Customers,0,1,3.0,284.0,458.0,256.65000000000003,1.1326200104894226,261.4553004144756,296.1295050979585,Medium,-165.07999999999993
13006,56.0,1.0,81.57,4,1,1,411,6,New Customers,3,2,0.0,0.0,57.0,0.0,0.9496012072289162,470.98914615257866,447.2518617782051,Medium,-81.57
13007,580.0,1.0,175.25,1,1,1,111,3,Hibernating/Lost,0,2,0.0,0.0,580.0,0.0,0.18488784357445445,470.98914615257866,87.08016757912382,Low,-175.25
13008,323.0,3.0,543.28,2,3,2,232,7,At Risk,0,0,2.0,400.0,724.0,211.40999999999997,0.5306532762166839,218.39482515453057,115.89192947702149,Low,-120.46000000000004
13009,673.0,1.0,234.0,1,1,1,111,3,Hibernating/Lost,0,2,0.0,0.0,673.0,0.0,0.16178498918934597,470.98914615257866,76.19897391859423,Low,-234.0
13010,374.0,2.0,330.12,2,2,2,222,6,Hibernating/Lost,0,3,1.0,274.0,649.0,153.0,0.34377967297901163,166.4311321807153,57.215640194612966,Low,-177.12
13011,372.0,1.0,101.10000000000001,2,1,1,211,4,Hibernating/Lost,0,2,0.0,0.0,373.0,0.0,0.27110194122884895,470.98914615257866,127.68607181968213,Low,-101.10000000000001
13012,9.0,11.0,2591.1800000000003,5,5,4,554,14,Champions,1,1,9.0,583.0,593.0,286.21555555555557,2.599056174220411,287.8477127941282,748.1323751728025,Medium,-15.240000000000236
13013,1.0,29.0,12601.82,5,5,5,555,15,Champions,1,-1,26.0,724.0,726.0,456.51,6.009704555729973,457.14245678668493,2747.291105168533,High,-732.5599999999995
13014,11.0,11.0,5220.83,5,5,5,555,15,Champions,1,1,10.0,422.0,433.0,346.628,3.7810769918423257,348.1594446955366,1316.417665830894,High,-1754.5500000000002
13015,53.0,11.0,6465.72,4,5,5,455,14,Champions,1,1,8.0,550.0,604.0,731.3475,2.270702769255701,733.761321948198,1666.1538657204972,High,-614.9400000000005
13016,73.0,3.0,789.89,3,3,3,333,9,Loyal Customers,3,0,1.0,50.0,124.0,364.64,1.356703873105772,380.2874003222533,515.9373889105262,Medium,-425.25
13017,7.0,1.0,204.0,5,1,1,511,7,New Customers,3,2,0.0,0.0,8.0,0.0,1.5647000965030486,470.98914615257866,736.9567624368283,Medium,-204.0
13018,16.0,35.0,9742.81,5,5,5,555,15,Champions,1,-1,23.0,632.0,649.0,388.8895652173913,5.889240985094412,389.57407136429066,2294.295587808676,High,-798.3500000000004
13019,379.0,6.0,1212.95,2,4,4,244,10,Can't Lose Them,0,1,5.0,354.0,734.0,194.99,0.811355205900436,197.7411217351816,160.43828854043144,Low,-238.0
13020,563.0,2.0,606.96,1,2,3,123,6,Hibernating/Lost,0,3,1.0,97.0,660.0,170.95000000000002,0.2339403253344515,184.5691023807749,43.17815585764617,Low,-436.01
13021,4.0,17.0,4786.38,5,5,5,555,15,Champions,1,1,15.0,730.0,735.0,310.2353333333333,3.4829818666789794,311.23078281144393,1084.011172884563,High,-132.85000000000036
13022,430.0,1.0,65.3,1,1,1,111,3,Hibernating/Lost,0,2,0.0,0.0,430.0,0.0,0.24024251325531712,470.98914615257866,113.15161618767137,Low,-65.3
13023,64.0,3.0,1449.03,3,3,4,334,10,Loyal Customers,3,0,2.0,464.0,529.0,344.95000000000005,0.765829507477053,352.63039047385456,270.0547582580329,Low,-759.1299999999999
13024,471.0,2.0,535.42,1,2,2,122,5,Hibernating/Lost,0,3,1.0,112.0,583.0,308.04,0.29821178212386257,323.09469205911284,96.35064391370862,Low,-227.37999999999994
13025,732.0,1.0,323.39,1,1,2,112,4,Hibernating/Lost,0,2,0.0,0.0,732.0,0.0,0.14990355789782986,470.98914615257866,70.60294873953252,Low,-323.39
13026,1.0,9.0,1690.12,5,5,4,554,14,Champions,1,5,8.0,725.0,727.0,174.63750000000002,1.938622570813029,176.32921368750456,341.83579354831,Medium,-293.01999999999975
13027,114.0,19.0,17148.0,3,5,5,355,13,Loyal Customers,1,-1,17.0,575.0,689.0,985.8352941176471,3.8801417522734725,987.1256635214681,3830.1875017703037,High,-388.7999999999993
13028,23.0,2.0,659.68,4,2,3,423,9,New Customers,3,3,1.0,23.0,46.0,305.38,2.3897715440117127,320.40683686512074,765.6991412470685,Medium,-354.29999999999995
13029,31.0,5.0,1927.3,4,4,4,444,12,Champions,3,1,4.0,493.0,524.0,394.9,1.3820422786963678,398.8599686039845,551.2413398902124,Medium,-347.70000000000005
13030,11.0,2.0,1227.22,5,2,4,524,11,New Customers,3,3,1.0,357.0,369.0,371.74,0.6418731328618255,387.46175065208195,248.7012877551793,Low,-855.48
13031,407.0,5.0,3419.27,2,4,5,245,11,Can't Lose Them,0,1,4.0,147.0,555.0,610.2574999999999,0.36178809449519683,614.7768744186176,222.4189539356246,Low,-978.2400000000002
13032,52.0,9.0,2817.59,4,5,4,454,13,Champions,1,1,5.0,408.0,461.0,460.01599999999996,1.8711465140227324,463.31757427606243,866.9350639921225,High,-517.5100000000002
13033,357.0,2.0,220.55,2,2,1,221,5,Hibernating/Lost,0,3,1.0,72.0,430.0,190.55,0.39210683431701543,204.37435117861153,80.13657985623936,Low,-30.0
13034,55.0,3.0,922.68,4,3,3,433,10,Loyal Customers,3,0,2.0,347.0,402.0,404.315,0.9707680325906909,412.304602958366,400.2521282419789,Medium,-114.04999999999995
13035,74.0,3.0,1328.95,3,3,4,334,10,Loyal Customers,3,0,2.0,358.0,432.0,460.94,0.9086108906955337,469.22454369677183,426.34253058452924,Medium,-407.07000000000005
13036,685.0,1.0,307.1,1,1,2,112,4,Hibernating/Lost,0,2,0.0,0.0,685.0,0.0,0.15921815712074425,470.98914615257866,74.99002387428645,Low,-307.1
13037,138.0,12.0,3842.55,3,5,5,355,13,Loyal Customers,1,1,10.0,598.0,737.0,360.17600000000004,2.251826703926498,361.72149953261504,814.5341320318788,Medium,-240.78999999999996
13038,80.0,3.0,908.46,3,3,3,333,9,Loyal Customers,3,0,2.0,210.0,291.0,256.68,1.2454061724484975,263.9006214852614,328.66346291073916,Medium,-395.1
13039,584.0,4.0,1010.73,1,3,3,133,7,At Risk,0,1,3.0,138.0,723.0,282.6433333333334,0.1877199418889342,287.5387377096919,53.976755133680854,Low,-162.79999999999995
13040,9.0,2.0,676.99,5,2,3,523,10,New Customers,3,3,1.0,25.0,34.0,373.74,2.71872161500751,389.4826944069632,1058.8950199555757,High,-303.25
13041,451.0,4.0,799.13,1,3,3,133,7,At Risk,0,1,3.0,139.0,590.0,180.99,0.3690529516635363,185.53303063673505,68.47151258756838,Low,-256.15999999999997
13042,598.0,3.0,1522.79,1,3,4,134,8,At Risk,0,0,2.0,134.0,733.0,444.22,0.24973244552493679,452.41745479352863,112.98331738375543,Low,-634.3499999999999
13043,273.0,1.0,471.57,2,1,2,212,5,Hibernating/Lost,0,2,0.0,0.0,274.0,0.0,0.3490207829840967,470.98914615257866,164.38500056718416,Low,-471.57
13044,291.0,11.0,4824.2,2,5,5,255,12,Can't Lose Them,1,1,10.0,409.0,701.0,467.65500000000003,1.1095400819241155,469.3119993727647,520.7204742320278,Medium,-147.64999999999964
13045,99.0,3.0,808.92,3,3,3,333,9,Loyal Customers,3,0,2.0,387.0,487.0,241.74,0.8145118900930459,248.88280400832042,202.71800310447418,Low,-325.43999999999994
13046,31.0,3.0,949.25,4,3,3,433,10,Loyal Customers,3,0,2.0,426.0,457.0,314.655,0.8756861208954093,322.1775939233908,282.1264474621905,Medium,-319.94000000000005
13047,32.0,24.0,8466.72,4,5,5,455,14,Champions,1,1,18.0,692.0,724.0,471.60333333333335,4.192825587983329,472.52573882478833,1981.2180087253,High,22.140000000001237
13048,14.0,9.0,4035.16,5,5,5,555,15,Champions,1,1,8.0,667.0,682.0,461.20125,2.051455147429001,463.26466538334313,950.366682422633,High,-345.5499999999997
13049,64.0,4.0,1384.14,3,3,4,334,10,Loyal Customers,3,1,3.0,337.0,402.0,386.8933333333334,1.343559609634717,392.15011260170144,526.8770522053524,Medium,-223.46000000000004
13050,15.0,35.0,11822.44,5,5,5,555,15,Champions,1,6,33.0,710.0,725.0,361.35121212121214,7.587312922175865,361.8195761129829,2745.238345338229,High,102.14999999999964
13051,579.0,2.0,155.8,1,2,1,121,4,Hibernating/Lost,0,3,1.0,41.0,620.0,80.8,0.18074580040299476,93.47506262950077,16.89522501268918,Low,-75.00000000000001
13052,212.0,7.0,3168.53,2,4,5,245,11,Can't Lose Them,0,1,5.0,442.0,655.0,521.512,1.2722059727040511,524.9412999688396,667.8334571393867,Medium,-560.9700000000007
13053,622.0,1.0,127.65,1,1,1,111,3,Hibernating/Lost,0,2,0.0,0.0,622.0,0.0,0.17368610417723312,470.98914615257866,81.80426990500285,Low,-127.65
13055,78.0,4.0,2292.5099999999998,3,3,4,334,10,Loyal Customers,3,1,2.0,351.0,430.0,607.2049999999999,0.910692396055742,616.2513892968235,561.2154542914041,Medium,-1078.1
13056,551.0,1.0,209.48,1,1,1,111,3,Hibernating/Lost,0,2,0.0,0.0,552.0,0.0,0.19319530876338442,470.98914615257866,90.99289351515023,Low,-209.48
13057,530.0,3.0,540.74,1,3,2,132,6,At Risk,0,0,2.0,101.0,632.0,184.29999999999998,0.26507668157300385,191.1436182067481,50.667716018101984,Low,-172.14000000000004
13058,25.0,3.0,271.40000000000003,4,3,1,431,8,Loyal Customers,3,0,2.0,127.0,152.0,111.925,2.0679695977956682,118.39164097156713,244.83031416234084,Low,-47.55000000000004
13059,250.0,10.0,2272.62,2,5,4,254,11,Can't Lose Them,0,1,8.0,369.0,619.0,209.635,1.5337236620863313,211.37210892713313,324.1864049666335,Medium,-595.54
13060,254.0,1.0,307.53,2,1,2,212,5,Hibernating/Lost,0,2,0.0,0.0,254.0,0.0,0.3705523331062524,470.98914615257866,174.52612697455973,Low,-307.53
13061,72.0,1.0,248.61,3,1,1,311,5,Potential Loyalists,3,2,0.0,0.0,73.0,0.0,0.842115185657118,470.98914615257866,396.62711225476625,Medium,-248.61
13062,191.0,1.0,346.98,2,1,2,212,5,Hibernating/Lost,0,2,0.0,0.0,192.0,0.0,0.4582599515666794,470.98914615257866,215.83546330431238,Low,-346.98
13063,481.0,1.0,188.4,1,1,1,111,3,Hibernating/Lost,0,2,0.0,0.0,481.0,0.0,0.2180423946858452,470.98914615257866,102.69560129814978,Low,-188.4
13064,13.0,6.0,1680.74,5,4,4,544,13,Champions,3,1,5.0,579.0,592.0,288.218,1.5158833607433813,291.1627540183585,441.3687740846477,Medium,-239.64999999999986
13065,373.0,5.0,1255.96,2,4,4,244,10,Can't Lose Them,0,1,4.0,174.0,548.0,268.33500000000004,0.5509300494360194,271.966207372409,149.834356072608,Low,-182.6199999999999
13066,24.0,2.0,430.9,4,2,2,422,8,New Customers,3,3,1.0,8.0,33.0,318.99,2.673608525416773,334.1593591170879,893.4113113832512,High,-111.90999999999997
13067,82.0,3.0,508.51,3,3,2,332,8,Loyal Customers,3,0,2.0,364.0,447.0,128.555,0.8803868338266121,135.10826109482878,118.94753420909554,Low,-251.39999999999998
13068,10.0,2.0,344.0,5,2,2,522,9,New Customers,3,3,1.0,309.0,320.0,179.0,0.72245464458146,192.70340099417209,139.21946707488317,Low,-165.0
13069,1.0,38.0,8747.47,5,5,5,555,15,Champions,1,-1,31.0,543.0,544.0,276.1051612903226,9.25742620112867,276.57524498633904,2560.374919520116,High,-188.20999999999913
13070,192.0,4.0,743.9,2,3,3,233,8,At Risk,0,1,3.0,540.0,733.0,199.16666666666666,0.7719290377057318,203.77270537010443,157.29806836703833,Low,-146.39999999999998
13071,612.0,1.0,129.22,1,1,1,111,3,Hibernating/Lost,0,2,0.0,0.0,613.0,0.0,0.17597060795064337,470.98914615257866,82.8802463866237,Low,-129.22
13072,267.0,1.0,177.15,2,1,1,211,4,Hibernating/Lost,0,2,0.0,0.0,267.0,0.0,0.35626553529821753,470.98914615257866,167.79720027369885,Low,-177.15
13073,411.0,2.0,418.08,1,2,2,122,5,Hibernating/Lost,0,3,1.0,26.0,438.0,115.2,0.2832125777328616,128.23529521345895,36.317848513738205,Low,-302.88
13074,511.0,4.0,1362.8400000000001,1,3,4,134,8,At Risk,0,1,3.0,212.0,724.0,355.1466666666667,0.3963575433328382,360.2933984699189,142.8050062965764,Low,-297.4000000000001
13075,130.0,1.0,919.61,3,1,3,313,7,Potential Loyalists,0,2,0.0,0.0,130.0,0.0,0.6006990184031485,470.98914615257866,282.9227177723911,Medium,-919.61
13076,458.0,1.0,135.4,1,1,1,111,3,Hibernating/Lost,0,2,0.0,0.0,458.0,0.0,0.2275234998467401,470.98914615257866,107.16109892246249,Low,-135.4
13077,1.0,11.0,3040.17,5,5,5,555,15,Champions,1,5,9.0,727.0,729.0,316.2477777777778,2.1590095880600253,317.9145564980257,686.3805756630882,Medium,-193.94000000000005
13078,3.0,57.0,28883.83,5,5,5,555,15,Champions,2,-1,54.0,735.0,739.0,535.2244444444444,12.136925371765198,535.5440070268021,6499.8576465803935,High,18.289999999997235
13079,4.0,6.0,419.18,5,4,2,542,11,Champions,3,1,5.0,413.0,418.0,44.02,2.0582684639444997,46.45756072570784,95.622132153511,Low,-199.07999999999998
13080,179.0,4.0,260.83,3,3,1,331,7,Loyal Customers,0,1,3.0,430.0,610.0,70.14333333333333,0.9043495206511556,74.30212222238215,67.19508861517488,Low,-50.39999999999998
13081,12.0,28.0,58328.15,5,5,5,555,15,Champions,2,-1,24.0,720.0,732.0,2371.64875,5.509437402601118,2373.1612607066395,13074.783412141182,High,-1408.580000000009
13082,126.0,21.0,7268.92,3,5,5,355,13,Loyal Customers,1,-1,15.0,591.0,718.0,476.238,3.314316007349375,477.348218393836,1582.0828413023962,High,-125.35000000000036
13083,4.0,3.0,395.43,5,3,2,532,10,Loyal Customers,3,0,2.0,421.0,426.0,151.875,0.9349837075943046,158.5497271967206,148.24141177245536,Low,-91.68
13084,492.0,1.0,116.44999999999999,1,1,1,111,3,Hibernating/Lost,0,2,0.0,0.0,492.0,0.0,0.21378213936205745,470.98914615257866,100.68906728080701,Low,-116.44999999999999
13085,158.0,8.0,1459.46,3,4,4,344,11,Loyal Customers,3,1,4.0,581.0,739.0,445.545,0.9890675201871199,449.63652245041243,444.7208802455897,Medium,322.72
13086,383.0,1.0,439.33000000000004,2,1,2,212,5,Hibernating/Lost,0,2,0.0,0.0,383.0,0.0,0.26512627835299996,470.98914615257866,124.87159946409035,Low,-439.33000000000004
13087,726.0,1.0,313.64,1,1,2,112,4,Hibernating/Lost,0,2,0.0,0.0,727.0,0.0,0.15084231043433738,470.98914615257866,71.04509099515077,Low,-313.64
13088,417.0,1.0,236.11,1,1,1,111,3,Hibernating/Lost,0,2,0.0,0.0,418.0,0.0,0.2461401922075257,470.98914615257866,115.92935896165412,Low,-236.11
13089,3.0,203.0,113214.19,5,5,5,555,15,Champions,2,-1,127.0,735.0,738.0,900.1664566929134,28.40380468414495,900.3321008462881,25572.857143303863,High,1106.949999999997
13090,9.0,24.0,13771.28,5,5,5,555,15,Champions,1,-1,21.0,486.0,495.0,654.0009523809524,6.866481719423591,654.8815769948166,4496.732376822201,High,-37.26000000000022
13091,28.0,3.0,-130.21999999999997,4,3,1,431,8,Loyal Customers,3,0,1.0,701.0,730.0,345.82,0.3520395350454195,361.27031958882037,127.18143533375844,Low,476.03999999999996
13092,71.0,12.0,2007.33,3,5,4,354,12,Loyal Customers,1,1,11.0,597.0,668.0,153.8390909090909,2.7832757663018746,155.04937991423483,431.54518169542246,Medium,-315.0999999999999
13093,276.0,55.0,54073.729999999996,2,5,5,255,12,Can't Lose Them,2,-1,42.0,460.0,736.0,1284.5280952380951,7.701347307194684e-05,1285.1239176468055,0.09897185622580708,Low,-123.55000000000291
13094,21.0,13.0,2214.6600000000003,4,5,4,454,13,Champions,1,1,11.0,368.0,390.0,176.8418181818182,4.510810533458565,178.07379902317106,803.2571683667035,Medium,-269.4000000000001
13095,71.0,1.0,74.39999999999999,3,1,1,311,5,Potential Loyalists,3,2,0.0,0.0,71.0,0.0,0.854190966359199,470.98914615257866,402.31467389676516,Medium,-74.39999999999999
13096,394.0,1.0,419.70000000000005,2,1,2,212,5,Hibernating/Lost,0,2,0.0,0.0,395.0,0.0,0.2582947889087922,470.98914615257866,121.65404208381258,Low,-419.70000000000005
13097,33.0,28.0,12861.73,4,5,5,455,14,Champions,1,-1,21.0,706.0,739.0,596.6261904761905,4.777137698304273,597.4784870651615,2854.237004484785,High,-332.5799999999999
13098,1.0,28.0,28658.88,5,5,5,555,15,Champions,2,-1,25.0,316.0,318.0,1129.3455999999999,11.86943097635307,1130.2823945479593,13415.80886587407,High,-425.24000000000524
13099,99.0,1.0,207.35999999999999,3,1,1,311,5,Potential Loyalists,0,2,0.0,0.0,100.0,0.0,0.7073127495047882,470.98914615257866,333.1366279520929,Medium,-207.35999999999999
13101,234.0,4.0,695.4,2,3,3,233,8,At Risk,0,1,3.0,447.0,682.0,175.61666666666667,0.8024072179497671,180.14107104198143,144.54649565328768,Low,-168.54999999999995
13102,1.0,37.0,11440.12,5,5,5,555,15,Champions,1,-1,32.0,581.0,583.0,344.54,8.97878550845029,345.01755895256906,3097.8386584842206,High,-414.84000000000015
13103,40.0,3.0,709.64,4,3,3,433,10,Loyal Customers,3,0,2.0,538.0,578.0,293.15,0.7119921508766196,300.56058155112737,213.99677492731482,Low,-123.34000000000003
13104,3.0,9.0,1709.1,5,5,4,554,14,Champions,1,1,8.0,650.0,654.0,201.555,2.1335509977735234,203.28162836320146,433.7117210233351,Medium,-96.65999999999985
13105,436.0,1.0,72.0,1,1,1,111,3,Hibernating/Lost,0,2,0.0,0.0,437.0,0.0,0.23693109732714998,470.98914615257866,111.59197522710788,Low,-72.0
13106,133.0,2.0,586.46,3,2,2,322,7,Potential Loyalists,0,3,1.0,280.0,414.0,76.5,0.5600813000219065,89.13003355650599,49.920065065324025,Low,-509.96000000000004
13107,44.0,9.0,5109.62,4,5,5,455,14,Champions,1,1,8.0,629.0,674.0,580.84625,2.0635641478645557,583.0648568526013,1203.1917344808073,High,-462.84999999999945
13108,373.0,2.0,1098.52,2,2,3,223,7,Hibernating/Lost,0,3,1.0,63.0,436.0,700.12,0.3690535451875409,719.2805057660408,265.45302063724483,Low,-398.4
13109,60.0,3.0,1107.58,3,3,3,333,9,Loyal Customers,3,0,2.0,492.0,552.0,393.27,0.7386835289846287,401.20207323729414,296.3613632948739,Medium,-321.03999999999996
13110,31.0,12.0,2896.17,4,5,5,455,14,Champions,1,1,10.0,707.0,739.0,259.469,2.3459241260158574,260.9100250361835,612.0751224517843,Medium,-301.48
13111,719.0,1.0,321.88000000000005,1,1,2,112,4,Hibernating/Lost,0,2,0.0,0.0,719.0,0.0,0.152369034583783,470.98914615257866,71.76416149870869,Low,-321.88000000000005
13112,541.0,1.0,-5.44,1,1,1,111,3,Hibernating/Lost,0,2,0.0,0.0,542.0,0.0,0.19634632645889166,470.98914615257866,92.47698864906884,Low,5.44
13113,1.0,37.0,16600.25,5,5,5,555,15,Champions,2,-1,35.0,621.0,622.0,517.2057142857143,9.253775404902163,517.6934682285863,4790.619083572191,High,1501.9500000000007
13114,731.0,1.0,234.38,1,1,1,111,3,Hibernating/Lost,0,2,0.0,0.0,731.0,0.0,0.15009037186887023,470.98914615257866,70.6909360922422,Low,-234.38
13115,12.0,10.0,5374.45,5,5,5,555,15,Champions,1,1,9.0,588.0,600.0,526.6888888888889,2.571212903805443,528.5982664757195,1359.138683691558,High,-634.25
13116,138.0,1.0,485.19,3,1,2,312,6,Potential Loyalists,0,2,0.0,0.0,139.0,0.0,0.5747386330053562,470.98914615257866,270.695658020093,Low,-485.19
13117,22.0,18.0,2642.11,4,5,4,454,13,Champions,1,1,17.0,602.0,624.0,147.9758823529412,4.545455152481438,148.7551735276304,676.159969969438,Medium,-126.51999999999998
13118,20.0,9.0,2334.1,4,5,4,454,13,Champions,1,1,7.0,420.0,440.0,313.4342857142857,2.6674036769277523,315.5738215168241,841.7627718561189,High,-140.05999999999995
13119,669.0,1.0,134.9,1,1,1,111,3,Hibernating/Lost,0,2,0.0,0.0,669.0,0.0,0.16265910480672102,470.98914615257866,76.61067288686034,Low,-134.9
13120,239.0,1.0,30.599999999999998,2,1,1,211,4,Hibernating/Lost,0,2,0.0,0.0,239.0,0.0,0.3885345033549189,470.98914615257866,182.99553398594946,Low,-30.599999999999998
13121,269.0,1.0,254.73,2,1,1,211,4,Hibernating/Lost,0,2,0.0,0.0,270.0,0.0,0.35312404449020524,470.98914615257866,166.31759220038697,Low,-254.73
13122,94.0,2.0,922.39,3,2,3,323,8,Potential Loyalists,0,3,1.0,146.0,241.0,18.72,0.8653967245057008,30.744968477985545,26.606595015879712,Low,-903.67
13123,473.0,2.0,506.75,1,2,2,122,5,Hibernating/Lost,0,3,1.0,57.0,530.0,151.31,0.2664595578165871,164.72343470784062,43.89213357428067,Low,-355.44
13124,90.0,4.0,4782.45,3,3,5,335,11,Loyal Customers,3,1,3.0,296.0,386.0,1288.7766666666666,1.3743115208395376,1297.1597576107042,1782.701599253813,High,-916.1199999999999
13125,524.0,1.0,158.57,1,1,1,111,3,Hibernating/Lost,0,2,0.0,0.0,524.0,0.0,0.2022853053951096,470.98914615257866,95.27418326725629,Low,-158.57
13126,5.0,13.0,3902.47,5,5,5,555,15,Champions,1,1,11.0,643.0,648.0,321.21818181818185,2.9027531534926765,322.58631122988936,936.3884321961314,High,-369.06999999999925
13127,78.0,1.0,259.17,3,1,1,311,5,Potential Loyalists,0,2,0.0,0.0,78.0,0.0,0.8133788715032176,470.98914615257866,383.09262018784847,Medium,-259.17
13128,631.0,1.0,263.5,1,1,1,111,3,Hibernating/Lost,0,2,0.0,0.0,632.0,0.0,0.17121640184758077,470.98914615257866,80.64106691350887,Low,-263.5
13129,452.0,2.0,233.25,1,2,1,121,4,Hibernating/Lost,0,3,1.0,77.0,530.0,124.5,0.2978219931486999,137.63268367365694,40.99004017409304,Low,-108.75
13130,94.0,1.0,64.0,3,1,1,311,5,Potential Loyalists,0,2,0.0,0.0,95.0,0.0,0.7288995105730369,470.98914615257866,343.3037581158271,Medium,-64.0
13131,23.0,7.0,3279.77,4,4,5,445,13,Champions,1,1,5.0,645.0,669.0,532.472,1.356267080626229,535.9240636216438,726.8561652054722,Medium,-617.4100000000003
13132,262.0,1.0,77.3,2,1,1,211,4,Hibernating/Lost,0,2,0.0,0.0,262.0,0.0,0.36162777054291173,470.98914615257866,170.32275487306663,Low,-77.3
13133,274.0,3.0,200.45000000000002,2,3,1,231,6,At Risk,0,0,2.0,186.0,460.0,54.900000000000006,0.7278323860192601,61.06961676657653,44.44844488449921,Low,-90.65
13134,86.0,6.0,2422.28,3,4,4,344,11,Loyal Customers,3,1,5.0,331.0,417.0,440.276,2.005756275088485,443.5365747773077,889.626268090838,High,-220.9000000000001
13135,197.0,2.0,3371.45,2,2,5,225,9,Hibernating/Lost,0,3,1.0,295.0,492.0,3096.0,0.47333964270231654,3140.249867488533,1486.404750273019,High,-275.4499999999998
13136,56.0,13.0,6077.8,4,5,5,455,14,Champions,1,1,8.0,675.0,732.0,715.68375,1.9112570241540268,718.0772545059599,1372.4301965597547,High,-352.3299999999999
13137,11.0,16.0,7667.37,5,5,5,555,15,Champions,1,1,15.0,492.0,503.0,458.1433333333333,4.887427396768318,459.2410416554009,2244.507248707027,High,-795.2200000000003
13138,22.0,7.0,1454.49,4,4,4,444,12,Champions,3,1,6.0,374.0,397.0,192.60333333333332,2.5262075511911726,194.89101199678132,492.33514616555834,Medium,-298.8700000000001
13139,16.0,8.0,8193.83,5,4,5,545,14,Champions,1,-1,6.0,421.0,438.0,844.1566666666668,2.326293018521559,847.571672082577,1971.7000634623432,High,-3128.8899999999994
13140,108.0,5.0,1215.68,3,4,4,344,11,Loyal Customers,3,1,4.0,383.0,492.0,240.845,1.4239832555820668,244.4048002199101,348.02834309703223,Medium,-252.30000000000007
13141,85.0,17.0,7536.63,3,5,5,355,13,Loyal Customers,1,1,14.0,646.0,731.0,522.6521428571428,3.205755268984738,523.8761043460883,1679.4185818026708,High,-219.5
13142,19.0,1.0,307.09,4,1,2,412,7,New Customers,3,2,0.0,0.0,20.0,0.0,1.349658729187219,470.98914615257866,635.6746124572627,Medium,-307.09
13143,585.0,1.0,399.2,1,1,2,112,4,Hibernating/Lost,0,2,0.0,0.0,585.0,0.0,0.1834790440497688,470.98914615257866,86.41663829389198,Low,-399.2
13144,333.0,2.0,135.35,2,2,1,221,5,Hibernating/Lost,0,3,1.0,99.0,432.0,110.95,0.4285460790041683,123.9407897343362,53.114339469329856,Low,-24.39999999999999
13145,40.0,7.0,1419.77,4,4,4,444,12,Champions,3,1,6.0,560.0,600.0,220.25333333333333,1.7583468327965348,222.58885241614672,391.3884036617469,Medium,-98.25
13146,26.0,1.0,228.91,4,1,1,411,6,New Customers,3,2,0.0,0.0,27.0,0.0,1.2497397043087282,470.98914615257866,588.613836245344,Medium,-228.91
13147,10.0,4.0,712.8000000000001,5,3,3,533,11,Loyal Customers,3,1,3.0,89.0,100.0,198.0,3.783028512105723,202.60199453997805,766.449121954225,Medium,-118.80000000000007
13148,29.0,26.0,8123.6,4,5,5,455,14,Champions,1,1,17.0,703.0,733.0,487.67117647058825,3.9250886758380323,488.65767528288865,1918.0247076142045,High,166.8099999999995
13149,14.0,4.0,1676.06,5,3,4,534,12,Loyal Customers,3,1,3.0,275.0,290.0,433.1066666666666,1.7845437781710358,438.5236410270514,782.5646351757333,Medium,-376.74
13150,484.0,3.0,435.02,1,3,2,132,6,At Risk,0,0,1.0,146.0,631.0,273.45,0.2944368055593483,288.14246981844093,84.83974835932268,Low,-161.57
13151,296.0,3.0,2511.69,2,3,4,234,9,At Risk,0,0,2.0,332.0,628.0,779.6850000000001,0.5978093344295937,789.6297800881745,472.04805328029806,Medium,-952.3199999999999
13152,417.0,7.0,2114.98,1,4,4,144,9,Can't Lose Them,0,1,6.0,277.0,695.0,277.65166666666664,0.4464429483815358,280.0864971540927,125.04264159132978,Low,-449.07000000000016
13153,6.0,1.0,486.22,5,1,2,512,8,New Customers,3,2,0.0,0.0,6.0,0.0,1.607486771704494,470.98914615257866,757.1088220566647,Medium,-486.22
13154,399.0,3.0,997.4300000000001,2,3,3,233,8,At Risk,0,0,1.0,228.0,736.0,675.88,0.2797343381599389,694.7866674568796,194.3556885833998,Low,-321.55000000000007
13155,33.0,6.0,1750.18,4,4,4,444,12,Champions,3,1,5.0,458.0,492.0,302.896,1.7778344489022178,305.87123986652074,543.788427163134,Medium,-235.70000000000005
13156,385.0,3.0,1586.54,2,3,4,234,9,At Risk,0,0,2.0,291.0,677.0,396.31,0.5175916663058718,404.25790758333835,209.24052400338525,Low,-793.92
13157,49.0,9.0,5667.71,4,5,5,455,14,Champions,1,1,7.0,592.0,642.0,784.88,1.9028093675260276,787.7185361828294,1498.878209622578,High,-173.55000000000018
13158,95.0,5.0,1508.18,3,4,4,344,11,Loyal Customers,3,1,4.0,294.0,389.0,300.265,1.7368547953525708,303.9791477281487,527.9676404188226,Medium,-307.1200000000001
13159,9.0,4.0,1379.75,5,3,4,534,12,Loyal Customers,3,1,3.0,107.0,116.0,326.84666666666664,3.4611839755478884,331.8952986191383,1148.7506891402427,High,-399.21000000000004
13160,22.0,1.0,91.8,4,1,1,411,6,New Customers,3,2,0.0,0.0,23.0,0.0,1.304922566593975,470.98914615257866,614.6043654353277,Medium,-91.8
13161,313.0,2.0,478.88,2,2,2,222,6,Hibernating/Lost,0,3,1.0,187.0,501.0,112.75,0.4242440105351126,125.75963911372936,53.352773661056965,Low,-366.13
13162,122.0,16.0,9116.94,3,5,5,355,13,Loyal Customers,1,-1,15.0,613.0,736.0,572.086,3.2761588599307854,573.2624846247065,1878.098968069168,High,-535.6499999999996
13163,610.0,1.0,0.0,1,1,1,111,3,Hibernating/Lost,0,2,,,,,,,0.0,Low,
13164,569.0,2.0,297.46000000000004,1,2,2,122,5,Hibernating/Lost,0,3,1.0,98.0,668.0,96.4,0.2306079448504176,109.23842391757483,25.191248438330636,Low,-201.06000000000003
13165,46.0,3.0,1451.16,4,3,4,434,11,Loyal Customers,3,0,2.0,367.0,414.0,510.74,0.9491515256944373,519.2839352865751,492.8791394458642,Medium,-429.68000000000006
13166,283.0,2.0,881.68,2,2,3,223,7,Hibernating/Lost,0,3,1.0,131.0,415.0,417.2,0.48477479233679893,433.3978022005336,210.10032956098874,Low,-464.47999999999996
13167,19.0,5.0,1125.15,4,4,3,443,11,Champions,3,1,4.0,372.0,391.0,197.83249999999998,1.7830061855617874,201.28057231351303,358.8845054684104,Medium,-333.82000000000016
13168,36.0,5.0,1866.26,4,4,4,444,12,Champions,3,1,4.0,506.0,543.0,329.7975,1.337956256802962,333.58836041389526,446.3266340124127,Medium,-547.0699999999999
13169,64.0,3.0,840.08,3,3,3,333,9,Loyal Customers,3,0,2.0,499.0,563.0,356.44,0.7254209881835367,364.1802380515019,264.18398816423615,Low,-127.20000000000005
13170,27.0,1.0,116.00999999999999,4,1,1,411,6,New Customers,3,2,0.0,0.0,27.0,0.0,1.2497397043087282,470.98914615257866,588.613836245344,Medium,-116.00999999999999
13171,22.0,3.0,426.81,4,3,2,432,9,Loyal Customers,3,0,2.0,278.0,300.0,164.03,1.2473164117222313,170.76803853756513,213.00177706551946,Low,-98.75
13172,400.0,1.0,69.6,2,1,1,211,4,Hibernating/Lost,0,2,0.0,0.0,401.0,0.0,0.2550095875284621,470.98914615257866,120.10674789075163,Low,-69.6
13173,4.0,11.0,2620.5,5,5,4,554,14,Champions,1,1,9.0,725.0,730.0,259.6277777777778,2.1556438125356934,261.2292843287553,563.1172904164087,Medium,-283.8499999999999
13174,16.0,12.0,9494.84,5,5,5,555,15,Champions,1,1,10.0,719.0,736.0,886.445,2.359559654626098,888.5364565044489,2096.5547744323344,High,-630.3899999999994
13175,582.0,2.0,793.1,1,2,3,123,6,Hibernating/Lost,0,3,1.0,153.0,736.0,512.3,0.24124975458827785,529.4936777451389,127.74021981205945,Low,-280.80000000000007
13176,46.0,1.0,492.84,4,1,2,412,7,New Customers,3,2,0.0,0.0,47.0,0.0,1.032078349029399,470.98914615257866,486.0977003719197,Medium,-492.84
13177,65.0,2.0,512.2,3,2,2,322,7,Potential Loyalists,3,3,1.0,366.0,431.0,282.45,0.5555012743122101,297.2367167154067,165.11537490778582,Low,-229.75000000000006
13178,26.0,21.0,13997.89,4,5,5,455,14,Champions,1,-1,20.0,697.0,724.0,672.02,4.6480574008327284,672.9540204006928,3127.928914943579,High,-557.4899999999998
13179,619.0,1.0,572.3100000000001,1,1,2,112,4,Hibernating/Lost,0,2,0.0,0.0,619.0,0.0,0.17444098049665588,470.98914615257866,82.15980845813858,Low,-572.3100000000001
13180,607.0,1.0,86.10000000000001,1,1,1,111,3,Hibernating/Lost,0,2,0.0,0.0,608.0,0.0,0.17726595827040612,470.98914615257866,83.49034232769722,Low,-86.10000000000001
13181,381.0,1.0,359.69,2,1,2,212,5,Hibernating/Lost,0,2,0.0,0.0,382.0,0.0,0.2657119441891347,470.98914615257866,125.14744171618219,Low,-359.69
13182,45.0,1.0,121.18,4,1,1,411,6,New Customers,3,2,0.0,0.0,46.0,0.0,1.04112876043265,470.98914615257866,490.3603459110665,Medium,-121.18
13183,8.0,15.0,7010.88,5,5,5,555,15,Champions,1,1,14.0,628.0,636.0,467.33857142857147,3.714949775935655,468.5215572926296,1740.5340542852787,High,-468.1399999999994
13184,15.0,10.0,1648.79,5,5,4,554,14,Champions,1,1,7.0,276.0,291.0,208.3957142857143,3.7688483096307497,210.3795121121741,792.8884686049091,Medium,-190.01999999999998
13185,268.0,1.0,71.4,2,1,1,211,4,Hibernating/Lost,0,2,0.0,0.0,268.0,0.0,0.3552121634942718,470.98914615257866,167.30107358717726,Low,-71.4
13186,40.0,3.0,1539.69,4,3,4,434,11,Loyal Customers,3,0,2.0,89.0,129.0,293.775,2.273974656787713,301.1888369676661,684.895782171839,Medium,-952.1400000000001
13187,337.0,4.0,348.31,2,3,2,232,7,At Risk,0,1,1.0,287.0,625.0,236.02,0.36287979212632065,250.32050744583765,90.83625370690066,Low,-112.28999999999999
13188,11.0,1.0,114.60000000000001,5,1,1,511,7,New Customers,3,2,0.0,0.0,12.0,0.0,1.485694288265705,470.98914615257866,699.7458842740274,Medium,-114.60000000000001
13189,19.0,2.0,260.68,4,2,1,421,7,New Customers,3,3,1.0,97.0,116.0,133.68,1.5046947166390603,146.90881550856207,221.05291852343578,Low,-127.0
13190,544.0,3.0,518.76,1,3,2,132,6,At Risk,0,0,2.0,188.0,733.0,211.78,0.34513096122325854,218.7667523611215,75.50317952608442,Low,-95.19999999999999
13191,658.0,1.0,164.69,1,1,1,111,3,Hibernating/Lost,0,2,0.0,0.0,659.0,0.0,0.16488631653194796,470.98914615257866,77.65966543562598,Low,-164.69
13192,95.0,6.0,2544.53,3,4,4,344,11,Loyal Customers,3,1,4.0,591.0,687.0,458.41499999999996,1.073160330298606,462.5399531544014,496.3795289034791,Medium,-710.8700000000003
13193,61.0,1.0,117.88,3,1,1,311,5,Potential Loyalists,3,2,0.0,0.0,62.0,0.0,0.9131534603832515,470.98914615257866,430.0853686121802,Medium,-117.88
13194,136.0,2.0,472.78,3,2,2,322,7,Potential Loyalists,0,3,1.0,286.0,422.0,60.7,0.551039302116458,73.16457789294381,40.31655794177299,Low,-412.08
13195,414.0,1.0,172.38,1,1,1,111,3,Hibernating/Lost,0,2,0.0,0.0,415.0,0.0,0.24766020398417288,470.98914615257866,116.64526801047904,Low,-172.38
13196,11.0,7.0,3059.64,5,4,5,545,14,Champions,1,1,5.0,606.0,618.0,573.774,1.4588953183245952,577.3118468687345,842.2375506101224,High,-190.76999999999998
13197,610.0,1.0,373.01000000000005,1,1,2,112,4,Hibernating/Lost,0,2,0.0,0.0,610.0,0.0,0.17674553441455482,470.98914615257866,83.24522834019238,Low,-373.01000000000005
13198,10.0,8.0,4912.28,5,4,5,545,14,Champions,1,1,7.0,424.0,435.0,593.1985714285714,2.6987554958719477,595.7529065095431,1607.791430624316,High,-759.8899999999994
13199,4.0,67.0,16404.98,5,5,5,555,15,Champions,2,-1,56.0,731.0,735.0,290.97589285714287,12.644042045705365,291.23883140193965,3682.436029588221,High,-110.32999999999811
13200,19.0,4.0,870.09,4,3,3,433,10,Loyal Customers,3,1,3.0,107.0,127.0,183.59,3.244777347334048,188.1420433438739,610.4790403233427,Medium,-319.32000000000005
13201,502.0,4.0,1240.6100000000001,1,3,4,134,8,At Risk,0,1,3.0,140.0,643.0,307.9533333333333,0.2861597824831702,312.9364729472627,89.54983302963917,Low,-316.7500000000002
13202,394.0,7.0,1571.35,2,4,4,244,10,Can't Lose Them,0,1,6.0,336.0,731.0,210.01666666666668,0.6868733531034585,212.33447412466137,145.8468922214657,Low,-311.2499999999998
13203,10.0,10.0,2630.55,5,5,4,554,14,Champions,1,1,9.0,713.0,723.0,256.48333333333335,2.1734647221380112,258.081214933586,560.9304161046668,Medium,-322.1999999999998
13204,731.0,1.0,966.6600000000001,1,1,3,113,5,Hibernating/Lost,0,2,0.0,0.0,732.0,0.0,0.14990355789782986,470.98914615257866,70.60294873953252,Low,-966.6600000000001
13205,443.0,1.0,2803.2,1,1,4,114,6,Hibernating/Lost,0,2,0.0,0.0,444.0,0.0,0.23370984924460841,470.98914615257866,110.074802343166,Low,-2803.2
13206,400.0,13.0,8280.13,2,5,5,255,12,Can't Lose Them,1,-1,11.0,332.0,733.0,664.5909090909091,0.10665135279545476,666.2828429311221,71.05996654300567,Low,-969.6299999999992
13207,15.0,4.0,535.86,5,3,2,532,10,Loyal Customers,3,1,3.0,597.0,613.0,107.22000000000001,0.9420858056350269,111.50731240379935,105.04945624012993,Low,-214.2
13208,59.0,9.0,1970.5,3,5,4,354,12,Loyal Customers,1,1,8.0,678.0,737.0,240.9225,1.898787471237016,242.7001919276297,460.8360836990025,Medium,-43.11999999999989
13209,30.0,13.0,8438.06,4,5,5,455,14,Champions,1,1,10.0,654.0,685.0,825.2209999999999,2.5132200864766157,827.2489420856941,2079.058657766297,High,-185.85000000000036
13210,94.0,1.0,353.48,3,1,2,312,6,Potential Loyalists,0,2,0.0,0.0,94.0,0.0,0.7333770087138042,470.98914615257866,345.41261114204684,Medium,-353.48
13211,10.0,10.0,2706.87,5,5,4,554,14,Champions,1,1,8.0,723.0,734.0,311.685,1.9199068587245476,313.55447793075035,601.9953927630423,Medium,-213.38999999999987
13212,20.0,3.0,780.58,4,3,3,433,10,Loyal Customers,3,0,1.0,42.0,62.0,496.61,2.1125803086447816,513.6393739880953,1085.1044272318827,High,-283.97
13213,57.0,11.0,3834.62,4,5,5,455,14,Champions,1,1,9.0,512.0,569.0,395.1077777777778,2.668009233593914,396.8654671880411,1058.8407309522563,High,-278.64999999999964
13214,418.0,7.0,3264.23,1,4,5,145,10,Can't Lose Them,0,1,6.0,229.0,647.0,269.43333333333334,0.3058294790345364,271.85394434469606,83.14095017242225,Low,-1647.63
13215,402.0,1.0,81.6,2,1,1,211,4,Hibernating/Lost,0,2,0.0,0.0,403.0,0.0,0.2539330412985549,470.98914615257866,119.59970630113385,Low,-81.6
13216,268.0,1.0,333.74,2,1,2,212,5,Hibernating/Lost,0,2,0.0,0.0,268.0,0.0,0.3552121634942718,470.98914615257866,167.30107358717726,Low,-333.74
13217,122.0,4.0,266.12,3,3,1,331,7,Loyal Customers,0,1,2.0,533.0,656.0,68.51,0.6261319735333785,74.75050671712317,46.80368229341239,Low,-129.1
13218,127.0,1.0,62.63999999999999,3,1,1,311,5,Potential Loyalists,0,2,0.0,0.0,128.0,0.0,0.6067914308252615,470.98914615257866,285.79217789709145,Medium,-62.63999999999999
13219,618.0,1.0,76.23,1,1,1,111,3,Hibernating/Lost,0,2,0.0,0.0,619.0,0.0,0.17444098049665588,470.98914615257866,82.15980845813858,Low,-76.23
13220,78.0,5.0,1336.0900000000001,3,4,4,344,11,Loyal Customers,3,1,4.0,497.0,576.0,204.8225,1.2584750789241792,208.2887293159127,262.1261750648602,Low,-516.8000000000002
13221,240.0,2.0,847.41,2,2,3,223,7,Hibernating/Lost,0,3,1.0,119.0,360.0,349.25,0.557979012566043,364.7362381284418,203.51516599796108,Low,-498.15999999999997
13222,577.0,1.0,88.5,1,1,1,111,3,Hibernating/Lost,0,2,0.0,0.0,578.0,0.0,0.18545744534294178,470.98914615257866,87.34844382971067,Low,-88.5
13223,200.0,6.0,969.1200000000001,2,4,3,243,9,Can't Lose Them,0,1,5.0,465.0,666.0,150.50400000000002,1.2717631351807621,153.16272539771424,194.78670784462722,Low,-216.60000000000002
13224,60.0,2.0,2150.85,3,2,4,324,9,Potential Loyalists,3,3,1.0,91.0,152.0,943.69,1.2218951471164574,965.4011409542587,1179.6189691526997,High,-1207.1599999999999
13225,3.0,16.0,15879.27,5,5,5,555,15,Champions,1,-1,14.0,719.0,723.0,1059.6264285714285,3.309198004771006,1061.2481741183763,3511.880340359404,High,-1044.5000000000018
13226,273.0,2.0,312.46,2,2,2,222,6,Hibernating/Lost,0,3,1.0,120.0,394.0,108.21000000000001,0.5042708078847905,121.17209679014884,61.10355114146239,Low,-204.24999999999997
13227,202.0,1.0,257.7,2,1,1,211,4,Hibernating/Lost,0,2,0.0,0.0,202.0,0.0,0.44139879550640154,470.98914615257866,207.89404180833674,Low,-257.7
13228,81.0,1.0,358.0,3,1,2,312,6,Potential Loyalists,0,2,0.0,0.0,82.0,0.0,0.7917739303878477,470.98914615257866,372.9169274192436,Medium,-358.0
13229,226.0,1.0,160.95,2,1,1,211,4,Hibernating/Lost,0,2,0.0,0.0,226.0,0.0,0.40559748176909827,470.98914615257866,191.03201162006368,Low,-160.95
13230,4.0,30.0,6317.22,5,5,5,555,15,Champions,1,1,28.0,627.0,632.0,217.0635714285714,7.324124995038265,217.56217933235428,1593.4525956230934,High,-239.4400000000005
13232,13.0,7.0,1357.6,5,4,4,544,13,Champions,3,1,6.0,231.0,244.0,206.69500000000002,3.7629335626643288,209.00706026355257,786.4796818995279,Medium,-117.42999999999984
13233,74.0,4.0,1176.46,3,3,3,333,9,Loyal Customers,3,1,3.0,620.0,695.0,295.27666666666664,0.8340522506393514,300.21586355591774,250.3957166764496,Low,-290.6300000000001
13234,673.0,2.0,356.95,1,2,2,122,5,Hibernating/Lost,0,3,1.0,60.0,733.0,118.10000000000001,0.15738001451347047,131.1656636580368,20.64285405017082,Low,-238.84999999999997
13235,212.0,1.0,101.17000000000007,2,1,1,211,4,Hibernating/Lost,0,2,0.0,0.0,213.0,0.0,0.42423332264151875,470.98914615257866,199.80929040040033,Low,-101.17000000000007
13236,25.0,2.0,727.27,4,2,3,423,9,New Customers,3,3,1.0,82.0,107.0,305.62,1.573052641647134,320.6493501157065,504.3983072419489,Medium,-421.65
13237,388.0,1.0,643.0,2,1,3,213,6,Hibernating/Lost,0,2,0.0,0.0,388.0,0.0,0.26223631616077103,470.98914615257866,123.51045863875922,Low,-643.0
13238,17.0,6.0,986.73,5,4,3,543,12,Champions,3,1,5.0,573.0,591.0,177.926,1.5170805685580315,180.64168022318808,274.0479829382723,Low,-97.10000000000014
13239,262.0,5.0,1579.84,2,4,4,244,10,Can't Lose Them,0,1,3.0,241.0,503.0,433.37000000000006,0.9383790802996056,438.78788718585145,411.74937402406636,Medium,-279.7299999999998
13240,96.0,8.0,1661.17,3,4,4,344,11,Loyal Customers,3,1,6.0,556.0,653.0,263.87,1.608016367002999,266.28098525368694,428.1841825096128,Medium,-77.95000000000005
13241,412.0,1.0,115.58,1,1,1,111,3,Hibernating/Lost,0,2,0.0,0.0,412.0,0.0,0.24919913437712668,470.98914615257866,117.3700875222446,Low,-115.58
13242,112.0,7.0,699.4,3,4,3,343,10,Loyal Customers,3,1,5.0,556.0,669.0,116.47999999999999,1.3303545571626727,119.06805837919174,158.4027340772689,Low,-117.0
13243,203.0,5.0,1278.04,2,4,4,244,10,Can't Lose Them,0,1,2.0,428.0,632.0,492.69000000000005,0.6298550598707038,501.13991885693764,315.6455135952361,Medium,-292.65999999999985
13244,93.0,1.0,121.74000000000001,3,1,1,311,5,Potential Loyalists,0,2,0.0,0.0,93.0,0.0,0.7379102243289635,470.98914615257866,347.5477064939563,Medium,-121.74000000000001
13245,51.0,2.0,989.22,4,2,3,423,9,New Customers,3,3,1.0,382.0,433.0,430.5,0.5554106677493484,446.8370781704942,248.17807996184197,Low,-558.72
13246,18.0,11.0,3277.68,5,5,5,555,15,Champions,1,1,10.0,507.0,526.0,323.026,3.1873367564500827,324.53295973356995,1034.3958312383422,High,-47.41999999999962
13247,18.0,4.0,501.12,5,3,2,532,10,Loyal Customers,3,1,3.0,65.0,83.0,65.35000000000001,4.17771902158448,69.49217315460567,290.31877363923843,Medium,-305.07
13248,125.0,2.0,465.68,3,2,2,322,7,Potential Loyalists,0,3,1.0,65.0,190.0,78.21000000000001,0.9694808793535714,90.8579404669295,88.08503602013326,Low,-387.47
13249,92.0,9.0,1608.93,3,5,4,354,12,Loyal Customers,3,1,8.0,592.0,685.0,191.56625000000003,2.0076287481340374,193.27992196060586,388.0343277652156,Medium,-76.39999999999986
13250,461.0,2.0,248.54000000000002,1,2,1,121,4,Hibernating/Lost,0,3,1.0,42.0,503.0,120.0,0.26026333645781735,133.08556022517402,34.63729193856158,Low,-128.54000000000002
13251,402.0,1.0,252.68,2,1,1,211,4,Hibernating/Lost,0,2,0.0,0.0,403.0,0.0,0.2539330412985549,470.98914615257866,119.59970630113385,Low,-252.68
13252,394.0,2.0,341.3,2,2,2,222,6,Hibernating/Lost,0,3,1.0,231.0,626.0,52.4,0.3437327324106882,64.77766131018646,22.266202521324512,Low,-288.90000000000003
13253,157.0,4.0,2951.11,3,3,5,335,11,Loyal Customers,0,1,3.0,547.0,704.0,658.9066666666666,0.8088501182653158,665.1063599778021,537.9713579270589,Medium,-974.3900000000003
13254,376.0,1.0,51.410000000000004,2,1,1,211,4,Hibernating/Lost,0,2,0.0,0.0,377.0,0.0,0.26867958599642533,470.98914615257866,126.5451687970847,Low,-51.410000000000004
13255,9.0,3.0,895.61,5,3,3,533,11,Loyal Customers,3,0,2.0,503.0,513.0,312.605,0.7949537499082445,320.1169161571439,254.47814290818468,Low,-270.4
13257,436.0,1.0,117.95,1,1,1,111,3,Hibernating/Lost,0,2,0.0,0.0,437.0,0.0,0.23693109732714998,470.98914615257866,111.59197522710788,Low,-117.95
13258,12.0,5.0,1035.18,5,4,3,543,12,Champions,3,1,4.0,389.0,401.0,224.745,1.7478858203212022,228.26297937032004,398.9776249456535,Medium,-136.20000000000005
13259,62.0,9.0,1433.38,3,5,4,354,12,Loyal Customers,3,1,6.0,637.0,699.0,213.55499999999998,1.5275248823286967,215.87892953215456,329.7604364308494,Medium,-152.05000000000018
13260,61.0,1.0,557.62,3,1,2,312,6,Potential Loyalists,3,2,0.0,0.0,62.0,0.0,0.9131534603832515,470.98914615257866,430.0853686121802,Medium,-557.62
13261,269.0,2.0,944.1,2,2,3,223,7,Hibernating/Lost,0,3,1.0,17.0,286.0,99.0,0.49319699218759333,111.8656507989205,55.17180250313524,Low,-845.1
13262,263.0,3.0,573.45,2,3,2,232,7,At Risk,0,0,2.0,337.0,601.0,170.51999999999998,0.6326237950536447,177.29184278290293,112.15903841337419,Low,-232.41000000000008
13263,1.0,39.0,8704.69,5,5,5,555,15,Champions,1,-1,36.0,412.0,414.0,230.94,13.602289714433967,231.3317700123347,3146.641755860584,High,-390.85000000000036
13264,443.0,1.0,722.5600000000001,1,1,3,113,5,Hibernating/Lost,0,2,0.0,0.0,443.0,0.0,0.23416464708034065,470.98914615257866,110.28900718748956,Low,-722.5600000000001
13265,53.0,5.0,2107.66,4,4,4,444,12,Champions,3,1,4.0,220.0,274.0,450.055,2.3479900469879977,454.1582374834342,1066.359021368715,High,-307.4399999999998
13266,11.0,19.0,5965.3,5,5,5,555,15,Champions,1,1,17.0,711.0,723.0,340.85235294117643,3.985942338170999,341.7492950769282,1362.1929842872219,High,-170.8100000000004
13267,3.0,36.0,9512.210000000001,5,5,5,555,15,Champions,1,-1,26.0,730.0,733.0,363.5273076923077,5.956701225383767,364.12268768031356,2168.970059895354,High,-60.5
13268,18.0,11.0,3167.64,5,5,5,555,15,Champions,1,1,8.0,250.0,268.0,319.115,4.549660057988947,320.9941153800093,1460.414105593924,High,-614.7199999999998
13269,1.0,28.0,8861.39,5,5,5,555,15,Champions,1,-1,20.0,736.0,738.0,434.44300000000004,4.584487992546372,435.25385185497663,1995.416057538698,High,-172.52999999999884
13270,366.0,1.0,1180.0,2,1,3,213,6,Hibernating/Lost,0,2,0.0,0.0,367.0,0.0,0.27481864156018637,470.98914615257866,129.43659733524373,Low,-1180.0
13271,37.0,1.0,178.26,4,1,1,411,6,New Customers,3,2,0.0,0.0,38.0,0.0,1.1197433701259325,470.98914615257866,527.3869738056238,Medium,-178.26
13272,31.0,2.0,276.56,4,2,2,422,8,New Customers,3,3,1.0,58.0,90.0,135.6,1.724786767251574,148.8489215132481,256.7326501457184,Low,-140.96
13273,113.0,1.0,138.98,3,1,1,311,5,Potential Loyalists,0,2,0.0,0.0,114.0,0.0,0.6531853826149943,470.98914615257866,307.64322563718156,Medium,-138.98
13274,409.0,1.0,360.85,2,1,2,212,5,Hibernating/Lost,0,2,0.0,0.0,410.0,0.0,0.25023577369087,470.98914615257866,117.85833338749278,Low,-360.85
13275,384.0,2.0,241.66,2,2,1,221,5,Hibernating/Lost,0,3,1.0,249.0,633.0,61.5,0.3458320732580238,73.97295539489632,25.58222052924031,Low,-180.16
13276,64.0,5.0,1918.56,3,4,4,344,11,Loyal Customers,3,1,4.0,579.0,643.0,385.6075,1.1460141903291077,389.5433307005798,446.4221847309288,Medium,-376.1299999999999
13277,16.0,7.0,523.3,5,4,2,542,11,Champions,3,1,6.0,524.0,540.0,86.06666666666666,1.9386181507423876,88.170014089206,170.9279896645468,Low,-6.899999999999977
13278,41.0,4.0,1428.2,4,3,4,434,11,Loyal Customers,3,1,3.0,570.0,611.0,379.3866666666667,0.9412788295629455,384.61742463185954,362.03223928699117,Medium,-290.03999999999996
13279,78.0,1.0,126.30000000000001,3,1,1,311,5,Potential Loyalists,0,2,0.0,0.0,79.0,0.0,0.8078670417070272,470.98914615257866,380.49660817840237,Medium,-126.30000000000001
13280,122.0,7.0,2297.13,3,4,4,344,11,Loyal Customers,3,1,5.0,522.0,645.0,368.826,1.3681321007526133,371.9381748692008,508.8605565338925,Medium,-453.0
13281,439.0,1.0,306.45,1,1,2,112,4,Hibernating/Lost,0,2,0.0,0.0,440.0,0.0,0.23553973815669177,470.98914615257866,110.9366601594222,Low,-306.45
13282,18.0,4.0,1228.89,5,3,4,534,12,Loyal Customers,3,1,3.0,388.0,407.0,377.38000000000005,1.3467589608757249,382.60380200404217,515.2750988140654,Medium,-96.75
13283,60.0,4.0,373.36,3,3,2,332,8,Loyal Customers,3,1,3.0,581.0,641.0,81.85333333333334,0.8989766361329994,86.0527140687652,77.35937942365337,Low,-127.80000000000001
13284,331.0,1.0,196.15,2,1,1,211,4,Hibernating/Lost,0,2,0.0,0.0,331.0,0.0,0.2994555671014377,470.98914615257866,141.04032185974236,Low,-196.15
13285,23.0,6.0,3364.59,4,4,5,445,13,Champions,3,1,5.0,601.0,625.0,604.858,1.4418163882238513,608.4604075789317,877.2881872326678,High,-340.3000000000002
13286,600.0,1.0,734.91,1,1,3,113,5,Hibernating/Lost,0,2,0.0,0.0,601.0,0.0,0.17911184966955745,470.98914615257866,84.35973714167389,Low,-734.91
13287,603.0,3.0,519.67,1,3,2,132,6,At Risk,0,0,1.0,101.0,705.0,294.68,0.21467948041287302,309.5947877765058,66.46364817839397,Low,-224.98999999999995
13288,443.0,5.0,892.16,1,4,3,143,8,Can't Lose Them,0,1,4.0,223.0,667.0,140.4625,0.4742892019660982,143.76154982028436,68.18455073767214,Low,-330.30999999999995
13289,724.0,1.0,307.95,1,1,2,112,4,Hibernating/Lost,0,2,0.0,0.0,724.0,0.0,0.1514112306876721,470.98914615257866,71.3130462594978,Low,-307.95
13290,438.0,1.0,-208.63,1,1,1,111,3,Hibernating/Lost,0,2,,,,,,,0.0,Low,
13291,156.0,11.0,3320.84,3,5,5,355,13,Loyal Customers,1,1,10.0,511.0,667.0,314.14700000000005,2.377737254272687,315.6447485659867,750.5202777808819,Medium,-179.3699999999999
13292,39.0,5.0,987.79,4,4,3,443,11,Champions,3,1,4.0,488.0,527.0,196.015,1.3730008092953392,199.45835123313228,273.85647766380464,Low,-203.73000000000002
13293,392.0,6.0,1180.34,2,4,3,243,9,Can't Lose Them,0,1,5.0,276.0,669.0,191.26799999999997,0.6501973184477892,194.0113912319209,126.14568632731988,Low,-224.0
13294,190.0,3.0,1689.53,2,3,4,234,9,At Risk,0,0,2.0,457.0,647.0,436.87,0.6211577508747346,445.0291710950336,276.4333189910385,Low,-815.79
13295,360.0,4.0,1058.02,2,3,3,233,8,At Risk,0,1,3.0,217.0,577.0,265.1566666666667,0.6884603195863697,269.99145481014006,185.8784032641779,Low,-262.54999999999995
13296,137.0,6.0,792.51,3,4,3,343,10,Loyal Customers,3,1,5.0,440.0,578.0,134.23200000000003,1.4890437280390034,136.85692885041243,203.78595154338677,Low,-121.34999999999991
13297,8.0,7.0,4352.67,5,4,5,545,14,Champions,1,1,5.0,535.0,543.0,742.41,1.6380352625653303,746.2980997295255,1222.4626037424603,High,-640.6200000000003
13298,1.0,1.0,360.0,5,1,2,512,8,New Customers,3,-1,0.0,0.0,2.0,0.0,1.7005997199183167,470.98914615257866,800.9640100316424,Medium,-360.0
13299,268.0,3.0,1173.3,2,3,3,233,8,At Risk,0,0,2.0,260.0,529.0,433.76,0.6848085799648539,441.90297214233703,302.6189468350422,Medium,-305.78
13300,169.0,3.0,1267.21,3,3,4,334,10,Loyal Customers,0,0,2.0,405.0,575.0,485.265,0.6906765738646855,493.67624450845784,340.9706171554864,Medium,-296.68000000000006
13301,104.0,4.0,618.09,3,3,3,333,9,Loyal Customers,3,1,3.0,189.0,293.0,148.06,1.679491457011585,152.4888812343957,256.1037733224218,Low,-173.91000000000003
13302,155.0,2.0,159.2,3,2,1,321,6,Potential Loyalists,0,3,1.0,371.0,527.0,63.75,0.45574148709345913,76.24651711913778,34.74870109757274,Low,-95.44999999999999
13303,400.0,1.0,61.72,2,1,1,211,4,Hibernating/Lost,0,2,0.0,0.0,401.0,0.0,0.2550095875284621,470.98914615257866,120.10674789075163,Low,-61.72
13304,351.0,4.0,1120.79,2,3,3,233,8,At Risk,0,1,3.0,318.0,670.0,303.38000000000005,0.7097224262680295,308.34728649316725,218.84098430309385,Low,-210.64999999999986
13305,4.0,16.0,3754.71,5,5,5,555,15,Champions,1,1,15.0,635.0,640.0,222.59533333333331,3.9487646507637826,223.53019132833012,882.668117895775,High,-415.7800000000002
13306,430.0,1.0,53.65,1,1,1,111,3,Hibernating/Lost,0,2,0.0,0.0,431.0,0.0,0.23976378997776246,470.98914615257866,112.92614271993254,Low,-53.65
13307,120.0,3.0,273.34,3,3,2,332,8,Loyal Customers,0,0,2.0,472.0,593.0,22.799999999999997,0.68399938640923,28.802418573149108,19.7008366311358,Low,-227.73999999999998
13308,23.0,4.0,1652.47,4,3,4,434,11,Loyal Customers,3,1,3.0,574.0,597.0,461.83666666666664,0.9636468682503284,467.35323144093564,450.36347784472855,Medium,-266.96000000000004
13309,7.0,6.0,1706.3700000000001,5,4,4,544,13,Champions,3,1,5.0,385.0,393.0,291.358,2.1681180872847348,294.30927572180786,638.0972639481217,Medium,-249.58000000000015
13310,28.0,5.0,1492.8,4,4,4,444,12,Champions,3,1,4.0,374.0,403.0,322.9375,1.7338561571414204,326.71054109537425,566.4690832812197,Medium,-201.04999999999995
13311,4.0,2.0,598.57,5,2,2,522,9,New Customers,3,3,1.0,146.0,151.0,108.46000000000001,1.2771366529304153,121.42471475950902,155.07595379098976,Low,-490.11
13312,451.0,1.0,124.75,1,1,1,111,3,Hibernating/Lost,0,2,0.0,0.0,452.0,0.0,0.23013417524101215,470.98914615257866,108.39069869729222,Low,-124.75
13313,22.0,12.0,3423.27,4,5,5,455,14,Champions,1,1,10.0,715.0,738.0,306.14300000000003,2.351893584776135,307.63244513256654,723.5187741762796,Medium,-361.8399999999997
13314,2.0,3.0,578.66,5,3,2,532,10,Loyal Customers,3,0,2.0,72.0,74.0,138.16,3.2372837772060725,144.76329033619544,468.6398513403381,Medium,-302.34
13315,689.0,1.0,310.26,1,1,2,112,4,Hibernating/Lost,0,2,0.0,0.0,690.0,0.0,0.15817254178903753,470.98914615257866,74.49755040200185,Low,-310.26
13316,37.0,10.0,12906.93,4,5,5,455,14,Champions,1,-1,9.0,602.0,640.0,1241.5788888888887,2.416248151917142,1244.3123996634583,3006.567536094415,High,-1732.7200000000012
13317,66.0,19.0,6068.531,3,5,5,355,13,Loyal Customers,1,1,13.0,660.0,727.0,466.27853846153846,3.0278330010105883,467.5517501263195,1415.6686187127268,High,-6.9099999999998545
13318,1.0,3.0,640.76,5,3,3,533,11,Loyal Customers,3,8,2.0,36.0,38.0,168.9,4.337344472230647,175.66340474323465,761.9126975362836,Medium,-302.96
13319,5.0,58.0,21706.09,5,5,5,555,15,Champions,2,-1,39.0,728.0,734.0,550.1512820512821,8.854703985216862,550.5977535063115,4875.380122223788,High,-250.1899999999987
13320,78.0,6.0,2160.95,3,4,4,344,11,Loyal Customers,3,1,4.0,400.0,479.0,480.375,1.4748967435472948,484.556995754215,714.671535100952,Medium,-239.44999999999982
13321,72.0,2.0,567.36,3,2,2,322,7,Potential Loyalists,3,3,1.0,14.0,87.0,308.32,1.6177635156050638,323.3776241847962,523.1485221692091,Medium,-259.04
13322,17.0,1.0,199.48000000000002,5,1,1,511,7,New Customers,3,2,0.0,0.0,18.0,0.0,1.3812487825271869,470.98914615257866,650.5531847067685,Medium,-199.48000000000002
13323,3.0,5.0,787.85,5,4,3,543,12,Champions,3,1,4.0,81.0,85.0,166.8875,5.338922913062449,170.2551905625463,908.979337962192,High,-120.30000000000007
13324,36.0,18.0,10421.369999999999,4,5,5,455,14,Champions,1,1,10.0,527.0,564.0,1014.561,2.985512959898126,1016.785365384515,3035.6258857902208,High,-275.7599999999984
13325,82.0,1.0,675.3,3,1,3,313,7,Potential Loyalists,0,2,0.0,0.0,82.0,0.0,0.7917739303878477,470.98914615257866,372.9169274192436,Medium,-675.3
13326,432.0,1.0,281.76,1,1,2,112,4,Hibernating/Lost,0,2,0.0,0.0,433.0,0.0,0.23881205236516487,470.98914615257866,112.4778846344139,Low,-281.76
13327,39.0,20.0,9741.03,4,5,5,455,14,Champions,1,1,18.0,683.0,722.0,498.0733333333333,4.196243649911735,499.0109874913994,2093.971687496969,High,-775.710000000001
13328,316.0,1.0,1308.48,2,1,4,214,7,Hibernating/Lost,0,2,0.0,0.0,317.0,0.0,0.31027531204966974,470.98914615257866,146.13630429449884,Low,-1308.48
13329,32.0,8.0,4977.0199999999995,4,4,5,445,13,Champions,1,1,5.0,704.0,736.0,955.664,1.242619498856769,959.9950230885657,1192.908534495306,High,-198.69999999999982
13330,93.0,6.0,2806.18,3,4,4,344,11,Loyal Customers,3,1,5.0,562.0,655.0,433.52200000000005,1.3634364569787276,436.76854688396475,595.5061600832202,Medium,-638.5699999999997
13331,402.0,1.0,262.4,2,1,1,211,4,Hibernating/Lost,0,2,0.0,0.0,402.0,0.0,0.2544701740471112,470.98914615257866,119.85268999574699,Low,-262.4
13332,14.0,1.0,350.9,5,1,2,512,8,New Customers,3,2,0.0,0.0,15.0,0.0,1.4315450678082657,470.98914615257866,674.2421891659504,Medium,-350.9
13333,411.0,3.0,1015.74,1,3,3,133,7,At Risk,0,0,2.0,247.0,659.0,426.78000000000003,0.4980933104082551,434.8866156504329,216.6141140415666,Low,-162.17999999999995
13334,82.0,5.0,6257.0,3,4,5,345,12,Loyal Customers,1,-1,4.0,570.0,653.0,1268.0325,1.1258988020664948,1274.2604899055186,1434.6883591052883,High,-1184.87
13336,77.0,1.0,795.12,3,1,3,313,7,Potential Loyalists,0,2,0.0,0.0,78.0,0.0,0.8133788715032176,470.98914615257866,383.09262018784847,Medium,-795.12
13337,546.0,1.0,1548.55,1,1,4,114,6,Hibernating/Lost,0,2,0.0,0.0,547.0,0.0,0.19475806030282042,470.98914615257866,91.72893252835782,Low,-1548.55
13338,158.0,4.0,2223.62,3,3,4,334,10,Loyal Customers,0,1,3.0,546.0,704.0,562.84,0.8086002861721311,568.7066853371078,459.8563885115895,Medium,-535.0999999999999
13339,201.0,1.0,860.12,2,1,3,213,6,Hibernating/Lost,0,2,0.0,0.0,201.0,0.0,0.4430286743672905,470.98914615257866,208.66169706135895,Low,-860.12
13340,45.0,12.0,22100.56,4,5,5,455,14,Champions,2,-1,8.0,610.0,656.0,2006.8775,2.1138293143136155,2010.9458112689617,4250.796205356507,High,-6045.540000000001
13341,261.0,1.0,775.85,2,1,3,213,6,Hibernating/Lost,0,2,0.0,0.0,261.0,0.0,0.3627196979328441,470.98914615257866,170.83704082211148,Low,-775.85
13343,178.0,1.0,303.93,3,1,2,312,6,Potential Loyalists,0,2,0.0,0.0,178.0,0.0,0.48416132599924255,470.98914615257866,228.03472953248354,Low,-303.93
13344,68.0,3.0,2543.72,3,3,4,334,10,Loyal Customers,3,0,1.0,210.0,278.0,887.5699999999999,0.7914908965275559,908.6934591922897,719.2226006848314,Medium,-1656.1499999999999
13345,288.0,1.0,377.6,2,1,2,212,5,Hibernating/Lost,0,2,0.0,0.0,288.0,0.0,0.33538265607301987,470.98914615257866,157.96159081821557,Low,-377.6
13346,463.0,6.0,299.4,1,4,2,142,7,Can't Lose Them,0,1,4.0,134.0,597.0,63.375,0.21114789150024504,66.4738097741493,14.035804773800006,Low,-45.89999999999998
13347,70.0,1.0,341.36,3,1,2,312,6,Potential Loyalists,3,2,0.0,0.0,71.0,0.0,0.854190966359199,470.98914615257866,402.31467389676516,Medium,-341.36
13348,64.0,1.0,233.76,3,1,1,311,5,Potential Loyalists,3,2,0.0,0.0,65.0,0.0,0.8926079489280784,470.98914615257866,420.4086557146402,Medium,-233.76
13349,11.0,1.0,247.32,5,1,1,511,7,New Customers,3,2,0.0,0.0,11.0,0.0,1.5046783775233217,470.98914615257866,708.6871842639566,Medium,-247.32
13350,16.0,2.0,910.72,5,2,3,523,10,New Customers,3,3,1.0,63.0,80.0,332.55,1.8665674723557,347.8613577751831,649.3066953126453,Medium,-578.1700000000001
13351,66.0,1.0,373.94,3,1,2,312,6,Potential Loyalists,3,2,0.0,0.0,67.0,0.0,0.8794209617072207,470.98914615257866,414.19772786316344,Medium,-373.94
13352,60.0,1.0,389.28,3,1,2,312,6,Potential Loyalists,3,2,0.0,0.0,61.0,0.0,0.9202155691366966,470.98914615257866,433.4115451840019,Medium,-389.28
13354,71.0,1.0,743.53,3,1,3,313,7,Potential Loyalists,3,2,0.0,0.0,72.0,0.0,0.8481097616671857,470.98914615257866,399.45049249129477,Medium,-743.53
13355,122.0,1.0,674.7,3,1,3,313,7,Potential Loyalists,0,2,0.0,0.0,123.0,0.0,0.6225802580918461,470.98914615257866,293.22854417013065,Medium,-674.7
13356,80.0,1.0,768.24,3,1,3,313,7,Potential Loyalists,0,2,0.0,0.0,81.0,0.0,0.7970660678316085,470.98914615257866,375.4094667152026,Medium,-768.24
13357,257.0,5.0,3838.36,2,4,5,245,11,Can't Lose Them,0,1,3.0,370.0,628.0,755.0966666666667,0.8370971493773514,761.6297954776812,637.5581306752221,Medium,-1573.0700000000002
13358,269.0,1.0,439.03,2,1,2,212,5,Hibernating/Lost,0,2,0.0,0.0,269.0,0.0,0.35416501827836694,470.98914615257866,166.80787955604046,Low,-439.03
13359,64.0,2.0,1001.96,3,2,3,323,8,Potential Loyalists,3,3,1.0,340.0,404.0,439.56,0.5866846271106361,455.99195338010645,267.5234691342583,Low,-562.4000000000001
13360,432.0,4.0,1464.1,1,3,4,134,8,At Risk,0,1,3.0,269.0,701.0,283.7,0.5728927347830859,288.59906723297775,165.3363088829483,Low,-613.0
13361,472.0,2.0,1450.5,1,2,4,124,7,Hibernating/Lost,0,3,1.0,145.0,618.0,633.25,0.30219082854542373,651.7102513215849,196.94086081841607,Low,-817.25
13362,9.0,7.0,5357.57,5,4,5,545,14,Champions,1,1,6.0,416.0,426.0,764.2683333333334,2.3857583257324966,767.5451148299284,1831.1771480808068,High,-771.9599999999991
13363,18.0,3.0,1723.86,5,3,4,534,12,Loyal Customers,3,0,2.0,392.0,410.0,496.25,0.9635967116746518,504.718461709542,486.3450500248033,Medium,-731.3599999999999
13364,71.0,1.0,0.0,3,1,1,311,5,Potential Loyalists,3,2,,,,,,,0.0,Low,
13365,34.0,2.0,2164.32,4,2,4,424,10,New Customers,3,3,1.0,184.0,218.0,1524.77,0.9680379840117455,1552.5661394974686,1502.942995724028,High,-639.5500000000002
13366,50.0,1.0,56.160000000000004,4,1,1,411,6,New Customers,3,2,0.0,0.0,51.0,0.0,0.9974107826435347,470.98914615257866,469.7696528806536,Medium,-56.160000000000004
13367,432.0,1.0,510.20000000000005,1,1,2,112,4,Hibernating/Lost,0,2,0.0,0.0,432.0,0.0,0.2392869734754787,470.98914615257866,112.70156732265045,Low,-510.20000000000005
13368,257.0,4.0,1086.1,2,3,3,233,8,At Risk,0,1,2.0,167.0,424.0,311.7,0.7776299983765843,319.2072023139959,248.22509621722662,Low,-462.69999999999993
13369,366.0,1.0,572.03,2,1,2,212,5,Hibernating/Lost,0,2,0.0,0.0,366.0,0.0,0.2754480397125815,470.98914615257866,129.73303703363035,Low,-572.03
13370,372.0,1.0,1442.64,2,1,4,214,7,Hibernating/Lost,0,2,0.0,0.0,372.0,0.0,0.2717143821262589,470.98914615257866,127.97452483502217,Low,-1442.64
13371,505.0,2.0,2271.46,1,2,4,124,7,Hibernating/Lost,0,3,1.0,127.0,633.0,1108.65,0.27821263801398644,1132.0885818568677,314.96135082391197,Medium,-1162.81
13372,90.0,1.0,378.64,3,1,2,312,6,Potential Loyalists,0,2,0.0,0.0,90.0,0.0,0.751854825076943,470.98914615257866,354.1154620936858,Medium,-378.64
13373,61.0,6.0,7587.1900000000005,3,4,5,345,12,Loyal Customers,1,-1,5.0,673.0,734.0,1367.7540000000001,1.2402851187096817,1372.9409239721458,1702.838196870173,High,-748.4200000000001
13374,415.0,2.0,422.8,1,2,2,122,5,Hibernating/Lost,0,3,1.0,35.0,450.0,123.2,0.2939453925967451,136.3190702329841,40.070362618057786,Low,-299.6
13375,89.0,2.0,1786.48,3,2,4,324,9,Potential Loyalists,3,3,1.0,356.0,445.0,778.65,0.5369336494940077,798.6328623014547,428.8128573613654,Medium,-1007.83
13376,99.0,3.0,1019.76,3,3,3,333,9,Loyal Customers,3,0,2.0,135.0,235.0,321.88,1.4305643447672307,329.44022653857814,471.2854418181291,Medium,-376.0
13377,397.0,2.0,1495.43,2,2,4,224,8,Hibernating/Lost,0,3,1.0,249.0,646.0,737.56,0.33755225992372756,757.1125728574185,255.56505998468944,Low,-757.8700000000001
13379,26.0,3.0,572.56,4,3,2,432,9,Loyal Customers,3,0,2.0,110.0,137.0,218.135,2.2129411162076043,225.15485343648695,498.25443268329894,Medium,-136.28999999999996
13380,433.0,1.0,62.4,1,1,1,111,3,Hibernating/Lost,0,2,0.0,0.0,433.0,0.0,0.23881205236516487,470.98914615257866,112.4778846344139,Low,-62.4
13381,32.0,12.0,8185.02,4,5,5,455,14,Champions,1,1,11.0,707.0,739.0,746.0881818181817,2.567323530095241,747.8569685232969,1919.9907924355562,High,21.94999999999891
13382,281.0,5.0,1387.58,2,4,4,244,10,Can't Lose Them,0,1,4.0,451.0,732.0,283.135,0.9217125817587606,286.8046513832122,264.3514556868418,Low,-255.03999999999996
13383,544.0,1.0,305.28000000000003,1,1,2,112,4,Hibernating/Lost,0,2,0.0,0.0,544.0,0.0,0.19570791834587162,470.98914615257866,92.17630535702065,Low,-305.28000000000003
13384,31.0,11.0,6635.09,4,5,5,455,14,Champions,1,1,9.0,470.0,501.0,633.7355555555555,3.0042067347066315,635.7683377369906,1909.9795219427074,High,-931.4700000000012
13385,330.0,1.0,534.57,2,1,2,212,5,Hibernating/Lost,0,2,0.0,0.0,330.0,0.0,0.30020326828378047,470.98914615257866,141.39248100119127,Low,-534.57
13386,414.0,2.0,835.46,1,2,3,123,6,Hibernating/Lost,0,3,1.0,23.0,438.0,521.76,0.27487805626381795,539.0527417057274,148.17376986375226,Low,-313.70000000000005
13387,417.0,1.0,189.44,1,1,1,111,3,Hibernating/Lost,0,2,0.0,0.0,418.0,0.0,0.2461401922075257,470.98914615257866,115.92935896165412,Low,-189.44
13388,131.0,3.0,1135.7,3,3,3,333,9,Loyal Customers,0,0,1.0,472.0,604.0,677.0999999999999,0.4088191433471774,696.019443147357,284.54607250048196,Medium,-458.60000000000014
13389,11.0,3.0,797.96,5,3,3,533,11,Loyal Customers,3,0,2.0,221.0,233.0,270.03499999999997,1.5268402370098129,277.3251832258602,423.4312484853622,Medium,-257.8900000000001
13390,75.0,1.0,544.08,3,1,2,312,6,Potential Loyalists,0,2,0.0,0.0,75.0,0.0,0.8303785825312143,470.98914615257866,391.0992995697652,Medium,-544.08
13391,204.0,1.0,59.8,2,1,1,211,4,Hibernating/Lost,0,2,0.0,0.0,204.0,0.0,0.43817487562556184,470.98914615257866,206.37561053639573,Low,-59.8
13392,677.0,1.0,91.14,1,1,1,111,3,Hibernating/Lost,0,2,0.0,0.0,678.0,0.0,0.16070547766021034,470.98914615257866,75.69053570522478,Low,-91.14
13393,584.0,4.0,1105.85,1,3,3,133,7,At Risk,0,1,3.0,149.0,733.0,374.1766666666667,0.2075327959836475,379.3893645533236,78.73573559221057,Low,16.680000000000064
13394,2.0,19.0,6323.88,5,5,5,555,15,Champions,1,1,18.0,737.0,739.0,350.9538888888889,4.134036850851678,351.8067914277505,1454.3822401422108,High,-6.710000000000036
13395,185.0,3.0,1180.23,3,3,3,333,9,Loyal Customers,0,0,2.0,236.0,422.0,333.675,0.8687950696843832,341.2966627594964,296.51685790518417,Medium,-512.88
13396,29.0,2.0,1325.29,4,2,4,424,10,New Customers,3,3,1.0,290.0,320.0,973.72,0.7184809774746317,995.7456114338013,715.4242802190323,Medium,-351.56999999999994
13397,73.0,10.0,3094.11,3,5,5,355,13,Loyal Customers,1,1,9.0,616.0,689.0,318.7633333333333,2.2427489271974324,320.43301201416114,718.6507939334018,Medium,-225.24000000000024
13398,192.0,2.0,670.34,2,2,3,223,7,Hibernating/Lost,0,3,1.0,256.0,449.0,457.34,0.5091139880088227,473.9581433610011,241.29872051577655,Low,-213.00000000000006
13399,464.0,3.0,275.4,1,3,2,132,6,At Risk,0,0,2.0,55.0,520.0,87.75,0.24163812549515523,94.09072145985037,22.73590556004502,Low,-99.89999999999998
13400,583.0,1.0,300.93,1,1,2,112,4,Hibernating/Lost,0,2,0.0,0.0,583.0,0.0,0.18403997726286894,470.98914615257866,86.68083174897863,Low,-300.93
13402,127.0,4.0,1535.13,3,3,4,334,10,Loyal Customers,3,1,3.0,437.0,565.0,414.8433333333333,0.9860633132195127,420.196999203444,414.34084523944495,Medium,-290.60000000000014
13403,18.0,3.0,229.5,5,3,1,531,9,Loyal Customers,3,0,2.0,706.0,724.0,75.45,0.5834800481385248,81.72665486236885,47.68587251329558,Low,-78.6
13404,1.0,2.0,252.49,5,2,1,521,8,New Customers,3,-1,1.0,211.0,213.0,34.68,0.9981283291993611,46.872099641938235,46.784370501673784,Low,-217.81
13405,74.0,6.0,1196.561,3,4,3,343,10,Loyal Customers,3,1,5.0,650.0,725.0,213.47020000000003,1.2509389311820889,216.25970466004932,270.5276838051963,Low,-129.2099999999998
13406,427.0,2.0,557.22,1,2,2,122,5,Hibernating/Lost,0,3,1.0,204.0,632.0,428.76,0.32810503087451737,445.07885710374745,146.03261215161996,Low,-128.46000000000004
13407,579.0,3.0,2111.89,1,3,4,134,8,At Risk,0,0,2.0,83.0,662.0,430.34000000000003,0.19249613813906266,438.4651585030373,84.40284972036667,Low,-1251.2099999999998
13408,2.0,106.0,50852.852,5,5,5,555,15,Champions,2,-1,75.0,734.0,736.0,682.57496,16.87214036166256,682.8253961142882,11520.725925748107,High,340.2700000000041
13410,24.0,9.0,2172.51,4,5,4,454,13,Champions,1,1,8.0,707.0,732.0,265.105,1.921374477232772,266.91405903620364,512.841860646763,Medium,-51.67000000000007
13411,107.0,1.0,213.55,3,1,1,311,5,Potential Loyalists,0,2,0.0,0.0,108.0,0.0,0.6753277825597244,470.98914615257866,318.0720556809189,Medium,-213.55
13412,620.0,1.0,487.34999999999997,1,1,2,112,4,Hibernating/Lost,0,2,0.0,0.0,621.0,0.0,0.1739370020331218,470.98914615257866,81.92244007191937,Low,-487.34999999999997
13413,640.0,6.0,345.8,1,4,2,142,7,Can't Lose Them,0,1,2.0,48.0,688.0,167.815,0.09795454588061027,174.57275334012348,17.100194776559587,Low,-10.170000000000016
13414,134.0,6.0,2482.24,3,4,4,344,11,Loyal Customers,3,1,5.0,470.0,604.0,454.85599999999994,1.4391563083087853,458.146857081859,659.3449395012009,Medium,-207.96000000000004
13415,473.0,4.0,681.92,1,3,3,133,7,At Risk,0,1,2.0,256.0,729.0,158.625,0.4347977939572174,165.3348856953385,71.88724356450189,Low,-364.66999999999996
13416,44.0,3.0,940.8000000000001,4,3,3,433,10,Loyal Customers,3,0,2.0,693.0,737.0,356.25,0.5722330918199541,363.9892484048741,208.2866930039424,Low,-228.30000000000007
13417,5.0,6.0,1593.89,5,4,4,544,13,Champions,3,1,4.0,665.0,670.0,266.34749999999997,1.1143489931376314,269.97354470541757,300.84474771627936,Medium,-528.5000000000002
13418,12.0,31.0,11916.16,5,5,5,555,15,Champions,1,6,24.0,717.0,729.0,475.91,5.530089475495025,476.60356495002225,2635.6603585135276,High,-494.3199999999997
13419,64.0,1.0,221.06,3,1,1,311,5,Potential Loyalists,3,2,0.0,0.0,64.0,0.0,0.8993521048130465,470.98914615257866,423.5850799364212,Medium,-221.06
13420,150.0,2.0,140.35,3,2,1,321,6,Potential Loyalists,0,3,1.0,21.0,171.0,104.05,0.932292222961705,116.96853377999575,109.04885437432353,Low,-36.3
13421,40.0,8.0,4088.82,4,4,5,445,13,Champions,1,1,5.0,623.0,664.0,656.726,1.3620081106551047,660.436136150432,899.5193740066074,High,-805.19
13422,64.0,1.0,2601.55,3,1,4,314,8,Potential Loyalists,3,2,0.0,0.0,65.0,0.0,0.8926079489280784,470.98914615257866,420.4086557146402,Medium,-2601.55
13423,429.0,1.0,217.03,1,1,1,111,3,Hibernating/Lost,0,2,0.0,0.0,429.0,0.0,0.24072315478287643,470.98914615257866,113.37799313034199,Low,-217.03
13424,450.0,1.0,557.92,1,1,2,112,4,Hibernating/Lost,0,2,0.0,0.0,450.0,0.0,0.23101778310009466,470.98914615257866,108.8068684083752,Low,-557.92
13425,108.0,5.0,3375.9300000000003,3,4,5,345,12,Loyal Customers,3,1,4.0,471.0,580.0,641.7675,1.2394657170942407,646.3687237956725,801.1518737466924,Medium,-808.8600000000001
13426,1.0,22.0,8076.76,5,5,5,555,15,Champions,1,9,20.0,730.0,731.0,378.28900000000004,4.625009860352762,379.0707395818351,1753.2059083372012,High,-510.97999999999956
13427,19.0,6.0,1006.53,5,4,3,543,12,Champions,3,1,5.0,703.0,723.0,182.106,1.2648335217473294,184.83036198128306,233.77963767061996,Low,-96.0
13428,10.0,3.0,499.98,5,3,2,532,10,Loyal Customers,3,0,1.0,504.0,515.0,218.47,0.48217360889955846,232.58672599675432,112.14718105598779,Low,-281.51
13429,11.0,4.0,1006.8,5,3,3,533,11,Loyal Customers,3,1,3.0,65.0,76.0,225.4,4.407013384349337,230.0969746075182,1014.0404467936223,High,-330.5999999999999
13430,19.0,2.0,648.6899999999999,5,2,3,523,10,New Customers,3,3,1.0,68.0,87.0,343.14,1.78055312686418,358.56225495727944,638.4391442396552,Medium,-305.54999999999995
13431,67.0,8.0,3289.24,3,4,5,345,12,Loyal Customers,1,1,6.0,592.0,660.0,503.79833333333335,1.605878471762801,506.62444596800776,813.57729104878,Medium,-266.4499999999998
13432,571.0,2.0,439.1,1,2,2,122,5,Hibernating/Lost,0,3,1.0,41.0,613.0,308.8,0.18443179358652437,323.86265068596776,59.730569541699055,Low,-130.3
13433,501.0,4.0,656.87,1,3,3,133,7,At Risk,0,1,3.0,195.0,697.0,187.70666666666662,0.3877626606779777,192.27298013017702,74.55628235176138,Low,-93.75000000000011
13434,74.0,5.0,1666.8600000000001,3,4,4,344,11,Loyal Customers,3,1,4.0,581.0,656.0,331.92,1.1232801741912062,335.7163737526067,377.10354678766817,Medium,-339.18000000000006
13435,5.0,9.0,4459.83,5,5,5,555,15,Champions,1,1,8.0,495.0,501.0,518.9225,2.704189749007355,521.0607855876552,1409.0472349958568,High,-308.4499999999998
13436,2.0,1.0,196.89,5,1,1,511,7,New Customers,3,2,0.0,0.0,2.0,0.0,1.7005997199183167,470.98914615257866,800.9640100316424,Medium,-196.89
13437,14.0,7.0,3408.06,5,4,5,545,14,Champions,1,1,6.0,176.0,191.0,327.86,4.521169571761425,330.3817016527897,1493.711696579354,High,-1440.8999999999999
13438,547.0,1.0,46.5,1,1,1,111,3,Hibernating/Lost,0,2,0.0,0.0,548.0,0.0,0.19444348864467023,470.98914615257866,91.58077269168186,Low,-46.5
13439,255.0,3.0,986.61,2,3,3,233,8,At Risk,0,0,2.0,271.0,527.0,351.16499999999996,0.6965598178128499,358.87776233591524,249.97982874978837,Low,-284.2800000000001
13440,423.0,7.0,1213.95,1,4,4,144,9,Can't Lose Them,0,1,2.0,28.0,452.0,25.275,0.2098595207305129,31.290310022642345,6.566569464860886,Low,-1163.4
13441,92.0,2.0,720.9,3,2,3,323,8,Potential Loyalists,3,3,1.0,340.0,432.0,296.64,0.5498911125433458,311.5753126562895,171.33249531760782,Low,-424.26
13442,667.0,3.0,419.87,1,3,2,132,6,At Risk,0,0,2.0,71.0,739.0,110.935,0.11977672871564093,117.39648439176985,14.061366863162991,Low,-198.0
13443,449.0,6.0,1247.71,1,4,4,144,9,Can't Lose Them,0,1,5.0,229.0,678.0,210.07799999999997,0.35914899059306266,212.86045914334835,76.44861903850942,Low,-197.32000000000016
13444,374.0,2.0,631.6800000000001,2,2,3,223,7,Hibernating/Lost,0,3,1.0,132.0,507.0,496.39,0.38042395132620904,513.4170701750583,195.3161505143212,Low,-135.29000000000008
13445,626.0,1.0,241.89999999999998,1,1,1,111,3,Hibernating/Lost,0,2,0.0,0.0,627.0,0.0,0.17244240341964145,470.98914615257866,81.21850034711544,Low,-241.89999999999998
13446,430.0,11.0,3608.86,1,5,5,155,11,Can't Lose Them,0,1,10.0,233.0,664.0,334.07,0.02464268749992387,335.5884168948258,8.269800486133365,Low,-268.1600000000003
13447,23.0,3.0,1104.23,4,3,3,433,10,Loyal Customers,3,0,2.0,12.0,36.0,452.71500000000003,4.277660763523356,460.9567024151226,1971.8163996042815,High,-198.79999999999995
13448,17.0,13.0,8447.75,5,5,5,555,15,Champions,1,1,10.0,717.0,734.0,794.7810000000001,2.3654162703974904,796.7773633109183,1884.7101390600585,High,-499.9399999999996
13449,24.0,1.0,291.88,4,1,2,412,7,New Customers,3,2,0.0,0.0,24.0,0.0,1.2906697127470192,470.98914615257866,607.8914259717126,Medium,-291.88
13450,27.0,13.0,4117.54,4,5,5,455,14,Champions,1,1,12.0,577.0,604.0,323.3666666666666,3.347016563209005,324.6225438105977,1086.5170309251114,High,-237.14000000000033
13451,26.0,11.0,7119.97,4,5,5,455,14,Champions,1,1,10.0,602.0,629.0,631.798,2.715401178355117,633.6252830399153,1720.5468402021804,High,-801.9900000000007
13452,259.0,3.0,729.8,2,3,3,233,8,At Risk,0,0,2.0,213.0,473.0,295.0,0.7376279745619858,302.4202175840819,223.07361256314138,Low,-139.79999999999995
13453,166.0,3.0,758.99,3,3,3,333,9,Loyal Customers,0,0,2.0,237.0,403.0,178.49,0.9145848870770118,185.3033558546044,169.47564878927471,Low,-402.01
13454,641.0,1.0,219.87,1,1,1,111,3,Hibernating/Lost,0,2,0.0,0.0,642.0,0.0,0.16881600513569917,470.98914615257866,79.51050611575228,Low,-219.87
13455,25.0,6.0,2773.82,4,4,4,444,12,Champions,3,1,5.0,706.0,731.0,522.1160000000001,1.2514686861232938,525.5465544621148,657.7050560093269,Medium,-163.23999999999978
13456,18.0,6.0,1737.8200000000002,5,4,4,544,13,Champions,3,1,5.0,190.0,208.0,311.812,3.5957885212393763,314.8057581811559,1131.9749316878592,High,-178.76000000000022
13457,689.0,2.0,143.27,1,2,1,121,4,Hibernating/Lost,0,3,1.0,49.0,738.0,35.72,0.14164084255522236,47.9229903944765,6.787852737239479,Low,-107.55000000000001
13458,7.0,16.0,11850.62,5,5,5,555,15,Champions,1,-1,15.0,381.0,389.0,709.1293333333334,6.103509005116452,710.400565320175,4335.936247671507,High,-1213.6800000000003
13459,625.0,2.0,1160.4099999999999,1,2,3,123,6,Hibernating/Lost,0,3,1.0,58.0,683.0,529.62,0.1757366919138661,546.9950506624109,96.12710069666969,Low,-630.7899999999998
13460,29.0,2.0,183.44,4,2,1,421,7,New Customers,3,3,1.0,20.0,50.0,75.98,2.284676506041696,88.60458818023686,202.43282094288688,Low,-107.46
13461,39.0,6.0,4138.5,4,4,5,445,13,Champions,1,1,5.0,559.0,598.0,764.68,1.4961028756109551,768.6143539766009,1149.9261452202493,High,-315.10000000000036
13462,253.0,5.0,1145.6,2,4,3,243,9,Can't Lose Them,0,1,4.0,473.0,726.0,245.5075,0.9521521344474746,249.07941138209728,237.16149319438452,Low,-163.56999999999994
13464,58.0,6.0,3083.89,4,4,5,445,13,Champions,3,1,4.0,560.0,619.0,699.575,1.1865981796792096,704.3263827250314,835.7524036415646,Medium,-285.5899999999997
13465,446.0,2.0,931.12,1,2,3,123,6,Hibernating/Lost,0,3,1.0,140.0,587.0,319.62,0.32002861347710765,334.79595639987554,107.14428572439435,Low,-611.5
13466,184.0,5.0,952.25,3,4,3,343,10,Loyal Customers,0,1,3.0,444.0,629.0,250.34666666666666,0.8798068613181586,255.13011704370683,224.46522750395815,Low,-201.21000000000004
13467,11.0,2.0,1083.71,5,2,3,523,10,New Customers,3,3,1.0,26.0,37.0,301.25,2.634986893305679,316.23358801129086,833.2713596327793,Medium,-782.46
13468,2.0,72.0,13091.61,5,5,5,555,15,Champions,2,-1,69.0,735.0,737.0,189.51144927536234,15.513698324734348,189.7095996401726,2943.0974981237696,High,-15.319999999999709
13469,653.0,1.0,82.4,1,1,1,111,3,Hibernating/Lost,0,2,0.0,0.0,654.0,0.0,0.1660229701408657,470.98914615257866,78.1950169483614,Low,-82.4
13470,99.0,2.0,165.0,3,2,1,321,6,Potential Loyalists,0,3,1.0,16.0,116.0,49.5,1.3052020682538705,61.84729286560859,80.72321456409517,Low,-115.5
13471,1.0,4.0,2531.58,5,3,4,534,12,Loyal Customers,3,-1,3.0,46.0,48.0,529.97,5.50789623032359,535.7227439203178,2950.7052817373287,High,-941.6699999999998
13472,464.0,2.0,592.24,1,2,2,122,5,Hibernating/Lost,0,3,1.0,92.0,556.0,330.06,0.2965814659994683,345.34528280035585,102.4230102489305,Low,-262.18
13473,61.0,8.0,2410.98,3,4,4,344,11,Loyal Customers,1,1,6.0,664.0,725.0,378.17,1.4784431829252944,380.7787487232516,562.959745252715,Medium,-141.96000000000004
13474,236.0,3.0,663.79,2,3,3,233,8,At Risk,0,0,2.0,259.0,496.0,149.37,0.7391774367534983,156.0316794872335,115.33509689571667,Low,-365.04999999999995
13475,191.0,4.0,1431.78,2,3,4,234,9,At Risk,0,1,3.0,107.0,299.0,371.5533333333333,1.3057903090225293,376.7569376295822,491.9655580137139,Medium,-317.1200000000001
13476,179.0,5.0,1915.77,3,4,4,344,11,Loyal Customers,0,1,4.0,466.0,645.0,455.1675,1.0983809757118783,459.2840175513553,504.4688273269291,Medium,-95.09999999999991
13477,38.0,11.0,2821.12,4,5,4,454,13,Champions,1,1,9.0,646.0,684.0,267.94111111111107,2.2762426778193396,269.55220136573627,613.5662246488414,Medium,-409.6500000000001
13478,469.0,5.0,2068.03,1,4,4,144,9,Can't Lose Them,0,1,3.0,208.0,678.0,609.8633333333333,0.4575649068926381,615.893021567374,281.81103306930106,Medium,-238.44000000000005
13479,201.0,4.0,808.5,2,3,3,233,8,At Risk,0,1,3.0,277.0,478.0,154.67,1.0675974871609086,159.1217943090833,169.8780277569123,Low,-344.49
13480,417.0,2.0,627.82,1,2,3,123,6,Hibernating/Lost,0,3,1.0,263.0,680.0,133.88,0.3219471941502154,147.1109098840502,47.361944666055145,Low,-493.94000000000005
13481,46.0,11.0,3798.84,4,5,5,455,14,Champions,1,1,8.0,690.0,736.0,438.08,1.905772310982423,440.1134248216098,838.7559787166681,High,-294.2000000000003
13482,232.0,2.0,336.09,2,2,2,222,6,Hibernating/Lost,0,3,1.0,395.0,628.0,184.64,0.3830825598398274,198.4024623829373,76.00452316818068,Low,-151.45
13483,66.0,1.0,140.34,3,1,1,311,5,Potential Loyalists,3,2,0.0,0.0,66.0,0.0,0.8859649921801986,470.98914615257866,417.2798951880278,Medium,-140.34
13484,241.0,3.0,767.32,2,3,3,233,8,At Risk,0,0,2.0,398.0,640.0,312.47,0.6121857742344643,319.9812129871716,195.88794661303467,Low,-142.38
13485,233.0,11.0,2957.92,2,5,5,255,12,Can't Lose Them,1,1,8.0,503.0,737.0,356.74,1.6336936310395187,358.66791874856494,585.9534945177302,Medium,-104.0
13486,78.0,3.0,1122.41,3,3,3,333,9,Loyal Customers,3,0,2.0,77.0,156.0,460.125,1.9141816404926473,468.40529863360536,896.612822953923,High,-202.16000000000008
13487,58.0,5.0,846.87,4,4,3,443,11,Champions,3,1,4.0,677.0,735.0,185.73000000000002,1.0174657619137972,189.14663524319232,192.45022534114577,Low,-103.94999999999993
13488,17.0,23.0,15513.73,5,5,5,555,15,Champions,1,-1,18.0,666.0,684.0,846.5083333333333,4.426003351003778,847.6467116754054,3751.6871863426773,High,-276.5799999999999
13489,105.0,4.0,449.52,3,3,2,332,8,Loyal Customers,3,1,3.0,189.0,295.0,124.08,1.6676401237613265,128.42575634316896,214.16794420226424,Low,-77.27999999999997
13490,654.0,1.0,154.25,1,1,1,111,3,Hibernating/Lost,0,2,0.0,0.0,655.0,0.0,0.16579438647773653,470.98914615257866,78.08735652403976,Low,-154.25
13491,52.0,27.0,4566.56,4,5,5,455,14,Champions,1,-1,26.0,681.0,733.0,167.10230769230768,5.873721900234103,167.61936331693158,984.5495252179579,High,-221.90000000000055
13492,136.0,3.0,1269.84,3,3,4,334,10,Loyal Customers,0,0,2.0,78.0,215.0,477.27,1.3977785978555088,485.63960122009485,678.8166408565327,Medium,-315.29999999999995
13493,275.0,2.0,618.63,2,2,3,223,7,Hibernating/Lost,0,3,1.0,12.0,288.0,439.28,0.4666480931506959,455.709021254423,212.65574579994646,Low,-179.35000000000002
13494,312.0,1.0,316.26000000000005,2,1,2,212,5,Hibernating/Lost,0,2,0.0,0.0,312.0,0.0,0.31433188465276213,470.98914615257866,148.04690596113528,Low,-316.26000000000005
13495,8.0,10.0,5246.61,5,5,5,555,15,Champions,1,1,9.0,725.0,733.0,546.9000000000001,2.1469056661888395,548.8326771817722,1178.2919844311368,High,-324.5099999999993
13496,11.0,2.0,617.93,5,2,3,523,10,New Customers,3,3,1.0,349.0,360.0,152.32,0.6554267665013979,165.74401130405568,108.63306139598835,Low,-465.60999999999996
13497,283.0,6.0,1266.33,2,4,4,244,10,Can't Lose Them,0,1,5.0,387.0,670.0,220.67600000000002,1.1222579475494192,223.48047093097773,250.8027346243767,Low,-162.94999999999982
13498,730.0,1.0,327.38,1,1,2,112,4,Hibernating/Lost,0,2,0.0,0.0,731.0,0.0,0.15009037186887023,470.98914615257866,70.6909360922422,Low,-327.38
13499,18.0,5.0,1146.96,5,4,3,543,12,Champions,3,1,4.0,252.0,270.0,250.22,2.4153426590300544,253.80415242269936,613.0239963855119,Medium,-146.08000000000004
13500,23.0,4.0,1436.3,4,3,4,434,11,Loyal Customers,3,1,3.0,378.0,402.0,388.92333333333335,1.3594554493323459,394.1871494461214,535.8798683713135,Medium,-269.53
13501,288.0,3.0,2840.26,2,3,4,234,9,At Risk,0,0,2.0,282.0,571.0,1144.97,0.6392745606834027,1156.8174278167144,739.523952958434,Medium,-550.3200000000002
13502,17.0,5.0,774.6,5,4,3,543,12,Champions,3,1,4.0,532.0,549.0,118.15,1.329636898284497,121.39109157764594,161.40607448467048,Low,-302.0
13503,71.0,6.0,1793.54,3,4,4,344,11,Loyal Customers,3,1,4.0,590.0,662.0,243.5925,1.1149007673555216,247.15943703880754,275.55824601372524,Low,-819.17
13504,64.0,1.0,295.93,3,1,2,312,6,Potential Loyalists,3,2,0.0,0.0,65.0,0.0,0.8926079489280784,470.98914615257866,420.4086557146402,Medium,-295.93
13505,73.0,4.0,4282.88,3,3,5,335,11,Loyal Customers,3,1,3.0,160.0,233.0,1127.98,2.0446578546623884,1135.805701226511,2322.3340483831075,High,-898.94
13506,316.0,5.0,1609.65,2,4,4,244,10,Can't Lose Them,0,1,4.0,144.0,461.0,302.97,0.6745425479710514,306.6911741503935,206.8762460516399,Low,-397.77
13507,3.0,4.0,2479.16,5,3,4,534,12,Loyal Customers,3,1,3.0,142.0,146.0,412.26,2.986276732344437,417.60471093673556,1247.0832315877979,High,-1242.3799999999999
13508,244.0,2.0,287.05,2,2,2,222,6,Hibernating/Lost,0,3,1.0,399.0,643.0,110.97,0.37415347167232543,123.96099917188502,46.38043819213104,Low,-176.08
13509,9.0,8.0,1114.72,5,4,3,543,12,Champions,3,1,7.0,499.0,508.0,139.96,2.3591454639339138,141.8423299609948,334.62668932129833,Medium,-135.0
13510,1.0,11.0,4488.39,5,5,5,555,15,Champions,1,5,9.0,717.0,719.0,476.84333333333336,2.186365974055974,478.69524840621835,1046.603003057628,High,-196.80000000000018
13511,677.0,1.0,244.61,1,1,1,111,3,Hibernating/Lost,0,2,0.0,0.0,677.0,0.0,0.1609202250860837,470.98914615257866,75.79167941197532,Low,-244.61
13512,261.0,4.0,713.39,2,3,3,233,8,At Risk,0,1,3.0,323.0,584.0,186.6966666666667,0.873723663584101,191.25947904009624,167.10793272209946,Low,-153.29999999999995
13513,127.0,3.0,796.99,3,3,3,333,9,Loyal Customers,0,0,2.0,529.0,656.0,262.475,0.6255334135245274,269.7258057074082,168.7225039598085,Low,-272.03999999999996
13514,74.0,4.0,815.9000000000001,3,3,3,333,9,Loyal Customers,3,1,3.0,609.0,683.0,156.53333333333333,0.8473105608226377,160.99158674919948,136.40987165619055,Low,-346.30000000000007
13515,73.0,6.0,1265.82,3,4,4,344,11,Loyal Customers,3,1,5.0,572.0,645.0,215.544,1.3891255131680897,218.33781189209174,303.2986249885998,Medium,-188.0999999999999
13516,21.0,4.0,1685.26,4,3,4,434,11,Loyal Customers,3,1,3.0,396.0,418.0,463.1366666666667,1.3156762598381282,468.6577377945051,616.6018596056726,Medium,-295.8499999999999
13517,60.0,3.0,2109.07,3,3,4,334,10,Loyal Customers,3,0,2.0,120.0,180.0,513.28,1.792709208746628,521.8371652993883,935.5022916984498,High,-1082.5100000000002
13518,86.0,1.0,659.4399999999999,3,1,3,313,7,Potential Loyalists,0,2,0.0,0.0,86.0,0.0,0.7712946225764735,470.98914615257866,363.2713957193687,Medium,-659.4399999999999
13519,78.0,2.0,331.26,3,2,2,322,7,Potential Loyalists,3,3,1.0,364.0,443.0,122.75,0.5406039827442238,135.8643578881358,73.44881298731282,Low,-208.51
13520,59.0,11.0,6680.65,3,5,5,355,13,Loyal Customers,1,1,10.0,664.0,723.0,632.0,2.3802076725283334,633.8274925968308,1508.641060938372,High,-360.64999999999964
13521,1.0,3.0,1093.65,5,3,3,533,11,Loyal Customers,3,8,2.0,9.0,11.0,402.885,5.830935981102529,410.86715456532545,2395.7400750081706,High,-287.8800000000001
13522,30.0,1.0,125.80000000000001,4,1,1,411,6,New Customers,3,2,0.0,0.0,31.0,0.0,1.1990808315035197,470.98914615257866,564.7540569977668,Medium,-125.80000000000001
13523,33.0,6.0,4892.02,4,4,5,445,13,Champions,1,1,4.0,369.0,403.0,1132.9575,1.7316183179471543,1138.834623367731,1972.026894936011,High,-360.1900000000005
13524,41.0,5.0,680.1800000000001,4,4,3,443,11,Champions,3,1,4.0,179.0,220.0,130.245,2.7951886920938094,133.51750916620443,373.20663181790616,Medium,-159.20000000000005
13525,15.0,2.0,628.78,5,2,3,523,10,New Customers,3,3,1.0,234.0,249.0,345.9,0.8815661742129437,361.35115733901563,318.55495732277546,Medium,-282.88
13526,738.0,2.0,942.5999999999999,1,2,3,123,6,Hibernating/Lost,0,3,0.0,0.0,739.0,0.0,0.1486087772250233,470.98914615257866,69.9931210959925,Low,-942.5999999999999
13527,34.0,12.0,4650.04,4,5,5,455,14,Champions,1,1,10.0,654.0,688.0,446.494,2.5020283603653777,448.1290467297609,1121.2315840213635,High,-185.09999999999945
13529,79.0,2.0,307.76,3,2,2,322,7,Potential Loyalists,3,3,1.0,126.0,205.0,126.66000000000001,0.9831320337186108,139.81530292892873,137.45690311350134,Low,-181.09999999999997
13530,634.0,1.0,402.97999999999996,1,1,2,112,4,Hibernating/Lost,0,2,0.0,0.0,635.0,0.0,0.17048913989609285,470.98914615257866,80.2985344279483,Low,-402.97999999999996
13531,205.0,6.0,1738.52,2,4,4,244,10,Can't Lose Them,0,1,4.0,531.0,737.0,356.705,0.9713077321897672,360.5657544828607,350.2203052920398,Medium,-311.70000000000005
13532,34.0,1.0,210.31,4,1,1,411,6,New Customers,3,2,0.0,0.0,34.0,0.0,1.163728872765088,470.98914615257866,548.1036681367317,Medium,-210.31
13533,183.0,3.0,270.79,3,3,1,331,7,Loyal Customers,0,0,1.0,85.0,268.0,124.14999999999999,0.7189975659034767,137.2790185165527,98.7032801630197,Low,-146.64000000000004
13534,2.0,35.0,7324.5,5,5,5,555,15,Champions,1,4,24.0,518.0,521.0,312.34250000000003,7.48442181287499,312.96540494476284,2342.365103443837,High,171.72000000000116
13535,403.0,1.0,89.5,2,1,1,211,4,Hibernating/Lost,0,2,0.0,0.0,403.0,0.0,0.2539330412985549,470.98914615257866,119.59970630113385,Low,-89.5
13536,1.0,7.0,3448.29,5,4,5,545,14,Champions,1,-1,6.0,74.0,76.0,498.8533333333333,8.161898170205795,501.6708900593726,4094.5867196211057,High,-455.1700000000001
13537,426.0,2.0,717.85,1,2,3,123,6,Hibernating/Lost,0,3,1.0,26.0,452.0,302.0,0.2690407814282843,316.99144191937137,85.28362524006627,Low,-415.85
13538,43.0,12.0,3112.73,4,5,5,455,14,Champions,1,1,11.0,632.0,676.0,226.2681818181818,2.776078276502655,227.5467722885448,631.6876514385256,Medium,-623.7800000000002
13539,86.0,7.0,1531.26,3,4,4,344,11,Loyal Customers,3,1,5.0,505.0,591.0,244.654,1.4948509806486265,247.5082726524135,369.98798409310797,Medium,-307.99
13540,467.0,3.0,632.39,1,3,3,133,7,At Risk,0,0,1.0,188.0,656.0,263.14,0.30502368758103704,277.7245047620279,84.71255257413102,Low,-369.25
13541,427.0,2.0,717.9,1,2,3,123,6,Hibernating/Lost,0,3,1.0,143.0,571.0,474.9,0.3343928128521506,491.7020295288588,164.42162473926632,Low,-243.0
13542,377.0,17.0,3970.77,2,5,5,255,12,Can't Lose Them,1,-1,16.0,353.0,730.0,239.26625,0.017499791722944837,240.15344641228452,4.202635293762373,Low,-142.50999999999976
13543,634.0,2.0,1439.6100000000001,1,2,4,124,7,Hibernating/Lost,0,3,1.0,53.0,688.0,851.16,0.16671263243916,871.9021781346758,145.35710734626923,Low,-588.4500000000002
13544,40.0,6.0,820.5,4,4,3,443,11,Champions,3,1,4.0,605.0,645.0,158.67000000000002,1.1477021037343706,162.01634504506146,185.9465000475707,Low,-185.81999999999994
13545,391.0,2.0,347.35,2,2,2,222,6,Hibernating/Lost,0,3,1.0,154.0,545.0,250.5,0.3635345880678727,264.95214023117813,96.31926715664258,Low,-96.85000000000002
13546,12.0,5.0,1092.14,5,4,3,543,12,Champions,3,1,4.0,412.0,425.0,224.9325,1.6629735740573175,228.45096641437584,379.9079201149628,Medium,-192.41000000000008
13547,408.0,1.0,175.53,2,1,1,211,4,Hibernating/Lost,0,2,0.0,0.0,409.0,0.0,0.25075733926599547,470.98914615257866,118.1039851123837,Low,-175.53
13548,96.0,3.0,908.99,3,3,3,333,9,Loyal Customers,3,0,2.0,375.0,472.0,341.205,0.837126834678657,348.8658840179546,292.0449932153218,Medium,-226.58000000000004
13549,26.0,8.0,1003.72,4,4,3,443,11,Champions,3,1,7.0,362.0,388.0,131.17142857142858,2.9640765851903974,133.04072794462792,394.3429065773574,Medium,-85.51999999999998
13550,383.0,1.0,349.51,2,1,2,212,5,Hibernating/Lost,0,2,0.0,0.0,384.0,0.0,0.2645431928862236,470.98914615257866,124.59697253795936,Low,-349.51
13551,319.0,2.0,244.2,2,2,1,221,5,Hibernating/Lost,0,3,1.0,347.0,667.0,91.80000000000001,0.350705943752287,104.59025328134787,36.680423484325836,Low,-152.39999999999998
13552,66.0,22.0,6618.63,3,5,5,355,13,Loyal Customers,1,1,13.0,592.0,659.0,480.45846153846156,3.3024305576005526,481.7429861877299,1590.9227584961002,High,-372.6700000000001
13553,675.0,1.0,517.8,1,1,2,112,4,Hibernating/Lost,0,2,0.0,0.0,675.0,0.0,0.16135144760907524,470.98914615257866,75.99478053988088,Low,-517.8
13554,380.0,7.0,1556.3899999999999,2,4,4,244,10,Can't Lose Them,0,1,5.0,66.0,447.0,306.366,0.05659976455742344,309.34844697192494,17.50904926481554,Low,-24.559999999999945
13555,74.0,13.0,8906.34,3,5,5,355,13,Loyal Customers,1,-1,8.0,616.0,690.0,1022.83875,2.0070480456950035,1025.6306651018056,2058.4900219974456,High,-723.6300000000001
13556,429.0,2.0,200.82,1,2,1,121,4,Hibernating/Lost,0,3,1.0,6.0,436.0,93.6,0.22454767415710852,106.40910266074101,23.893916511614382,Low,-107.22
13557,28.0,13.0,2980.08,4,5,5,455,14,Champions,1,1,11.0,703.0,732.0,250.88727272727274,2.590852435782373,252.18907928333203,653.3846903389348,Medium,-220.3199999999997
13558,6.0,4.0,605.06,5,3,3,533,11,Loyal Customers,3,1,3.0,63.0,69.0,134.35666666666665,4.649719282147787,138.73804631253955,645.0929691069279,Medium,-201.99
13559,513.0,2.0,990.0,1,2,3,123,6,Hibernating/Lost,0,3,1.0,31.0,544.0,660.0,0.2066056818279257,678.7403740431222,140.2316177633206,Low,-330.0
13560,7.0,1.0,174.37,5,1,1,511,7,New Customers,3,2,0.0,0.0,8.0,0.0,1.5647000965030486,470.98914615257866,736.9567624368283,Medium,-174.37
13561,216.0,11.0,1820.72,2,5,4,254,11,Can't Lose Them,1,1,9.0,434.0,650.0,180.13555555555556,1.9086237137664879,181.6454225836687,346.69276104032485,Medium,-199.5
13562,82.0,8.0,4838.18,3,4,5,345,12,Loyal Customers,1,1,6.0,613.0,695.0,649.7966666666667,1.5285668831027326,652.875387673613,997.9636963907428,High,-939.3999999999996
13563,84.0,2.0,777.53,3,2,3,323,8,Potential Loyalists,3,3,1.0,56.0,141.0,466.65,1.2374504797166903,483.3656365399735,598.1410388149535,Medium,-310.88
13564,144.0,37.0,15786.720000000001,3,5,5,355,13,Loyal Customers,1,-1,24.0,383.0,738.0,690.8229166666666,0.0009645544135724439,691.6093224794641,0.6670948244654148,Low,793.0299999999988
13565,19.0,3.0,414.8,5,3,2,532,10,Loyal Customers,3,0,2.0,392.0,412.0,120.10999999999999,0.9592058130130365,126.61927390655788,121.45394357066021,Low,-174.58000000000004
13566,41.0,5.0,1708.1200000000001,4,4,4,444,12,Champions,3,1,4.0,599.0,640.0,354.25,1.1555438903034827,358.1043774526903,413.8053254563885,Medium,-291.1200000000001
13567,428.0,4.0,1078.59,1,3,3,133,7,At Risk,0,1,2.0,113.0,542.0,333.9,0.4117212306963524,341.5228347094503,140.61220181748183,Low,-410.78999999999996
13568,173.0,1.0,192.85,3,1,1,311,5,Potential Loyalists,0,2,0.0,0.0,174.0,0.0,0.492110587433571,470.98914615257866,231.7787453879815,Low,-192.85
13569,17.0,4.0,893.78,5,3,3,533,11,Loyal Customers,3,1,3.0,411.0,429.0,218.42666666666665,1.2878566720921336,223.09946873144835,287.3201393460061,Medium,-238.5
13570,243.0,1.0,239.49,2,1,1,211,4,Hibernating/Lost,0,2,0.0,0.0,244.0,0.0,0.38234906500145155,470.98914615257866,180.08225965727047,Low,-239.49
13571,13.0,26.0,4546.54,5,5,5,555,15,Champions,1,-1,25.0,719.0,732.0,177.412,5.7325962313582455,177.95402191849516,1020.138555405008,High,-111.23999999999978
13572,206.0,1.0,1384.25,2,1,4,214,7,Hibernating/Lost,0,2,0.0,0.0,206.0,0.0,0.4349978680294209,470.98914615257866,204.87927444136906,Low,-1384.25
13573,50.0,6.0,916.47,4,4,3,443,11,Champions,3,1,4.0,587.0,638.0,208.655,1.1568185419196073,212.13118449641294,245.39728754481962,Low,-81.85000000000002
13574,411.0,1.0,421.25,1,1,2,112,4,Hibernating/Lost,0,2,0.0,0.0,412.0,0.0,0.24919913437712668,470.98914615257866,117.3700875222446,Low,-421.25
13575,23.0,5.0,732.0699999999999,4,4,3,443,11,Champions,3,1,4.0,153.0,177.0,160.88,3.3088280105895898,164.23208567099894,543.4157253057505,Medium,-88.54999999999995
13576,10.0,28.0,11516.15,5,5,5,555,15,Champions,1,6,27.0,721.0,732.0,415.6644444444445,6.182303647916079,416.25778422712386,2573.432017900812,High,-293.2099999999991
13577,25.0,11.0,3346.62,4,5,5,455,14,Champions,1,1,8.0,697.0,723.0,386.235,1.9428380636322624,388.20117669821406,754.2120224361239,Medium,-256.7399999999998
13578,409.0,1.0,147.66,2,1,1,211,4,Hibernating/Lost,0,2,0.0,0.0,410.0,0.0,0.25023577369087,470.98914615257866,117.85833338749278,Low,-147.66
13579,15.0,5.0,1535.84,5,4,4,544,13,Champions,3,1,4.0,645.0,660.0,288.8725,1.128224059866736,292.5570549313192,330.06990825726865,Medium,-380.3499999999999
13580,406.0,1.0,107.75,2,1,1,211,4,Hibernating/Lost,0,2,0.0,0.0,407.0,0.0,0.25180703038366353,470.98914615257866,118.59837823561811,Low,-107.75
13581,309.0,2.0,280.53000000000003,2,2,2,222,6,Hibernating/Lost,0,3,1.0,105.0,415.0,118.0,0.45804753648467156,131.06461647029275,60.033824694525904,Low,-162.53000000000003
13582,390.0,2.0,241.68,2,2,1,221,5,Hibernating/Lost,0,3,1.0,228.0,618.0,164.18,0.3478953641176631,177.72820777050174,61.83081955629838,Low,-77.5
13583,156.0,2.0,1445.031,3,2,4,324,9,Potential Loyalists,0,3,1.0,524.0,680.0,781.03,0.36665978902314145,801.0377853697634,293.7083453832419,Medium,-664.001
13584,307.0,3.0,347.15,2,3,2,232,7,At Risk,0,0,1.0,192.0,499.0,142.4,0.4288800746215302,155.72013027984448,66.7852610944941,Low,-204.74999999999997
13585,531.0,3.0,674.46,1,3,3,133,7,At Risk,0,0,2.0,208.0,739.0,335.895,0.368748237614671,343.52822599904187,126.6754279080411,Low,-2.6700000000000728
13586,541.0,1.0,131.53,1,1,1,111,3,Hibernating/Lost,0,2,0.0,0.0,542.0,0.0,0.19634632645889166,470.98914615257866,92.47698864906884,Low,-131.53
13587,64.0,4.0,1308.1,3,3,4,334,10,Loyal Customers,3,1,2.0,600.0,664.0,552.6,0.6267513162446829,561.3619700646708,351.8343536277407,Medium,-202.89999999999986
13588,16.0,9.0,2445.12,5,5,4,554,14,Champions,1,1,7.0,240.0,256.0,337.1742857142857,4.170627574934995,339.34902020147706,1415.298381179453,High,-84.90000000000009
13589,15.0,6.0,1120.74,5,4,3,543,12,Champions,3,1,5.0,719.0,734.0,170.318,1.2483023769816315,173.01787859266497,215.97862910754301,Low,-269.15
13590,11.0,18.0,6298.29,5,5,5,555,15,Champions,1,1,16.0,727.0,739.0,373.89437499999997,3.685113995248276,374.86882785871387,1381.4343639244632,High,-315.9800000000005
13591,65.0,7.0,2081.19,3,4,4,344,11,Loyal Customers,3,1,6.0,661.0,726.0,340.12333333333333,1.4754910341467664,342.66625317814777,505.60098426902294,Medium,-40.450000000000045
13592,36.0,4.0,247.95999999999998,4,3,1,431,8,Loyal Customers,3,1,3.0,229.0,265.0,57.080000000000005,1.9024944823889802,61.19350581305248,116.42030716737034,Low,-76.71999999999997
13593,108.0,14.0,5475.21,3,5,5,355,13,Loyal Customers,1,1,12.0,539.0,648.0,420.24500000000006,3.021827141049397,421.5846148301529,1273.955831342612,High,-432.2699999999995
13594,53.0,2.0,508.42,4,2,2,422,8,New Customers,3,3,1.0,433.0,486.0,396.97,0.5028923188320235,412.9559561199094,207.67237834863656,Low,-111.44999999999999
13595,517.0,3.0,818.22,1,3,3,133,7,At Risk,0,0,2.0,130.0,647.0,135.265,0.3210646380012023,141.8532112467882,45.544049918258125,Low,-547.69
13596,6.0,2.0,697.04,5,2,3,523,10,New Customers,3,3,1.0,7.0,13.0,285.44,3.435657113959382,300.25802762895427,1031.5836286468293,High,-411.59999999999997
13597,400.0,2.0,372.21,2,2,2,222,6,Hibernating/Lost,0,3,1.0,2.0,403.0,16.5,0.242553447066667,28.501720910067313,6.913190654068928,Low,-355.71
13598,47.0,5.0,776.84,4,4,3,443,11,Champions,3,1,3.0,604.0,652.0,173.74,0.8872095179197498,178.25789904952097,158.15210468111292,Low,-255.62
13599,1.0,33.0,9790.34,5,5,5,555,15,Champions,1,-1,22.0,737.0,739.0,433.0081818181818,5.023601184521862,433.7446089218746,2178.959931159901,High,-264.15999999999985
13600,312.0,2.0,518.42,2,2,2,222,6,Hibernating/Lost,0,3,1.0,322.0,635.0,219.52,0.3650674649500942,233.647721468067,85.29718136771292,Low,-298.9
13601,45.0,4.0,1185.14,4,3,3,433,10,Loyal Customers,3,1,3.0,501.0,547.0,325.8533333333333,1.0371497442008992,330.89852196948783,343.19131741710993,Medium,-207.58000000000015
13602,65.0,4.0,1025.17,3,3,3,333,9,Loyal Customers,3,1,3.0,496.0,561.0,285.2633333333333,1.0104019854005517,290.1678197453471,293.18614117004813,Medium,-169.3800000000001
13603,26.0,1.0,164.34,4,1,1,411,6,New Customers,3,2,0.0,0.0,27.0,0.0,1.2497397043087282,470.98914615257866,588.613836245344,Medium,-164.34
13604,659.0,1.0,713.39,1,1,3,113,5,Hibernating/Lost,0,2,0.0,0.0,659.0,0.0,0.16488631653194796,470.98914615257866,77.65966543562598,Low,-713.39
13605,387.0,2.0,522.67,2,2,2,222,6,Hibernating/Lost,0,3,1.0,184.0,572.0,352.78000000000003,0.36048325848865664,368.30320385580734,132.7671390377534,Low,-169.88999999999993
13606,29.0,3.0,280.53999999999996,4,3,2,432,9,Loyal Customers,3,0,2.0,282.0,312.0,105.26,1.2054489937959938,111.69192520959848,134.6389188590479,Low,-70.01999999999995
13607,40.0,2.0,1060.6100000000001,4,2,3,423,9,New Customers,3,3,1.0,362.0,403.0,678.01,0.5917186849620699,696.9389725558282,412.39181233955077,Medium,-382.60000000000014
13608,541.0,1.0,236.2,1,1,1,111,3,Hibernating/Lost,0,2,0.0,0.0,541.0,0.0,0.19666709657151574,470.98914615257866,92.62806789052493,Low,-236.2
13609,593.0,1.0,167.35,1,1,1,111,3,Hibernating/Lost,0,2,0.0,0.0,594.0,0.0,0.1809966236592575,470.98914615257866,85.2474452337733,Low,-167.35
13610,12.0,14.0,2144.13,5,5,4,554,14,Champions,1,1,13.0,691.0,704.0,140.7023076923077,3.154615482065649,141.71576908706655,447.05875921490065,Medium,-315.0
13611,89.0,10.0,3281.03,3,5,5,355,13,Loyal Customers,1,1,9.0,647.0,737.0,331.28888888888895,2.101215316794719,332.97300717025416,699.6479827453359,Medium,-299.42999999999984
13612,633.0,1.0,777.79,1,1,3,113,5,Hibernating/Lost,0,2,0.0,0.0,633.0,0.0,0.17097329221055604,470.98914615257866,80.52656491314512,Low,-777.79
13613,453.0,5.0,1039.8500000000001,1,4,3,143,8,Can't Lose Them,0,1,2.0,208.0,661.0,285.925,0.4486070490169807,293.2979489359401,131.57552735488517,Low,-468.0000000000001
13614,24.0,6.0,2359.19,4,4,4,444,12,Champions,3,1,5.0,527.0,552.0,410.86800000000005,1.6100700916355575,414.06749507825094,666.6776897439453,Medium,-304.8499999999999
13615,319.0,8.0,6212.2300000000005,2,4,5,245,11,Can't Lose Them,1,-1,7.0,362.0,681.0,780.6257142857143,1.045103563725908,783.457942749029,818.7946879963787,Medium,-747.8500000000004
13616,568.0,2.0,288.1,1,2,2,122,5,Hibernating/Lost,0,3,1.0,123.0,692.0,105.85,0.2410398301910923,118.78738315938891,28.63249066558332,Low,-182.25000000000003
13617,40.0,8.0,1263.8,4,4,4,444,12,Champions,3,1,7.0,455.0,496.0,166.65,2.3928669775604625,168.57190253443144,403.37013891918184,Medium,-97.25
13618,174.0,1.0,177.34,3,1,1,311,5,Potential Loyalists,0,2,0.0,0.0,174.0,0.0,0.492110587433571,470.98914615257866,231.7787453879815,Low,-177.34
13619,545.0,2.0,231.69,1,2,1,121,4,Hibernating/Lost,0,3,1.0,130.0,675.0,128.95,0.2559222089435561,142.1292835282678,36.374040196119275,Low,-102.74000000000001
13620,528.0,1.0,112.34,1,1,1,111,3,Hibernating/Lost,0,2,0.0,0.0,529.0,0.0,0.20059981240328728,470.98914615257866,94.48033436219174,Low,-112.34
13621,117.0,1.0,213.85,3,1,1,311,5,Potential Loyalists,0,2,0.0,0.0,117.0,0.0,0.6426528665207559,470.98914615257866,302.68252487511796,Medium,-213.85
13622,696.0,1.0,651.45,1,1,3,113,5,Hibernating/Lost,0,2,0.0,0.0,697.0,0.0,0.1567315585192785,470.98914615257866,73.81886292215789,Low,-651.45
13623,31.0,10.0,2446.36,4,5,4,454,13,Champions,1,1,9.0,707.0,738.0,214.38333333333333,2.1274045481714015,215.93268158271545,459.3761688979159,Medium,-516.9100000000003
13624,388.0,1.0,427.18,2,1,2,212,5,Hibernating/Lost,0,2,0.0,0.0,389.0,0.0,0.2616658799210825,470.98914615257866,123.24178936129381,Low,-427.18
13625,597.0,1.0,301.26,1,1,2,112,4,Hibernating/Lost,0,2,0.0,0.0,597.0,0.0,0.1801840237365208,470.98914615257866,84.86471948999989,Low,-301.26
13626,253.0,2.0,689.49,2,2,3,223,7,Hibernating/Lost,0,3,1.0,127.0,380.0,257.23,0.5325948497990427,271.7526159663537,144.73404368309707,Low,-432.26
13627,59.0,7.0,2217.55,3,4,4,344,11,Loyal Customers,3,1,6.0,581.0,641.0,323.5833333333333,1.651143980585355,326.0976354372326,538.4341478353042,Medium,-276.0500000000002
13628,676.0,1.0,310.14,1,1,2,112,4,Hibernating/Lost,0,2,0.0,0.0,677.0,0.0,0.1609202250860837,470.98914615257866,75.79167941197532,Low,-310.14
13629,23.0,19.0,13370.86,4,5,5,455,14,Champions,1,-1,18.0,643.0,667.0,706.1588888888889,4.522743734423444,707.2164156296242,3198.5586126702888,High,-660.0
13630,5.0,7.0,1995.68,5,4,4,544,13,Champions,1,1,5.0,280.0,286.0,344.98799999999994,2.82081709638824,348.05066392435185,981.7872632070894,High,-270.74000000000046
13631,100.0,11.0,3021.77,3,5,5,355,13,Loyal Customers,1,1,6.0,168.0,268.0,498.40333333333336,3.1372608875622867,501.2201114630358,1572.4582517525919,High,-31.34999999999991
13632,25.0,8.0,3634.7000000000003,4,4,5,445,13,Champions,1,1,7.0,587.0,612.0,468.8514285714286,1.9951112139559855,471.22139735632106,940.1390941216055,High,-352.74000000000024
13634,33.0,16.0,4519.55,4,5,5,455,14,Champions,1,1,13.0,665.0,699.0,325.34076923076924,3.1643699549385205,326.50153833938606,1033.1716581623607,High,-290.1199999999999
13635,68.0,4.0,2948.22,3,3,5,335,11,Loyal Customers,3,1,3.0,671.0,739.0,872.2633333333333,0.7901568044747136,879.2026117032332,694.7079261492491,Medium,-331.42999999999984
13636,37.0,5.0,941.62,4,4,3,443,11,Champions,3,1,4.0,249.0,286.0,198.655,2.291038888067065,202.10520881343777,463.0308928725005,Medium,-147.0
13637,52.0,3.0,810.5,4,3,3,433,10,Loyal Customers,3,0,2.0,174.0,227.0,193.95,1.5281605322160763,200.84388183810557,306.9216933620622,Medium,-422.6
13638,16.0,1.0,122.64,5,1,1,511,7,New Customers,3,2,0.0,0.0,16.0,0.0,1.4143724889872349,470.98914615257866,666.1540909297952,Medium,-122.64
13639,74.0,2.0,1346.27,3,2,4,324,9,Potential Loyalists,3,3,1.0,362.0,437.0,1033.34,0.547493454349397,1055.9899447668124,578.1475826186111,Medium,-312.93000000000006
13640,611.0,1.0,405.0,1,1,2,112,4,Hibernating/Lost,0,2,0.0,0.0,612.0,0.0,0.17622815999322694,470.98914615257866,83.00155060324998,Low,-405.0
13641,641.0,5.0,921.82,1,4,3,143,8,Can't Lose Them,0,1,2.0,94.0,735.0,359.135,0.16735169359565175,366.8892754076167,61.39954160154616,Low,-203.55000000000007
13642,216.0,4.0,501.97,2,3,2,232,7,At Risk,0,1,1.0,217.0,433.0,354.8,0.5143736577280178,370.3443570482374,190.49538155383289,Low,-147.17000000000002
13643,31.0,10.0,2112.17,4,5,4,454,13,Champions,1,1,9.0,700.0,732.0,204.99666666666667,2.142922033136193,206.5351938617296,442.5888175443553,Medium,-267.20000000000005
13644,16.0,4.0,2597.52,5,3,4,534,12,Loyal Customers,3,1,3.0,89.0,106.0,591.0566666666667,3.6378039541677536,597.0211629857365,2171.845947431343,High,-824.3499999999999
13645,120.0,1.0,252.1,3,1,1,311,5,Potential Loyalists,0,2,0.0,0.0,121.0,0.0,0.6291295677810236,470.98914615257866,296.31319794852516,Medium,-252.1
13646,400.0,2.0,323.3,2,2,2,222,6,Hibernating/Lost,0,3,0.0,0.0,400.0,0.0,0.25555129631946877,470.98914615257866,120.36188685169121,Low,-323.3
13647,10.0,8.0,3063.78,5,4,5,545,14,Champions,1,1,6.0,594.0,604.0,459.3633333333334,1.7564096757076653,462.1125639052772,811.6589785093057,Medium,-307.5999999999999
13648,400.0,8.0,1679.01,2,4,4,244,10,Can't Lose Them,0,1,6.0,338.0,739.0,250.155,0.6677607590816618,252.54225536755325,168.63780814443223,Low,-178.07999999999993
13649,257.0,6.0,1678.88,2,4,4,244,10,Can't Lose Them,0,1,5.0,271.0,528.0,273.694,1.2506212586978998,276.6085880244419,345.9325805217763,Medium,-310.4100000000001
13650,17.0,10.0,3098.5,5,5,5,555,15,Champions,1,1,7.0,666.0,683.0,386.94571428571425,1.8096359731478653,389.1942435841529,704.2999037319559,Medium,-389.8800000000001
13651,35.0,3.0,208.95,4,3,1,431,8,Loyal Customers,3,0,2.0,346.0,382.0,47.1,1.0185505279262421,53.22898916817361,54.21641501822346,Low,-114.74999999999999
13652,46.0,5.0,2570.85,4,4,4,444,12,Champions,3,1,4.0,607.0,653.0,544.2225,1.1339906064456455,548.5703439960909,622.0736170662235,Medium,-393.96000000000004
13653,488.0,1.0,152.2,1,1,1,111,3,Hibernating/Lost,0,2,0.0,0.0,488.0,0.0,0.21531189999686415,470.98914615257866,101.40956793601245,Low,-152.2
13654,43.0,11.0,6308.0,4,5,5,455,14,Champions,1,1,9.0,694.0,738.0,683.1133333333333,2.1229278088771153,685.2030387692599,1454.636585730366,High,-159.97999999999956
13655,114.0,6.0,2259.3,3,4,4,344,11,Loyal Customers,3,1,5.0,477.0,592.0,351.486,1.4769001084774833,354.5621601119359,523.652892731329,Medium,-501.87000000000035
13656,165.0,4.0,1053.35,3,3,3,333,9,Loyal Customers,0,1,3.0,431.0,596.0,251.23333333333335,0.9284690704013903,256.01985727460294,237.7065188880472,Low,-299.64999999999986
13657,11.0,2.0,382.14,5,2,2,522,9,New Customers,3,3,1.0,191.0,202.0,229.8,1.0349412828437448,244.03537236815683,252.56228133795116,Low,-152.33999999999997
13658,10.0,9.0,5772.07,5,5,5,555,15,Champions,1,1,6.0,663.0,673.0,840.54,1.5935034560418804,843.9487478083139,1344.8352463547656,High,-728.8299999999999
13659,206.0,12.0,4716.63,2,5,5,255,12,Can't Lose Them,1,1,10.0,455.0,661.0,447.38500000000005,2.083127563406423,449.0209710624917,935.3679613677944,High,-242.77999999999975
13660,400.0,1.0,303.69,2,1,2,212,5,Hibernating/Lost,0,2,0.0,0.0,401.0,0.0,0.2550095875284621,470.98914615257866,120.10674789075163,Low,-303.69
13661,603.0,1.0,325.24,1,1,2,112,4,Hibernating/Lost,0,2,0.0,0.0,604.0,0.0,0.1783160628512712,470.98914615257866,83.98493018760976,Low,-325.24
13662,86.0,11.0,2183.13,3,5,4,354,12,Loyal Customers,1,1,6.0,573.0,659.0,324.94,1.6005842212653036,327.4566494276704,524.1219462223333,Medium,-233.49000000000024
13663,179.0,5.0,2013.6100000000001,3,4,4,344,11,Loyal Customers,0,1,4.0,467.0,647.0,375.515,1.09500823839426,379.4246147425371,415.4730789926463,Medium,-511.5500000000002
13665,386.0,3.0,1711.6599999999999,2,3,4,234,9,At Risk,0,0,2.0,118.0,505.0,539.425,0.4881452581643803,548.1183458840351,267.5613714561954,Low,-632.81
13666,60.0,5.0,127.89999999999999,3,4,1,341,8,Loyal Customers,3,1,3.0,675.0,736.0,36.13333333333333,0.7939183723399063,40.174229080154376,31.895058561326692,Low,-19.499999999999986
13667,149.0,1.0,305.02,3,1,2,312,6,Potential Loyalists,0,2,0.0,0.0,150.0,0.0,0.5459164866524274,470.98914615257866,257.1207399190424,Low,-305.02
13668,3.0,35.0,12749.14,5,5,5,555,15,Champions,1,-1,34.0,726.0,729.0,366.9011764705882,7.787628839274513,367.35745302074736,2860.843495466804,High,-274.5
13669,51.0,3.0,413.55,4,3,2,432,9,Loyal Customers,3,0,2.0,357.0,408.0,109.27499999999999,0.9598632788499781,115.72783800544305,111.08290204212368,Low,-195.00000000000003
13670,75.0,1.0,349.7,3,1,2,312,6,Potential Loyalists,0,2,0.0,0.0,76.0,0.0,0.8246330158471796,470.98914615257866,388.393200023089,Medium,-349.7
13671,395.0,1.0,194.95,2,1,1,211,4,Hibernating/Lost,0,2,0.0,0.0,395.0,0.0,0.2582947889087922,470.98914615257866,121.65404208381258,Low,-194.95
13672,301.0,3.0,162.07000000000002,2,3,1,231,6,At Risk,0,0,1.0,429.0,731.0,124.26,0.32960062748501084,137.3901704230712,45.28388638171685,Low,-37.81000000000002
13673,19.0,2.0,396.92,5,2,2,522,9,New Customers,3,3,1.0,14.0,33.0,183.32,2.70471053992657,197.06863950471566,533.0136263573941,Medium,-213.60000000000002
13674,433.0,1.0,215.88,1,1,1,111,3,Hibernating/Lost,0,2,0.0,0.0,433.0,0.0,0.23881205236516487,470.98914615257866,112.4778846344139,Low,-215.88
13675,151.0,2.0,486.82000000000005,3,2,2,322,7,Potential Loyalists,0,3,1.0,133.0,285.0,178.38000000000002,0.728546998556727,192.0769084301589,139.93705512884756,Low,-308.44000000000005
13676,539.0,2.0,153.15,1,2,1,121,4,Hibernating/Lost,0,3,1.0,80.0,620.0,115.60000000000001,0.23768108588221315,128.63948396443521,30.575172235994508,Low,-37.55
13677,405.0,2.0,556.1899999999999,2,2,2,222,6,Hibernating/Lost,0,3,1.0,116.0,521.0,282.23,0.35246917684198,297.0144129023698,104.68842562590225,Low,-273.9599999999999
13678,152.0,1.0,232.6,3,1,1,311,5,Potential Loyalists,0,2,0.0,0.0,152.0,0.0,0.5409852492338384,470.98914615257866,254.7981806177855,Low,-232.6
13679,494.0,3.0,281.26,1,3,2,132,6,At Risk,0,0,2.0,242.0,736.0,77.23,0.4134809257613517,83.51592628867105,34.53224251765652,Low,-126.79999999999998
13680,1.0,12.0,9915.56,5,5,5,555,15,Champions,1,-1,10.0,734.0,736.0,929.434,2.3635312052512303,931.5700537432415,2201.7948918997167,High,-621.2199999999993
13681,18.0,4.0,827.83,5,3,3,533,11,Loyal Customers,3,1,3.0,138.0,156.0,208.12333333333333,2.8343585735694092,212.76041965738918,603.0393195721465,Medium,-203.46000000000004
13682,187.0,1.0,59.5,3,1,1,311,5,Potential Loyalists,0,2,0.0,0.0,188.0,0.0,0.4653720952392876,470.98914615257866,219.18520577998856,Low,-59.5
13683,458.0,1.0,258.6,1,1,1,111,3,Hibernating/Lost,0,2,0.0,0.0,458.0,0.0,0.2275234998467401,470.98914615257866,107.16109892246249,Low,-258.6
13684,286.0,4.0,546.52,2,3,2,232,7,At Risk,0,1,3.0,336.0,622.0,135.48333333333335,0.8157168249916228,139.86861848563308,114.09318538706522,Low,-140.06999999999994
13685,3.0,7.0,3119.44,5,4,5,545,14,Champions,1,1,5.0,58.0,61.0,357.056,7.719749064912937,360.1437288661438,2780.219214148672,High,-1334.16
13686,183.0,3.0,409.04,3,3,2,332,8,Loyal Customers,0,0,2.0,219.0,402.0,91.80000000000001,0.9012286546191366,98.16181655902113,88.4662418724571,Low,-225.44
13687,438.0,1.0,11880.84,1,1,5,115,7,Hibernating/Lost,0,-1,0.0,0.0,439.0,0.0,0.23600170276351695,470.98914615257866,111.15424047514351,Low,-11880.84
13688,635.0,1.0,375.5,1,1,2,112,4,Hibernating/Lost,0,2,0.0,0.0,636.0,0.0,0.17024809136482208,470.98914615257866,80.18500318602375,Low,-375.5
13689,63.0,2.0,1259.5,3,2,4,324,9,Potential Loyalists,3,3,1.0,381.0,445.0,910.0,0.5408221816434583,931.3583434032834,503.6992511712009,Medium,-349.5
13690,59.0,1.0,172.25,3,1,1,311,5,Potential Loyalists,3,2,0.0,0.0,60.0,0.0,0.9273887010786552,470.98914615257866,436.7900124725848,Medium,-172.25
13691,396.0,1.0,212.78,2,1,1,211,4,Hibernating/Lost,0,2,0.0,0.0,397.0,0.0,0.25719034219649733,470.98914615257866,121.1338596698178,Low,-212.78
13692,25.0,5.0,3016.4500000000003,4,4,5,445,13,Champions,3,1,3.0,396.0,421.0,658.1233333333333,1.3068236027756508,664.3203112775744,868.1494625808016,High,-1042.0800000000004
13693,374.0,9.0,1948.32,2,5,4,254,11,Can't Lose Them,0,1,8.0,358.0,733.0,229.78375,0.5943783720763139,231.5469938606131,137.62652527003547,Low,-110.04999999999995
13694,4.0,143.0,190825.52,5,5,5,555,15,Champions,2,-1,80.0,732.0,736.0,2409.724,17.983508233210802,2410.1825490207943,43343.53771385645,High,1952.4000000000233
13695,31.0,16.0,2770.73,4,5,4,454,13,Champions,1,1,14.0,546.0,578.0,178.86642857142857,4.027772391733065,179.83571776013517,724.3373390417721,Medium,-266.5999999999999
13696,422.0,3.0,2008.7,1,3,4,134,8,At Risk,0,0,2.0,245.0,667.0,857.2,0.4870337072120375,867.5485298689696,422.5253766884373,Medium,-294.29999999999995
13697,39.0,1.0,151.29999999999998,4,1,1,411,6,New Customers,3,2,0.0,0.0,39.0,0.0,1.1092667469559951,470.98914615257866,522.4525980042526,Medium,-151.29999999999998
13698,597.0,2.0,465.53000000000003,1,2,2,122,5,Hibernating/Lost,0,3,1.0,85.0,682.0,281.23,0.20938308174927117,296.0039410249292,61.978217381729195,Low,-184.3
13699,155.0,2.0,711.4,3,2,3,323,8,Potential Loyalists,0,3,1.0,395.0,551.0,308.58000000000004,0.43907822499332533,323.6403468729308,142.10342904119057,Low,-402.81999999999994
13700,26.0,13.0,2586.21,4,5,4,454,13,Champions,1,1,9.0,644.0,671.0,281.3233333333333,2.3202754380186024,282.9498507634107,656.521588917371,Medium,-54.30000000000018
13701,447.0,1.0,159.55,1,1,1,111,3,Hibernating/Lost,0,2,0.0,0.0,447.0,0.0,0.23235600834428594,470.98914615257866,109.43715797349667,Low,-159.55
13702,446.0,1.0,135.18,1,1,1,111,3,Hibernating/Lost,0,2,0.0,0.0,446.0,0.0,0.23280554011040677,470.98914615257866,109.64888255619039,Low,-135.18
13703,318.0,2.0,99.5,2,2,1,221,5,Hibernating/Lost,0,3,0.0,0.0,319.0,0.0,0.3086819103403993,470.98914615257866,145.38582938397153,Low,-99.5
13704,5.0,9.0,2295.31,5,5,4,554,14,Champions,1,1,8.0,83.0,89.0,277.4375,9.73702350861177,279.26255551574417,2719.1860681318008,High,-75.80999999999995
13705,8.0,7.0,2035.33,5,4,4,544,13,Champions,3,1,6.0,617.0,625.0,297.47999999999996,1.7038432407065665,299.94913774898055,511.0663109093633,Medium,-250.45000000000027
13706,303.0,2.0,631.17,2,2,3,223,7,Hibernating/Lost,0,3,1.0,324.0,627.0,330.79,0.37070133076864453,346.0829272708875,128.29340169562602,Low,-300.37999999999994
13707,267.0,5.0,3365.86,2,4,5,245,11,Can't Lose Them,0,1,3.0,269.0,537.0,881.7866666666665,0.9030272629605997,888.7589569651506,802.5735683399573,Medium,-720.5000000000005
13708,271.0,1.0,296.88,2,1,2,212,5,Hibernating/Lost,0,2,0.0,0.0,272.0,0.0,0.35106039379992177,470.98914615257866,165.34563512381317,Low,-296.88
13709,4.0,18.0,7512.81,5,5,5,555,15,Champions,1,4,11.0,694.0,698.0,662.2736363636363,2.7141680307575404,663.963384989033,1802.1081931307942,High,-227.80000000000018
13710,32.0,3.0,509.52,4,3,2,432,9,Loyal Customers,3,0,2.0,581.0,613.0,140.76,0.6766089013490968,147.37683286899642,99.71647697180113,Low,-228.0
13711,219.0,9.0,1632.6100000000001,2,5,4,254,11,Can't Lose Them,0,1,7.0,506.0,725.0,237.96571428571428,1.5410555638013441,239.993354787203,369.84309467016914,Medium,33.149999999999864
13712,247.0,2.0,766.42,2,2,3,223,7,Hibernating/Lost,0,3,1.0,364.0,611.0,228.84,0.3893290190379261,243.06531936581382,94.63238235083251,Low,-537.5799999999999
13713,408.0,3.0,743.26,2,3,3,233,8,At Risk,0,0,2.0,175.0,584.0,246.39,0.4940992447076161,253.5570243073683,125.28233420058133,Low,-250.48000000000002
13714,465.0,1.0,161.35,1,1,1,111,3,Hibernating/Lost,0,2,0.0,0.0,466.0,0.0,0.2241334800431882,470.98914615257866,105.56443638974724,Low,-161.35
13715,281.0,17.0,8438.34,2,5,5,255,12,Can't Lose Them,1,-1,15.0,357.0,639.0,509.01733333333334,0.2446535336889773,510.1502143061532,124.81005264218945,Low,-803.0799999999999
13716,269.0,1.0,138.28,2,1,1,211,4,Hibernating/Lost,0,2,0.0,0.0,270.0,0.0,0.35312404449020524,470.98914615257866,166.31759220038697,Low,-138.28
13717,32.0,8.0,1748.05,4,4,4,444,12,Champions,3,1,7.0,453.0,486.0,226.19,2.4405203760506615,228.20018095415486,556.927191437063,Medium,-164.72000000000003
13718,246.0,2.0,306.55,2,2,2,222,6,Hibernating/Lost,0,3,1.0,49.0,296.0,192.5,0.574810120092106,206.3447713396208,118.60906279410557,Low,-114.05000000000001
13719,15.0,11.0,2815.25,5,5,4,554,14,Champions,1,1,10.0,556.0,572.0,241.362,2.9611749820342492,242.78424064476204,718.9266194294521,Medium,-401.6300000000001
13720,117.0,4.0,799.9,3,3,3,333,9,Loyal Customers,3,1,3.0,138.0,255.0,177.9,1.8057524211645648,182.4323193809431,329.4276024208052,Medium,-266.19999999999993
13721,36.0,2.0,741.54,4,2,3,423,9,New Customers,3,3,1.0,359.0,396.0,524.14,0.6011403031395033,541.4576647740362,325.4920247394717,Medium,-217.39999999999998
13722,132.0,10.0,5629.16,3,5,5,355,13,Loyal Customers,1,1,5.0,515.0,647.0,994.174,1.3594621354365326,998.5850074197232,1357.5385066017227,High,-658.29
13723,217.0,6.0,1209.2,2,4,3,243,9,Can't Lose Them,0,1,4.0,394.0,612.0,222.2425,1.1095930711018203,225.7539789556555,250.4950508228615,Low,-320.23
13724,637.0,1.0,213.01,1,1,1,111,3,Hibernating/Lost,0,2,0.0,0.0,638.0,0.0,0.16976803504368818,470.98914615257866,79.95890186922774,Low,-213.01
13725,50.0,8.0,1809.81,4,4,4,444,12,Champions,3,1,7.0,259.0,309.0,147.55857142857144,3.5306867815871925,149.45216759510654,527.6687926075964,Medium,-776.8999999999999
13726,39.0,2.0,1079.6599999999999,4,2,3,423,9,New Customers,3,3,1.0,62.0,101.0,786.98,1.6043606510206831,807.0500930405352,1294.799412676816,High,-292.67999999999984
13727,29.0,8.0,1067.3,4,4,3,443,11,Champions,3,1,5.0,702.0,731.0,187.34,1.2508326101415577,190.07523287168237,237.75229965615085,Low,-130.5999999999999
13728,37.0,16.0,2855.17,4,5,4,454,13,Champions,1,1,15.0,694.0,731.0,181.34466666666668,3.483140119423457,182.25100527470815,634.805788277592,Medium,-135.0
13729,436.0,3.0,676.4300000000001,1,3,3,133,7,At Risk,0,0,2.0,249.0,685.0,183.425,0.47173305656333986,190.26406062359396,89.75384687212058,Low,-309.58000000000004
13730,136.0,2.0,752.6,3,2,3,323,8,Potential Loyalists,0,3,1.0,26.0,162.0,445.84999999999997,1.0061724289632021,462.34782148920806,465.20163057364147,Medium,-306.75000000000006
13731,219.0,2.0,610.59,2,2,3,223,7,Hibernating/Lost,0,3,1.0,27.0,247.0,302.47,0.6399477822459798,317.4663637017685,203.16189538864236,Low,-308.12
13732,28.0,1.0,491.86,4,1,2,412,7,New Customers,3,2,0.0,0.0,29.0,0.0,1.2238805039598608,470.98914615257866,576.4344335528425,Medium,-491.86
13733,411.0,2.0,484.53000000000003,1,2,2,122,5,Hibernating/Lost,0,3,1.0,325.0,736.0,337.93,0.30896457394530424,353.2976964758137,109.1564722675072,Low,-146.60000000000002
13734,509.0,4.0,3451.2900000000004,1,3,5,135,9,At Risk,0,1,1.0,10.0,519.0,419.89,0.17374052599185402,436.11597155084894,75.77101829069294,Low,-3031.4000000000005
13735,25.0,13.0,9472.81,4,5,5,455,14,Champions,1,1,11.0,702.0,727.0,847.2590909090909,2.6086170720938444,849.1232829443258,2215.03749220094,High,-152.95999999999913
13736,5.0,7.0,2715.01,5,4,4,544,13,Champions,1,1,5.0,728.0,734.0,409.084,1.2495397584771122,412.27978975374333,515.159988913887,Medium,-669.5900000000001
13737,200.0,1.0,339.59999999999997,2,1,2,212,5,Hibernating/Lost,0,2,0.0,0.0,201.0,0.0,0.4430286743672905,470.98914615257866,208.66169706135895,Low,-339.59999999999997
13738,396.0,1.0,440.93,2,1,2,212,5,Hibernating/Lost,0,2,0.0,0.0,397.0,0.0,0.25719034219649733,470.98914615257866,121.1338596698178,Low,-440.93
13739,18.0,2.0,292.2,5,2,2,522,9,New Customers,3,3,1.0,509.0,528.0,216.9,0.4710608410781993,231.00028514917253,108.81518861167308,Low,-75.29999999999998
13740,241.0,5.0,1597.77,2,4,4,244,10,Can't Lose Them,0,1,4.0,497.0,738.0,321.52,0.949609891307569,325.28935904231247,308.89799288367914,Medium,-311.69000000000005
13741,72.0,3.0,666.33,3,3,3,333,9,Loyal Customers,3,0,2.0,146.0,218.0,252.735,1.5518924296418903,259.93507329606916,403.39127244657965,Medium,-160.86
13742,17.0,12.0,3102.42,5,5,5,555,15,Champions,1,1,10.0,304.0,321.0,266.184,4.853251408291893,267.6319912475049,1298.8853384259169,High,-440.5799999999999
13743,3.0,7.0,1340.1499999999999,5,4,4,544,13,Champions,3,1,6.0,257.0,260.0,199.98000000000002,3.591522057681283,202.28044187599238,726.4946688351433,Medium,-140.26999999999975
13744,95.0,2.0,1156.36,3,2,3,323,8,Potential Loyalists,0,3,1.0,197.0,293.0,263.2,0.7486551039894397,277.7851330746743,207.96525768874065,Low,-893.1599999999999
13745,162.0,2.0,761.27,3,2,3,323,8,Potential Loyalists,0,3,1.0,384.0,547.0,300.04,0.4407162890306917,315.0109170395877,138.8304423618422,Low,-461.22999999999996
13746,414.0,1.0,176.69,1,1,1,111,3,Hibernating/Lost,0,2,0.0,0.0,414.0,0.0,0.24817106132100666,470.98914615257866,116.88587627136016,Low,-176.69
13747,374.0,2.0,249.39999999999998,2,2,1,221,5,Hibernating/Lost,0,3,1.0,51.0,425.0,159.2,0.3586667512631141,172.6960578208473,61.94033401455021,Low,-90.19999999999999
13748,96.0,9.0,2268.35,3,5,4,354,12,Loyal Customers,1,1,7.0,643.0,739.0,299.32142857142856,1.6594270209258946,301.44003960530137,500.21774691000894,Medium,-173.0999999999999
13750,54.0,11.0,3563.6,4,5,5,455,14,Champions,1,1,10.0,564.0,618.0,328.908,2.741205831520344,330.4210617819679,905.7521414138744,High,-274.52
13751,288.0,1.0,296.25,2,1,2,212,5,Hibernating/Lost,0,2,0.0,0.0,289.0,0.0,0.3344492703279168,470.98914615257866,157.5219762630985,Low,-296.25
13752,124.0,7.0,1590.73,3,4,4,344,11,Loyal Customers,3,1,6.0,403.0,528.0,197.71333333333337,1.8947131901384253,200.00985339074003,378.9613073770878,Medium,-404.4499999999998
13753,288.0,4.0,2094.57,2,3,4,234,9,At Risk,0,1,3.0,449.0,737.0,484.1233333333333,0.730260744542868,489.71715318443603,357.62121289988,Medium,-642.2000000000003
13754,152.0,3.0,447.05,3,3,2,332,8,Loyal Customers,0,0,2.0,286.0,438.0,141.3,0.8677437476177171,147.91964554888585,128.35634757487458,Low,-164.45
13755,4.0,9.0,2154.68,5,5,4,554,14,Champions,1,1,7.0,60.0,64.0,237.9557142857143,10.242057820079014,239.9833399604614,2457.923243730724,High,-488.9899999999998
13756,2.0,23.0,9147.2,5,5,5,555,15,Champions,1,4,20.0,722.0,725.0,451.2625,4.658958142739576,452.0820716946693,2106.231449108456,High,-121.95000000000073
13757,675.0,1.0,195.55,1,1,1,111,3,Hibernating/Lost,0,2,0.0,0.0,675.0,0.0,0.16135144760907524,470.98914615257866,75.99478053988088,Low,-195.55
13758,12.0,15.0,9263.14,5,5,5,555,15,Champions,1,1,13.0,727.0,739.0,639.8492307692309,3.018720973393311,641.2609200928027,1935.7877889016356,High,-945.0999999999985
13759,33.0,2.0,659.4100000000001,4,2,3,423,9,New Customers,3,3,1.0,38.0,72.0,99.0,1.9307797281175103,111.8656507989205,215.98793083522807,Low,-560.4100000000001
13760,54.0,5.0,1358.6399999999999,4,4,4,444,12,Champions,3,1,4.0,539.0,594.0,266.33,1.2317295839591187,269.9559992479724,332.5127906409732,Medium,-293.31999999999994
13761,50.0,6.0,1952.17,4,4,4,444,12,Champions,3,1,4.0,606.0,657.0,410.0675,1.1268582340499078,414.0668672211371,466.5946587753882,Medium,-311.9000000000001
13762,219.0,5.0,2165.76,2,4,4,244,10,Can't Lose Them,0,1,3.0,105.0,699.0,572.8000000000001,0.12441376936136268,578.7012109383013,71.99839898681911,Low,-447.3600000000001
13763,63.0,3.0,5181.99,3,3,5,335,11,Loyal Customers,3,-1,2.0,372.0,436.0,1010.48,0.9042740529824725,1021.6269142642517,923.8307103977119,High,-3161.0299999999997
13764,71.0,6.0,2953.26,3,4,5,345,12,Loyal Customers,3,1,4.0,572.0,643.0,500.005,1.144394235956209,504.2379860198953,577.0470447513356,Medium,-953.2400000000002
13765,653.0,1.0,352.821,1,1,2,112,4,Hibernating/Lost,0,2,0.0,0.0,654.0,0.0,0.1660229701408657,470.98914615257866,78.1950169483614,Low,-352.821
13766,495.0,1.0,190.35,1,1,1,111,3,Hibernating/Lost,0,2,0.0,0.0,496.0,0.0,0.2122739880300109,470.98914615257866,99.97874437265754,Low,-190.35
13767,2.0,73.0,35115.68,5,5,5,555,15,Champions,2,-1,58.0,736.0,739.0,591.7746551724138,13.027765472052454,592.0822811306517,7713.509098727959,High,-792.75
13768,727.0,2.0,758.07,1,2,3,123,6,Hibernating/Lost,0,3,1.0,4.0,731.0,356.55,0.07913566292352035,372.1126828337585,29.447383838299153,Low,-401.52000000000004
13769,2.0,20.0,5766.63,5,5,5,555,15,Champions,1,-1,17.0,721.0,724.0,328.59823529411767,3.985113521153905,329.487702652289,1313.0458988935743,High,-180.46000000000004
13770,422.0,4.0,785.37,1,3,3,133,7,At Risk,0,1,3.0,308.0,731.0,203.67999999999998,0.5974763132129568,208.30168383865058,124.45532209596789,Low,-174.33000000000004
13771,64.0,9.0,5726.07,3,5,5,355,13,Loyal Customers,1,1,6.0,588.0,653.0,809.8766666666667,1.6223026616085021,813.2323603438483,1319.3090226919896,High,-866.8099999999995
13772,34.0,8.0,3094.72,4,4,5,445,13,Champions,1,1,6.0,621.0,655.0,425.27,1.627510168524224,427.9602418065105,696.5096452641816,Medium,-543.0999999999999
13773,397.0,2.0,301.54,2,2,2,222,6,Hibernating/Lost,0,3,1.0,263.0,660.0,210.14000000000001,0.3336571734812083,224.16949525767376,74.79576016838456,Low,-91.4
13774,82.0,1.0,345.0,3,1,2,312,6,Potential Loyalists,0,2,0.0,0.0,82.0,0.0,0.7917739303878477,470.98914615257866,372.9169274192436,Medium,-345.0
13775,591.0,1.0,1049.66,1,1,3,113,5,Hibernating/Lost,0,2,0.0,0.0,591.0,0.0,0.18181659285528617,470.98914615257866,85.63364182528227,Low,-1049.66
13776,428.0,2.0,-340.17,1,2,1,121,4,Hibernating/Lost,0,3,,,,,,,0.0,Low,
13777,1.0,61.0,56016.57,5,5,5,555,15,Champions,2,-1,45.0,737.0,738.0,1118.408888888889,10.151958464687075,1118.9267151283773,11359.297537012033,High,-5688.169999999998
13778,103.0,4.0,1116.54,3,3,3,333,9,Loyal Customers,3,1,3.0,462.0,566.0,257.26,0.9925554442822033,262.0674149342273,260.1164394619305,Low,-344.76
13779,516.0,1.0,161.13,1,1,1,111,3,Hibernating/Lost,0,2,0.0,0.0,516.0,0.0,0.20504187707919774,470.98914615257866,96.57249861105333,Low,-161.13
13780,7.0,3.0,735.82,5,3,3,533,11,Loyal Customers,3,0,2.0,400.0,408.0,180.00500000000002,0.9695953694702077,186.82624698429422,181.14586397146903,Low,-375.81
13781,251.0,3.0,770.88,2,3,3,233,8,At Risk,0,0,2.0,471.0,722.0,232.195,0.5536887389035503,239.28808728694145,132.49111928454928,Low,-306.49
13782,13.0,13.0,1785.77,5,5,4,554,14,Champions,1,1,12.0,721.0,734.0,138.44333333333333,2.8135991976765253,139.53937027844037,392.6078602597074,Medium,-124.45000000000005
13783,488.0,4.0,1542.09,1,3,4,134,8,At Risk,0,1,3.0,186.0,674.0,351.06999999999994,0.3959756335784716,356.20260034064853,141.04755035218741,Low,-488.8800000000001
13784,10.0,14.0,2897.18,5,5,5,555,15,Champions,1,1,13.0,441.0,451.0,193.92615384615385,4.685927411590158,194.98207813317427,913.6718646930552,High,-376.1399999999999
13785,429.0,4.0,542.49,1,3,2,132,6,At Risk,0,1,2.0,32.0,461.0,231.13,0.21724845776790716,238.2175400571595,51.75239319068255,Low,-80.23000000000002
13786,367.0,6.0,2736.41,2,4,4,244,10,Can't Lose Them,0,1,5.0,369.0,737.0,527.17,0.8589676108898382,530.6110514969023,455.77770721603906,Medium,-100.55999999999995
13787,76.0,6.0,1173.7,3,4,3,343,10,Loyal Customers,3,1,5.0,619.0,695.0,211.632,1.2989438548846508,214.4176867634631,278.5165365999823,Low,-115.53999999999996
13788,505.0,1.0,3.75,1,1,1,111,3,Hibernating/Lost,0,2,0.0,0.0,506.0,0.0,0.20859519480703037,470.98914615257866,98.24607269369405,Low,-3.75
13789,388.0,1.0,239.45999999999998,2,1,1,211,4,Hibernating/Lost,0,2,0.0,0.0,389.0,0.0,0.2616658799210825,470.98914615257866,123.24178936129381,Low,-239.45999999999998
13790,4.0,1.0,348.8,5,1,2,512,8,New Customers,3,2,0.0,0.0,5.0,0.0,1.6297824722868715,470.98914615257866,767.6098550368323,Medium,-348.8
13791,128.0,2.0,1047.68,3,2,3,323,8,Potential Loyalists,0,3,1.0,41.0,169.0,579.0,1.0188971057649594,596.89215197043,608.1716860964893,Medium,-468.68000000000006
13792,66.0,3.0,383.95,3,3,2,332,8,Loyal Customers,3,0,2.0,356.0,423.0,97.775,0.9268300628028528,104.16793834113106,96.5459768347542,Low,-188.39999999999998
13793,647.0,1.0,96.0,1,1,1,111,3,Hibernating/Lost,0,2,0.0,0.0,647.0,0.0,0.16764089043935285,470.98914615257866,78.95703984828879,Low,-96.0
13794,547.0,1.0,126.03,1,1,1,111,3,Hibernating/Lost,0,2,0.0,0.0,547.0,0.0,0.19475806030282042,470.98914615257866,91.72893252835782,Low,-126.03
13795,388.0,4.0,836.3,2,3,3,233,8,At Risk,0,1,3.0,249.0,638.0,204.6,0.6417379423995421,209.22487295040742,134.26753946600007,Low,-222.5
13796,499.0,1.0,289.7,1,1,2,112,4,Hibernating/Lost,0,2,0.0,0.0,500.0,0.0,0.2107869908778219,470.98914615257866,99.27838485361673,Low,-289.7
13797,437.0,3.0,1168.45,1,3,3,133,7,At Risk,0,0,2.0,211.0,648.0,412.48,0.46778634704217853,420.5121317200275,196.7098339842311,Low,-343.49
13798,1.0,110.0,73573.47,5,5,5,555,15,Champions,2,-1,98.0,730.0,732.0,768.9068367346938,22.115417414752372,769.1076212427156,17009.136080649925,High,1779.3999999999942
13799,117.0,9.0,2039.82,3,5,4,354,12,Loyal Customers,1,1,8.0,528.0,645.0,303.15875,2.089848952586108,305.01716853616836,637.4398101860919,Medium,385.45000000000005
13800,310.0,3.0,1679.56,2,3,4,234,9,At Risk,0,0,2.0,427.0,737.0,600.4300000000001,0.5286802975548339,609.4411005815442,322.1995023975963,Medium,-478.6999999999998
13801,67.0,1.0,324.8,3,1,2,312,6,Potential Loyalists,3,2,0.0,0.0,67.0,0.0,0.8794209617072207,470.98914615257866,414.19772786316344,Medium,-324.8
13802,139.0,19.0,25491.56,3,5,5,355,13,Loyal Customers,2,-1,17.0,523.0,662.0,1520.8441176470587,3.659552916809235,1522.460832208862,5571.5259792377565,High,362.78999999999724
13803,255.0,3.0,1319.1100000000001,2,3,4,234,9,At Risk,0,0,2.0,363.0,619.0,452.68999999999994,0.6227145816245887,460.93157219846097,287.02881113912855,Medium,-413.73000000000025
13804,31.0,9.0,3208.52,4,5,5,455,14,Champions,1,1,7.0,406.0,437.0,380.82714285714286,2.6758346325557736,383.0666003078039,1025.0228756790218,High,-542.73
13805,52.0,2.0,924.6,4,2,3,423,9,New Customers,3,3,1.0,77.0,130.0,424.36,1.3598319958710465,440.6327808430087,599.1865538199579,Medium,-500.24
13806,64.0,1.0,256.38,3,1,1,311,5,Potential Loyalists,3,2,0.0,0.0,64.0,0.0,0.8993521048130465,470.98914615257866,423.5850799364212,Medium,-256.38
13807,367.0,3.0,509.9,2,3,2,232,7,At Risk,0,0,2.0,368.0,736.0,213.425,0.5066673314094523,220.42032061745135,111.67977563565995,Low,-83.04999999999995
13808,6.0,5.0,1747.66,5,4,4,544,13,Champions,3,1,4.0,91.0,97.0,293.55,4.945852121087543,297.2467050570309,1470.1382466925995,High,-573.46
13809,305.0,3.0,679.7,2,3,3,233,8,At Risk,0,0,2.0,155.0,461.0,276.325,0.6697966830290476,283.6479457379057,189.9864532032525,Low,-127.05000000000007
13810,29.0,3.0,899.51,4,3,3,433,10,Loyal Customers,3,0,1.0,28.0,57.0,246.01,2.166865389675374,260.4151215014697,564.284513729642,Medium,-653.5
13811,184.0,3.0,591.75,3,3,2,332,8,Loyal Customers,0,0,1.0,56.0,240.0,333.0,0.7499757045614747,348.3160701200313,261.2285900983545,Low,-258.75
13812,42.0,3.0,539.0,4,3,2,432,9,Loyal Customers,3,0,2.0,63.0,106.0,130.13,2.5477869598500256,136.69146474450628,348.2607313988526,Medium,-278.74
13813,40.0,8.0,2686.42,4,4,4,444,12,Champions,1,1,7.0,694.0,734.0,354.6171428571429,1.6898097948780502,356.817739417966,602.9541110547226,Medium,-204.0999999999999
13814,92.0,3.0,2239.07,3,3,4,334,10,Loyal Customers,3,0,2.0,435.0,528.0,789.56,0.7618177116710125,799.5562156694857,609.1160865736622,Medium,-659.9500000000003
13815,22.0,8.0,7285.79,4,4,5,445,13,Champions,1,1,7.0,643.0,666.0,962.4114285714286,1.8498109438573465,965.5131860166956,1786.0168579322574,High,-548.9099999999999
13816,24.0,2.0,555.04,4,2,2,422,8,New Customers,3,3,1.0,41.0,65.0,199.98000000000002,2.0560917709844615,213.90310098287682,439.80440571895133,Medium,-355.05999999999995
13817,29.0,2.0,382.98,4,2,2,422,8,New Customers,3,3,1.0,322.0,352.0,254.28,0.6644636370105679,268.7717239279038,178.5890372067352,Low,-128.70000000000002
13818,430.0,1.0,61.28,1,1,1,111,3,Hibernating/Lost,0,2,0.0,0.0,430.0,0.0,0.24024251325531712,470.98914615257866,113.15161618767137,Low,-61.28
13819,302.0,6.0,2631.1,2,4,4,244,10,Can't Lose Them,0,1,5.0,437.0,739.0,404.05,1.0426339064066652,407.2353342584682,424.5973673847307,Medium,-610.8499999999999
13820,418.0,3.0,640.4,1,3,3,133,7,At Risk,0,0,2.0,262.0,681.0,212.76500000000001,0.4888300185249317,219.7568828975865,107.42376113780846,Low,-214.86999999999995
13821,145.0,6.0,1387.03,3,4,4,344,11,Loyal Customers,3,1,5.0,560.0,705.0,220.30599999999998,1.2566045334179503,223.109702449998,280.36066354819746,Low,-285.5
13822,6.0,2.0,632.0,5,2,3,523,10,New Customers,3,3,1.0,35.0,41.0,163.62,2.5538890222447317,177.16234351913496,452.4529642686689,Medium,-468.38
13823,19.0,7.0,3358.55,5,4,5,545,14,Champions,1,1,6.0,706.0,725.0,501.98333333333335,1.4878478178076004,504.80630562944907,751.0749602462924,Medium,-346.6500000000001
13824,33.0,12.0,3273.36,4,5,5,455,14,Champions,1,1,11.0,605.0,638.0,292.52727272727276,2.9307246797274455,293.8683462819375,861.2472150391653,High,-55.559999999999945
13825,622.0,2.0,255.59,1,2,1,121,4,Hibernating/Lost,0,3,1.0,109.0,731.0,112.23,0.20989408920804964,125.23419373746023,26.28591703222865,Low,-143.36
13826,176.0,1.0,174.65,3,1,1,311,5,Potential Loyalists,0,2,0.0,0.0,177.0,0.0,0.4861243712998185,470.98914615257866,228.95930256246064,Low,-174.65
13827,58.0,3.0,412.05,4,3,2,432,9,Loyal Customers,3,0,2.0,86.0,144.0,149.655,2.0782269072502615,156.31816395717513,324.86461442775936,Medium,-112.74000000000001
13828,22.0,1.0,209.49,4,1,1,411,6,New Customers,3,2,0.0,0.0,23.0,0.0,1.304922566593975,470.98914615257866,614.6043654353277,Medium,-209.49
13829,421.0,1.0,0.0,1,1,1,111,3,Hibernating/Lost,0,2,,,,,,,0.0,Low,
13830,582.0,1.0,135.95000000000002,1,1,1,111,3,Hibernating/Lost,0,2,0.0,0.0,582.0,0.0,0.18432173320092607,470.98914615257866,86.81353573766758,Low,-135.95000000000002
13831,16.0,18.0,7009.18,5,5,5,555,15,Champions,1,1,16.0,713.0,730.0,380.27625,3.7240120881038026,381.25483913955463,1419.7976296037723,High,-924.7600000000002
13832,19.0,2.0,602.4399999999999,5,2,3,523,10,New Customers,3,3,1.0,403.0,423.0,52.199999999999996,0.5707777880263417,64.57556693469832,36.85829925553408,Low,-550.2399999999999
13833,159.0,2.0,701.36,3,2,3,323,8,Potential Loyalists,0,3,1.0,245.0,405.0,384.8,0.5620957266193238,400.65851337145676,225.20843819974706,Low,-316.56
13834,577.0,2.0,247.89,1,2,1,121,4,Hibernating/Lost,0,3,1.0,93.0,670.0,121.74,0.22430018564472426,134.84378129192075,30.24548517681442,Low,-126.14999999999999
13835,25.0,7.0,1044.82,4,4,3,443,11,Champions,3,1,6.0,620.0,646.0,161.8033333333333,1.6499057363747651,164.03772140305784,270.64677752475075,Low,-74.0
13836,399.0,2.0,602.52,2,2,3,223,7,Hibernating/Lost,0,3,1.0,15.0,415.0,299.5,0.2752040035436172,314.4652622257697,86.54209913992524,Low,-303.02
13837,212.0,2.0,271.24,2,2,1,221,5,Hibernating/Lost,0,3,1.0,106.0,318.0,157.54000000000002,0.6246133471420471,171.01867450429586,106.8205467059245,Low,-113.69999999999999
13838,6.0,10.0,1966.09,5,5,4,554,14,Champions,1,1,5.0,574.0,580.0,345.13,1.545306751364632,348.19295885489004,538.064930096089,Medium,-240.43999999999983
13839,486.0,1.0,139.95000000000002,1,1,1,111,3,Hibernating/Lost,0,2,0.0,0.0,487.0,0.0,0.21569777119030908,470.98914615257866,101.59130907993796,Low,-139.95000000000002
13840,416.0,1.0,651.4,1,1,3,113,5,Hibernating/Lost,0,2,0.0,0.0,417.0,0.0,0.2466447823374633,470.98914615257866,116.16701543611045,Low,-651.4
13841,253.0,1.0,85.0,2,1,1,211,4,Hibernating/Lost,0,2,0.0,0.0,253.0,0.0,0.3716990577251108,470.98914615257866,175.06622182366797,Low,-85.0
13842,59.0,18.0,5604.96,3,5,5,355,13,Loyal Customers,1,1,15.0,603.0,662.0,351.0513333333333,3.7807249878731546,352.0750016838169,1331.0987564714894,High,-339.1900000000005
13843,381.0,1.0,319.75,2,1,2,212,5,Hibernating/Lost,0,2,0.0,0.0,382.0,0.0,0.2657119441891347,470.98914615257866,125.14744171618219,Low,-319.75
13844,11.0,1.0,361.62,5,1,2,512,8,New Customers,3,2,0.0,0.0,12.0,0.0,1.485694288265705,470.98914615257866,699.7458842740274,Medium,-361.62
13845,65.0,1.0,312.98,3,1,2,312,6,Potential Loyalists,3,2,0.0,0.0,65.0,0.0,0.8926079489280784,470.98914615257866,420.4086557146402,Medium,-312.98
13846,25.0,4.0,1290.34,4,3,4,434,11,Loyal Customers,3,1,3.0,375.0,400.0,288.3533333333333,1.364894999882057,293.268531001139,400.28075158621067,Medium,-425.28
13847,720.0,1.0,310.72,1,1,2,112,4,Hibernating/Lost,0,2,0.0,0.0,720.0,0.0,0.15217650495208554,470.98914615257866,71.67348213186642,Low,-310.72
13848,92.0,8.0,3335.0,3,4,5,345,12,Loyal Customers,1,1,7.0,638.0,731.0,407.85714285714283,1.6769960408661275,410.1366769904563,687.797583526985,Medium,-480.0
13849,52.0,5.0,3443.8,4,4,5,445,13,Champions,3,1,4.0,573.0,625.0,739.9124999999999,1.1780357585894532,744.7686621362325,877.3641158733088,High,-484.15000000000055
13850,129.0,1.0,1586.81,3,1,4,314,8,Potential Loyalists,0,2,0.0,0.0,130.0,0.0,0.6006990184031485,470.98914615257866,282.9227177723911,Medium,-1586.81
13851,96.0,8.0,4516.76,3,4,5,345,12,Loyal Customers,1,1,6.0,584.0,680.0,734.5266666666666,1.55238308348864,737.7519887127748,1145.2737070878138,High,-109.60000000000036
13852,611.0,1.0,170.45000000000002,1,1,1,111,3,Hibernating/Lost,0,2,0.0,0.0,611.0,0.0,0.17648646770346707,470.98914615257866,83.1232107311406,Low,-170.45000000000002
13853,57.0,1.0,1056.94,4,1,3,413,8,New Customers,3,2,0.0,0.0,58.0,0.0,0.9420787360010973,470.98914615257866,443.70885947765737,Medium,-1056.94
13854,9.0,39.0,12158.21,5,5,5,555,15,Champions,1,6,37.0,692.0,701.0,325.0078378378379,8.763208374276868,325.4153714075664,2851.682707837203,High,-132.91999999999825
13855,501.0,4.0,1253.94,1,3,4,134,8,At Risk,0,1,3.0,231.0,732.0,332.2966666666667,0.4350019609643621,337.3641906398717,146.75408448749909,Low,-257.04999999999995
13856,169.0,11.0,1058.88,3,5,3,353,11,Loyal Customers,1,1,10.0,451.0,620.0,103.44500000000001,2.414714321972663,104.72416410465723,252.87893892013128,Low,-24.430000000000064
13857,393.0,6.0,997.11,2,4,3,243,9,Can't Lose Them,0,1,4.0,178.0,572.0,196.565,0.49857226033407764,200.00977989569594,99.71932805151849,Low,-210.85000000000002
13858,57.0,1.0,216.17,4,1,1,411,6,New Customers,3,2,0.0,0.0,58.0,0.0,0.9420787360010973,470.98914615257866,443.70885947765737,Medium,-216.17
13859,326.0,2.0,515.86,2,2,2,222,6,Hibernating/Lost,0,3,1.0,203.0,530.0,201.16,0.40526811135577845,215.09545779825677,87.17132994310607,Low,-314.70000000000005
13860,1.0,5.0,1240.0,5,4,4,544,13,Champions,3,7,3.0,85.0,87.0,280.00666666666666,4.12235663483653,284.89293123360613,1174.4302652888834,High,-399.98
13861,429.0,2.0,251.31,1,2,1,121,4,Hibernating/Lost,0,3,1.0,101.0,531.0,144.82999999999998,0.3276259335651996,158.17557694202523,51.82242106284507,Low,-106.48000000000002
13862,18.0,9.0,2534.04,5,5,4,554,14,Champions,1,1,8.0,371.0,390.0,276.17,3.3465382399408172,277.99341144213236,930.315581842697,High,-324.67999999999984
13863,248.0,4.0,1217.63,2,3,4,234,9,At Risk,0,1,3.0,346.0,594.0,311.6766666666667,0.8775199186516135,316.672712939409,277.8866132977759,Low,-282.60000000000014
13864,387.0,1.0,662.4000000000001,2,1,3,213,6,Hibernating/Lost,0,2,0.0,0.0,387.0,0.0,0.2628092490546711,470.98914615257866,123.78030381325995,Low,-662.4000000000001
13865,58.0,4.0,501.56,4,3,2,432,9,Loyal Customers,3,1,3.0,231.0,290.0,126.08666666666666,1.7534649021241426,130.43937897098635,228.72087288049454,Low,-123.30000000000001
13866,74.0,1.0,145.67000000000002,3,1,1,311,5,Potential Loyalists,0,2,0.0,0.0,75.0,0.0,0.8303785825312143,470.98914615257866,391.0992995697652,Medium,-145.67000000000002
13867,31.0,3.0,1015.29,4,3,3,433,10,Loyal Customers,3,0,2.0,187.0,219.0,438.22,1.5874720717927684,446.3862027947572,708.6256301703,Medium,-138.8499999999999
13868,7.0,2.0,3192.54,5,2,5,525,12,New Customers,3,-1,1.0,31.0,39.0,2685.0,2.5956174946360813,2724.945925860428,7072.9173171006405,High,-507.53999999999996
13869,123.0,10.0,8111.57,3,5,5,355,13,Loyal Customers,1,-1,9.0,568.0,692.0,761.4655555555556,2.1821335776732407,763.6455863095961,1666.3766753281384,High,-1258.3799999999992
13870,2.0,15.0,5689.84,5,5,5,555,15,Champions,1,1,11.0,667.0,670.0,463.68545454545455,2.8171387187462433,465.1879322328466,1310.4989353866558,High,-589.3000000000002
13871,23.0,17.0,7804.95,4,5,5,455,14,Champions,1,1,15.0,697.0,720.0,488.79,3.5405696015502706,489.90889644376807,1734.5565462778447,High,-473.09999999999945
13872,527.0,3.0,891.32,1,3,3,133,7,At Risk,0,0,2.0,198.0,726.0,333.725,0.3667087696913647,341.34692319281953,125.1749102419716,Low,-223.87
13873,120.0,8.0,1031.02,3,4,3,343,10,Loyal Customers,3,1,7.0,527.0,647.0,127.05285714285715,1.8447990391881262,128.91605001660685,237.82420520656473,Low,-141.64999999999998
13874,358.0,7.0,1989.2,2,4,4,244,10,Can't Lose Them,0,1,6.0,315.0,674.0,316.4666666666667,0.7943655868241053,318.9686554136829,253.37772313618603,Low,-90.39999999999986
13875,54.0,14.0,4814.37,4,5,5,455,14,Champions,1,1,12.0,669.0,723.0,387.4816666666666,2.8313611041782663,388.7929622056854,1100.8132707674283,High,-164.59000000000015
13876,64.0,1.0,122.7,3,1,1,311,5,Potential Loyalists,3,2,0.0,0.0,64.0,0.0,0.8993521048130465,470.98914615257866,423.5850799364212,Medium,-122.7
13877,86.0,3.0,446.33,3,3,2,332,8,Loyal Customers,3,0,2.0,603.0,690.0,147.425,0.6031937964528659,154.07654863096508,92.93801831306644,Low,-151.47999999999996
13878,55.0,4.0,2473.06,4,3,4,434,11,Loyal Customers,3,1,3.0,550.0,605.0,615.2933333333334,0.9472498567340003,621.3418442595911,588.5659729577371,Medium,-627.1799999999998
13879,646.0,1.0,395.5,1,1,2,112,4,Hibernating/Lost,0,2,0.0,0.0,646.0,0.0,0.16787460173377663,470.98914615257866,79.06711533129565,Low,-395.5
13880,21.0,17.0,4391.66,4,5,5,455,14,Champions,1,1,13.0,541.0,563.0,320.46846153846155,3.849448472191962,321.62534343689805,1238.0801869113823,High,-225.5699999999997
13881,4.0,43.0,44392.5,5,5,5,555,15,Champions,2,-1,30.0,642.0,646.0,1394.6666666666667,7.6843075833740855,1395.5389603768087,10723.750616117499,High,-2552.5
13882,3.0,5.0,1131.28,5,4,3,543,12,Champions,3,1,4.0,62.0,65.0,249.5925,6.144297727183227,253.17502244859267,1555.5827150104506,High,-132.90999999999997
13883,11.0,15.0,6342.74,5,5,5,555,15,Champions,1,1,11.0,721.0,732.0,594.1245454545455,2.5971528436619766,595.7500287039169,1547.2538811600818,High,192.6300000000001
13884,7.0,10.0,1852.38,5,5,4,554,14,Champions,1,1,7.0,463.0,471.0,233.44,2.520734218324018,235.46093034184375,593.5344241910935,Medium,-218.30000000000018
13885,189.0,2.0,506.8,2,2,2,222,6,Hibernating/Lost,0,3,1.0,11.0,201.0,107.65,0.7351449578839002,120.60623253878208,88.66306374025883,Low,-399.15
13886,71.0,1.0,243.56,3,1,1,311,5,Potential Loyalists,3,2,0.0,0.0,72.0,0.0,0.8481097616671857,470.98914615257866,399.45049249129477,Medium,-243.56
13887,204.0,1.0,349.55,2,1,2,212,5,Hibernating/Lost,0,2,0.0,0.0,205.0,0.0,0.43658057219543284,470.98914615257866,205.62471092513113,Low,-349.55
13888,120.0,7.0,2169.05,3,4,4,344,11,Loyal Customers,3,1,4.0,456.0,576.0,470.2825,1.241628552572358,474.4382797961723,589.0761146282408,Medium,-287.9200000000001
13889,93.0,6.0,1855.73,3,4,4,344,11,Loyal Customers,3,1,5.0,594.0,687.0,334.37,1.3072166104672172,337.4106105972101,441.0687547205591,Medium,-183.8800000000001
13890,1.0,14.0,2858.73,5,5,4,554,14,Champions,1,5,12.0,732.0,734.0,226.14416666666668,2.8170235030304323,227.31600864072465,640.3545389559902,Medium,-145.0
13891,378.0,3.0,863.5600000000001,2,3,3,233,8,At Risk,0,0,2.0,204.0,583.0,232.58,0.5420410110821778,239.6750926235293,129.91372953687244,Low,-398.40000000000003
13892,27.0,6.0,1267.6499999999999,4,4,4,444,12,Champions,3,1,5.0,549.0,576.0,148.482,1.5499868998058548,151.13652575300893,234.25963499933403,Low,-525.2399999999999
13893,298.0,1.0,821.1,2,1,3,213,6,Hibernating/Lost,0,2,0.0,0.0,298.0,0.0,0.3262773901172908,470.98914615257866,153.6731093802346,Low,-821.1
13894,24.0,3.0,535.97,4,3,2,432,9,Loyal Customers,3,0,1.0,287.0,311.0,403.77,0.7366738181672372,419.8271648865057,309.27568052726843,Medium,-132.20000000000005
13895,28.0,6.0,3923.62,4,4,5,445,13,Champions,1,1,5.0,708.0,737.0,635.504,1.2415696965320133,639.1700585738072,793.5741756558309,Medium,-746.0999999999999
13896,626.0,1.0,388.55,1,1,2,112,4,Hibernating/Lost,0,2,0.0,0.0,626.0,0.0,0.17268971543298167,470.98914615257866,81.33498162111182,Low,-388.55
13897,50.0,3.0,1160.72,4,3,3,433,10,Loyal Customers,3,0,2.0,627.0,678.0,339.025,0.6164079437420708,346.67452912506764,213.69293364573355,Low,-482.6700000000001
13898,326.0,2.0,686.4,2,2,3,223,7,Hibernating/Lost,0,3,1.0,86.0,412.0,155.93,0.43734138809155243,169.3918147816164,74.08205140793926,Low,-530.47
13899,16.0,2.0,388.52,5,2,2,522,9,New Customers,3,3,1.0,258.0,275.0,90.02,0.8148616773295032,102.79161333950351,83.76094646123357,Low,-298.5
13900,183.0,6.0,1608.09,3,4,4,344,11,Loyal Customers,0,1,5.0,441.0,625.0,270.01800000000003,1.353716813836676,272.9249530620598,369.4630978756959,Medium,-257.9999999999998
13901,72.0,15.0,5599.34,3,5,5,355,13,Loyal Customers,1,1,11.0,631.0,704.0,490.65727272727275,2.655236766328455,492.1851851492213,1306.8681994503902,High,-202.10999999999967
13902,632.0,5.0,30411.26,1,4,5,145,10,Can't Lose Them,2,-1,4.0,92.0,725.0,8416.4,0.02972021374750362,8441.196362702538,250.8741601841695,Low,3254.34
13903,400.0,1.0,165.45000000000002,2,1,1,211,4,Hibernating/Lost,0,2,0.0,0.0,401.0,0.0,0.2550095875284621,470.98914615257866,120.10674789075163,Low,-165.45000000000002
13904,37.0,2.0,332.64,4,2,2,422,8,New Customers,3,3,1.0,257.0,295.0,131.52,0.7650802084988907,144.72619625329028,110.7271484047187,Low,-201.11999999999998
13905,733.0,1.0,244.45,1,1,1,111,3,Hibernating/Lost,0,2,0.0,0.0,733.0,0.0,0.14971720869785526,470.98914615257866,70.51518028895028,Low,-244.45
13906,409.0,1.0,42.0,2,1,1,211,4,Hibernating/Lost,0,2,0.0,0.0,410.0,0.0,0.25023577369087,470.98914615257866,117.85833338749278,Low,-42.0
13907,692.0,1.0,136.8,1,1,1,111,3,Hibernating/Lost,0,2,0.0,0.0,692.0,0.0,0.15775813369784783,470.98914615257866,74.3023686889737,Low,-136.8
13908,80.0,4.0,2347.05,3,3,4,334,10,Loyal Customers,3,1,3.0,197.0,277.0,624.5166666666668,1.7906804541969545,630.5971495937619,1129.1979902498624,High,-473.5
13909,423.0,2.0,286.6,1,2,2,122,5,Hibernating/Lost,0,3,1.0,98.0,522.0,174.14,0.33200876600361945,187.79250766981053,62.348758736179036,Low,-112.46000000000004
13911,57.0,20.0,4200.04,4,5,5,455,14,Champions,1,1,18.0,591.0,649.0,227.43055555555554,4.579523791224064,228.21229957047717,1045.1036553329534,High,-106.28999999999996
13912,424.0,1.0,124.95,1,1,1,111,3,Hibernating/Lost,0,2,0.0,0.0,424.0,0.0,0.2431555443037791,470.98914615257866,114.52362219390243,Low,-124.95
13913,507.0,1.0,42.22,1,1,1,111,3,Hibernating/Lost,0,2,0.0,0.0,507.0,0.0,0.20823432431699918,470.98914615257866,98.07610660972259,Low,-42.22
13914,12.0,2.0,613.95,5,2,3,523,10,New Customers,3,3,1.0,25.0,37.0,305.38,2.6315473615069958,320.40683686512074,843.1657661612109,High,-308.57000000000005
13915,394.0,1.0,31.200000000000003,2,1,1,211,4,Hibernating/Lost,0,2,0.0,0.0,395.0,0.0,0.2582947889087922,470.98914615257866,121.65404208381258,Low,-31.200000000000003
13916,464.0,4.0,1260.51,1,3,4,134,8,At Risk,0,1,3.0,212.0,676.0,303.77,0.4727891880303688,308.738638399238,145.96829016237737,Low,-349.20000000000005
13917,50.0,2.0,272.04,4,2,2,422,8,New Customers,3,3,1.0,142.0,192.0,206.66,1.052430247695903,220.6530531241803,232.22194735433834,Low,-65.38000000000002
13918,50.0,2.0,1212.8400000000001,4,2,4,424,10,New Customers,3,3,1.0,204.0,254.0,1014.64,0.855851083846214,1037.0941206586724,887.598127216261,High,-198.20000000000016
13919,59.0,4.0,1326.03,3,3,4,334,10,Loyal Customers,3,1,3.0,481.0,541.0,247.80333333333337,1.0441583066704068,252.5779674340313,263.7313827781713,Low,-582.6199999999999
13920,432.0,4.0,1734.88,1,3,4,134,8,At Risk,0,1,3.0,131.0,563.0,417.01,0.3865272762951769,422.37117645939304,163.25798042243875,Low,-483.85000000000014
13921,402.0,4.0,720.75,2,3,3,233,8,At Risk,0,1,3.0,319.0,722.0,209.3166666666667,0.6281121004335668,213.9578895922042,134.38953943609255,Low,-92.79999999999995
13922,352.0,3.0,824.7,2,3,3,233,8,At Risk,0,0,2.0,116.0,468.0,221.0,0.5537273566217783,228.03477626590035,126.26909387955563,Low,-382.70000000000005
13923,54.0,1.0,351.13,4,1,2,412,7,New Customers,3,2,0.0,0.0,54.0,0.0,0.9729137947226096,470.98914615257866,458.2318374564671,Medium,-351.13
13924,2.0,6.0,1682.08,5,4,4,544,13,Champions,3,1,4.0,71.0,73.0,284.0675,5.799893446051024,287.73957361564965,1668.8588671829225,High,-545.81
13925,93.0,4.0,616.65,3,3,3,333,9,Loyal Customers,3,1,2.0,42.0,135.0,149.065,1.984771500349519,155.72509084396262,309.07872219643684,Medium,-318.52
13926,23.0,1.0,223.85000000000002,4,1,1,411,6,New Customers,3,2,0.0,0.0,24.0,0.0,1.2906697127470192,470.98914615257866,607.8914259717126,Medium,-223.85000000000002
13927,75.0,2.0,689.96,3,2,3,323,8,Potential Loyalists,3,3,1.0,363.0,438.0,348.99,0.5464400846970734,364.47351544030727,199.16293864704159,Low,-340.97
13928,11.0,4.0,464.57,5,3,2,532,10,Loyal Customers,3,1,3.0,123.0,134.0,120.12333333333333,3.1516347058643386,124.45537418499738,392.23787661277044,Medium,-104.19999999999999
13929,169.0,11.0,3318.1,3,5,5,355,13,Loyal Customers,1,1,8.0,525.0,695.0,397.275,1.883349181813619,399.2554966766553,751.9375130005689,Medium,-139.9000000000001
13930,58.0,2.0,337.34,4,2,2,422,8,New Customers,3,3,1.0,79.0,137.0,127.33999999999999,1.3090740246879384,140.50242380558836,183.92807340959197,Low,-210.0
13931,96.0,11.0,5250.78,3,5,5,355,13,Loyal Customers,1,1,7.0,641.0,737.0,577.3828571428572,1.663422465246345,579.9137426728726,964.6415474671442,High,-1209.099999999999
13932,295.0,1.0,307.4,2,1,2,212,5,Hibernating/Lost,0,2,0.0,0.0,295.0,0.0,0.32895651156419287,470.98914615257866,154.93494650295005,Low,-307.4
13933,109.0,2.0,608.7900000000001,3,2,3,323,8,Potential Loyalists,0,3,1.0,39.0,149.0,307.8,1.1361929965462458,322.85217880852707,366.82238448194477,Medium,-300.99000000000007
13934,264.0,1.0,922.1,2,1,3,213,6,Hibernating/Lost,0,2,0.0,0.0,264.0,0.0,0.3594635718080661,470.98914615257866,169.30344075883718,Low,-922.1
13935,597.0,3.0,6116.92,1,3,5,135,9,At Risk,0,-1,2.0,56.0,653.0,1898.4450000000002,0.1327223674580523,1914.2170277791047,254.05941575535903,Low,-2320.0299999999997
13936,180.0,3.0,924.36,3,3,3,333,9,Loyal Customers,0,0,2.0,235.0,415.0,265.74,0.8841734905969655,273.00781200340634,241.38627009929192,Low,-392.88
13937,169.0,2.0,867.38,3,2,3,323,8,Potential Loyalists,0,3,1.0,233.0,403.0,158.85,0.5607277153447208,172.34239266374308,96.63715609538342,Low,-708.53
13938,35.0,1.0,71.66,4,1,1,411,6,New Customers,3,2,0.0,0.0,36.0,0.0,1.141308103438488,470.98914615257866,537.5437291355124,Medium,-71.66
13939,23.0,7.0,1533.66,4,4,4,444,12,Champions,3,1,6.0,589.0,613.0,232.59666666666666,1.7298328865794876,234.95354235863135,406.4303643903072,Medium,-138.08000000000015
13940,17.0,4.0,839.14,5,3,3,533,11,Loyal Customers,3,1,3.0,127.0,145.0,206.84,2.97864813153206,211.47263774425014,629.9025772870668,Medium,-218.62
13941,22.0,15.0,10846.15,4,5,5,455,14,Champions,1,1,13.0,702.0,724.0,795.476923076923,3.071513371114416,797.0127748278451,2448.0353948327293,High,-504.9500000000007
13942,535.0,1.0,320.0,1,1,2,112,4,Hibernating/Lost,0,2,0.0,0.0,535.0,0.0,0.19861396823004804,470.98914615257866,93.5450233106457,Low,-320.0
13943,578.0,1.0,246.54,1,1,1,111,3,Hibernating/Lost,0,2,0.0,0.0,578.0,0.0,0.18545744534294178,470.98914615257866,87.34844382971067,Low,-246.54
13944,653.0,1.0,200.43,1,1,1,111,3,Hibernating/Lost,0,2,0.0,0.0,654.0,0.0,0.1660229701408657,470.98914615257866,78.1950169483614,Low,-200.43
13945,395.0,2.0,854.15,2,2,3,223,7,Hibernating/Lost,0,3,1.0,85.0,480.0,338.5,0.3554266344987843,353.8736654459549,125.77612594720449,Low,-515.65
13946,79.0,6.0,1745.43,3,4,4,344,11,Loyal Customers,3,1,5.0,656.0,736.0,319.206,1.232908211308855,322.21511533889617,397.26166150915486,Medium,-149.39999999999986
13947,65.0,1.0,90.6,3,1,1,311,5,Potential Loyalists,3,2,0.0,0.0,66.0,0.0,0.8859649921801986,470.98914615257866,417.2798951880278,Medium,-90.6
13948,361.0,4.0,536.86,2,3,2,232,7,At Risk,0,1,3.0,375.0,736.0,131.03666666666666,0.6760051903659716,135.4065377788084,91.5355223479605,Low,-143.75
13949,3.0,6.0,2427.32,5,4,4,544,13,Champions,3,1,5.0,92.0,95.0,377.884,6.111625691040775,381.0149881143741,2328.6209900314043,High,-537.9000000000001
13950,11.0,4.0,728.56,5,3,3,533,11,Loyal Customers,3,1,3.0,235.0,247.0,188.58333333333334,2.0278782300689695,193.15268569681493,391.69012640392503,Medium,-162.80999999999995
13951,176.0,3.0,674.45,3,3,3,333,9,Loyal Customers,0,0,2.0,118.0,295.0,230.945,1.0889676453698862,238.03157645386406,259.2086853346464,Low,-212.56000000000006
13952,218.0,14.0,12790.891,2,5,5,255,12,Can't Lose Them,1,-1,10.0,506.0,724.0,1159.6731,1.9604266426701025,1162.0480061967087,2278.1098714097,High,-1194.1599999999999
13953,7.0,12.0,6640.68,5,5,5,555,15,Champions,1,1,11.0,721.0,729.0,558.2436363636364,2.607783337678235,559.8352835033239,1459.929124164339,High,-500.0
13954,2.0,2.0,378.59,5,2,2,522,9,New Customers,3,3,1.0,69.0,71.0,212.51,2.011205714009973,226.56431360720808,455.66744211756435,Medium,-166.07999999999998
13955,154.0,3.0,545.17,3,3,2,332,8,Loyal Customers,0,0,2.0,221.0,376.0,161.48,0.9712178353962062,168.20475643808726,163.3634594511452,Low,-222.20999999999998
13956,5.0,5.0,1026.42,5,4,3,543,12,Champions,3,1,4.0,266.0,272.0,226.675,2.4098935991067165,230.19799267713427,554.7526690798406,Medium,-119.72000000000003
13957,418.0,3.0,458.25,1,3,2,132,6,At Risk,0,0,2.0,241.0,659.0,177.70499999999998,0.49170305230107425,184.5142670514318,90.72622830228455,Low,-102.84000000000003
13958,380.0,8.0,4402.33,2,4,5,245,11,Can't Lose Them,0,-1,4.0,355.0,735.0,974.4200000000001,0.7654404419710209,979.8853113837632,750.0438458264991,Medium,-504.64999999999964
13959,79.0,6.0,1076.18,3,4,3,343,10,Loyal Customers,3,1,5.0,432.0,512.0,206.586,1.6950951276276556,209.3612063444805,354.8871607887771,Medium,-43.25
13960,21.0,2.0,230.22,4,2,1,421,7,New Customers,3,3,1.0,50.0,72.0,102.12,1.9608423232948184,115.01832305653532,225.5327958036507,Low,-128.1
13961,392.0,1.0,498.7,2,1,2,212,5,Hibernating/Lost,0,2,0.0,0.0,393.0,0.0,0.259408777495595,470.98914615257866,122.17871861713455,Low,-498.7
13962,22.0,3.0,362.8,4,3,2,432,9,Loyal Customers,3,0,2.0,414.0,436.0,84.775,0.9135221267020949,91.10022567712619,83.2220719036091,Low,-193.25
13963,308.0,17.0,2899.62,2,5,5,255,12,Can't Lose Them,1,-1,16.0,289.0,598.0,169.15875,0.0269612437551342,170.0005076800876,4.583425126059406,Low,-193.07999999999993
13964,387.0,2.0,421.9,2,2,2,222,6,Hibernating/Lost,0,3,1.0,43.0,431.0,133.25,0.33377784810322286,146.4743126012626,48.88988086244821,Low,-288.65
13965,477.0,3.0,777.6600000000001,1,3,3,133,7,At Risk,0,0,2.0,227.0,704.0,204.14999999999998,0.4272310653114153,211.09701023601707,90.18720056718831,Low,-369.3600000000001
13966,435.0,1.0,390.86,1,1,2,112,4,Hibernating/Lost,0,2,0.0,0.0,436.0,0.0,0.23739854890552198,470.98914615257866,111.81213984687298,Low,-390.86
13967,146.0,2.0,166.3,3,2,1,321,6,Potential Loyalists,0,3,1.0,251.0,397.0,80.7,0.5754531287928272,93.37401544175671,53.73236933390866,Low,-85.60000000000001
13968,423.0,1.0,123.66,1,1,1,111,3,Hibernating/Lost,0,2,0.0,0.0,424.0,0.0,0.2431555443037791,470.98914615257866,114.52362219390243,Low,-123.66
13969,7.0,35.0,13212.77,5,5,5,555,15,Champions,1,6,32.0,617.0,625.0,406.40375,8.428990997108237,406.9013503155817,3429.7678185212226,High,-207.85000000000036
13970,386.0,2.0,846.55,2,2,3,223,7,Hibernating/Lost,0,3,1.0,51.0,438.0,558.0,0.34321953861073584,575.6722425441764,197.58196147701983,Low,-288.54999999999995
13971,19.0,14.0,4593.83,5,5,5,555,15,Champions,1,1,13.0,664.0,683.0,338.4884615384616,3.239681097324577,339.659720100252,1100.389174731343,High,-193.47999999999956
13972,71.0,2.0,190.25,3,2,1,321,6,Potential Loyalists,3,3,1.0,131.0,202.0,44.349999999999994,0.9999634306919094,56.64336269678926,56.64129128820751,Low,-145.9
13973,287.0,1.0,264.7,2,1,1,211,4,Hibernating/Lost,0,2,0.0,0.0,288.0,0.0,0.33538265607301987,470.98914615257866,157.96159081821557,Low,-264.7
13974,49.0,2.0,663.52,4,2,3,423,9,New Customers,3,3,1.0,533.0,583.0,413.59000000000003,0.42923975128046316,429.7499987229729,184.46578256462826,Low,-249.92999999999995
13975,31.0,12.0,5327.29,4,5,5,455,14,Champions,1,1,10.0,644.0,676.0,480.51800000000003,2.542934507745534,482.1883435836696,1226.1733781315734,High,-522.1099999999997
13976,207.0,4.0,1192.36,2,3,3,233,8,At Risk,0,1,3.0,462.0,669.0,305.65000000000003,0.8276271900035954,310.6251552797846,257.0818244086386,Low,-275.40999999999985
13977,411.0,1.0,519.8100000000001,1,1,2,112,4,Hibernating/Lost,0,2,0.0,0.0,412.0,0.0,0.24919913437712668,470.98914615257866,117.3700875222446,Low,-519.8100000000001
13978,15.0,2.0,196.79000000000002,5,2,1,521,8,New Customers,3,3,1.0,31.0,46.0,37.800000000000004,2.4173211346429433,50.02477189955305,120.92593836848201,Low,-158.99
13979,73.0,7.0,3326.83,3,4,5,345,12,Loyal Customers,1,1,5.0,663.0,737.0,642.49,1.2328475662131222,646.1705683254942,796.6298125186355,Medium,-114.38000000000011
13980,60.0,5.0,753.12,3,4,3,343,10,Loyal Customers,3,1,4.0,596.0,657.0,145.755,1.1248555800313005,149.06779745049897,167.67974376516943,Low,-170.10000000000002
13981,416.0,1.0,327.39,1,1,2,112,4,Hibernating/Lost,0,2,0.0,0.0,416.0,0.0,0.24715144864408414,470.98914615257866,116.40564976725008,Low,-327.39
13982,39.0,9.0,4418.79,4,5,5,455,14,Champions,1,1,8.0,649.0,689.0,451.2675,2.024975921987737,453.3180303212198,917.9580964033769,High,-808.6500000000001
13983,30.0,21.0,6993.41,4,5,5,455,14,Champions,1,1,17.0,701.0,731.0,407.0311764705882,3.9348310069053647,407.9684864239721,1605.2870502212957,High,-73.88000000000011
13984,27.0,12.0,1616.1200000000001,4,5,4,454,13,Champions,1,1,9.0,706.0,733.0,150.73555555555558,2.1418326179810467,152.2115299348423,326.0116196472438,Medium,-259.5
13985,4.0,22.0,9982.31,5,5,5,555,15,Champions,1,-1,21.0,664.0,669.0,466.5004761904762,5.254102562523864,467.28852494030764,2455.181836326867,High,-185.79999999999927
13986,17.0,1.0,320.46,5,1,2,512,8,New Customers,3,2,0.0,0.0,18.0,0.0,1.3812487825271869,470.98914615257866,650.5531847067685,Medium,-320.46
13987,380.0,2.0,682.54,2,2,3,223,7,Hibernating/Lost,0,3,1.0,21.0,401.0,305.08,0.31059663451780073,320.10369530188854,99.42313045747812,Low,-377.46
13988,20.0,8.0,4708.64,4,4,5,445,13,Champions,1,1,7.0,606.0,626.0,635.3714285714285,1.9566274225957572,637.9882922581071,1248.3053879272488,High,-261.0400000000009
13989,66.0,5.0,2026.06,3,4,4,344,11,Loyal Customers,3,1,4.0,498.0,564.0,416.095,1.2860748687045942,420.11002406405044,540.2929440396575,Medium,-361.67999999999984
13990,213.0,1.0,311.3,2,1,2,212,5,Hibernating/Lost,0,2,0.0,0.0,214.0,0.0,0.4227390100581703,470.98914615257866,199.105485392684,Low,-311.3
13991,12.0,6.0,850.63,5,4,3,543,12,Champions,3,1,4.0,131.0,144.0,182.405,3.840789687222267,185.81299832860307,713.668647732347,Medium,-121.00999999999999
13992,30.0,3.0,219.5,4,3,1,431,8,Loyal Customers,3,0,2.0,433.0,464.0,71.8,0.8642823486772745,78.05764322978285,67.46384322284948,Low,-75.9
13993,43.0,19.0,6690.36,4,5,5,455,14,Champions,1,1,17.0,694.0,737.0,365.8211764705882,3.8941451450996114,366.73334911152233,1428.1128909887557,High,-471.39999999999964
13994,4.0,6.0,2313.14,5,4,4,544,13,Champions,3,1,5.0,145.0,149.0,404.914,4.5933045018703424,408.10112876540455,1874.532751976501,High,-288.56999999999994
13995,15.0,14.0,3836.26,5,5,5,555,15,Champions,1,1,13.0,706.0,722.0,289.10076923076923,3.0818432500386796,290.232625449267,894.4514576818278,High,-77.95000000000027
13996,386.0,2.0,895.76,2,2,3,223,7,Hibernating/Lost,0,3,1.0,13.0,400.0,403.38,0.2856058275100088,419.4330808543039,119.79253214246589,Low,-492.38
13997,519.0,3.0,382.31,1,3,2,132,6,At Risk,0,0,1.0,31.0,551.0,238.76,0.20202850067197423,253.08920039002498,51.13123169106558,Low,-143.55
13998,447.0,3.0,566.7,1,3,2,132,6,At Risk,0,0,2.0,130.0,577.0,151.32500000000002,0.406971441013745,157.99686243016654,64.3002107788553,Low,-264.05
13999,10.0,29.0,9438.01,5,5,5,555,15,Champions,1,10,28.0,724.0,735.0,326.8467857142858,6.38248769912368,327.38604160114795,2089.5373833841204,High,-286.2999999999993
14000,211.0,5.0,1877.5900000000001,2,4,4,244,10,Can't Lose Them,0,1,4.0,526.0,738.0,463.58500000000004,0.9671241265343015,467.72338258249965,452.3465678397689,Medium,-23.25
14001,46.0,9.0,4517.34,4,5,5,455,14,Champions,1,1,7.0,448.0,494.0,575.6457142857142,2.397853680690509,578.1740241988961,1386.3767120049663,High,-487.8200000000006
14002,134.0,2.0,529.73,3,2,2,322,7,Potential Loyalists,0,3,1.0,22.0,157.0,304.94,1.0195057288305893,319.96222923904685,326.20332571861456,Medium,-224.79000000000002
14003,733.0,1.0,209.41,1,1,1,111,3,Hibernating/Lost,0,2,0.0,0.0,733.0,0.0,0.14971720869785526,470.98914615257866,70.51518028895028,Low,-209.41
14004,43.0,11.0,6258.45,4,5,5,455,14,Champions,1,1,8.0,392.0,436.0,677.1625,3.0209651964996636,679.5060386119804,2052.7640934581495,High,-841.1499999999996
14005,10.0,5.0,2874.72,5,4,4,544,13,Champions,3,1,4.0,206.0,216.0,671.89,2.8782201567902055,676.5694690467145,1947.3158832791007,High,-187.15999999999985
14006,116.0,7.0,2196.67,3,4,4,344,11,Loyal Customers,3,1,6.0,537.0,653.0,311.00166666666667,1.5966393339261709,313.4941997937251,500.53717034837115,Medium,-330.6600000000001
14007,513.0,1.0,79.48,1,1,1,111,3,Hibernating/Lost,0,2,0.0,0.0,513.0,0.0,0.20609508177030963,470.98914615257866,97.06854658924401,Low,-79.48
14008,432.0,1.0,493.74,1,1,2,112,4,Hibernating/Lost,0,2,0.0,0.0,433.0,0.0,0.23881205236516487,470.98914615257866,112.4778846344139,Low,-493.74
14009,198.0,3.0,1090.23,2,3,3,233,8,At Risk,0,0,2.0,264.0,463.0,347.805,0.8038786775140696,355.5002612166033,285.77907984270934,Medium,-394.62
14010,565.0,2.0,288.09999999999997,1,2,2,122,5,Hibernating/Lost,0,3,0.0,0.0,566.0,0.0,0.18895021967055314,470.98914615257866,88.993502627976,Low,-288.09999999999997
14011,480.0,2.0,451.91999999999996,1,2,2,122,5,Hibernating/Lost,0,3,1.0,127.0,608.0,165.48000000000002,0.2945284428839829,179.04182121117458,52.73290881243971,Low,-286.43999999999994
14012,278.0,1.0,328.8,2,1,2,212,5,Hibernating/Lost,0,2,0.0,0.0,278.0,0.0,0.3450120167350719,470.98914615257866,162.4969151744307,Low,-328.8
14013,110.0,5.0,1006.22,3,4,3,343,10,Loyal Customers,3,1,4.0,513.0,624.0,227.5925,1.1629396385338462,231.11787594604723,268.77613911140645,Low,-95.85000000000002
14014,77.0,3.0,1948.21,3,3,4,334,10,Loyal Customers,3,0,2.0,499.0,577.0,835.775,0.7078753825960964,846.0119341900231,598.8710215956262,Medium,-276.6600000000001
14015,53.0,1.0,917.34,4,1,3,413,8,New Customers,3,2,0.0,0.0,53.0,0.0,0.9809434483406048,470.98914615257866,462.0137171579076,Medium,-917.34
14016,162.0,11.0,11379.71,3,5,5,355,13,Loyal Customers,1,-1,10.0,539.0,701.0,1021.2949999999998,2.277242657568577,1023.5263513066351,2330.8178683409906,High,-1166.7600000000002
14017,571.0,1.0,229.75,1,1,1,111,3,Hibernating/Lost,0,2,0.0,0.0,572.0,0.0,0.18718752529902458,470.98914615257866,88.1632927110018,Low,-229.75
14018,645.0,1.0,367.15000000000003,1,1,2,112,4,Hibernating/Lost,0,2,0.0,0.0,646.0,0.0,0.16787460173377663,470.98914615257866,79.06711533129565,Low,-367.15000000000003
14019,47.0,3.0,1398.96,4,3,4,434,11,Loyal Customers,3,0,2.0,92.0,139.0,518.66,2.1534346588297115,527.2451879249534,1135.3880613787792,High,-361.6400000000001
14020,17.0,4.0,1213.26,5,3,4,534,12,Loyal Customers,3,1,3.0,513.0,530.0,314.77666666666664,1.07187605611767,319.78345885945913,342.7682326939442,Medium,-268.93000000000006
14021,155.0,7.0,1716.58,3,4,4,344,11,Loyal Customers,3,1,6.0,437.0,593.0,235.915,1.6851942429174993,238.27761711902656,401.5440685850837,Medium,-301.0899999999999
14022,225.0,2.0,792.15,2,2,3,223,7,Hibernating/Lost,0,3,1.0,261.0,487.0,440.0,0.46893068582154807,456.43656100618034,214.037109586657,Low,-352.15
14023,7.0,2.0,584.07,5,2,2,522,9,New Customers,3,3,1.0,243.0,251.0,310.93,0.8781705615693638,326.0149557849163,286.29673680165126,Medium,-273.14000000000004
14024,122.0,3.0,645.74,3,3,3,333,9,Loyal Customers,0,0,2.0,269.0,391.0,163.85,0.9657723386270066,170.58710097760198,164.74830345074,Low,-318.04
14025,465.0,8.0,3969.1,1,4,5,145,10,Can't Lose Them,0,1,7.0,119.0,584.0,546.35,0.012354087788745773,548.8348739144951,6.78035421386489,Low,-144.64999999999964
14026,471.0,2.0,713.11,1,2,3,123,6,Hibernating/Lost,0,3,1.0,155.0,626.0,326.58,0.30403113866639153,341.8288406668624,103.9266116569587,Low,-386.53000000000003
14027,61.0,1.0,104.82,3,1,1,311,5,Potential Loyalists,3,2,0.0,0.0,61.0,0.0,0.9202155691366966,470.98914615257866,433.4115451840019,Medium,-104.82
14028,550.0,3.0,3175.5,1,3,5,135,9,At Risk,0,0,0.0,0.0,551.0,0.0,0.1935058474867999,470.98914615257866,91.13915388333899,Low,-3175.5
14029,63.0,2.0,467.66,3,2,2,322,7,Potential Loyalists,3,3,1.0,81.0,145.0,302.46,1.2548400948911986,317.45625898299403,398.35684214602514,Medium,-165.20000000000005
14030,18.0,20.0,8145.59,5,5,5,555,15,Champions,1,1,15.0,711.0,730.0,501.0093333333333,3.4985916625314193,502.1366778319773,1756.7711945141812,High,-630.4500000000007
14031,7.0,44.0,38025.97,5,5,5,555,15,Champions,2,-1,37.0,729.0,737.0,970.3548648648648,8.373964923644943,970.9432047384138,8130.644339330887,High,-2122.840000000004
14032,2.0,16.0,4786.07,5,5,5,555,15,Champions,1,1,15.0,723.0,726.0,302.73133333333334,3.5230888923789214,303.7215947866917,1070.0381769686053,High,-245.09999999999945
14033,555.0,1.0,109.44,1,1,1,111,3,Hibernating/Lost,0,2,0.0,0.0,556.0,0.0,0.19196306717883657,470.98914615257866,90.41252110339033,Low,-109.44
14034,22.0,3.0,512.02,4,3,2,432,9,Loyal Customers,3,0,1.0,135.0,158.0,177.91,1.2263904965842287,191.60198664776178,234.97885555147332,Low,-334.11
14035,29.0,9.0,2852.47,4,5,4,454,13,Champions,1,1,8.0,584.0,613.0,330.29875,2.25322027757572,332.1923718165032,748.5025882329181,Medium,-210.07999999999993
14036,285.0,1.0,626.65,2,1,3,213,6,Hibernating/Lost,0,2,0.0,0.0,285.0,0.0,0.3382144121305506,470.98914615257866,159.29531718586438,Low,-626.65
14037,176.0,6.0,755.95,3,4,3,343,10,Loyal Customers,0,1,5.0,556.0,733.0,123.724,1.1982340442764032,126.32710399058891,151.3694367163691,Low,-137.33000000000004
14038,78.0,5.0,3000.93,3,4,5,345,12,Loyal Customers,3,1,4.0,595.0,674.0,591.3325,1.0956304302215247,595.802715438587,652.7795854431317,Medium,-635.5999999999999
14039,33.0,2.0,267.28000000000003,4,2,1,421,7,New Customers,3,3,1.0,542.0,576.0,152.2,0.43509431088591183,165.6227546787628,72.06151831398273,Low,-115.08000000000004
14040,41.0,35.0,12457.84,4,5,5,455,14,Champions,1,-1,31.0,698.0,739.0,387.4916129032258,6.95526851401123,387.99894573531344,2698.6368507423776,High,-445.60000000000036
14041,266.0,1.0,141.41,2,1,1,211,4,Hibernating/Lost,0,2,0.0,0.0,267.0,0.0,0.35626553529821753,470.98914615257866,167.79720027369885,Low,-141.41
14042,725.0,1.0,431.98,1,1,2,112,4,Hibernating/Lost,0,2,0.0,0.0,726.0,0.0,0.15103147456557572,470.98914615257866,71.1341852478054,Low,-431.98
14043,491.0,2.0,301.3,1,2,2,122,5,Hibernating/Lost,0,3,1.0,238.0,730.0,139.94,0.2865668406677151,153.2343694613405,43.91188913824575,Low,-161.36
14044,27.0,10.0,3106.15,4,5,5,455,14,Champions,1,1,8.0,658.0,685.0,359.74125,2.0399403727428767,361.6730616684288,737.791480230952,Medium,-228.22000000000025
14045,109.0,16.0,9660.63,3,5,5,355,13,Loyal Customers,1,-1,12.0,591.0,701.0,775.4525,2.8316876348640427,777.0991417282752,2200.502030695417,High,-355.1999999999989
14046,284.0,1.0,154.99,2,1,1,211,4,Hibernating/Lost,0,2,0.0,0.0,285.0,0.0,0.3382144121305506,470.98914615257866,159.29531718586438,Low,-154.99
14047,9.0,14.0,4158.7300000000005,5,5,5,555,15,Champions,1,1,10.0,668.0,677.0,371.74899999999997,2.54811694023056,373.3065054840106,951.2286305220798,High,-441.2400000000007
14048,305.0,3.0,713.89,2,3,3,233,8,At Risk,0,0,1.0,77.0,383.0,409.93,0.46555407091438616,426.0516716515401,198.35009015725387,Low,-303.96
14049,17.0,13.0,13064.03,5,5,5,555,15,Champions,1,-1,9.0,601.0,618.0,1374.9144444444444,2.5022457008810224,1377.8016659387595,3447.5982952619715,High,-689.8000000000011
14050,32.0,2.0,746.36,4,2,3,423,9,New Customers,3,3,1.0,75.0,107.0,260.38,1.5631437431054196,274.9356023802917,429.7638666176725,Medium,-485.98
14051,1.0,37.0,22104.5,5,5,5,555,15,Champions,2,-1,34.0,736.0,737.0,632.9835294117647,7.7120471851793715,633.5209337938529,4885.743334217091,High,-583.0599999999977
14052,20.0,2.0,480.81,4,2,2,422,8,New Customers,3,3,1.0,371.0,391.0,225.36,0.6101933718191263,239.5488772323204,146.17113711387552,Low,-255.45
14053,124.0,4.0,572.3,3,3,2,332,8,Loyal Customers,0,1,3.0,362.0,487.0,133.83333333333334,1.1175500841141746,138.21289888302573,154.4598367723893,Low,-170.79999999999995
14054,65.0,1.0,92.46,3,1,1,311,5,Potential Loyalists,3,2,0.0,0.0,66.0,0.0,0.8859649921801986,470.98914615257866,417.2798951880278,Medium,-92.46
14055,106.0,3.0,1520.96,3,3,4,334,10,Loyal Customers,3,0,2.0,617.0,724.0,623.32,0.575719919223801,632.4503269568573,364.1142511486684,Medium,-274.31999999999994
14056,1.0,23.0,8124.4,5,5,5,555,15,Champions,1,-1,22.0,283.0,285.0,346.1677272727273,11.453524693189392,346.86322790010354,3972.8065459132154,High,-508.7099999999991
14057,24.0,22.0,8338.28,4,5,5,455,14,Champions,1,1,18.0,713.0,737.0,460.51666666666665,4.132106337665044,461.43268542280515,1906.6889238413737,High,-48.98000000000138
14058,463.0,2.0,469.19,1,2,2,122,5,Hibernating/Lost,0,3,1.0,68.0,531.0,147.96,0.2836119029967297,161.33835391841447,45.75747758116141,Low,-321.23
14059,267.0,1.0,183.6,2,1,1,211,4,Hibernating/Lost,0,2,0.0,0.0,267.0,0.0,0.35626553529821753,470.98914615257866,167.79720027369885,Low,-183.6
14060,5.0,30.0,9503.14,5,5,5,555,15,Champions,1,-1,27.0,634.0,639.0,346.34555555555556,6.998204471796661,346.9122785974815,2427.763059402064,High,-151.8099999999995
14061,507.0,3.0,917.4300000000001,1,3,3,133,7,At Risk,0,0,2.0,231.0,739.0,271.5,0.3981066204085645,278.79781392222696,110.99125547787361,Low,-374.43000000000006
14062,10.0,24.0,25434.83,5,5,5,555,15,Champions,2,-1,21.0,720.0,730.0,1177.6471428571429,4.850765896390776,1178.786310806553,5718.0164355927245,High,-704.2400000000016
14063,438.0,9.0,-3767.1999999999994,1,5,1,151,7,Can't Lose Them,0,-1,6.0,45.0,732.0,1169.8233333333335,0.00021489616014553703,1173.8018118019259,0.2522455021281082,Low,10786.14
14064,29.0,15.0,3039.75,4,5,5,455,14,Champions,1,1,13.0,658.0,688.0,224.63615384615383,3.212465757503831,225.71657909497216,725.1067812435032,Medium,-119.48000000000002
14065,389.0,3.0,889.37,2,3,3,233,8,At Risk,0,0,2.0,42.0,432.0,290.075,0.3099928165050551,297.469564901757,92.21342824842894,Low,-309.22
14066,267.0,1.0,152.55,2,1,1,211,4,Hibernating/Lost,0,2,0.0,0.0,267.0,0.0,0.35626553529821753,470.98914615257866,167.79720027369885,Low,-152.55
14067,64.0,2.0,374.7,3,2,2,322,7,Potential Loyalists,3,3,1.0,33.0,97.0,150.03,1.5758016624992162,163.43003070471661,257.53331408679037,Low,-224.67
14068,320.0,4.0,1504.97,2,3,4,234,9,At Risk,0,1,3.0,357.0,678.0,346.8666666666666,0.7433450974793026,351.9846964641074,261.64609850433465,Low,-464.3700000000001
14069,515.0,2.0,230.06,1,2,1,121,4,Hibernating/Lost,0,3,1.0,47.0,562.0,110.44,0.22551520495657296,123.42544907684147,27.834315445420962,Low,-119.62
14070,685.0,1.0,326.55,1,1,2,112,4,Hibernating/Lost,0,2,0.0,0.0,685.0,0.0,0.15921815712074425,470.98914615257866,74.99002387428645,Low,-326.55
14071,4.0,8.0,1307.41,5,4,4,544,13,Champions,1,1,5.0,261.0,265.0,216.402,2.99935183634432,219.19759393717436,657.4507058977205,Medium,-225.4000000000001
14072,667.0,1.0,390.85,1,1,2,112,4,Hibernating/Lost,0,2,0.0,0.0,667.0,0.0,0.16309971699718828,470.98914615257866,76.81819644623293,Low,-390.85
14073,32.0,1.0,139.54,4,1,1,411,6,New Customers,3,2,0.0,0.0,33.0,0.0,1.1752764695789877,470.98914615257866,553.5424609002245,Medium,-139.54
14074,623.0,1.0,219.39999999999998,1,1,1,111,3,Hibernating/Lost,0,2,0.0,0.0,624.0,0.0,0.17318647549489605,470.98914615257866,81.56895021851558,Low,-219.39999999999998
14075,5.0,6.0,1734.87,5,4,4,544,13,Champions,3,1,5.0,537.0,542.0,344.974,1.6414109739568985,348.0366348466932,571.2711517763921,Medium,-10.0
14076,129.0,1.0,122.47,3,1,1,311,5,Potential Loyalists,0,2,0.0,0.0,130.0,0.0,0.6006990184031485,470.98914615257866,282.9227177723911,Medium,-122.47
14077,41.0,6.0,615.0799999999999,4,4,3,443,11,Champions,3,1,5.0,355.0,396.0,99.88399999999999,2.136209365753824,102.43758889178878,218.8281367958791,Low,-115.65999999999997
14078,102.0,9.0,1692.6299999999999,3,5,4,354,12,Loyal Customers,3,1,8.0,520.0,622.0,166.02,2.1733776137479337,167.70053593259354,364.47659060942976,Medium,-364.4699999999998
14079,125.0,2.0,618.73,3,2,3,323,8,Potential Loyalists,0,3,1.0,558.0,683.0,375.1,0.36776205229954345,390.8569361602825,143.74234899781712,Low,-243.63
14080,33.0,5.0,1075.73,4,4,3,443,11,Champions,3,1,4.0,705.0,738.0,220.2025,1.017311746874212,223.70867991632855,227.58146795660417,Low,-194.92000000000007
14081,302.0,10.0,5250.05,2,5,5,255,12,Can't Lose Them,1,1,7.0,427.0,730.0,654.0114285714286,1.21823290134552,656.6559293045239,799.9598579423888,Medium,-671.9700000000003
14082,365.0,2.0,413.36,2,2,2,222,6,Hibernating/Lost,0,3,1.0,28.0,393.0,182.25,0.34204565331349396,195.98743459585418,67.03665010757462,Low,-231.11
14083,4.0,11.0,1407.26,5,5,4,554,14,Champions,1,1,9.0,717.0,722.0,149.23222222222225,2.177404812682517,150.7064635420282,328.14897901877447,Medium,-64.16999999999985
14084,512.0,1.0,150.5,1,1,1,111,3,Hibernating/Lost,0,2,0.0,0.0,513.0,0.0,0.20609508177030963,470.98914615257866,97.06854658924401,Low,-150.5
14085,2.0,33.0,10092.22,5,5,5,555,15,Champions,1,-1,29.0,729.0,732.0,334.07344827586206,6.637023899409696,334.5966859065267,2220.7262010248974,High,-404.09000000000015
14086,463.0,1.0,39.95,1,1,1,111,3,Hibernating/Lost,0,2,0.0,0.0,463.0,0.0,0.22539281731179991,470.98914615257866,106.15757057460878,Low,-39.95
14087,3.0,3.0,803.47,5,3,3,533,11,Loyal Customers,3,0,2.0,733.0,736.0,304.765,0.5758049742630912,312.23608021208247,179.78708813052663,Low,-193.94000000000005
14088,10.0,16.0,62400.02,5,5,5,555,15,Champions,2,-1,13.0,411.0,422.0,3931.754615384615,4.960676937393594,3935.792642971644,19524.195794352814,High,-11287.21
14089,57.0,1.0,161.0,4,1,1,411,6,New Customers,3,2,0.0,0.0,57.0,0.0,0.9496012072289162,470.98914615257866,447.2518617782051,Medium,-161.0
14090,325.0,1.0,76.32000000000001,2,1,1,211,4,Hibernating/Lost,0,2,0.0,0.0,325.0,0.0,0.3039986065030653,470.98914615257866,143.18004410845248,Low,-76.32000000000001
14091,654.0,2.0,9530.08,1,2,5,125,8,Hibernating/Lost,0,-1,1.0,44.0,699.0,4010.08,0.14952134015338284,4063.9020012194774,607.6400734743507,Medium,-5520.0
14092,8.0,24.0,7209.74,5,5,5,555,15,Champions,1,-1,21.0,716.0,724.0,337.7738095238095,4.888606709276679,338.49830119563853,1654.7850663037568,High,-116.48999999999978
14093,12.0,1.0,442.85,5,1,2,512,8,New Customers,3,2,0.0,0.0,13.0,0.0,1.4671892492562184,470.98914615257866,691.0302117514292,Medium,-442.85
14094,440.0,1.0,334.27,1,1,2,112,4,Hibernating/Lost,0,2,0.0,0.0,440.0,0.0,0.23553973815669177,470.98914615257866,110.9366601594222,Low,-334.27
14095,723.0,1.0,2.95,1,1,1,111,3,Hibernating/Lost,0,2,0.0,0.0,723.0,0.0,0.151601826277843,470.98914615257866,71.40281471377283,Low,-2.95
14096,4.0,17.0,57120.909999999996,5,5,5,555,15,Champions,2,-1,16.0,97.0,102.0,4071.434375,17.388498398722145,4074.8053122554957,70854.74564725917,High,8022.040000000001
14097,481.0,2.0,422.85999999999996,1,2,2,122,5,Hibernating/Lost,0,3,1.0,164.0,646.0,290.86,0.29724153491927874,305.73478520468257,90.87707683245584,Low,-131.99999999999994
14098,37.0,1.0,147.35,4,1,1,411,6,New Customers,3,2,0.0,0.0,37.0,0.0,1.130421845773504,470.98914615257866,532.4164199330846,Medium,-147.35
14099,16.0,20.0,5700.51,5,5,5,555,15,Champions,1,1,19.0,713.0,730.0,282.9089473684211,4.39720986276282,283.67980113708325,1247.399619426578,High,-325.2399999999998
14100,138.0,1.0,194.9,3,1,1,311,5,Potential Loyalists,0,2,0.0,0.0,138.0,0.0,0.5775112308375357,470.98914615257866,272.00152150569573,Low,-194.9
14101,74.0,13.0,9942.13,3,5,5,355,13,Loyal Customers,1,-1,12.0,548.0,622.0,775.4341666666666,3.20988394821847,777.080792548355,2494.3391624698515,High,-636.9200000000001
14102,5.0,5.0,1314.73,5,4,4,544,13,Champions,3,1,4.0,39.0,45.0,234.79500000000002,7.211602875368353,238.33908493171012,1718.806830206183,High,-375.54999999999995
14104,155.0,5.0,771.5799999999999,3,4,3,343,10,Loyal Customers,0,1,4.0,406.0,561.0,153.2775,1.2467968843765922,156.60983765801706,195.26065765473956,Low,-158.4699999999999
14105,239.0,5.0,5703.9800000000005,2,4,5,245,11,Can't Lose Them,0,-1,4.0,482.0,722.0,1335.6325000000002,0.9660360365637806,1342.036085522431,1296.4552209836602,High,-361.4499999999998
14106,737.0,1.0,214.79999999999998,1,1,1,111,3,Hibernating/Lost,0,2,0.0,0.0,738.0,0.0,0.14879237389849828,470.98914615257866,70.07959313646893,Low,-214.79999999999998
14107,52.0,11.0,4853.7,4,5,5,455,14,Champions,1,1,10.0,679.0,731.0,471.404,2.3605119263617502,473.06488862462527,1116.675311541421,High,-139.65999999999985
14108,31.0,4.0,1041.21,4,3,3,433,10,Loyal Customers,3,1,3.0,708.0,739.0,264.21999999999997,0.794253940079263,269.0515412579528,213.6952467285274,Low,-248.55000000000018
14109,73.0,1.0,80.2,3,1,1,311,5,Potential Loyalists,0,2,0.0,0.0,73.0,0.0,0.842115185657118,470.98914615257866,396.62711225476625,Medium,-80.2
14110,4.0,33.0,12957.6,5,5,5,555,15,Champions,1,12,31.0,735.0,739.0,409.7706451612903,7.023556085072315,410.285428403119,2881.662717277228,High,-254.71000000000095
14111,14.0,4.0,688.6,5,3,3,533,11,Loyal Customers,3,1,3.0,227.0,242.0,199.55000000000004,2.0582456257515123,204.15736750000318,420.2060086218255,Medium,-89.94999999999993
14112,23.0,13.0,5524.51,4,5,5,455,14,Champions,1,1,8.0,632.0,655.0,598.8925,2.1252941044556355,601.1345146343899,1277.587639937269,High,-733.3699999999999
14113,4.0,16.0,6156.75,5,5,5,555,15,Champions,1,1,13.0,728.0,732.0,498.52076923076925,3.0477757436500883,499.81970429719,1523.3383709553354,High,324.02000000000044
14114,274.0,7.0,1364.09,2,4,4,244,10,Can't Lose Them,0,1,6.0,333.0,607.0,175.05666666666664,1.2652224573868232,177.31398584035702,224.34163689398886,Low,-313.75
14115,502.0,2.0,622.6700000000001,1,2,3,123,6,Hibernating/Lost,0,3,1.0,165.0,667.0,504.87,0.2852779820185987,521.985871695755,148.91107611958418,Low,-117.80000000000007
14116,20.0,5.0,1382.74,4,4,4,444,12,Champions,3,1,4.0,102.0,122.0,265.6925,4.258443446231538,269.31684329818273,1146.8705463029123,High,-319.97
14117,144.0,1.0,90.0,3,1,1,311,5,Potential Loyalists,0,2,0.0,0.0,144.0,0.0,0.5612674561622893,470.98914615257866,264.35087994110654,Low,-90.0
14118,429.0,1.0,458.45,1,1,2,112,4,Hibernating/Lost,0,2,0.0,0.0,429.0,0.0,0.24072315478287643,470.98914615257866,113.37799313034199,Low,-458.45
14119,376.0,2.0,163.47,2,2,1,221,5,Hibernating/Lost,0,3,1.0,343.0,719.0,116.89,0.32137730817887583,129.94299268633364,41.76072920624125,Low,-46.58
14121,4.0,4.0,2740.3,5,3,4,534,12,Loyal Customers,3,1,3.0,56.0,60.0,849.0166666666668,4.9834975849053755,855.8753621909431,4265.252800458578,High,-193.25
14122,406.0,3.0,309.77,2,3,2,232,7,At Risk,0,0,2.0,331.0,738.0,136.36,0.4852540181032234,142.953914736564,69.36896152950328,Low,-37.049999999999955
14123,733.0,1.0,436.18,1,1,2,112,4,Hibernating/Lost,0,2,0.0,0.0,734.0,0.0,0.14953132253563808,470.98914615257866,70.42762992412602,Low,-436.18
14124,84.0,1.0,419.58000000000004,3,1,2,312,6,Potential Loyalists,0,2,0.0,0.0,85.0,0.0,0.7763137868811056,470.98914615257866,365.6353676296069,Medium,-419.58000000000004
14125,11.0,3.0,2740.43,5,3,4,534,12,Loyal Customers,3,-1,2.0,68.0,79.0,722.5,3.1070530217420824,732.1469224965499,2274.8193079020716,High,-1295.4299999999998
14126,8.0,4.0,1109.96,5,3,3,533,11,Loyal Customers,3,1,1.0,434.0,445.0,643.6300000000001,0.5475232758933647,662.1989494094189,362.56933807378954,Medium,-466.3299999999999
14127,123.0,6.0,1900.0800000000002,3,4,4,344,11,Loyal Customers,3,1,5.0,303.0,426.0,283.392,1.9140496912553693,286.3267305340124,548.0435901767858,Medium,-483.1200000000001
14128,61.0,3.0,909.36,3,3,3,333,9,Loyal Customers,3,0,2.0,491.0,552.0,318.75,0.738532022401532,326.2939234125524,240.9785111552029,Low,-271.86
14129,2.0,9.0,2591.34,5,5,4,554,14,Champions,1,1,7.0,578.0,580.0,311.63142857142856,2.100047149391995,313.76829132425996,658.9282057651093,Medium,-409.9200000000001
14130,319.0,4.0,1882.67,2,3,4,234,9,At Risk,0,1,3.0,409.0,729.0,508.1166666666666,0.7147685511998977,513.793657628007,367.24354827846685,Medium,-358.32000000000016
14131,649.0,1.0,187.87,1,1,1,111,3,Hibernating/Lost,0,2,0.0,0.0,649.0,0.0,0.16717541616890327,470.98914615257866,78.73780651909374,Low,-187.87
14132,2.0,11.0,3580.13,5,5,5,555,15,Champions,1,1,10.0,181.0,184.0,327.91700000000003,7.50724018933915,329.4290337081899,2473.1028813892844,High,-300.96000000000004
14133,130.0,4.0,895.8399999999999,3,3,3,333,9,Loyal Customers,0,1,2.0,604.0,734.0,302.82,0.566170316857234,310.2809493558141,175.67186341154462,Low,-290.19999999999993
14134,383.0,15.0,11123.35,2,5,5,255,12,Can't Lose Them,1,-1,10.0,347.0,730.0,1046.219,0.25841155939620264,1048.4762077252462,270.9383718280978,Low,-661.1599999999999
14135,2.0,24.0,9605.05,5,5,5,555,15,Champions,1,4,22.0,736.0,738.0,404.71000000000004,5.029817546608558,405.4330906365584,2039.2544732594993,High,-701.4299999999985
14136,401.0,5.0,1553.96,2,4,4,244,10,Can't Lose Them,0,1,4.0,331.0,732.0,317.00750000000005,0.7124845959938128,320.76513751537,228.54021941153817,Low,-285.92999999999984
14137,696.0,1.0,294.1,1,1,2,112,4,Hibernating/Lost,0,2,0.0,0.0,696.0,0.0,0.15693580257215703,470.98914615257866,73.91505965422989,Low,-294.1
14138,2.0,2.0,982.3800000000001,5,2,3,523,10,New Customers,3,3,1.0,62.0,64.0,344.17,2.1176365708159293,359.6030409910434,761.5085505792531,Medium,-638.21
14139,46.0,4.0,1086.8,4,3,3,433,10,Loyal Customers,3,1,3.0,496.0,543.0,247.49333333333334,1.0436472645923063,252.26689284202627,263.27765266178113,Low,-344.31999999999994
14140,4.0,2.0,920.05,5,2,3,523,10,New Customers,3,3,1.0,28.0,32.0,394.06,2.7895130003284168,410.0154829565571,1143.7435200432503,High,-525.99
14141,3.0,4.0,879.0300000000001,5,3,3,533,11,Loyal Customers,3,1,3.0,103.0,106.0,209.99,3.671318818659554,214.63355698559144,787.9882168770396,Medium,-249.06000000000006
14142,373.0,2.0,967.75,2,2,3,223,7,Hibernating/Lost,0,3,1.0,273.0,647.0,623.62,0.34472213219151343,641.9794071418315,221.30451005297587,Low,-344.13
14143,134.0,1.0,115.8,3,1,1,311,5,Potential Loyalists,0,2,0.0,0.0,134.0,0.0,0.5888757923691408,470.98914615257866,277.3541066378648,Low,-115.8
14144,486.0,1.0,30.599999999999998,1,1,1,111,3,Hibernating/Lost,0,2,0.0,0.0,487.0,0.0,0.21569777119030908,470.98914615257866,101.59130907993796,Low,-30.599999999999998
14145,47.0,7.0,7006.05,4,4,5,445,13,Champions,1,1,5.0,564.0,611.0,1124.49,1.4655861577706621,1129.1716705747249,1654.898370141091,High,-1383.6000000000004
14146,9.0,12.0,8208.87,5,5,5,555,15,Champions,1,1,7.0,687.0,696.0,1065.7085714285715,1.7807112661269353,1068.963484878766,1903.5153206019284,High,-748.9099999999999
14147,78.0,9.0,2019.3,3,5,4,354,12,Loyal Customers,1,1,6.0,562.0,641.0,390.3333333333333,1.6433794850470596,392.9631272272015,645.7875416651206,Medium,322.70000000000005
14148,234.0,2.0,466.29,2,2,2,222,6,Hibernating/Lost,0,3,1.0,181.0,415.0,157.2,0.5204273888849104,170.675114065966,88.82400396098492,Low,-309.09000000000003
14149,221.0,1.0,259.43,2,1,1,211,4,Hibernating/Lost,0,2,0.0,0.0,221.0,0.0,0.4125673948254212,470.98914615257866,194.31476501921892,Low,-259.43
14150,36.0,2.0,658.64,4,2,3,423,9,New Customers,3,3,1.0,324.0,360.0,352.46000000000004,0.6511075681985102,367.9798528550263,239.5944671384818,Low,-306.17999999999995
14151,673.0,2.0,666.7,1,2,3,123,6,Hibernating/Lost,0,3,1.0,43.0,717.0,327.4,0.14122816164341306,342.6574276063637,48.39287857430764,Low,-339.30000000000007
14152,75.0,7.0,1975.44,3,4,4,344,11,Loyal Customers,3,1,5.0,584.0,660.0,339.206,1.3601333075407023,342.25665485131236,465.51467599073203,Medium,-279.40999999999985
14153,483.0,1.0,233.4,1,1,1,111,3,Hibernating/Lost,0,2,0.0,0.0,484.0,0.0,0.21686373821952676,470.98914615257866,102.14046689547125,Low,-233.4
14154,239.0,8.0,6263.6,2,4,5,245,11,Can't Lose Them,1,-1,4.0,456.0,696.0,1438.79,0.9923442851368213,1445.4615441740823,1434.3955027461955,High,-508.4400000000005
14155,266.0,1.0,118.75,2,1,1,211,4,Hibernating/Lost,0,2,0.0,0.0,267.0,0.0,0.35626553529821753,470.98914615257866,167.79720027369885,Low,-118.75
14156,10.0,156.0,296564.69,5,5,5,555,15,Champions,2,-1,115.0,729.0,739.0,2648.259304347826,25.655338348665506,2648.5997802065353,67950.72351139976,High,7985.130000000005
14157,20.0,5.0,970.33,4,4,3,443,11,Champions,3,1,4.0,627.0,647.0,212.48250000000002,1.1478772180871135,215.96862668907173,247.905466397946,Low,-120.39999999999998
14158,40.0,1.0,507.66,4,1,2,412,7,New Customers,3,2,0.0,0.0,41.0,0.0,1.0888964513854604,470.98914615257866,512.8584098866108,Medium,-507.66
14159,20.0,20.0,7571.88,4,5,5,455,14,Champions,1,1,18.0,717.0,737.0,419.13111111111107,4.134839645471587,420.0232887437444,1736.728946318994,High,-27.520000000001346
14160,610.0,7.0,8421.47,1,4,5,145,10,Can't Lose Them,0,-1,6.0,88.0,699.0,794.515,0.002729168805924495,797.8441147051931,2.1774512698438575,Low,-3654.379999999999
14161,216.0,7.0,3318.88,2,4,5,245,11,Can't Lose Them,0,1,6.0,511.0,727.0,468.9583333333333,1.3666096531935341,471.7241653093933,644.6627979564794,Medium,-505.1300000000001
14162,174.0,2.0,289.36,3,2,2,322,7,Potential Loyalists,0,3,1.0,119.0,293.0,111.68,0.6957429473463348,124.67843420486788,86.74414128422086,Low,-177.68
14163,87.0,5.0,2594.62,3,4,4,344,11,Loyal Customers,3,1,4.0,375.0,463.0,611.4775,1.5123441770606323,616.0000434519405,931.6040787836388,High,-148.71000000000004
14164,71.0,2.0,1631.77,3,2,4,324,9,Potential Loyalists,3,3,1.0,10.0,81.0,358.0,1.677422648719092,373.57786705604747,626.6479752599839,Medium,-1273.77
14165,276.0,1.0,122.53999999999999,2,1,1,211,4,Hibernating/Lost,0,2,0.0,0.0,276.0,0.0,0.34700479356435426,470.98914615257866,163.43549143172703,Low,-122.53999999999999
14166,505.0,2.0,256.85,1,2,1,121,4,Hibernating/Lost,0,3,1.0,121.0,627.0,144.9,0.2767867934291429,158.2463099734461,43.80048870954435,Low,-111.95000000000002
14167,39.0,8.0,1296.49,4,4,4,444,12,Champions,3,1,7.0,642.0,682.0,163.50571428571428,1.8058580420597843,165.42295486895298,298.7303733913915,Medium,-151.95000000000005
14168,421.0,2.0,305.9,1,2,2,122,5,Hibernating/Lost,0,3,1.0,144.0,565.0,67.5,0.3398414060426537,80.0357866595402,27.199474272108006,Low,-238.39999999999998
14169,431.0,2.0,624.4300000000001,1,2,3,123,6,Hibernating/Lost,0,3,1.0,14.0,445.0,145.2,0.2416674338162444,158.54945153667828,38.31623908584204,Low,-479.2300000000001
14170,375.0,3.0,597.33,2,3,2,232,7,At Risk,0,0,2.0,20.0,396.0,217.68,0.24683818121581957,224.6974834932468,55.463918149244684,Low,-161.97000000000003
14171,98.0,2.0,498.79,3,2,2,322,7,Potential Loyalists,0,3,1.0,632.0,731.0,363.79,0.34789549587314544,379.4284992264288,132.00146588678183,Low,-135.0
14172,605.0,3.0,389.97,1,3,2,132,6,At Risk,0,0,2.0,37.0,643.0,136.20999999999998,0.0947022479651398,142.8031334365947,13.523777752911338,Low,-117.55000000000007
14173,11.0,6.0,566.95,5,4,2,542,11,Champions,3,1,4.0,720.0,731.0,140.6,1.0288818060007519,143.89940698592525,148.05548174211597,Low,-4.550000000000068
14174,33.0,1.0,134.46,4,1,1,411,6,New Customers,3,2,0.0,0.0,34.0,0.0,1.163728872765088,470.98914615257866,548.1036681367317,Medium,-134.46
14175,60.0,8.0,7350.44,3,4,5,345,12,Loyal Customers,1,1,7.0,568.0,628.0,975.2742857142857,1.936057235849316,978.3951145855134,1894.2289411129038,High,-523.5199999999995
14176,297.0,5.0,913.11,2,4,3,243,9,Can't Lose Them,0,1,3.0,84.0,382.0,245.48333333333335,0.6244730927642875,250.2499253261228,156.2743448324359,Low,-176.65999999999997
14177,86.0,13.0,2224.39,3,5,4,354,12,Loyal Customers,1,1,8.0,565.0,652.0,219.45,2.1009164078463964,221.1998399586912,464.7223731822113,Medium,-468.78999999999996
14178,9.0,7.0,1620.93,5,4,4,544,13,Champions,3,1,6.0,174.0,183.0,237.26,4.676872182227111,239.62494425696676,1120.69523596313,High,-197.37000000000012
14179,41.0,2.0,719.78,4,2,3,423,9,New Customers,3,3,1.0,12.0,53.0,168.1,2.1804695218566064,181.68925753006906,396.1678884930715,Medium,-551.68
14180,11.0,33.0,6110.75,5,5,5,555,15,Champions,1,-1,31.0,538.0,549.0,202.17580645161289,9.166734560399059,202.62116717137712,1857.374455778258,High,156.69999999999982
14181,411.0,2.0,310.55,1,2,2,122,5,Hibernating/Lost,0,3,1.0,152.0,563.0,94.45,0.3473544811713316,107.26800375656558,37.260021791146286,Low,-216.10000000000002
14182,444.0,4.0,660.07,1,3,3,133,7,At Risk,0,1,3.0,153.0,597.0,173.82333333333335,0.4137088264331865,178.34152125167284,73.78146146133876,Low,-138.60000000000002
14183,411.0,2.0,286.29,1,2,2,122,5,Hibernating/Lost,0,3,1.0,70.0,482.0,146.71,0.33094347779055244,160.07526407161367,52.9758646001009,Low,-139.58
14184,67.0,1.0,452.89,3,1,2,312,6,Potential Loyalists,3,2,0.0,0.0,67.0,0.0,0.8794209617072207,470.98914615257866,414.19772786316344,Medium,-452.89
14185,331.0,1.0,197.65,2,1,1,211,4,Hibernating/Lost,0,2,0.0,0.0,332.0,0.0,0.2987115886043623,470.98914615257866,140.68991606264896,Low,-197.65
14186,427.0,5.0,1550.63,1,4,4,144,9,Can't Lose Them,0,1,4.0,217.0,645.0,336.5725,0.501488997172248,340.38095893911094,170.69730575490289,Low,-204.34000000000015
14187,474.0,1.0,123.5,1,1,1,111,3,Hibernating/Lost,0,2,0.0,0.0,474.0,0.0,0.22084312080124469,470.98914615257866,104.01471289984902,Low,-123.5
14188,31.0,6.0,2018.91,4,4,4,444,12,Champions,3,1,5.0,280.0,311.0,331.27200000000005,2.615833559262549,334.3061761267369,874.4893145810547,High,-362.54999999999995
14189,2.0,16.0,5764.62,5,5,5,555,15,Champions,1,1,14.0,386.0,389.0,354.6657142857143,5.717885649018272,355.7652334595911,2034.224922818231,High,-799.3000000000002
14190,666.0,1.0,79.9,1,1,1,111,3,Hibernating/Lost,0,2,0.0,0.0,667.0,0.0,0.16309971699718828,470.98914615257866,76.81819644623293,Low,-79.9
14191,2.0,15.0,4713.41,5,5,5,555,15,Champions,1,1,14.0,727.0,729.0,342.98285714285714,3.2850365570811335,344.07372179742646,1130.2947544355095,High,88.35000000000036
14192,388.0,1.0,293.74,2,1,2,212,5,Hibernating/Lost,0,2,0.0,0.0,389.0,0.0,0.2616658799210825,470.98914615257866,123.24178936129381,Low,-293.74
14193,68.0,3.0,1210.19,3,3,4,334,10,Loyal Customers,3,0,2.0,329.0,397.0,426.695,0.9769707436625968,434.8011729137836,424.7880252469485,Medium,-356.80000000000007
14194,5.0,36.0,18442.87,5,5,5,555,15,Champions,2,-1,24.0,698.0,703.0,749.19875,5.721091484156995,750.0103737606805,4290.877962351634,High,-462.09999999999854
14195,202.0,6.0,2381.24,2,4,4,244,10,Can't Lose Them,0,1,4.0,433.0,635.0,452.1,1.0952513993228574,456.20854951060267,499.66305223453867,Medium,-572.8399999999997
14196,107.0,1.0,335.52,3,1,2,312,6,Potential Loyalists,0,2,0.0,0.0,107.0,0.0,0.6791658584450884,470.98914615257866,319.8797477650353,Medium,-335.52
14197,411.0,1.0,390.05,1,1,2,112,4,Hibernating/Lost,0,2,0.0,0.0,411.0,0.0,0.24971637656544896,470.98914615257866,117.6137029788766,Low,-390.05
14198,18.0,9.0,1527.58,5,5,4,554,14,Champions,1,1,8.0,685.0,704.0,179.31,1.9922465895511008,181.00777438490192,360.612121200556,Medium,-93.09999999999991
14199,218.0,4.0,916.4999999999999,2,3,3,233,8,At Risk,0,1,3.0,312.0,531.0,290.34999999999997,0.9752288424379215,295.2721189646982,287.9578867821349,Medium,-45.44999999999993
14200,617.0,1.0,379.2,1,1,2,112,4,Hibernating/Lost,0,2,0.0,0.0,618.0,0.0,0.17469406744809832,470.98914615257866,82.2790096653008,Low,-379.2
14201,60.0,10.0,1134.14,3,5,3,353,11,Loyal Customers,1,1,9.0,528.0,589.0,112.39888888888889,2.5851449079291675,113.83066833006309,294.2687725996366,Medium,-122.55000000000007
14202,381.0,3.0,847.76,2,3,3,233,8,At Risk,0,0,2.0,243.0,625.0,303.28,0.5341158794035831,310.74334534238653,165.9729551663601,Low,-241.20000000000005
14203,397.0,1.0,339.34,2,1,2,212,5,Hibernating/Lost,0,2,0.0,0.0,398.0,0.0,0.2566416587623721,470.98914615257866,120.87543572767109,Low,-339.34
14204,2.0,4.0,1062.96,5,3,3,533,11,Loyal Customers,3,1,3.0,735.0,738.0,230.56333333333336,0.7978032237656331,235.27820625284912,187.70571143031856,Low,-371.27
14205,17.0,9.0,1908.38,5,5,4,554,14,Champions,1,1,7.0,626.0,643.0,311.65,1.9109153207455896,313.7868902882087,599.6201761008535,Medium,273.1699999999996
14206,239.0,3.0,1145.21,2,3,3,233,8,At Risk,0,0,2.0,163.0,403.0,321.28,0.8233848186138882,328.83710133870096,270.75947703928307,Low,-502.6500000000001
14207,688.0,1.0,157.8,1,1,1,111,3,Hibernating/Lost,0,2,0.0,0.0,688.0,0.0,0.1585891343704379,470.98914615257866,74.69376098620911,Low,-157.8
14208,95.0,2.0,567.05,3,2,2,322,7,Potential Loyalists,0,3,1.0,457.0,552.0,151.74,0.44602990287185557,165.1579376151401,73.66537887299692,Low,-415.30999999999995
14209,11.0,15.0,4937.37,5,5,5,555,15,Champions,1,1,14.0,676.0,687.0,338.3085714285714,3.4635885471665553,339.39597342880296,1175.5280065224465,High,-201.05000000000018
14210,106.0,16.0,5814.320000000001,3,5,5,355,13,Loyal Customers,1,1,14.0,597.0,703.0,373.82928571428573,3.261293391953211,374.94300103015945,1222.799131618765,High,-580.71
14211,53.0,18.0,4301.69,4,5,5,455,14,Champions,1,1,15.0,677.0,731.0,280.966,3.46786602699765,281.94121360047006,977.7343562555578,High,-87.19999999999982
14212,90.0,2.0,2190.14,3,2,4,324,9,Potential Loyalists,3,3,1.0,356.0,446.0,1070.48,0.5357562095376969,1093.518870294958,585.8595250071711,Medium,-1119.6599999999999
14213,405.0,1.0,-1192.2,2,1,1,211,4,Hibernating/Lost,0,-1,0.0,0.0,405.0,0.0,0.25286556030762813,470.98914615257866,119.09693434068316,Low,1192.2
14214,31.0,5.0,1000.23,4,4,3,443,11,Champions,3,1,4.0,247.0,278.0,91.4325,2.348943347573493,94.60419104665695,222.21988521161663,Low,-634.5
14215,12.0,9.0,3404.53,5,5,5,555,15,Champions,1,1,8.0,720.0,732.0,373.8425,1.9244697370020687,375.79260239270366,723.2014906940094,Medium,-413.7900000000004
14216,3.0,5.0,2142.39,5,4,4,544,13,Champions,3,1,4.0,411.0,415.0,459.825,1.7000727777405622,463.95361572570096,788.7549122295698,Medium,-303.0899999999999
14217,2.0,23.0,3206.87,5,5,5,555,15,Champions,1,-1,21.0,526.0,528.0,142.8709523809524,6.495275605109202,143.49921336169714,932.0669399005919,High,-206.57999999999993
14218,43.0,1.0,169.48000000000002,4,1,1,411,6,New Customers,3,2,0.0,0.0,43.0,0.0,1.0692678251740813,470.98914615257866,503.61353998716527,Medium,-169.48000000000002
14219,4.0,3.0,633.83,5,3,3,533,11,Loyal Customers,3,0,2.0,489.0,494.0,119.095,0.8223576863903167,125.59898711009905,103.28729245282825,Low,-395.64000000000004
14220,247.0,4.0,1515.0,2,3,4,234,9,At Risk,0,1,3.0,322.0,570.0,402.3666666666666,0.9010694350051882,407.67708309726356,367.34535893101446,Medium,-307.9000000000001
14221,42.0,17.0,6506.59,4,5,5,455,14,Champions,1,1,13.0,570.0,613.0,467.08384615384614,3.5511094869636946,468.35770030683966,1663.1894728521172,High,-434.5
14222,177.0,1.0,683.17,3,1,3,313,7,Potential Loyalists,0,2,0.0,0.0,178.0,0.0,0.48416132599924255,470.98914615257866,228.03472953248354,Low,-683.17
14223,92.0,3.0,975.23,3,3,3,333,9,Loyal Customers,3,0,2.0,172.0,265.0,343.115,1.3241096972686142,350.7858325708969,464.47892257156906,Medium,-289.0
14224,110.0,9.0,1897.9,3,5,4,354,12,Loyal Customers,3,1,8.0,434.0,545.0,191.78375,2.4096967570843053,193.4977040797463,466.27079002422323,Medium,-363.6300000000001
14225,435.0,4.0,2015.12,1,3,4,134,8,At Risk,0,1,3.0,262.0,697.0,464.50666666666666,0.564587461189756,470.0324867978821,265.37444839792374,Low,-621.5999999999999
14226,29.0,6.0,2967.78,4,4,5,445,13,Champions,3,1,5.0,413.0,442.0,446.438,1.9524172119130259,449.7113731010831,878.0242252355952,High,-735.5900000000001
14227,26.0,15.0,6327.31,4,5,5,455,14,Champions,1,1,9.0,643.0,670.0,658.9644444444444,2.323397441781798,661.026310771165,1535.8268393961846,High,-396.6300000000001
14228,438.0,3.0,745.5,1,3,3,133,7,At Risk,0,0,2.0,109.0,547.0,332.225,0.3922674196680233,339.83911019312666,133.30781085773484,Low,-81.04999999999995
14229,52.0,7.0,2468.99,4,4,4,444,12,Champions,3,1,5.0,420.0,472.0,440.88,1.8343095166723635,444.1418292705826,814.6935841833018,Medium,-264.5899999999997
14230,436.0,3.0,979.8000000000001,1,3,3,133,7,At Risk,0,0,1.0,113.0,549.0,504.3,0.3254026860581794,521.4099027256138,169.66818288424878,Low,-475.50000000000006
14231,184.0,4.0,1131.97,3,3,3,333,9,Loyal Customers,0,1,3.0,267.0,451.0,308.57,1.1325965709239114,313.55527724318665,355.13163180072956,Medium,-206.26
14232,43.0,5.0,2043.93,4,4,4,444,12,Champions,3,1,4.0,222.0,265.0,338.72249999999997,2.4249487810746198,342.5365437109506,830.6335741453828,Medium,-689.0400000000002
14233,49.0,7.0,2766.96,4,4,4,444,12,Champions,3,1,6.0,595.0,645.0,413.1616666666667,1.6454337806863162,415.8309584643352,684.2223061123856,Medium,-287.9899999999998
14234,22.0,4.0,775.46,4,3,3,433,10,Loyal Customers,3,1,3.0,35.0,58.0,135.22666666666666,4.947424921192888,139.61106210300525,690.7152479226162,Medium,-369.7800000000001
14235,75.0,9.0,4666.99,3,5,5,355,13,Loyal Customers,1,1,6.0,544.0,620.0,723.9683333333332,1.6937050571703007,727.1753872024265,1231.6206307545212,High,-323.1800000000003
14236,81.0,5.0,1732.74,3,4,4,344,11,Loyal Customers,3,1,4.0,425.0,506.0,360.7275,1.4066708211029646,364.5987032013375,512.8703572053015,Medium,-289.8299999999999
14237,373.0,2.0,627.04,2,2,3,223,7,Hibernating/Lost,0,3,1.0,217.0,591.0,322.0,0.36233694603893324,337.20087946818427,122.18033686814431,Low,-305.03999999999996
14238,326.0,3.0,434.23,2,3,2,232,7,At Risk,0,0,2.0,408.0,735.0,137.565,0.5239561352170391,144.1651911796506,75.5362364033153,Low,-159.10000000000002
14239,43.0,21.0,4203.72,4,5,5,455,14,Champions,1,1,20.0,691.0,735.0,206.321,4.564844987253483,207.01358512467067,944.9849263497251,High,-77.30000000000018
14240,30.0,3.0,1247.49,4,3,4,434,11,Loyal Customers,3,0,2.0,393.0,424.0,445.17,0.9337701571200325,453.3724030266675,423.345620008098,Medium,-357.15
14241,184.0,2.0,333.70000000000005,3,2,2,322,7,Potential Loyalists,0,3,1.0,513.0,697.0,213.70000000000002,0.3564069756647081,227.76677514136247,81.17766748503661,Low,-120.00000000000003
14242,235.0,2.0,280.55,2,2,2,222,6,Hibernating/Lost,0,3,1.0,91.0,326.0,142.2,0.5884992023451572,155.51803590435634,91.52224007999922,Low,-138.35000000000002
14243,9.0,17.0,7365.36,5,5,5,555,15,Champions,1,1,16.0,468.0,477.0,304.415625,5.449847741123046,305.34504663787976,1664.0840126825601,High,-2494.71
14244,661.0,1.0,354.82,1,1,2,112,4,Hibernating/Lost,0,2,0.0,0.0,661.0,0.0,0.1644360044011526,470.98914615257866,77.44757330964053,Low,-354.82
14245,220.0,2.0,1677.48,2,2,4,224,8,Hibernating/Lost,0,3,1.0,44.0,264.0,688.35,0.6447015821600508,707.3872517685644,456.0536804150437,Medium,-989.13
14246,111.0,3.0,1474.06,3,3,4,334,10,Loyal Customers,3,0,2.0,135.0,246.0,512.21,1.3680301808471913,520.7615920262741,712.417574917975,Medium,-449.6399999999999
14247,278.0,5.0,769.71,2,4,3,243,9,Can't Lose Them,0,1,4.0,273.0,552.0,147.0775,1.0402607961137689,150.3937327345724,156.4487041449877,Low,-181.4000000000001
14248,318.0,3.0,1032.95,2,3,3,233,8,At Risk,0,0,2.0,197.0,516.0,360.485,0.6371755557524245,368.24630710734033,234.63754538489755,Low,-311.98
14249,411.0,12.0,5625.461,1,5,5,155,11,Can't Lose Them,1,-1,7.0,269.0,680.0,756.7872857142858,0.30860414109104456,759.5841695554477,234.4108202320133,Low,-327.9499999999998
14250,7.0,3.0,1904.05,5,3,4,534,12,Loyal Customers,3,0,1.0,82.0,90.0,675.22,1.7627829056354354,694.1197560177687,1223.5824403719619,High,-1228.83
14251,2.0,5.0,2879.7000000000003,5,4,4,544,13,Champions,3,-1,4.0,56.0,58.0,405.06,6.4903792740463215,409.0463598978873,2654.8660164053404,High,-1259.4600000000003
14252,381.0,1.0,350.99,2,1,2,212,5,Hibernating/Lost,0,2,0.0,0.0,382.0,0.0,0.2657119441891347,470.98914615257866,125.14744171618219,Low,-350.99
14253,493.0,2.0,363.40000000000003,1,2,2,122,5,Hibernating/Lost,0,3,1.0,130.0,624.0,158.05,0.28646501840214894,171.5340151617906,49.138494809916835,Low,-205.35000000000002
14254,433.0,1.0,601.03,1,1,3,113,5,Hibernating/Lost,0,2,0.0,0.0,433.0,0.0,0.23881205236516487,470.98914615257866,112.4778846344139,Low,-601.03
14255,546.0,1.0,-1441.6,1,1,1,111,3,Hibernating/Lost,0,-1,,,,,,,0.0,Low,
14256,260.0,5.0,2397.34,2,4,4,244,10,Can't Lose Them,0,1,3.0,434.0,695.0,506.83,0.7773958225631548,512.502530826782,398.41732651778483,Medium,-876.8500000000001
14257,64.0,9.0,5942.0,3,5,5,355,13,Loyal Customers,1,1,8.0,584.0,649.0,595.6387500000001,2.1245038547129873,597.8765441969032,1270.1910227888006,High,-1176.8899999999994
14258,9.0,25.0,31027.35,5,5,5,555,15,Champions,2,-1,21.0,726.0,736.0,1466.2066666666667,4.814700454790041,1467.4883070395304,7065.516619302295,High,-237.0099999999984
14259,142.0,1.0,120.0,3,1,1,311,5,Potential Loyalists,0,2,0.0,0.0,142.0,0.0,0.5665790603250603,470.98914615257866,266.8525878504305,Low,-120.0
14260,471.0,3.0,824.28,1,3,3,133,7,At Risk,0,0,1.0,77.0,549.0,285.48,0.2825212084019674,300.2984465040519,84.84067998755832,Low,-538.8
14261,51.0,2.0,1163.45,4,2,3,423,9,New Customers,3,3,1.0,28.0,79.0,219.7,1.7916401737660672,233.82960640600632,418.9385166529083,Medium,-943.75
14262,8.0,8.0,2618.23,5,4,4,544,13,Champions,1,1,7.0,232.0,241.0,339.7471428571429,4.382416630952556,341.9256920531476,1498.4608394036763,High,-240.0
14263,423.0,1.0,322.93,1,1,2,112,4,Hibernating/Lost,0,2,0.0,0.0,424.0,0.0,0.2431555443037791,470.98914615257866,114.52362219390243,Low,-322.93
14264,155.0,6.0,1461.3600000000001,3,4,4,344,11,Loyal Customers,0,1,5.0,457.0,612.0,206.95600000000005,1.4064856483755592,209.73197482546024,294.98501259747394,Medium,-426.5799999999999
14265,109.0,4.0,1373.35,3,3,4,334,10,Loyal Customers,3,1,3.0,503.0,613.0,373.60999999999996,0.9247227811752312,378.82073357869075,350.3041623217282,Medium,-252.51999999999998
14266,428.0,1.0,40.56,1,1,1,111,3,Hibernating/Lost,0,2,0.0,0.0,429.0,0.0,0.24072315478287643,470.98914615257866,113.37799313034199,Low,-40.56
14267,163.0,3.0,1259.19,3,3,4,334,10,Loyal Customers,0,0,1.0,98.0,261.0,679.88,0.7573357722535531,698.8285549666422,529.2478633484965,Medium,-579.3100000000001
14268,471.0,1.0,354.85,1,1,2,112,4,Hibernating/Lost,0,2,0.0,0.0,471.0,0.0,0.2220656073608564,470.98914615257866,104.59049080074354,Low,-354.85
14269,439.0,1.0,261.68,1,1,1,111,3,Hibernating/Lost,0,2,0.0,0.0,440.0,0.0,0.23553973815669177,470.98914615257866,110.9366601594222,Low,-261.68
14270,332.0,1.0,492.65000000000003,2,1,2,212,5,Hibernating/Lost,0,2,0.0,0.0,332.0,0.0,0.2987115886043623,470.98914615257866,140.68991606264896,Low,-492.65000000000003
14271,226.0,2.0,219.13,2,2,1,221,5,Hibernating/Lost,0,3,1.0,184.0,410.0,112.32,0.5289600336338565,125.32513620642989,66.2919882629208,Low,-106.81
14272,74.0,4.0,920.81,3,3,3,333,9,Loyal Customers,3,1,3.0,509.0,583.0,248.74,0.9749312909218698,253.5178809862185,247.16251498167097,Low,-174.58999999999992
14273,51.0,4.0,559.97,4,3,2,432,9,Loyal Customers,3,1,3.0,191.0,243.0,149.05666666666667,2.0162531957127467,153.48900277213227,309.4726923460743,Medium,-112.80000000000001
14274,686.0,1.0,256.6,1,1,1,111,3,Hibernating/Lost,0,2,0.0,0.0,687.0,0.0,0.1587982552533611,470.98914615257866,74.79225465229979,Low,-256.6
14275,396.0,6.0,1189.3799999999999,2,4,3,243,9,Can't Lose Them,0,1,4.0,212.0,608.0,252.945,0.5797925982136054,256.5362307963101,148.73780778931777,Low,-177.5999999999999
14276,99.0,7.0,1929.32,3,4,4,344,11,Loyal Customers,3,1,5.0,562.0,661.0,358.95799999999997,1.3502525986303078,362.0496792737746,488.8585202726836,Medium,-134.52999999999997
14277,15.0,9.0,4324.47,5,5,5,555,15,Champions,1,1,5.0,711.0,727.0,951.4200000000001,1.2590985822311889,955.7422084040312,1203.3736595800212,High,432.6300000000001
14278,410.0,1.0,205.83,2,1,1,211,4,Hibernating/Lost,0,2,0.0,0.0,410.0,0.0,0.25023577369087,470.98914615257866,117.85833338749278,Low,-205.83
14279,521.0,2.0,191.86,1,2,1,121,4,Hibernating/Lost,0,3,1.0,161.0,682.0,81.36,0.27422647402183964,94.04092688086753,25.78851179228594,Low,-110.50000000000001
14280,197.0,1.0,134.04,2,1,1,211,4,Hibernating/Lost,0,2,0.0,0.0,197.0,0.0,0.4496708033101382,470.98914615257866,211.79006770078612,Low,-134.04
14281,408.0,1.0,245.15,2,1,1,211,4,Hibernating/Lost,0,2,0.0,0.0,409.0,0.0,0.25075733926599547,470.98914615257866,118.1039851123837,Low,-245.15
14282,3.0,25.0,7844.66,5,5,5,555,15,Champions,1,4,24.0,659.0,663.0,289.69416666666666,6.033882521377278,290.3072876913203,1751.6800690291027,High,-892.0
14283,463.0,4.0,628.4399999999999,1,3,3,133,7,At Risk,0,1,3.0,106.0,570.0,131.79666666666665,0.26270931689075805,136.1691722624336,35.77291022664389,Low,-233.04999999999995
14284,31.0,3.0,1282.85,4,3,4,434,11,Loyal Customers,3,0,2.0,623.0,654.0,297.625,0.6385804810533283,305.05889033354447,194.80465293878936,Low,-687.5999999999999
14285,21.0,8.0,3158.64,4,4,5,445,13,Champions,1,1,7.0,710.0,732.0,447.6028571428572,1.6982675180380917,449.94132121987104,764.1207308508501,Medium,-25.419999999999618
14286,24.0,7.0,8396.7,4,4,5,445,13,Champions,1,-1,5.0,712.0,736.0,1373.848,1.2438848314586863,1379.0475810615787,1715.376367942291,High,-1527.460000000001
14287,8.0,3.0,151.23000000000002,5,3,1,531,9,Loyal Customers,3,0,1.0,190.0,199.0,93.35,1.0473102348155268,106.15648469138085,111.17877290932095,Low,-57.880000000000024
14288,213.0,1.0,413.85,2,1,2,212,5,Hibernating/Lost,0,2,0.0,0.0,214.0,0.0,0.4227390100581703,470.98914615257866,199.105485392684,Low,-413.85
14289,9.0,6.0,911.26,5,4,3,543,12,Champions,3,1,5.0,281.0,290.0,117.804,2.7872742857753288,120.3948082949137,335.57335330126324,Medium,-322.24
14290,11.0,8.0,4208.93,5,4,5,545,14,Champions,1,1,7.0,720.0,732.0,520.8471428571429,1.7002996177338974,523.2942043442446,889.756935608883,High,-563.0
14291,2.0,23.0,7844.4,5,5,5,555,15,Champions,1,4,13.0,729.0,731.0,576.5838461538461,3.0522064040900156,577.9450612745006,1764.0076172342274,High,-348.8099999999995
14292,8.0,16.0,8887.9,5,5,5,555,15,Champions,1,-1,10.0,623.0,631.0,852.167,2.715489308247221,854.2228961482803,2319.6331413506314,High,-366.22999999999956
14293,3.0,9.0,3174.33,5,5,5,555,15,Champions,1,1,7.0,726.0,730.0,361.4614285714286,1.706026001824261,363.6721729778512,620.4341832401445,Medium,-644.0999999999999
14294,407.0,1.0,375.34,2,1,2,212,5,Hibernating/Lost,0,2,0.0,0.0,408.0,0.0,0.2512810869167688,470.98914615257866,118.35066457122085,Low,-375.34
14295,40.0,5.0,2316.06,4,4,4,444,12,Champions,3,1,4.0,691.0,732.0,588.2275,1.023790143675372,592.6896499890232,606.7898219171681,Medium,36.84999999999991
14296,421.0,2.0,448.45,1,2,2,122,5,Hibernating/Lost,0,3,1.0,153.0,575.0,288.15,0.33870538652516063,302.9964064168184,102.62651495114314,Low,-160.3
14297,18.0,4.0,1284.06,5,3,4,534,12,Loyal Customers,3,1,2.0,257.0,275.0,528.94,1.3388779799691541,537.578733016182,719.752328135083,Medium,-226.17999999999984
14298,8.0,82.0,90489.31,5,5,5,555,15,Champions,2,-1,44.0,720.0,729.0,2023.1975,10.030786844753793,2023.9402535489276,20301.71326986624,High,-1468.6199999999953
14299,8.0,27.0,12827.77,5,5,5,555,15,Champions,1,12,23.0,729.0,738.0,534.5247826086957,5.248324538261906,535.2749387390209,2809.296595700642,High,-533.7000000000007
14300,19.0,1.0,43.2,5,1,1,511,7,New Customers,3,2,0.0,0.0,19.0,0.0,1.3652688327800393,470.98914615257866,643.0268018197984,Medium,-43.2
14301,117.0,4.0,1956.23,3,3,4,334,10,Loyal Customers,3,1,3.0,549.0,667.0,561.6433333333333,0.8571585376795516,567.5058705142067,486.4425020945184,Medium,-271.3000000000002
14302,431.0,3.0,742.9000000000001,1,3,3,133,7,At Risk,0,0,2.0,307.0,738.0,314.15000000000003,0.4695909591276809,321.6699635468276,151.05330670452093,Low,-114.60000000000002
14303,407.0,2.0,277.94,2,2,2,222,6,Hibernating/Lost,0,3,1.0,27.0,435.0,115.34,0.2891166267314357,128.37676127630064,37.11585617091084,Low,-162.6
14304,223.0,3.0,1523.81,2,3,4,234,9,At Risk,0,0,2.0,348.0,571.0,526.52,0.6760826604660901,535.1461280433441,361.803017985671,Medium,-470.77
14305,71.0,3.0,1803.76,3,3,4,334,10,Loyal Customers,3,0,2.0,64.0,136.0,407.38,2.1003517604195183,415.3855675210717,872.4558079957437,High,-989.0
14306,51.0,6.0,3141.5,4,4,5,445,13,Champions,3,1,5.0,626.0,678.0,569.864,1.334247087917351,573.3937258940572,765.0489090042255,Medium,-292.17999999999984
14307,89.0,10.0,5063.08,3,5,5,355,13,Loyal Customers,1,1,8.0,644.0,733.0,603.61625,1.8937726197042544,605.8643918081365,1147.3693964600193,High,-234.14999999999964
14308,549.0,2.0,-849.45,1,2,1,121,4,Hibernating/Lost,0,3,,,,,,,0.0,Low,
14309,8.0,11.0,3747.96,5,5,5,555,15,Champions,1,1,10.0,542.0,551.0,311.65700000000004,3.064509205439639,313.1521654139107,959.6576936142859,High,-631.3899999999994
14310,433.0,1.0,492.1,1,1,2,112,4,Hibernating/Lost,0,2,0.0,0.0,433.0,0.0,0.23881205236516487,470.98914615257866,112.4778846344139,Low,-492.1
14311,243.0,2.0,435.90000000000003,2,2,2,222,6,Hibernating/Lost,0,3,1.0,325.0,568.0,310.26,0.413102853075499,325.33793962703106,134.39803107363096,Low,-125.64000000000004
14312,47.0,11.0,3090.29,4,5,5,455,14,Champions,1,1,10.0,458.0,505.0,230.496,3.2777499940972974,231.9069681425703,760.1330634604319,Medium,-785.3299999999999
14314,107.0,2.0,221.9,3,2,1,321,6,Potential Loyalists,0,3,1.0,324.0,431.0,120.0,0.5480961547548209,133.08556022517402,72.94368381280901,Low,-101.9
14315,45.0,8.0,3168.72,4,4,5,445,13,Champions,1,1,7.0,590.0,635.0,404.6271428571428,1.9234862290356174,406.9018879529066,782.6701780460096,Medium,-336.3299999999999
14316,422.0,5.0,1355.34,1,4,4,144,9,Can't Lose Them,0,1,3.0,208.0,631.0,328.32,0.5441458282759543,333.3737391531837,181.40392941696106,Low,-370.3799999999999
14317,65.0,1.0,508.58000000000004,3,1,2,312,6,Potential Loyalists,3,2,0.0,0.0,65.0,0.0,0.8926079489280784,470.98914615257866,420.4086557146402,Medium,-508.58000000000004
14318,460.0,1.0,158.02,1,1,1,111,3,Hibernating/Lost,0,2,0.0,0.0,461.0,0.0,0.22624027733541335,470.98914615257866,106.55671504752893,Low,-158.02
14319,424.0,1.0,476.95000000000005,1,1,2,112,4,Hibernating/Lost,0,2,0.0,0.0,425.0,0.0,0.24266513613991259,470.98914615257866,114.29264527153668,Low,-476.95000000000005
14320,207.0,5.0,1204.1200000000001,2,4,3,243,9,Can't Lose Them,0,1,4.0,481.0,688.0,282.6325,1.0257394427242559,286.3008461051427,293.670070335372,Medium,-73.59000000000015
14321,11.0,7.0,2198.58,5,4,4,544,13,Champions,3,1,6.0,463.0,474.0,306.8233333333333,2.175140161603664,309.30863704921944,672.7896387766483,Medium,-357.6399999999999
14322,429.0,4.0,384.3,1,3,2,132,6,At Risk,0,1,3.0,230.0,660.0,118.63333333333333,0.552039087035776,122.96020921052165,67.8788416343044,Low,-28.400000000000034
14323,115.0,2.0,574.26,3,2,2,322,7,Potential Loyalists,0,3,1.0,124.0,239.0,305.24,0.8543222178398399,320.26537080227905,273.6098218811017,Low,-269.02
14324,410.0,2.0,701.61,2,2,3,223,7,Hibernating/Lost,0,3,1.0,284.0,694.0,339.8,0.32044608430668453,355.1872788866277,113.81837271476618,Low,-361.81
14325,570.0,1.0,245.48000000000002,1,1,1,111,3,Hibernating/Lost,0,2,0.0,0.0,570.0,0.0,0.18777142096889785,470.98914615257866,88.4383012339976,Low,-245.48000000000002
14326,242.0,3.0,923.98,2,3,3,233,8,At Risk,0,0,2.0,290.0,533.0,316.765,0.7002250342591719,324.29858420962546,227.08198723838595,Low,-290.45000000000005
14327,163.0,6.0,1894.93,3,4,4,344,11,Loyal Customers,0,1,5.0,537.0,701.0,313.262,1.2517940696109713,316.2587697958061,395.8908524928514,Medium,-328.6200000000001
14328,438.0,1.0,-445.06,1,1,1,111,3,Hibernating/Lost,0,2,,,,,,,0.0,Low,
14329,17.0,15.0,9735.52,5,5,5,555,15,Champions,1,1,13.0,706.0,724.0,738.9669230769231,3.073267931361934,740.4576901859956,2275.6248737789506,High,-128.95000000000073
14330,624.0,1.0,200.63,1,1,1,111,3,Hibernating/Lost,0,2,0.0,0.0,624.0,0.0,0.17318647549489605,470.98914615257866,81.56895021851558,Low,-200.63
14331,124.0,2.0,462.65999999999997,3,2,2,322,7,Potential Loyalists,0,3,1.0,11.0,136.0,79.0,1.1077643671439572,91.65621325010761,101.53348706581704,Low,-383.65999999999997
14332,23.0,5.0,1943.51,4,4,4,444,12,Champions,3,1,4.0,394.0,417.0,345.50250000000005,1.686682147119254,349.3341552240078,589.2156829953202,Medium,-561.4999999999998
14333,68.0,1.0,351.45,3,1,2,312,6,Potential Loyalists,3,2,0.0,0.0,68.0,0.0,0.8729736524498797,470.98914615257866,411.1611151810668,Medium,-351.45
14334,17.0,12.0,4292.98,5,5,5,555,15,Champions,1,1,11.0,552.0,569.0,349.23545454545456,3.255440690529855,350.63000456737126,1141.4551841892894,High,-451.3899999999994
14335,16.0,2.0,468.26,5,2,2,522,9,New Customers,3,3,1.0,80.0,97.0,109.01,1.677386408570657,121.98047429210136,204.60838968857325,Low,-359.25
14336,17.0,4.0,1614.91,5,3,4,534,12,Loyal Customers,3,1,3.0,260.0,277.0,360.16333333333336,1.8500726392743356,365.32745503946245,675.8823289442345,Medium,-534.4200000000001
14338,161.0,3.0,894.1,3,3,3,333,9,Loyal Customers,0,0,2.0,375.0,537.0,294.11,0.7332206871029846,301.52558187093086,221.08479431853115,Low,-305.88
14339,243.0,2.0,600.66,2,2,3,223,7,Hibernating/Lost,0,3,1.0,186.0,429.0,309.52,0.5046747441432085,324.59019043772497,163.81247131055414,Low,-291.14
14340,219.0,1.0,134.7,2,1,1,211,4,Hibernating/Lost,0,2,0.0,0.0,219.0,0.0,0.41542311607076615,470.98914615257866,195.65977873021373,Low,-134.7
14341,45.0,18.0,4443.47,4,5,5,455,14,Champions,1,1,11.0,693.0,739.0,380.5,2.5608159740403056,381.9240328476315,978.0371641861092,High,-257.97000000000025
14342,21.0,6.0,842.74,4,4,3,443,11,Champions,3,1,5.0,451.0,473.0,151.43200000000002,1.8442887310818166,154.09265283109033,284.1913431588825,Medium,-85.57999999999993
14343,421.0,4.0,1088.91,1,3,3,133,7,At Risk,0,1,3.0,269.0,691.0,279.58666666666664,0.5896073805856927,284.4714753347606,167.7264814234757,Low,-250.1500000000001
14344,127.0,20.0,3333.7000000000003,3,5,5,355,13,Loyal Customers,1,-1,19.0,499.0,627.0,156.74105263157895,4.161399594902573,157.44305186977007,655.1834522710859,Medium,-355.62000000000035
14345,39.0,1.0,108.97999999999999,4,1,1,411,6,New Customers,3,2,0.0,0.0,39.0,0.0,1.1092667469559951,470.98914615257866,522.4525980042526,Medium,-108.97999999999999
14346,121.0,5.0,2315.75,3,4,4,344,11,Loyal Customers,3,1,3.0,377.0,498.0,547.6066666666667,1.0992044334768476,553.420546783743,608.3223186018715,Medium,-672.9299999999998
14347,737.0,1.0,82.6,1,1,1,111,3,Hibernating/Lost,0,2,0.0,0.0,737.0,0.0,0.14897642507131617,470.98914615257866,70.16627924120282,Low,-82.6
14348,260.0,1.0,409.57,2,1,2,212,5,Hibernating/Lost,0,2,0.0,0.0,261.0,0.0,0.3627196979328441,470.98914615257866,170.83704082211148,Low,-409.57
14349,10.0,1.0,133.5,5,1,1,511,7,New Customers,3,2,0.0,0.0,11.0,0.0,1.5046783775233217,470.98914615257866,708.6871842639566,Medium,-133.5
14350,274.0,3.0,947.8,2,3,3,233,8,At Risk,0,0,2.0,156.0,431.0,294.19,0.7397170431630675,301.6059985642478,223.10309745818975,Low,-359.41999999999996
14351,165.0,1.0,51.0,3,1,1,311,5,Potential Loyalists,0,2,0.0,0.0,165.0,0.0,0.510991732490887,470.98914615257866,240.67155977690976,Low,-51.0
14352,157.0,4.0,1078.96,3,3,3,333,9,Loyal Customers,0,1,2.0,116.0,274.0,423.83,1.1805208195063255,431.92125008437023,509.8920281117973,Medium,-231.30000000000007
14353,215.0,3.0,376.5,2,3,2,232,7,At Risk,0,0,2.0,216.0,432.0,95.72999999999999,0.827136671593955,102.11228661821643,84.46081688223948,Low,-185.04000000000002
14354,6.0,2.0,163.62,5,2,1,521,8,New Customers,3,3,1.0,25.0,31.0,75.84,2.8111201966312183,88.46312211739517,248.68046924126338,Low,-87.78
14355,366.0,3.0,1014.45,2,3,3,233,8,At Risk,0,0,2.0,262.0,628.0,356.65500000000003,0.5490078962559465,364.3963579147912,200.05647786212845,Low,-301.14
14356,80.0,2.0,666.9399999999999,3,2,3,323,8,Potential Loyalists,3,3,1.0,2.0,82.0,356.2,1.608781888009539,371.75901767665425,598.0791743424194,Medium,-310.73999999999995
14357,43.0,1.0,225.77,4,1,1,411,6,New Customers,3,2,0.0,0.0,44.0,0.0,1.0597190186051295,470.98914615257866,499.1161557344786,Medium,-225.77
14358,389.0,2.0,384.29999999999995,2,2,2,222,6,Hibernating/Lost,0,3,1.0,39.0,429.0,150.6,0.3266545936085619,164.00599967485778,53.573313173156606,Low,-233.69999999999996
14359,19.0,3.0,882.58,5,3,3,533,11,Loyal Customers,3,0,2.0,68.0,88.0,214.395,2.9072704721413714,221.3953730239194,643.6562306611652,Medium,-453.79
14360,32.0,4.0,2128.23,4,3,4,434,11,Loyal Customers,3,1,2.0,63.0,95.0,496.77,2.7502553073511558,505.24117021610215,1389.5422098791437,High,-1134.69
14361,579.0,1.0,214.70999999999998,1,1,1,111,3,Hibernating/Lost,0,2,0.0,0.0,579.0,0.0,0.18517220601708279,470.98914615257866,87.21409920317521,Low,-214.70999999999998
14362,22.0,1.0,161.2,4,1,1,411,6,New Customers,3,2,0.0,0.0,23.0,0.0,1.304922566593975,470.98914615257866,614.6043654353277,Medium,-161.2
14363,402.0,2.0,227.47000000000003,2,2,1,221,5,Hibernating/Lost,0,3,1.0,49.0,452.0,149.32,0.32343686713842534,162.71259567173374,52.627252188026866,Low,-78.15000000000003
14364,109.0,8.0,3717.35,3,4,5,345,12,Loyal Customers,1,1,6.0,103.0,212.0,499.70000000000005,3.166347073523129,502.5190216406287,1591.1496335615107,High,-719.1499999999996
14365,395.0,2.0,634.68,2,2,3,223,7,Hibernating/Lost,0,3,1.0,287.0,682.0,310.18,0.32797857542249476,325.2571018768358,106.67736091961385,Low,-324.49999999999994
14366,525.0,1.0,136.0,1,1,1,111,3,Hibernating/Lost,0,2,0.0,0.0,526.0,0.0,0.2016077170675729,470.98914615257866,94.95504651942683,Low,-136.0
14367,8.0,16.0,9167.82,5,5,5,555,15,Champions,1,1,12.0,268.0,277.0,684.7008333333333,6.516893961171279,686.2690330165614,4472.342517004482,High,-951.4099999999999
14368,320.0,1.0,155.0,2,1,1,211,4,Hibernating/Lost,0,2,0.0,0.0,320.0,0.0,0.307891343667266,470.98914615257866,145.01348106161578,Low,-155.0
14369,642.0,2.0,469.13,1,2,2,122,5,Hibernating/Lost,0,3,1.0,19.0,662.0,299.44,0.12421901683186148,314.4046339131233,39.05503451206951,Low,-169.69
14370,451.0,6.0,1092.13,1,4,3,143,8,Can't Lose Them,0,1,4.0,226.0,677.0,229.6825,0.46388070080641325,233.21330486378906,108.18315129759418,Low,-173.4000000000001
14371,295.0,1.0,100.5,2,1,1,211,4,Hibernating/Lost,0,2,0.0,0.0,296.0,0.0,0.32805858460761883,470.98914615257866,154.5120326523659,Low,-100.5
14372,443.0,2.0,830.1800000000001,1,2,3,123,6,Hibernating/Lost,0,3,1.0,156.0,600.0,269.73,0.3223963707169834,284.38351443436176,91.68421294537909,Low,-560.45
14373,358.0,1.0,76.55,2,1,1,211,4,Hibernating/Lost,0,2,0.0,0.0,359.0,0.0,0.2799360134698105,470.98914615257866,131.84682396150282,Low,-76.55
14374,541.0,1.0,108.0,1,1,1,111,3,Hibernating/Lost,0,2,0.0,0.0,542.0,0.0,0.19634632645889166,470.98914615257866,92.47698864906884,Low,-108.0
14375,185.0,3.0,1132.99,3,3,3,333,9,Loyal Customers,0,0,2.0,356.0,542.0,393.995,0.7193721913467557,401.93084952047906,289.13787598941013,Medium,-345.0
14376,683.0,1.0,215.46,1,1,1,111,3,Hibernating/Lost,0,2,0.0,0.0,684.0,0.0,0.15942894250679596,470.98914615257866,75.08930150328437,Low,-215.46
14377,191.0,2.0,617.05,2,2,3,223,7,Hibernating/Lost,0,3,1.0,71.0,263.0,302.45,0.7096426702793059,317.4461542642196,225.2733365819573,Low,-314.59999999999997
14378,622.0,1.0,131.25,1,1,1,111,3,Hibernating/Lost,0,2,0.0,0.0,622.0,0.0,0.17368610417723312,470.98914615257866,81.80426990500285,Low,-131.25
14379,44.0,4.0,1268.91,4,3,4,434,11,Loyal Customers,3,1,3.0,436.0,481.0,316.05,1.160344939193611,321.06120610834,372.54174567920916,Medium,-320.76
14380,682.0,1.0,-99.72999999999999,1,1,1,111,3,Hibernating/Lost,0,2,0.0,0.0,683.0,0.0,0.15964028714830325,470.98914615257866,75.18884253553182,Low,99.72999999999999
14381,52.0,2.0,631.34,4,2,3,423,9,New Customers,3,3,1.0,399.0,452.0,202.68,0.5351977590011406,216.63137505196656,115.94062645714811,Low,-428.66
14382,26.0,2.0,1240.85,4,2,4,424,10,New Customers,3,3,1.0,364.0,391.0,626.0699999999999,0.6091537257403666,644.455063241561,392.5722028458405,Medium,-614.78
14383,38.0,3.0,1247.69,4,3,4,434,11,Loyal Customers,3,0,2.0,125.0,164.0,502.8,1.9449647497820612,511.3025784748675,994.4654916062934,High,-242.09000000000003
14384,501.0,1.0,58.5,1,1,1,111,3,Hibernating/Lost,0,2,0.0,0.0,501.0,0.0,0.21041849481150834,470.98914615257866,99.10482720598311,Low,-58.5
14385,9.0,3.0,202.11,5,3,1,531,9,Loyal Customers,3,0,2.0,14.0,24.0,73.475,4.949370220381817,79.74136774610656,394.66955085509494,Medium,-55.160000000000025
14386,297.0,1.0,142.4,2,1,1,211,4,Hibernating/Lost,0,2,0.0,0.0,297.0,0.0,0.32716555748263015,470.98914615257866,154.09142656927636,Low,-142.4
14387,33.0,3.0,1770.56,4,3,4,434,11,Loyal Customers,3,0,2.0,77.0,110.0,664.9000000000001,2.524495782456532,674.2469033083438,1702.133463736291,High,-440.75999999999976
14388,10.0,16.0,6589.3,5,5,5,555,15,Champions,1,1,15.0,678.0,689.0,425.24733333333336,3.6912502946409615,426.3222984168283,1573.6623096431294,High,-210.59000000000015
14389,65.0,5.0,1821.07,3,4,4,344,11,Loyal Customers,3,1,4.0,525.0,591.0,417.40250000000003,1.2343459630190194,421.42092038459947,520.17921180849,Medium,-151.4599999999998
14390,10.0,13.0,6323.33,5,5,5,555,15,Champions,1,1,10.0,415.0,426.0,571.9399999999999,3.834358187692515,573.7051857238658,2199.79117620196,High,-603.9300000000003
14391,577.0,1.0,135.6,1,1,1,111,3,Hibernating/Lost,0,2,0.0,0.0,577.0,0.0,0.18574356561772112,470.98914615257866,87.48320337362594,Low,-135.6
14392,432.0,1.0,266.4,1,1,1,111,3,Hibernating/Lost,0,2,0.0,0.0,433.0,0.0,0.23881205236516487,470.98914615257866,112.4778846344139,Low,-266.4
14393,218.0,1.0,67.95,2,1,1,211,4,Hibernating/Lost,0,2,0.0,0.0,219.0,0.0,0.41542311607076615,470.98914615257866,195.65977873021373,Low,-67.95
14394,565.0,1.0,93.8,1,1,1,111,3,Hibernating/Lost,0,2,0.0,0.0,565.0,0.0,0.18924723782550548,470.98914615257866,89.13339495516881,Low,-93.8
14395,2.0,20.0,8160.81,5,5,5,555,15,Champions,1,4,18.0,598.0,601.0,422.85055555555556,4.983551305851253,423.74487586171784,2111.7543294484412,High,-549.5
14396,65.0,7.0,2121.93,3,4,4,344,11,Loyal Customers,3,1,5.0,672.0,738.0,321.392,1.2331460141733523,324.40565560760325,400.03954118780916,Medium,-514.9699999999998
14397,3.0,19.0,2556.68,5,5,4,554,14,Champions,1,1,18.0,211.0,214.0,135.97333333333333,11.784370194589332,136.7023912624656,1610.9515851224887,High,-109.15999999999985
14398,401.0,2.0,707.79,2,2,3,223,7,Hibernating/Lost,0,3,1.0,126.0,528.0,261.3,0.35573976878252,275.86523650753713,98.13623545032645,Low,-446.48999999999995
14399,394.0,8.0,2098.16,2,4,4,244,10,Can't Lose Them,0,1,7.0,280.0,675.0,236.3942857142857,0.3964332188626044,238.41959629923102,94.51744800082683,Low,-443.39999999999986
14400,149.0,3.0,1703.0,3,3,4,334,10,Loyal Customers,0,0,2.0,482.0,632.0,538.11,0.642119221018291,546.7964964876377,351.1085403801726,Medium,-626.78
14401,4.0,22.0,6703.4,5,5,5,555,15,Champions,1,1,21.0,721.0,726.0,294.1061904761905,4.878043881523115,294.8091218424367,1438.0918330207007,High,-527.1700000000001
14402,652.0,1.0,285.6,1,1,2,112,4,Hibernating/Lost,0,2,0.0,0.0,653.0,0.0,0.16625218547183784,470.98914615257866,78.30297488138105,Low,-285.6
14403,130.0,6.0,1822.76,3,4,4,344,11,Loyal Customers,3,1,5.0,509.0,640.0,340.822,1.372683951228594,343.87601124391557,472.03308184702644,Medium,-118.64999999999986
14404,34.0,13.0,2800.11,4,5,4,454,13,Champions,1,1,11.0,686.0,720.0,241.8381818181818,2.6278417868984265,243.13145497750457,638.9109970993,Medium,-139.89000000000033
14405,387.0,1.0,195.0,2,1,1,211,4,Hibernating/Lost,0,2,0.0,0.0,387.0,0.0,0.2628092490546711,470.98914615257866,123.78030381325995,Low,-195.0
14406,119.0,1.0,156.75,3,1,1,311,5,Potential Loyalists,0,2,0.0,0.0,120.0,0.0,0.6324564573140425,470.98914615257866,297.8801268090257,Medium,-156.75
14407,107.0,6.0,2111.08,3,4,4,344,11,Loyal Customers,3,1,5.0,169.0,277.0,360.11,2.6138438440717433,363.2040719496898,949.3587276074873,High,-310.52999999999975
14408,11.0,11.0,4109.77,5,5,5,555,15,Champions,1,1,10.0,722.0,733.0,378.87700000000007,2.370062817759396,380.4419001458571,901.6712018534289,High,-321.0
14409,71.0,9.0,3453.69,3,5,5,355,13,Loyal Customers,1,1,7.0,496.0,568.0,407.6628571428572,2.1068902349772958,409.94210321376164,863.7030141671291,High,-600.0499999999997
14410,92.0,11.0,2122.37,3,5,4,354,12,Loyal Customers,1,1,8.0,345.0,438.0,273.87125000000003,2.9128082926696965,275.69167973466483,803.0370109511698,Medium,68.60000000000036
14411,311.0,1.0,1063.0,2,1,3,213,6,Hibernating/Lost,0,2,0.0,0.0,311.0,0.0,0.3151559889210759,470.98914615257866,148.43505012680907,Low,-1063.0
14412,43.0,3.0,1417.49,4,3,4,434,11,Loyal Customers,3,0,2.0,382.0,425.0,385.015,0.9292530482779736,392.90407569565104,365.1073100210234,Medium,-647.46
14413,362.0,4.0,770.37,2,3,3,233,8,At Risk,0,1,3.0,327.0,690.0,215.89,0.6891844375048202,220.55400889794495,152.0023905617633,Low,-122.70000000000005
14414,92.0,8.0,2387.48,3,4,4,344,11,Loyal Customers,3,1,7.0,283.0,375.0,213.8542857142857,2.916359526406158,215.8461768235749,629.4850540177807,Medium,-890.5
14415,1.0,23.0,11915.13,5,5,5,555,15,Champions,1,-1,22.0,722.0,724.0,526.0031818181818,5.118491255967375,526.7834359341234,2696.3364106172608,High,-343.0599999999995
14416,22.0,2.0,490.22,4,2,2,422,8,New Customers,3,3,1.0,20.0,43.0,129.22,2.4519743688081195,142.40211093517678,349.1663260772239,Medium,-361.0
14417,388.0,1.0,604.2,2,1,3,213,6,Hibernating/Lost,0,2,0.0,0.0,388.0,0.0,0.26223631616077103,470.98914615257866,123.51045863875922,Low,-604.2
14418,4.0,3.0,1937.25,5,3,4,534,12,Loyal Customers,3,0,2.0,105.0,109.0,893.405,2.595840692468781,903.9421096382231,2346.489711834976,High,-150.44000000000005
14419,11.0,7.0,1260.91,5,4,4,544,13,Champions,3,1,6.0,372.0,383.0,176.34333333333333,2.611364862370549,178.60287871580914,466.3972817966928,Medium,-202.85000000000014
14420,99.0,4.0,1627.72,3,3,4,334,10,Loyal Customers,3,1,3.0,592.0,692.0,412.78999999999996,0.8332321441262206,418.13654814242153,348.40481254624655,Medium,-389.35000000000014
14421,57.0,6.0,2456.62,4,4,4,444,12,Champions,3,1,5.0,634.0,692.0,298.87399999999997,1.30858322241651,301.84088627057383,394.9839196130028,Medium,-962.25
14422,1.0,19.0,10200.92,5,5,5,555,15,Champions,1,-1,18.0,722.0,723.0,547.2838888888889,4.217860212954229,548.2498919459129,2312.4414059951214,High,-349.8099999999995
14423,218.0,3.0,914.9599999999999,2,3,3,233,8,At Risk,0,0,2.0,476.0,695.0,335.905,0.5787873981731496,343.53827808570645,198.83562614610997,Low,-243.14999999999998
14424,18.0,1.0,322.08,5,1,2,512,8,New Customers,3,2,0.0,0.0,18.0,0.0,1.3812487825271869,470.98914615257866,650.5531847067685,Medium,-322.08
14425,435.0,3.0,635.89,1,3,3,133,7,At Risk,0,0,2.0,303.0,738.0,219.14499999999998,0.4667202768539187,226.17011418961349,105.55817831065882,Low,-197.60000000000002
14426,24.0,17.0,11103.97,4,5,5,455,14,Champions,1,1,13.0,622.0,646.0,868.5153846153846,3.4036920397220767,870.1095076966855,2961.584805033703,High,186.73000000000138
14427,50.0,4.0,1263.52,4,3,4,434,11,Loyal Customers,3,1,3.0,581.0,632.0,222.80666666666664,0.9118140373558833,227.49465167655148,207.43281682206677,Low,-595.1
14428,7.0,5.0,1230.14,5,4,4,544,13,Champions,3,1,4.0,318.0,326.0,260.32,2.080276395625173,263.9303878625043,549.0481559585644,Medium,-188.86000000000013
14429,404.0,1.0,516.28,2,1,2,212,5,Hibernating/Lost,0,2,0.0,0.0,404.0,0.0,0.25339817482924165,470.98914615257866,119.34778999944638,Low,-516.28
14430,512.0,3.0,956.4000000000001,1,3,3,133,7,At Risk,0,0,1.0,96.0,608.0,585.4,0.2641306963680245,603.35917198605,159.36567825671005,Low,-371.0000000000001
14431,303.0,4.0,2541.6,2,3,4,234,9,At Risk,0,1,3.0,385.0,688.0,692.3166666666666,0.7537906384781067,698.6321732645363,526.622391946422,Medium,-464.6500000000001
14432,10.0,6.0,2255.51,5,4,4,544,13,Champions,3,1,5.0,80.0,90.0,400.152,6.273841915348737,403.32923820749824,2530.423880351878,High,-254.75000000000023
14433,466.0,1.0,289.6,1,1,2,112,4,Hibernating/Lost,0,2,0.0,0.0,466.0,0.0,0.2241334800431882,470.98914615257866,105.56443638974724,Low,-289.6
14434,22.0,6.0,1372.8,4,4,4,444,12,Champions,3,1,5.0,51.0,73.0,212.4,6.909982519855409,215.1872818807399,1486.9403562911114,High,-310.79999999999995
14435,502.0,1.0,90.42,1,1,1,111,3,Hibernating/Lost,0,2,0.0,0.0,502.0,0.0,0.2100512863788108,470.98914615257866,98.93187601980686,Low,-90.42
14436,99.0,2.0,271.70000000000005,3,2,2,322,7,Potential Loyalists,0,3,1.0,455.0,554.0,89.06,0.44420371956809107,101.82156033716049,45.2295158339935,Low,-182.64000000000004
14437,366.0,5.0,829.94,2,4,3,243,9,Can't Lose Them,0,1,4.0,218.0,584.0,148.34,0.6876962556560148,151.65951216454806,104.29567865017752,Low,-236.58000000000004
14438,306.0,1.0,131.9,2,1,1,211,4,Hibernating/Lost,0,2,0.0,0.0,307.0,0.0,0.3184961725700602,470.98914615257866,150.008240371637,Low,-131.9
14439,320.0,5.0,9443.04,2,4,5,245,11,Can't Lose Them,0,-1,4.0,368.0,688.0,1733.995,0.8955802722385703,1741.4333593233514,1559.593362028135,High,-2507.0600000000013
14440,8.0,13.0,6526.83,5,5,5,555,15,Champions,1,1,11.0,729.0,738.0,510.3654545454546,2.578477466381557,511.9119520093813,1319.9534330275867,High,-912.8099999999995
14441,1.0,11.0,4361.59,5,5,5,555,15,Champions,1,5,10.0,690.0,691.0,424.225,2.5035231319811673,425.8369446359538,1066.092641348294,High,-119.34000000000015
14442,205.0,7.0,5272.02,2,4,5,245,11,Can't Lose Them,1,1,5.0,486.0,691.0,905.6539999999999,1.2329628935113637,909.8811535377689,1121.8496998173848,High,-743.7500000000009
14443,54.0,5.0,2351.58,4,4,4,444,12,Champions,3,1,4.0,326.0,380.0,430.925,1.807343850609944,434.97854600190266,786.1558002637934,Medium,-627.8799999999999
14444,456.0,1.0,132.04,1,1,1,111,3,Hibernating/Lost,0,2,0.0,0.0,457.0,0.0,0.2279544859007413,470.98914615257866,107.36408867604017,Low,-132.04
14445,456.0,1.0,221.65,1,1,1,111,3,Hibernating/Lost,0,2,0.0,0.0,456.0,0.0,0.2283871099981759,470.98914615257866,107.56784993029594,Low,-221.65
14446,1.0,5.0,1241.31,5,4,4,544,13,Champions,3,7,4.0,386.0,387.0,259.895,1.8052312907711001,263.50428389597784,475.68617854125046,Medium,-201.73000000000002
14447,19.0,6.0,1711.73,5,4,4,544,13,Champions,3,1,4.0,382.0,401.0,290.8075,1.745288750328921,294.49708122597497,513.9824428683966,Medium,-548.5
14448,9.0,2.0,375.35,5,2,2,522,9,New Customers,3,3,1.0,355.0,365.0,273.0,0.6480696728482327,287.6877574735926,186.44171086835289,Low,-102.35000000000002
14449,19.0,8.0,2482.8,5,4,4,544,13,Champions,1,1,6.0,418.0,437.0,371.16499999999996,2.3298897640089575,373.76162857360765,870.8233925929663,High,-255.8100000000004
14450,181.0,7.0,1128.44,3,4,3,343,10,Loyal Customers,0,1,6.0,430.0,611.0,155.39333333333335,1.605879010060954,157.6166307307927,253.1132389271083,Low,-196.07999999999993
14451,60.0,12.0,3265.59,3,5,5,355,13,Loyal Customers,1,1,11.0,631.0,692.0,290.49454545454546,2.706615192079454,291.8337021240281,789.8815317296844,Medium,-70.15000000000009
14452,11.0,4.0,665.59,5,3,3,533,11,Loyal Customers,3,1,3.0,511.0,522.0,179.42999999999998,1.0873594311300432,183.96762301245172,200.03892990516576,Low,-127.30000000000007
14453,190.0,1.0,119.93,2,1,1,211,4,Hibernating/Lost,0,2,0.0,0.0,191.0,0.0,0.46001745390047855,470.98914615257866,216.6632278278696,Low,-119.93
14454,376.0,5.0,970.7,2,4,3,243,9,Can't Lose Them,0,1,4.0,357.0,734.0,212.84,0.7720862979729581,216.32705531973807,167.02315529320788,Low,-119.34000000000003
14455,432.0,4.0,594.86,1,3,2,132,6,At Risk,0,1,3.0,63.0,496.0,133.95000000000002,0.18188927246452155,138.32996996603836,25.160737597161834,Low,-193.01
14456,5.0,9.0,3047.63,5,5,5,555,15,Champions,1,1,7.0,137.0,143.0,417.1457142857143,6.410640882985259,419.43902034390516,2688.8729317359243,High,-127.61000000000013
14457,311.0,1.0,113.64,2,1,1,211,4,Hibernating/Lost,0,2,0.0,0.0,311.0,0.0,0.3151559889210759,470.98914615257866,148.43505012680907,Low,-113.64
14458,381.0,1.0,237.42,2,1,1,211,4,Hibernating/Lost,0,2,0.0,0.0,381.0,0.0,0.2663002075856835,470.98914615257866,125.42450739103553,Low,-237.42
14459,155.0,2.0,5339.1410000000005,3,2,5,325,10,Potential Loyalists,0,-1,1.0,496.0,652.0,1837.92,0.3803087342068584,1868.9954079180065,710.795277823728,Medium,-3501.2210000000005
14460,110.0,9.0,919.6,3,5,3,353,11,Loyal Customers,3,1,7.0,614.0,725.0,126.73714285714286,1.6793898611947313,128.59986762947793,215.96931384792975,Low,-32.440000000000055
14461,148.0,13.0,6697.6,3,5,5,355,13,Loyal Customers,1,1,11.0,542.0,691.0,582.2827272727272,2.5374410704052286,583.8970435514447,1481.6043391956262,High,-292.4900000000007
14462,66.0,12.0,2231.89,3,5,4,354,12,Loyal Customers,1,1,9.0,366.0,433.0,222.6688888888889,3.3478352903769366,224.22778881938584,750.677704492727,Medium,-227.8699999999999
14463,98.0,4.0,786.5699999999999,3,3,3,333,9,Loyal Customers,3,1,3.0,401.0,500.0,176.54,1.105206372733339,181.06760504182432,200.1170709877875,Low,-256.94999999999993
14464,568.0,2.0,111.0,1,2,1,121,4,Hibernating/Lost,0,3,1.0,59.0,628.0,51.0,0.20464800982001424,63.363000681769556,12.967111985748346,Low,-60.0
14465,247.0,11.0,3946.03,2,5,5,255,12,Can't Lose Them,1,1,9.0,455.0,702.0,406.83444444444444,1.6667946087302923,408.6056524871988,681.0616986623863,Medium,-284.52
14466,29.0,13.0,4646.9,4,5,5,455,14,Champions,1,1,12.0,697.0,727.0,369.0916666666667,2.8313798950206497,370.3870666385692,1048.7064938561184,High,-217.79999999999927
14467,18.0,12.0,2220.9900000000002,5,5,4,554,14,Champions,1,1,11.0,720.0,738.0,191.9227272727273,2.5756929915423368,193.1689295846911,497.5438581150241,Medium,-109.84000000000015
14468,734.0,1.0,204.24,1,1,1,111,3,Hibernating/Lost,0,2,0.0,0.0,734.0,0.0,0.14953132253563808,470.98914615257866,70.42762992412602,Low,-204.24
14469,416.0,4.0,2112.21,1,3,4,134,8,At Risk,0,1,3.0,263.0,680.0,557.6866666666667,0.5957818760221382,563.5354883560352,335.7442304578105,Medium,-439.14999999999986
14470,12.0,3.0,712.04,5,3,3,533,11,Loyal Customers,3,0,2.0,419.0,431.0,230.595,0.9244447151358287,237.6797534206024,219.72179194446278,Low,-250.84999999999997
14471,591.0,2.0,400.95,1,2,2,122,5,Hibernating/Lost,0,3,1.0,141.0,733.0,192.12,0.23449238105699352,205.96079202619333,48.29623652660632,Low,-208.82999999999998
14472,104.0,9.0,2228.22,3,5,4,354,12,Loyal Customers,1,1,8.0,586.0,690.0,242.105,1.9862151592278836,243.88422574778428,484.4065462768045,Medium,-291.3799999999999
14473,74.0,2.0,234.34000000000003,3,2,1,321,6,Potential Loyalists,3,3,1.0,208.0,283.0,149.34000000000003,0.7779094242801039,162.7328051092826,126.59138273404838,Low,-85.0
14474,46.0,2.0,1268.1299999999999,4,2,4,424,10,New Customers,3,3,1.0,533.0,580.0,547.66,0.43143835366734223,565.2239633314401,243.85929619304676,Low,-720.4699999999999
14475,72.0,4.0,1025.1200000000001,3,3,3,333,9,Loyal Customers,3,1,3.0,337.0,409.0,308.6166666666667,1.3210252348334979,313.6021056763917,414.2762952954348,Medium,-99.2700000000001
14476,257.0,1.0,215.7,2,1,1,211,4,Hibernating/Lost,0,2,0.0,0.0,258.0,0.0,0.36603551441004284,470.98914615257866,172.39875439350598,Low,-215.7
14477,20.0,7.0,1960.61,4,4,4,444,12,Champions,3,1,6.0,685.0,705.0,300.76666666666665,1.5259539862912237,303.24149105259653,462.7325620806041,Medium,-156.01
14478,382.0,4.0,1276.66,2,3,4,234,9,At Risk,0,1,3.0,356.0,739.0,331.46,0.6516272589119444,336.52462373026674,219.2886181177272,Low,-282.2800000000002
14479,254.0,4.0,1299.11,2,3,4,234,9,At Risk,0,1,3.0,480.0,734.0,314.66,0.7493901566905721,319.6663877764465,239.55484442450043,Low,-355.1299999999999
14480,11.0,4.0,1295.27,5,3,4,534,12,Loyal Customers,3,1,3.0,707.0,719.0,331.89000000000004,0.8161800167027808,336.95611429337055,275.0168469920673,Low,-299.5999999999999
14481,165.0,5.0,1935.32,3,4,4,344,11,Loyal Customers,0,1,4.0,513.0,678.0,473.79249999999996,1.0615164578033103,477.9573972608965,507.35964332127645,Medium,-40.15000000000009
14482,18.0,12.0,4192.25,5,5,5,555,15,Champions,1,1,9.0,452.0,471.0,424.5788888888889,3.1787329020321704,426.3705529256629,1355.3181050424535,High,-371.03999999999996
14483,282.0,2.0,249.2,2,2,1,221,5,Hibernating/Lost,0,3,1.0,455.0,737.0,137.1,0.32995247791449084,150.36462932940907,49.61318203793245,Low,-112.1
14484,50.0,4.0,1070.98,4,3,3,433,10,Loyal Customers,3,1,3.0,672.0,723.0,211.84333333333333,0.8080090074856551,216.49331476144937,174.92854838767823,Low,-435.45000000000005
14485,39.0,1.0,165.75,4,1,1,411,6,New Customers,3,2,0.0,0.0,39.0,0.0,1.1092667469559951,470.98914615257866,522.4525980042526,Medium,-165.75
14486,512.0,2.0,175.5,1,2,1,121,4,Hibernating/Lost,0,3,1.0,42.0,554.0,78.0,0.22175933473493162,90.64574137266696,20.101539303357292,Low,-97.5
14487,27.0,7.0,1428.11,4,4,4,444,12,Champions,3,1,5.0,353.0,380.0,264.286,2.2206715059354036,267.18104783780126,593.3213398593692,Medium,-106.67999999999984
14488,68.0,1.0,1047.43,3,1,3,313,7,Potential Loyalists,3,2,0.0,0.0,68.0,0.0,0.8729736524498797,470.98914615257866,411.1611151810668,Medium,-1047.43
14489,207.0,4.0,1574.93,2,3,4,234,9,At Risk,0,1,3.0,405.0,613.0,374.6933333333333,0.8865195214294941,379.9078222066653,336.7957007299742,Medium,-450.85000000000014
14490,406.0,2.0,1273.47,2,2,4,224,8,Hibernating/Lost,0,3,1.0,22.0,429.0,796.39,0.28146336701052127,816.5586334072517,229.83134232031497,Low,-477.08000000000004
14491,175.0,2.0,468.13,3,2,2,322,7,Potential Loyalists,0,3,1.0,197.0,373.0,213.73,0.5911227736869781,227.79708929768566,134.65604726346817,Low,-254.4
14492,430.0,7.0,1574.3600000000001,1,4,4,144,9,Can't Lose Them,0,1,5.0,189.0,620.0,283.95,0.2925764925005425,286.88588948640887,83.93606729383177,Low,-154.61000000000013
14493,7.0,10.0,5036.05,5,5,5,555,15,Champions,1,1,9.0,634.0,642.0,508.4944444444444,2.421020128479639,510.3828472722224,1235.6471464768,High,-459.60000000000036
14494,26.0,3.0,401.46,4,3,2,432,9,Loyal Customers,3,0,2.0,706.0,732.0,143.57999999999998,0.5771152665898738,150.211521308419,86.68936216477874,Low,-114.30000000000001
14495,51.0,3.0,166.3,4,3,1,431,8,Loyal Customers,3,0,2.0,609.0,660.0,61.9,0.6314767846219361,68.10607743180992,43.00740678985194,Low,-42.500000000000014
14496,312.0,7.0,2645.88,2,4,4,244,10,Can't Lose Them,0,1,6.0,322.0,634.0,318.995,1.0463646989967257,321.5013633049534,336.40767724162447,Medium,-731.9100000000001
14497,309.0,2.0,679.16,2,2,3,223,7,Hibernating/Lost,0,3,1.0,364.0,674.0,475.37,0.3498541558916853,492.17695131125595,172.19015185034255,Low,-203.78999999999996
14498,43.0,10.0,3911.27,4,5,5,455,14,Champions,1,1,9.0,508.0,551.0,400.2888888888889,2.7558220958522672,402.0525511419896,1107.9853041308686,High,-308.6700000000001
14499,26.0,7.0,2120.62,4,4,4,444,12,Champions,3,1,6.0,443.0,470.0,296.9766666666667,2.184338220941852,299.4449335412261,654.0890134014928,Medium,-338.75999999999976
14500,88.0,3.0,356.85,3,3,2,332,8,Loyal Customers,3,0,2.0,101.0,190.0,36.0,1.6687497798982451,42.07117297044637,70.20626063449338,Low,-284.85
14501,184.0,2.0,190.31,3,2,1,321,6,Potential Loyalists,0,3,1.0,136.0,320.0,184.28,0.6502540861425782,198.03869250705867,128.7754690170485,Low,-6.030000000000001
14502,20.0,11.0,2351.02,4,5,4,454,13,Champions,1,1,7.0,294.0,314.0,317.9871428571428,3.538177075759368,320.1334290633393,1132.6887598961448,High,-125.11000000000013
14503,3.0,6.0,3543.26,5,4,5,545,14,Champions,1,1,5.0,175.0,179.0,589.238,4.037844682627631,592.8079652197348,2393.6664901818117,High,-597.0699999999997
14504,47.0,4.0,673.26,4,3,3,433,10,Loyal Customers,3,1,3.0,231.0,279.0,175.34333333333333,1.8174864445967718,179.86679021892323,326.90545305602416,Medium,-147.23000000000002
14505,17.0,19.0,11718.8,5,5,5,555,15,Champions,1,11,15.0,713.0,731.0,740.5673333333333,3.494736288173006,741.8603005443434,2592.606113067249,High,-610.289999999999
14506,17.0,7.0,3290.67,5,4,5,545,14,Champions,1,1,6.0,582.0,600.0,483.195,1.7648888992682277,485.9854644572064,857.7103514262374,High,-391.5
14507,24.0,11.0,3172.4900000000002,4,5,5,455,14,Champions,1,1,9.0,706.0,730.0,345.8811111111111,2.150730549741626,347.5820514694619,747.5553366372378,Medium,-59.559999999999945
14508,22.0,5.0,856.09,4,4,3,443,11,Champions,3,1,3.0,518.0,541.0,188.77666666666667,1.0516145971780018,193.34668920580728,203.3262006848653,Low,-289.76
14509,534.0,1.0,110.95,1,1,1,111,3,Hibernating/Lost,0,2,0.0,0.0,535.0,0.0,0.19861396823004804,470.98914615257866,93.5450233106457,Low,-110.95
14510,376.0,3.0,991.98,2,3,3,233,8,At Risk,0,0,1.0,61.0,437.0,505.75,0.36416149042293533,522.8750869479028,190.41097096797017,Low,-486.23
14511,11.0,5.0,1267.4099999999999,5,4,4,544,13,Champions,3,1,4.0,122.0,134.0,294.1625,4.031289147904681,297.86079606761314,1200.762994773618,High,-90.75999999999976
14512,188.0,7.0,1223.47,3,4,4,344,11,Loyal Customers,0,1,6.0,545.0,733.0,178.365,1.3927040928694179,180.62804329861146,251.5614151889706,Low,-153.27999999999997
14513,101.0,6.0,770.9100000000001,3,4,3,343,10,Loyal Customers,3,1,5.0,468.0,569.0,103.30999999999999,1.5364941494753728,105.87070461026568,162.6697182345086,Low,-254.36000000000013
14514,61.0,9.0,4594.7300000000005,3,5,5,355,13,Loyal Customers,1,1,8.0,665.0,727.0,467.775,1.921090124705808,469.8469421911582,902.6183207666546,High,-852.5300000000007
14515,18.0,12.0,3718.9,5,5,5,555,15,Champions,1,1,9.0,533.0,551.0,394.79555555555555,2.771003756897528,396.552885032549,1098.849534233747,High,-165.74000000000024
14516,516.0,1.0,163.92,1,1,1,111,3,Hibernating/Lost,0,2,0.0,0.0,517.0,0.0,0.20469319949055378,470.98914615257866,96.40827525129538,Low,-163.92
14517,33.0,2.0,330.45,4,2,2,422,8,New Customers,3,3,1.0,108.0,142.0,78.0,1.3080871618235062,90.64574137266696,118.5725305635595,Low,-252.45
14518,64.0,1.0,174.37,3,1,1,311,5,Potential Loyalists,3,2,0.0,0.0,65.0,0.0,0.8926079489280784,470.98914615257866,420.4086557146402,Medium,-174.37
14519,684.0,2.0,206.09,1,2,1,121,4,Hibernating/Lost,0,3,1.0,45.0,729.0,83.14,0.13958882469877804,95.83956682271187,13.37813249242235,Low,-122.95
14520,2.0,2.0,270.6,5,2,1,521,8,New Customers,3,3,1.0,289.0,291.0,105.60000000000001,0.7823368049091087,118.53476519002876,92.73410946941854,Low,-165.0
14521,491.0,1.0,167.65,1,1,1,111,3,Hibernating/Lost,0,2,0.0,0.0,492.0,0.0,0.21378213936205745,470.98914615257866,100.68906728080701,Low,-167.65
14522,24.0,8.0,1758.6200000000001,4,4,4,444,12,Champions,3,1,7.0,660.0,685.0,222.6314285714286,1.8029084540714435,224.63633332366564,404.99874444084753,Medium,-200.20000000000005
14523,108.0,1.0,241.09,3,1,1,311,5,Potential Loyalists,0,2,0.0,0.0,109.0,0.0,0.6715330972525998,470.98914615257866,316.28480008819855,Medium,-241.09
14524,32.0,13.0,2933.71,4,5,5,455,14,Champions,1,1,7.0,385.0,417.0,314.71857142857147,2.7839936007523876,316.86001140835765,882.1362440951962,High,-730.6799999999998
14525,20.0,17.0,8129.8099999999995,4,5,5,455,14,Champions,1,1,16.0,707.0,727.0,490.0525,3.7363426109616906,491.10223835504985,1834.9262195046374,High,-288.96999999999935
14526,389.0,1.0,262.4,2,1,1,211,4,Hibernating/Lost,0,2,0.0,0.0,390.0,0.0,0.2610979240292292,470.98914615257866,122.97428830073751,Low,-262.4
14527,3.0,122.0,25774.54,5,5,5,555,15,Champions,2,-1,118.0,735.0,738.0,226.90364406779662,26.400433587961967,227.02278868598825,5993.500055658356,High,1000.0900000000001
14528,37.0,1.0,364.21999999999997,4,1,2,412,7,New Customers,3,2,0.0,0.0,38.0,0.0,1.1197433701259325,470.98914615257866,527.3869738056238,Medium,-364.21999999999997
14529,60.0,3.0,620.04,3,3,3,333,9,Loyal Customers,3,0,2.0,50.0,111.0,242.4,2.4038977267331494,249.5462417281853,599.8836432051856,Medium,-135.23999999999995
14530,26.0,16.0,6077.15,4,5,5,455,14,Champions,1,1,15.0,662.0,688.0,399.858,3.6874962171237167,400.9154117133222,1478.374064079473,High,-79.27999999999975
14531,480.0,1.0,376.34,1,1,2,112,4,Hibernating/Lost,0,2,0.0,0.0,480.0,0.0,0.2184381359570055,470.98914615257866,102.88199114155091,Low,-376.34
14532,236.0,11.0,3846.4300000000003,2,5,5,255,12,Can't Lose Them,1,1,10.0,462.0,699.0,358.323,1.7964213820593786,359.8665772110098,646.4720139903803,Medium,-263.2000000000007
14533,25.0,11.0,3185.12,4,5,5,455,14,Champions,1,1,10.0,586.0,611.0,299.091,2.7878366564212893,300.57312931391607,837.9487878365916,Medium,-194.21000000000004
14534,3.0,26.0,5786.42,5,5,5,555,15,Champions,1,1,25.0,632.0,635.0,235.97639999999998,6.52938889051228,236.54270892988018,1544.4793358184395,High,112.98999999999978
14535,60.0,9.0,5872.63,3,5,5,355,13,Loyal Customers,1,1,8.0,593.0,654.0,690.64125,2.112315341021609,693.0022718918189,1463.839330279917,High,-347.5
14536,260.0,1.0,171.8,2,1,1,211,4,Hibernating/Lost,0,2,0.0,0.0,260.0,0.0,0.36381825709487575,470.98914615257866,171.35445026383488,Low,-171.8
14537,58.0,2.0,635.45,4,2,3,423,9,New Customers,3,3,1.0,566.0,624.0,355.56,0.4035614246256364,371.1123156750923,149.76661480995912,Low,-279.89000000000004
14538,65.0,5.0,1370.8400000000001,3,4,4,344,11,Loyal Customers,3,1,4.0,619.0,684.0,229.56,1.0842500676814086,233.0904866616726,252.72837593881098,Low,-452.60000000000014
14539,16.0,2.0,537.48,5,2,2,522,9,New Customers,3,3,1.0,29.0,45.0,465.35,2.435131523369947,482.0520230993007,1173.860077353365,High,-72.13
14540,10.0,11.0,3785.44,5,5,5,555,15,Champions,1,1,10.0,723.0,733.0,363.884,2.370333069586953,365.4333462506462,866.1987453477261,High,-146.5999999999999
14541,59.0,14.0,2499.68,3,5,4,354,12,Loyal Customers,1,1,12.0,643.0,702.0,191.4125,2.903106074442386,192.55432133574573,559.0056199299346,Medium,-202.73000000000002
14542,186.0,1.0,103.25,3,1,1,311,5,Potential Loyalists,0,2,0.0,0.0,186.0,0.0,0.4690119180872667,470.98914615257866,220.8995228353049,Low,-103.25
14543,29.0,39.0,12194.01,4,5,5,455,14,Champions,1,-1,34.0,710.0,739.0,375.62970588235294,7.650443826775412,376.0886437389057,2877.2450428126485,High,577.3999999999996
14544,24.0,3.0,2982.43,4,3,5,435,12,Loyal Customers,3,-1,2.0,446.0,471.0,1012.225,0.8541856458691742,1023.3810033872277,874.1573633485626,High,-957.9799999999998
14545,674.0,1.0,349.25,1,1,2,112,4,Hibernating/Lost,0,2,0.0,0.0,675.0,0.0,0.16135144760907524,470.98914615257866,75.99478053988088,Low,-349.25
14546,5.0,11.0,5001.03,5,5,5,555,15,Champions,1,1,10.0,728.0,734.0,465.017,2.368428097851073,466.67126268393883,1105.2773310002797,High,-350.8599999999997
14547,4.0,8.0,3986.7400000000002,5,4,5,545,14,Champions,1,1,7.0,51.0,55.0,502.4771428571429,10.990753487468899,504.8969676198522,5549.198107680362,High,-469.4000000000001
14548,151.0,9.0,2627.49,3,5,4,354,12,Loyal Customers,1,1,5.0,583.0,734.0,389.442,1.2110346457699097,392.5969937985994,475.4485613152182,Medium,-680.2799999999997
14549,311.0,4.0,916.5500000000001,2,3,3,233,8,At Risk,0,1,3.0,426.0,738.0,200.11,0.7149273946926427,204.7193086984638,146.3594420110716,Low,-316.22
14550,11.0,4.0,1353.31,5,3,4,534,12,Loyal Customers,3,1,3.0,473.0,484.0,354.6000000000001,1.1618037465931192,359.7448368238026,417.9528992394242,Medium,-289.50999999999976
14551,18.0,7.0,858.59,5,4,3,543,12,Champions,3,1,4.0,663.0,682.0,182.7975,1.094740826909339,186.20651787415986,203.84787735346637,Low,-127.39999999999998
14552,152.0,3.0,511.28000000000003,3,3,2,332,8,Loyal Customers,0,0,2.0,441.0,593.0,168.78,0.6775691892065532,175.54277970325924,118.94237891460195,Low,-173.72000000000003
14553,19.0,9.0,1816.04,5,5,4,554,14,Champions,1,1,6.0,490.0,510.0,225.33833333333334,2.0371956378798153,227.68265055475334,463.8341025310578,Medium,-464.01
14554,10.0,4.0,2381.04,5,3,4,534,12,Loyal Customers,3,1,3.0,42.0,53.0,676.4033333333333,5.2356807139222665,682.6636775416121,3574.209050599867,High,-351.8299999999999
14555,57.0,6.0,2306.48,4,4,4,444,12,Champions,3,1,5.0,664.0,722.0,404.996,1.2595216727440377,408.1832990774055,514.1157116401536,Medium,-281.5
14556,596.0,3.0,835.34,1,3,3,133,7,At Risk,0,0,2.0,92.0,689.0,243.315,0.19377882913109706,250.46600765799792,48.53500970110723,Low,-348.71000000000004
14557,85.0,1.0,0.0,3,1,1,311,5,Potential Loyalists,0,2,,,,,,,0.0,Low,
14558,654.0,3.0,614.1,1,3,3,133,7,At Risk,0,0,2.0,77.0,732.0,174.52499999999998,0.13483404295792717,181.3177034920829,24.447799021684208,Low,-265.05000000000007
14559,390.0,1.0,75.6,2,1,1,211,4,Hibernating/Lost,0,2,0.0,0.0,391.0,0.0,0.2605324323206955,470.98914615257866,122.70794784377887,Low,-75.6
14560,7.0,44.0,6050.44,5,5,5,555,15,Champions,1,-1,37.0,730.0,738.0,156.58891891891892,8.363611825490626,156.94926670960464,1312.6627430545316,High,-256.64999999999964
14561,76.0,3.0,1080.76,3,3,3,333,9,Loyal Customers,3,0,2.0,109.0,185.0,429.345,1.729067141997814,437.4649758799077,756.4063155688146,Medium,-222.06999999999994
14562,4.0,26.0,6363.85,5,5,5,555,15,Champions,1,1,23.0,667.0,671.0,286.94347826086954,5.726027008211001,287.5820287725942,1646.7024638279875,High,235.84999999999945
14563,510.0,2.0,679.44,1,2,3,123,6,Hibernating/Lost,0,3,1.0,83.0,593.0,149.65,0.2586914510555508,163.04605139128915,42.1786196232905,Low,-529.7900000000001
14564,435.0,2.0,2519.32,1,2,4,124,7,Hibernating/Lost,0,3,1.0,301.0,736.0,1616.44,0.303179267758882,1645.1960965024525,498.7893478573845,Medium,-902.8800000000001
14565,96.0,5.0,3833.87,3,4,5,345,12,Loyal Customers,3,1,4.0,378.0,474.0,774.78,1.477794887309932,779.7267328488463,1152.2761793029022,High,-734.75
14566,111.0,4.0,4092.0,3,3,5,335,11,Loyal Customers,3,1,3.0,423.0,534.0,1082.3333333333333,1.0408206685910197,1090.0008037757937,1134.4953653506705,High,-845.0
14567,57.0,2.0,1524.46,4,2,4,424,10,New Customers,3,3,1.0,74.0,131.0,729.6,1.3472114093520395,749.0692167129911,1009.1545951501371,High,-794.86
14568,435.0,1.0,909.5,1,1,3,113,5,Hibernating/Lost,0,2,0.0,0.0,436.0,0.0,0.23739854890552198,470.98914615257866,111.81213984687298,Low,-909.5
14569,1.0,4.0,598.98,5,3,2,532,10,Loyal Customers,3,-1,3.0,602.0,604.0,138.51,0.9564179822912326,142.90577686778954,136.67765476965238,Low,-183.45000000000005
14570,281.0,3.0,613.75,2,3,3,233,8,At Risk,0,0,1.0,163.0,444.0,218.06,0.4721412983312881,232.17243252700365,109.61819373003289,Low,-395.69
14571,425.0,1.0,161.65,1,1,1,111,3,Hibernating/Lost,0,2,0.0,0.0,426.0,0.0,0.2421767050038508,470.98914615257866,114.06259950780861,Low,-161.65
14572,3.0,11.0,5573.28,5,5,5,555,15,Champions,1,1,9.0,618.0,622.0,581.7933333333334,2.492171329057456,583.7662359400392,1454.845476081556,High,-337.1399999999994
14573,180.0,13.0,2571.72,3,5,4,354,12,Loyal Customers,1,1,10.0,521.0,701.0,238.267,2.205455245310827,239.68602985935033,528.6168117810316,Medium,-189.04999999999973
14574,733.0,1.0,143.70000000000002,1,1,1,111,3,Hibernating/Lost,0,2,0.0,0.0,733.0,0.0,0.14971720869785526,470.98914615257866,70.51518028895028,Low,-143.70000000000002
14575,488.0,1.0,460.71,1,1,2,112,4,Hibernating/Lost,0,2,0.0,0.0,489.0,0.0,0.21492740858606335,470.98914615257866,101.22847665473638,Low,-460.71
14576,372.0,1.0,70.80000000000001,2,1,1,211,4,Hibernating/Lost,0,2,0.0,0.0,373.0,0.0,0.27110194122884895,470.98914615257866,127.68607181968213,Low,-70.80000000000001
14577,13.0,7.0,1374.25,5,4,4,544,13,Champions,3,1,6.0,716.0,729.0,192.81833333333336,1.4814596176973909,195.10638399280896,289.0422290403071,Medium,-217.33999999999992
14578,3.0,1.0,168.63,5,1,1,511,7,New Customers,3,2,0.0,0.0,4.0,0.0,1.652714350685279,470.98914615257866,778.410520863373,Medium,-168.63
14579,432.0,1.0,105.56,1,1,1,111,3,Hibernating/Lost,0,2,0.0,0.0,433.0,0.0,0.23881205236516487,470.98914615257866,112.4778846344139,Low,-105.56
14580,518.0,1.0,14.850000000000001,1,1,1,111,3,Hibernating/Lost,0,2,0.0,0.0,519.0,0.0,0.20399939373657172,470.98914615257866,96.08150027163161,Low,-14.850000000000001
14581,17.0,2.0,433.8,5,2,2,522,9,New Customers,3,3,1.0,528.0,545.0,138.6,0.4582495051897623,151.88033714557002,69.59908934501175,Low,-295.20000000000005
14582,41.0,1.0,114.11,4,1,1,411,6,New Customers,3,2,0.0,0.0,41.0,0.0,1.0888964513854604,470.98914615257866,512.8584098866108,Medium,-114.11
14583,6.0,8.0,1781.03,5,4,4,544,13,Champions,1,1,7.0,616.0,622.0,217.74285714285716,1.9716540552920365,219.7405137365383,433.2522750206012,Medium,-256.8299999999999
14584,169.0,8.0,1734.91,3,4,4,344,11,Loyal Customers,3,1,7.0,491.0,661.0,221.89714285714285,1.746090343300675,223.90095890292235,390.951302196154,Medium,-181.6300000000001
14585,50.0,5.0,1143.27,4,4,3,443,11,Champions,3,1,4.0,366.0,417.0,230.405,1.6741222191652303,233.937681606884,391.64027067808576,Medium,-221.64999999999998
14586,277.0,1.0,134.16,2,1,1,211,4,Hibernating/Lost,0,2,0.0,0.0,277.0,0.0,0.3460055287560892,470.98914615257866,162.96484855290194,Low,-134.16
14587,19.0,9.0,1598.24,5,5,4,554,14,Champions,1,1,8.0,313.0,332.0,172.53625,3.827141366930846,174.22523815718753,666.7846161147509,Medium,-217.95000000000005
14588,578.0,1.0,135.39,1,1,1,111,3,Hibernating/Lost,0,2,0.0,0.0,579.0,0.0,0.18517220601708279,470.98914615257866,87.21409920317521,Low,-135.39
14589,372.0,1.0,79.5,2,1,1,211,4,Hibernating/Lost,0,2,0.0,0.0,372.0,0.0,0.2717143821262589,470.98914615257866,127.97452483502217,Low,-79.5
14590,425.0,20.0,2884.29,1,5,5,155,11,Can't Lose Them,1,-1,18.0,308.0,733.0,161.01222222222225,0.0006715294029653895,161.75570439272133,0.10862371159709018,Low,13.930000000000291
14591,15.0,4.0,1447.14,5,3,4,534,12,Loyal Customers,3,1,1.0,198.0,214.0,1196.92,0.9893451036434769,1221.2829344785532,1208.270291389694,High,-250.22000000000003
14592,35.0,3.0,570.46,4,3,2,432,9,Loyal Customers,3,0,2.0,29.0,65.0,153.25,3.3096757166881106,159.9318891131057,529.3226897217015,Medium,-263.96000000000004
14593,22.0,12.0,3615.17,4,5,5,455,14,Champions,1,1,7.0,709.0,731.0,468.42285714285714,1.7003814772410253,470.7921904959651,800.5263203490673,Medium,-336.21000000000004
14594,7.0,2.0,634.83,5,2,3,523,10,New Customers,3,3,1.0,366.0,374.0,124.83,0.6352618650363047,137.96613939321236,87.64462702279087,Low,-510.00000000000006
14595,20.0,8.0,2164.45,4,4,4,444,12,Champions,1,1,7.0,669.0,689.0,280.3,1.7946631325206621,282.39040845316794,506.79565502835163,Medium,-202.34999999999968
14596,627.0,1.0,229.47,1,1,1,111,3,Hibernating/Lost,0,2,0.0,0.0,627.0,0.0,0.17244240341964145,470.98914615257866,81.21850034711544,Low,-229.47
14597,11.0,6.0,2201.54,5,4,4,544,13,Champions,3,1,4.0,426.0,438.0,525.26,1.6208088874011723,529.5585876072493,858.3132651934419,High,-100.5
14598,44.0,2.0,221.97,4,2,1,421,7,New Customers,3,3,0.0,0.0,45.0,0.0,1.0503408506142657,470.98914615257866,494.6991403999862,Medium,-221.97
14599,390.0,2.0,474.54,2,2,2,222,6,Hibernating/Lost,0,3,1.0,119.0,510.0,288.9,0.365581536280235,303.7542603248989,111.04694914124296,Low,-185.64000000000004
14600,306.0,2.0,865.1700000000001,2,2,3,223,7,Hibernating/Lost,0,3,1.0,88.0,394.0,393.33000000000004,0.4657714196026468,409.2778384860255,190.62991984353886,Low,-471.84000000000003
14601,11.0,1.0,213.96,5,1,1,511,7,New Customers,3,2,0.0,0.0,11.0,0.0,1.5046783775233217,470.98914615257866,708.6871842639566,Medium,-213.96
14602,656.0,1.0,205.35999999999999,1,1,1,111,3,Hibernating/Lost,0,2,0.0,0.0,657.0,0.0,0.1653391037320635,470.98914615257866,77.87292329239722,Low,-205.35999999999999
14603,275.0,1.0,660.0,2,1,3,213,6,Hibernating/Lost,0,2,0.0,0.0,275.0,0.0,0.34800986137346357,470.98914615257866,163.90886746096487,Low,-660.0
14604,633.0,1.0,143.85999999999999,1,1,1,111,3,Hibernating/Lost,0,2,0.0,0.0,634.0,0.0,0.17073087253847158,470.98914615257866,80.41238787877947,Low,-143.85999999999999
14605,374.0,4.0,937.16,2,3,3,233,8,At Risk,0,1,2.0,357.0,732.0,360.45500000000004,0.5048968274830267,368.2161508473465,185.91116639083683,Low,-216.2499999999999
14606,1.0,192.0,30094.38,5,5,5,555,15,Champions,2,-1,179.0,735.0,737.0,171.05832402234637,40.03435207544248,171.13363053538723,6851.224016802385,High,525.0599999999977
14607,16.0,22.0,18745.56,5,5,5,555,15,Champions,2,-1,13.0,709.0,725.0,1282.2330769230769,3.0702384285088318,1284.1572710357793,3942.669001783081,High,-2076.5300000000025
14608,4.0,11.0,3273.44,5,5,5,555,15,Champions,1,1,9.0,729.0,734.0,349.03555555555556,2.1449256857798287,350.740132392743,752.3115190030122,Medium,-132.1199999999999
14609,72.0,10.0,1366.2,3,5,4,354,12,Loyal Customers,1,1,9.0,596.0,669.0,159.21333333333334,2.3020281375299514,160.6990809896626,369.9338061134078,Medium,66.72000000000003
14610,396.0,2.0,24.35,2,2,1,221,5,Hibernating/Lost,0,3,1.0,119.0,515.0,10.9,0.3609157113082698,22.8430783963997,8.24442588790717,Low,-13.450000000000001
14611,444.0,2.0,599.38,1,2,2,122,5,Hibernating/Lost,0,3,1.0,155.0,599.0,312.93,0.32241704241935937,328.0358995397976,105.76436453699563,Low,-286.45
14612,415.0,1.0,877.7,1,1,3,113,5,Hibernating/Lost,0,2,0.0,0.0,416.0,0.0,0.24715144864408414,470.98914615257866,116.40564976725008,Low,-877.7
14613,680.0,1.0,76.32000000000001,1,1,1,111,3,Hibernating/Lost,0,2,0.0,0.0,681.0,0.0,0.1600646631301428,470.98914615257866,75.3887190168661,Low,-76.32000000000001
14614,386.0,1.0,295.13,2,1,2,212,5,Hibernating/Lost,0,2,0.0,0.0,387.0,0.0,0.2628092490546711,470.98914615257866,123.78030381325995,Low,-295.13
14615,394.0,5.0,934.26,2,4,3,243,9,Can't Lose Them,0,1,4.0,154.0,549.0,162.0275,0.4204676028347328,165.38256638062035,69.5380112367155,Low,-286.15
14616,243.0,5.0,527.78,2,4,2,242,8,Can't Lose Them,0,1,4.0,306.0,549.0,121.32000000000001,1.141766222483754,124.56932586914908,142.22904863496612,Low,-42.49999999999994
14617,403.0,2.0,190.47000000000003,2,2,1,221,5,Hibernating/Lost,0,3,1.0,13.0,416.0,109.0,0.2675962271418572,121.97036957332695,32.63881072092027,Low,-81.47000000000003
14618,9.0,7.0,1295.67,5,4,4,544,13,Champions,3,1,5.0,537.0,547.0,219.31800000000004,1.626954595547773,222.1196503980847,361.37858597662864,Medium,-199.07999999999993
14619,246.0,2.0,1276.31,2,2,4,224,8,Hibernating/Lost,0,3,1.0,296.0,542.0,394.44,0.42747114295040883,410.39946226998455,175.43392720278348,Low,-881.8699999999999
14620,206.0,2.0,393.28000000000003,2,2,2,222,6,Hibernating/Lost,0,3,1.0,78.0,284.0,177.43,0.6647313927534533,191.11696014659026,127.04144309704917,Low,-215.85000000000002
14621,1.0,9.0,2878.27,5,5,4,554,14,Champions,1,5,8.0,682.0,684.0,310.27750000000003,2.0491487258422247,312.14515226320907,639.6318410379821,Medium,-396.0499999999997
14622,185.0,1.0,320.58000000000004,3,1,2,312,6,Potential Loyalists,0,2,0.0,0.0,185.0,0.0,0.4708533465492197,470.98914615257866,221.76681565430118,Low,-320.58000000000004
14623,32.0,10.0,2030.83,4,5,4,454,13,Champions,1,1,9.0,570.0,603.0,199.5888888888889,2.550674293095319,201.12118193724595,512.9946285642799,Medium,-234.52999999999975
14624,57.0,6.0,814.07,4,4,3,443,11,Champions,3,1,5.0,547.0,605.0,112.708,1.4751479127011227,115.28822402715005,170.06718303266982,Low,-250.5300000000001
14625,196.0,11.0,4391.53,2,5,5,255,12,Can't Lose Them,1,1,9.0,527.0,724.0,434.8644444444444,1.9357981742297834,436.66796578470235,845.3010509106604,High,-477.75
14626,24.0,11.0,5374.77,4,5,5,455,14,Champions,1,1,10.0,706.0,730.0,497.45199999999994,2.375006017858559,499.139911092607,1185.4602925983277,High,-400.2500000000009
14627,379.0,1.0,406.40000000000003,2,1,2,212,5,Hibernating/Lost,0,2,0.0,0.0,380.0,0.0,0.26689108588693405,470.98914615257866,125.70280465762161,Low,-406.40000000000003
14628,91.0,5.0,1998.0,3,4,4,344,11,Loyal Customers,3,1,4.0,592.0,684.0,404.7175,1.0783258779235165,408.7029702307454,440.7149891840174,Medium,-379.1300000000001
14629,4.0,2.0,939.21,5,2,3,523,10,New Customers,3,3,1.0,43.0,48.0,354.18,2.4027002452302972,369.7178644842242,888.3212036622673,High,-585.03
14630,484.0,1.0,338.65,1,1,2,112,4,Hibernating/Lost,0,2,0.0,0.0,485.0,0.0,0.21647368277238707,470.98914615257866,101.95675501347077,Low,-338.65
14631,51.0,6.0,2023.17,4,4,4,444,12,Champions,3,1,5.0,437.0,488.0,341.54800000000006,1.7829717150689302,344.60351912821636,614.4183275188248,Medium,-315.42999999999984
14632,263.0,1.0,114.56,2,1,1,211,4,Hibernating/Lost,0,2,0.0,0.0,263.0,0.0,0.36054241492655426,470.98914615257866,169.8115641580465,Low,-114.56
14633,266.0,1.0,344.90000000000003,2,1,2,212,5,Hibernating/Lost,0,2,0.0,0.0,267.0,0.0,0.35626553529821753,470.98914615257866,167.79720027369885,Low,-344.90000000000003
14634,438.0,4.0,1971.82,1,3,4,134,8,At Risk,0,1,2.0,104.0,542.0,188.7,0.3844198966678683,195.56653633918052,75.17966769120069,Low,-1594.42
14635,454.0,1.0,215.22,1,1,1,111,3,Hibernating/Lost,0,2,0.0,0.0,454.0,0.0,0.2292573098630177,470.98914615257866,107.97770462161986,Low,-215.22
14636,36.0,2.0,609.85,4,2,3,423,9,New Customers,3,3,1.0,232.0,269.0,309.66,0.8232419509365569,324.7316565005667,267.33272242838643,Low,-300.19
14637,677.0,1.0,106.67999999999999,1,1,1,111,3,Hibernating/Lost,0,2,0.0,0.0,678.0,0.0,0.16070547766021034,470.98914615257866,75.69053570522478,Low,-106.67999999999999
14638,51.0,1.0,443.6,4,1,2,412,7,New Customers,3,2,0.0,0.0,51.0,0.0,0.9974107826435347,470.98914615257866,469.7696528806536,Medium,-443.6
14639,52.0,9.0,4946.81,4,5,5,455,14,Champions,1,1,6.0,609.0,662.0,705.5816666666666,1.6066651107832466,708.7569076661733,1138.7349955738637,High,-713.3200000000006
14640,24.0,10.0,3464.03,4,5,5,455,14,Champions,1,1,9.0,662.0,687.0,375.65333333333336,2.2721270373140694,377.3885954424515,857.4748312787752,High,-83.15000000000009
14641,22.0,1.0,110.46,4,1,1,411,6,New Customers,3,2,0.0,0.0,22.0,0.0,1.319497517373435,470.98914615257866,621.4690090581614,Medium,-110.46
14642,59.0,1.0,96.12,3,1,1,311,5,Potential Loyalists,3,2,0.0,0.0,59.0,0.0,0.9346755101752721,470.98914615257866,440.22202046717723,Medium,-96.12
14643,170.0,5.0,1654.69,3,4,4,344,11,Loyal Customers,0,1,4.0,558.0,729.0,332.3025,0.9959207510148119,336.0998673224805,334.72883227978343,Medium,-325.48
14644,68.0,7.0,2077.47,3,4,4,344,11,Loyal Customers,3,1,4.0,669.0,737.0,468.83,1.0133345019567235,472.9820068282201,479.288986323766,Medium,-202.14999999999986
14645,157.0,3.0,840.24,3,3,3,333,9,Loyal Customers,0,0,2.0,478.0,635.0,298.545,0.6381630264123102,305.98368230668945,195.26747273361977,Low,-243.14999999999998
14646,2.0,151.0,523342.07,5,5,5,555,15,Champions,2,-1,90.0,736.0,738.0,5807.405333333333,20.170062944436598,5808.204209132326,117151.84449234059,High,-675.5900000000256
14647,201.0,2.0,519.97,2,2,2,222,6,Hibernating/Lost,0,3,1.0,322.0,524.0,243.22,0.44924363964982955,257.59590496341025,115.72332190465401,Low,-276.75
14648,416.0,15.0,4458.21,1,5,5,155,11,Can't Lose Them,1,-1,11.0,308.0,730.0,389.95454545454544,0.05504129958312657,391.38749404721005,21.542476312941655,Low,-168.71000000000004
14649,5.0,9.0,3754.16,5,5,5,555,15,Champions,1,1,7.0,684.0,689.0,463.75714285714287,1.7979332772174628,466.11955847622283,838.0518653463121,High,-507.8599999999997
14650,589.0,1.0,62.5,1,1,1,111,3,Hibernating/Lost,0,2,0.0,0.0,590.0,0.0,0.18209157090351197,470.98914615257866,85.76315350142684,Low,-62.5
14651,67.0,9.0,2034.1200000000001,3,5,4,354,12,Loyal Customers,1,1,7.0,564.0,632.0,236.75285714285715,1.9212001189335501,238.77869937239555,458.74166563304476,Medium,-376.85000000000014
14652,77.0,1.0,114.18,3,1,1,311,5,Potential Loyalists,0,2,0.0,0.0,78.0,0.0,0.8133788715032176,470.98914615257866,383.09262018784847,Medium,-114.18
14653,1.0,12.0,3614.54,5,5,5,555,15,Champions,1,5,10.0,736.0,738.0,328.087,2.357682410976226,329.59921006797015,777.0902602489115,Medium,-333.6700000000001
14654,738.0,1.0,246.86,1,1,1,111,3,Hibernating/Lost,0,2,0.0,0.0,739.0,0.0,0.1486087772250233,470.98914615257866,69.9931210959925,Low,-246.86
14655,8.0,7.0,3829.23,5,4,5,545,14,Champions,1,1,6.0,588.0,597.0,484.3283333333334,1.7750566832150778,487.1207586998326,864.6669582629371,High,-923.2599999999998
14656,169.0,5.0,814.65,3,4,3,343,10,Loyal Customers,0,1,4.0,434.0,604.0,167.55,1.164223372574072,170.91941145154343,198.98837363849137,Low,-144.44999999999993
14657,18.0,6.0,1450.92,5,4,4,544,13,Champions,3,1,5.0,418.0,436.0,245.58800000000002,1.980230410151313,248.44421254764336,491.9767849129398,Medium,-222.98000000000002
14658,5.0,2.0,247.15,5,2,1,521,8,New Customers,3,3,1.0,112.0,118.0,124.01,1.5012219329545349,137.137552453711,205.87390157521395,Low,-123.14
14659,9.0,9.0,2456.53,5,5,4,554,14,Champions,1,1,8.0,307.0,316.0,242.095,3.9968769493405065,243.87421277678934,974.7352195861114,High,-519.7700000000002
14660,87.0,2.0,285.74,3,2,2,322,7,Potential Loyalists,3,3,1.0,14.0,101.0,156.79,1.4479323004480635,170.26082059621535,246.52614164205312,Low,-128.95000000000002
14661,27.0,1.0,107.95,4,1,1,411,6,New Customers,3,2,0.0,0.0,27.0,0.0,1.2497397043087282,470.98914615257866,588.613836245344,Medium,-107.95
14662,29.0,7.0,1416.33,4,4,4,444,12,Champions,3,1,6.0,708.0,737.0,217.60500000000002,1.4639427428495753,219.93593689918643,321.97361871538607,Medium,-110.69999999999982
14663,430.0,2.0,490.6,1,2,2,122,5,Hibernating/Lost,0,3,0.0,0.0,431.0,0.0,0.23976378997776246,470.98914615257866,112.92614271993254,Low,-490.6
14664,20.0,2.0,637.89,4,2,3,423,9,New Customers,3,3,1.0,14.0,34.0,248.85,2.6743071381498775,263.2848616334011,704.1045848330074,Medium,-389.03999999999996
14665,61.0,7.0,2172.33,3,4,4,344,11,Loyal Customers,3,1,4.0,503.0,593.0,477.6325,1.223265178051997,481.80737192315905,589.3781806023479,Medium,-261.79999999999995
14666,24.0,1.0,195.25,4,1,1,411,6,New Customers,3,2,0.0,0.0,25.0,0.0,1.2767283230446989,470.98914615257866,601.3251827396364,Medium,-195.25
14667,11.0,54.0,21720.59,5,5,5,555,15,Champions,2,-1,49.0,727.0,738.0,442.060612244898,11.027156393675817,442.39308211158414,4878.337703924706,High,-59.61999999999898
14668,445.0,1.0,111.63,1,1,1,111,3,Hibernating/Lost,0,2,0.0,0.0,446.0,0.0,0.23280554011040677,470.98914615257866,109.64888255619039,Low,-111.63
14669,242.0,7.0,3243.93,2,4,5,245,11,Can't Lose Them,0,1,4.0,496.0,738.0,604.9375,0.948924338062694,609.4430553552749,578.31534788991,Medium,-824.1799999999998
14670,280.0,3.0,602.0,2,3,3,233,8,At Risk,0,0,1.0,452.0,733.0,411.53,0.33154522289190275,427.66842665544516,141.79142383930892,Low,-190.47000000000003
14671,549.0,2.0,1127.45,1,2,3,123,6,Hibernating/Lost,0,3,1.0,19.0,569.0,183.5,0.16594108733725746,197.25052444265498,32.731966503858445,Low,-943.95
14672,235.0,4.0,1113.14,2,3,3,233,8,At Risk,0,1,3.0,446.0,681.0,319.0933333333333,0.8033193678754039,324.11508893092685,260.36792835887246,Low,-155.86000000000013
14673,3.0,7.0,3410.81,5,4,5,545,14,Champions,1,1,6.0,406.0,410.0,476.19166666666666,2.467965383306897,478.97001385791924,1182.0814138433693,High,-553.6599999999999
14674,509.0,1.0,173.66,1,1,1,111,3,Hibernating/Lost,0,2,0.0,0.0,510.0,0.0,0.20715917422341865,470.98914615257866,97.56972258516123,Low,-173.66
14675,16.0,2.0,1066.9,5,2,3,523,10,New Customers,3,3,1.0,372.0,389.0,604.75,0.6132756583508734,622.9118028145265,382.0166459656082,Medium,-462.1500000000001
14676,31.0,12.0,8285.49,4,5,5,455,14,Champions,1,1,11.0,608.0,640.0,700.079090909091,2.9231080004615575,701.8044905126555,2051.4503209773907,High,-584.619999999999
14677,593.0,1.0,184.91,1,1,1,111,3,Hibernating/Lost,0,2,0.0,0.0,593.0,0.0,0.1812691229770377,470.98914615257866,85.37578945478177,Low,-184.91
14678,579.0,1.0,386.44,1,1,2,112,4,Hibernating/Lost,0,2,0.0,0.0,580.0,0.0,0.18488784357445445,470.98914615257866,87.08016757912382,Low,-386.44
14679,382.0,3.0,1270.3999999999999,2,3,4,234,9,At Risk,0,0,2.0,350.0,732.0,425.34999999999997,0.5013089531250716,433.4491672573923,217.2919482707374,Low,-419.69999999999993
14680,25.0,58.0,54801.34,4,5,5,455,14,Champions,2,-1,50.0,710.0,736.0,1134.2097999999999,11.221660895374125,1134.6791085680272,12732.984181415803,High,1909.1499999999942
14681,71.0,6.0,875.1500000000001,3,4,3,343,10,Loyal Customers,3,1,4.0,582.0,654.0,199.175,1.1270347767963353,202.62655954895249,228.367179314263,Low,-78.45000000000005
14682,188.0,6.0,1514.81,3,4,4,344,11,Loyal Customers,0,1,5.0,485.0,673.0,225.558,1.274925358909466,228.3726107259585,291.1580326948844,Medium,-387.02
14683,588.0,1.0,146.56,1,1,1,111,3,Hibernating/Lost,0,2,0.0,0.0,589.0,0.0,0.18236738272087444,470.98914615257866,85.89305787378518,Low,-146.56
14684,26.0,6.0,1468.55,4,4,4,444,12,Champions,3,1,5.0,365.0,391.0,247.256,2.1685954748945853,250.11567694297887,542.39972521874,Medium,-232.26999999999998
14685,576.0,8.0,4324.31,1,4,5,145,10,Can't Lose Them,0,-1,4.0,150.0,727.0,829.845,0.11728492707464114,834.9347679471492,97.92526337076382,Low,-1004.9300000000003
14686,414.0,5.0,877.88,1,4,3,143,8,Can't Lose Them,0,1,1.0,245.0,660.0,568.86,0.3275450310570448,586.6459671331818,192.1529715241281,Low,-309.02
14687,107.0,3.0,1402.06,3,3,4,334,10,Loyal Customers,3,0,2.0,445.0,552.0,545.2,0.7304128342592038,553.9234259328526,404.59277949818306,Medium,-311.65999999999985
14688,8.0,28.0,7190.08,5,5,5,555,15,Champions,1,-1,26.0,449.0,457.0,282.8573076923077,9.067281190872553,283.4205205610873,2569.8535551908544,High,164.21000000000004
14689,209.0,1.0,112.8,2,1,1,211,4,Hibernating/Lost,0,2,0.0,0.0,209.0,0.0,0.43031809564522433,470.98914615257866,202.6751524419479,Low,-112.8
14690,44.0,4.0,781.24,4,3,3,433,10,Loyal Customers,3,1,3.0,366.0,411.0,184.07000000000002,1.3271797731092185,188.62370722826878,250.33756896223343,Low,-229.02999999999997
14691,31.0,5.0,2114.33,4,4,4,444,12,Champions,3,1,3.0,182.0,213.0,558.2433333333333,2.2522279131569745,564.0940846664097,1270.4684431324215,High,-439.5999999999999
14692,137.0,12.0,1735.59,3,5,4,354,12,Loyal Customers,1,1,11.0,480.0,618.0,143.17909090909092,2.789784069323113,144.37932741171,402.7871475527744,Medium,-160.6199999999999
14693,265.0,7.0,1139.86,2,4,3,243,9,Can't Lose Them,0,1,6.0,261.0,526.0,177.26,1.223456677595205,179.5211314120509,219.63632699551997,Low,-76.29999999999995
14694,617.0,1.0,244.31,1,1,1,111,3,Hibernating/Lost,0,2,0.0,0.0,618.0,0.0,0.17469406744809832,470.98914615257866,82.2790096653008,Low,-244.31
14695,519.0,3.0,1552.57,1,3,4,134,8,At Risk,0,0,1.0,213.0,733.0,636.0400000000001,0.2749529447139831,654.5294678596443,179.96480459008558,Low,-916.5299999999999
14696,4.0,8.0,2758.67,5,4,4,544,13,Champions,1,1,7.0,417.0,422.0,339.0814285714286,2.7730767701233403,341.25899073006127,946.3373797892692,High,-385.0999999999999
14697,218.0,2.0,188.60999999999999,2,2,1,221,5,Hibernating/Lost,0,3,0.0,0.0,219.0,0.0,0.41542311607076615,470.98914615257866,195.65977873021373,Low,-188.60999999999999
14698,2.0,5.0,1250.76,5,4,4,544,13,Champions,3,1,4.0,50.0,52.0,188.18,6.815286416893224,191.60299928552124,1305.829318466615,High,-498.03999999999996
14699,214.0,4.0,702.6,2,3,3,233,8,At Risk,0,1,3.0,311.0,526.0,153.38000000000002,0.9857189065017058,157.82732261977216,155.57337586885376,Low,-242.45999999999992
14700,32.0,5.0,3116.26,4,4,5,445,13,Champions,3,1,4.0,453.0,486.0,693.7225,1.4752962918545236,698.45868045657,1030.4335012911813,High,-341.37000000000035
14701,11.0,15.0,4498.94,5,5,5,555,15,Champions,1,1,10.0,674.0,685.0,406.086,2.5205330830411974,407.6791270473972,1027.56872698832,High,-438.0799999999995
14702,1.0,29.0,6695.72,5,5,5,555,15,Champions,1,-1,28.0,728.0,730.0,220.37571428571428,6.429430955624619,220.87554853295674,1420.1040890783602,High,-525.2000000000007
14703,15.0,1.0,318.17,5,1,2,512,8,New Customers,3,2,0.0,0.0,15.0,0.0,1.4315450678082657,470.98914615257866,674.2421891659504,Medium,-318.17
14704,11.0,11.0,1813.57,5,5,4,554,14,Champions,1,1,10.0,613.0,625.0,169.373,2.7374424308703054,170.72055850227338,467.3377006659994,Medium,-119.83999999999992
14705,199.0,1.0,179.0,2,1,1,211,4,Hibernating/Lost,0,2,0.0,0.0,199.0,0.0,0.44632494072213535,470.98914615257866,210.2142027373188,Low,-179.0
14706,619.0,1.0,390.69,1,1,2,112,4,Hibernating/Lost,0,2,0.0,0.0,619.0,0.0,0.17444098049665588,470.98914615257866,82.15980845813858,Low,-390.69
14707,436.0,2.0,139.2,1,2,1,121,4,Hibernating/Lost,0,3,1.0,141.0,577.0,69.6,0.32825479398899854,82.15777760216554,26.968684361392807,Low,-69.6
14708,3.0,5.0,2182.58,5,4,4,544,13,Champions,3,1,4.0,453.0,456.0,476.71750000000003,1.5678501696595664,480.88999514816686,753.9634604806414,Medium,-275.7099999999998
14709,15.0,25.0,8866.48,5,5,5,555,15,Champions,1,1,22.0,719.0,735.0,392.27863636363634,5.0396638991775475,392.99586830320715,1980.567090013607,High,-236.35000000000036
14710,14.0,13.0,1922.59,5,5,4,554,14,Champions,1,1,12.0,722.0,737.0,156.94916666666666,2.802467463277919,158.06119930050636,442.9613682463557,Medium,-39.200000000000045
14711,10.0,11.0,2838.2,5,5,4,554,14,Champions,1,1,10.0,252.0,263.0,266.82800000000003,5.707932425099171,268.27665933984906,1531.305042743209,High,-169.91999999999962
14712,29.0,4.0,1328.0700000000002,4,3,4,434,11,Loyal Customers,3,1,3.0,389.0,419.0,305.69,1.3106545062396147,310.6652939368175,407.1748674305443,Medium,-411.0000000000002
14713,9.0,21.0,5372.47,5,5,5,555,15,Champions,1,1,20.0,727.0,737.0,262.909,4.58603108632143,263.63092239917535,1209.0196054382109,High,-114.28999999999996
14714,24.0,4.0,896.4,4,3,3,433,10,Loyal Customers,3,1,3.0,663.0,688.0,252.41333333333333,0.8481212266273307,257.2039476570736,218.14012758030904,Low,-139.15999999999997
14715,25.0,8.0,1840.45,4,4,4,444,12,Champions,3,1,7.0,665.0,690.0,222.00285714285715,1.791090052601599,224.00682992847683,401.216404799713,Medium,-286.43000000000006
14716,43.0,3.0,565.45,4,3,2,432,9,Loyal Customers,3,0,2.0,401.0,445.0,164.84,0.8933265857729231,171.5822575573993,153.27899232296184,Low,-235.77000000000004
14717,733.0,1.0,72.8,1,1,1,111,3,Hibernating/Lost,0,2,0.0,0.0,734.0,0.0,0.14953132253563808,470.98914615257866,70.42762992412602,Low,-72.8
14718,410.0,1.0,226.42,2,1,1,211,4,Hibernating/Lost,0,2,0.0,0.0,411.0,0.0,0.24971637656544896,470.98914615257866,117.6137029788766,Low,-226.42
14719,2.0,5.0,1592.18,5,4,4,544,13,Champions,3,1,4.0,248.0,250.0,344.6675,2.5785455758607467,348.49698625447934,898.6153621072912,High,-213.51
14720,6.0,3.0,663.81,5,3,3,533,11,Loyal Customers,3,0,2.0,121.0,127.0,254.005,2.3549647156469575,261.21168830247575,615.1443092669015,Medium,-155.79999999999995
14721,379.0,1.0,115.77,2,1,1,211,4,Hibernating/Lost,0,2,0.0,0.0,380.0,0.0,0.26689108588693405,470.98914615257866,125.70280465762161,Low,-115.77
14722,147.0,3.0,513.37,3,3,2,332,8,Loyal Customers,0,0,2.0,339.0,487.0,153.985,0.7992210080260024,160.67071748295524,128.41141278698854,Low,-205.39999999999998
14723,10.0,11.0,2093.06,5,5,4,554,14,Champions,1,1,9.0,725.0,736.0,216.82555555555555,2.138210400702826,218.37771922603068,466.93751053086027,Medium,-141.62999999999988
14724,590.0,1.0,345.25,1,1,2,112,4,Hibernating/Lost,0,2,0.0,0.0,591.0,0.0,0.18181659285528617,470.98914615257866,85.63364182528227,Low,-345.25
14725,25.0,4.0,1264.84,4,3,4,434,11,Loyal Customers,3,1,2.0,510.0,535.0,524.215,0.7642380259993183,532.8291220671495,407.20827644354813,Medium,-216.40999999999985
14726,655.0,1.0,124.75,1,1,1,111,3,Hibernating/Lost,0,2,0.0,0.0,655.0,0.0,0.16579438647773653,470.98914615257866,78.08735652403976,Low,-124.75
14727,274.0,3.0,291.13,2,3,2,232,7,At Risk,0,0,1.0,272.0,547.0,268.58,0.4166748254859443,283.22147177530496,118.0112573258475,Low,-22.55000000000001
14728,413.0,1.0,190.58,1,1,1,111,3,Hibernating/Lost,0,2,0.0,0.0,414.0,0.0,0.24817106132100666,470.98914615257866,116.88587627136016,Low,-190.58
14729,374.0,3.0,907.38,2,3,3,233,8,At Risk,0,0,1.0,252.0,626.0,626.98,0.35145701623111586,645.3745926500321,226.82142868415212,Low,-280.4
14730,1.0,8.0,2005.06,5,4,4,544,13,Champions,1,5,6.0,275.0,277.0,287.9816666666667,3.4161501226522164,290.4343702655591,992.1674096051089,High,-277.16999999999985
14731,47.0,3.0,380.02,4,3,2,432,9,Loyal Customers,3,0,2.0,165.0,213.0,126.18,1.6064502439346475,132.7208905119817,213.20950693819665,Low,-127.65999999999997
14732,8.0,19.0,5447.52,5,5,5,555,15,Champions,1,1,17.0,722.0,731.0,311.61882352941177,3.9476585762761363,312.49793377089435,1233.6351483192432,High,-150.0
14733,16.0,15.0,16050.6,5,5,5,555,15,Champions,1,-1,14.0,386.0,403.0,969.3592857142858,5.53042239197819,970.9141624532754,5369.565424720344,High,-2479.5699999999997
14734,426.0,4.0,1045.47,1,3,3,133,7,At Risk,0,1,3.0,126.0,552.0,286.02000000000004,0.3858703522337826,290.9271093408863,112.26014615572399,Low,-187.40999999999985
14735,4.0,56.0,11909.710000000001,5,5,5,555,15,Champions,1,-1,39.0,732.0,736.0,298.72333333333336,8.834910767027292,299.10297583124765,2642.548101621394,High,-259.5
14736,485.0,2.0,401.08,1,2,2,122,5,Hibernating/Lost,0,3,0.0,0.0,486.0,0.0,0.21608502961477286,470.98914615257866,101.77370359461653,Low,-401.08
14737,4.0,4.0,3554.17,5,3,5,535,13,Loyal Customers,3,-1,3.0,397.0,401.0,388.18333333333334,1.3679909944872017,393.44458429101263,538.2286481398661,Medium,-2389.62
14738,43.0,9.0,1763.64,4,5,4,454,13,Champions,1,1,8.0,690.0,733.0,188.8375,1.913814879139627,190.54763250035478,364.67289426400856,Medium,-252.94000000000005
14739,4.0,25.0,12269.57,5,5,5,555,15,Champions,1,-1,24.0,733.0,738.0,486.21125,5.47339267641021,486.9092650172983,2665.045605221959,High,-600.5
14740,197.0,11.0,4068.86,2,5,5,255,12,Can't Lose Them,1,1,10.0,455.0,653.0,404.581,2.155922298547633,406.1725657446364,875.6764915471662,High,-23.049999999999727
14741,12.0,7.0,1897.59,5,4,4,544,13,Champions,3,1,6.0,406.0,418.0,264.14000000000004,2.423863706673112,266.5514524114891,646.0843914612135,Medium,-312.7499999999998
14742,435.0,1.0,579.85,1,1,2,112,4,Hibernating/Lost,0,2,0.0,0.0,436.0,0.0,0.23739854890552198,470.98914615257866,111.81213984687298,Low,-579.85
14743,593.0,1.0,50.48,1,1,1,111,3,Hibernating/Lost,0,2,0.0,0.0,593.0,0.0,0.1812691229770377,470.98914615257866,85.37578945478177,Low,-50.48
14744,16.0,14.0,3821.02,5,5,5,555,15,Champions,1,1,11.0,554.0,571.0,342.9218181818182,3.245310815943571,344.3104143720758,1117.3943118037103,High,-48.879999999999654
14745,113.0,12.0,2491.46,3,5,4,354,12,Loyal Customers,1,1,9.0,525.0,638.0,239.61222222222224,2.3521596698983593,241.19065461688982,567.3189305462328,Medium,-334.9499999999998
14746,406.0,4.0,593.5,2,3,2,232,7,At Risk,0,1,2.0,17.0,424.0,158.7,0.1907399107495695,165.41027634532313,31.550341347168562,Low,-276.1
14747,249.0,1.0,294.3,2,1,2,212,5,Hibernating/Lost,0,2,0.0,0.0,250.0,0.0,0.3751823354581328,470.98914615257866,176.7068078289563,Low,-294.3
14748,29.0,10.0,2672.25,4,5,4,454,13,Champions,1,1,6.0,588.0,618.0,403.9916666666666,1.715674226349911,406.64509240120384,697.6705043044235,Medium,-248.30000000000018
14749,480.0,1.0,310.15,1,1,2,112,4,Hibernating/Lost,0,2,0.0,0.0,480.0,0.0,0.2184381359570055,470.98914615257866,102.88199114155091,Low,-310.15
14750,736.0,1.0,112.03,1,1,1,111,3,Hibernating/Lost,0,2,0.0,0.0,737.0,0.0,0.14897642507131617,470.98914615257866,70.16627924120282,Low,-112.03
14751,684.0,2.0,126.45,1,2,1,121,4,Hibernating/Lost,0,3,1.0,42.0,727.0,61.349999999999994,0.13623133969469936,73.82138461328022,10.05678612398483,Low,-65.10000000000001
14752,44.0,1.0,389.64,4,1,2,412,7,New Customers,3,2,0.0,0.0,44.0,0.0,1.0597190186051295,470.98914615257866,499.1161557344786,Medium,-389.64
14753,87.0,2.0,869.51,3,2,3,323,8,Potential Loyalists,3,3,1.0,373.0,461.0,563.15,0.5213527105164788,580.8761727129956,302.84136711835856,Medium,-306.36
14754,45.0,6.0,1546.28,4,4,4,444,12,Champions,3,1,5.0,646.0,691.0,238.26399999999998,1.3131783536253623,241.1050007781965,316.6138679727538,Medium,-354.96000000000004
14755,10.0,25.0,9851.45,5,5,5,555,15,Champions,1,10,21.0,727.0,737.0,453.68571428571425,4.808741637005599,454.46743591745076,2185.416481759419,High,-324.0500000000011
14756,15.0,3.0,2613.46,5,3,4,534,12,Loyal Customers,3,-1,2.0,409.0,425.0,634.03,0.9348823147115182,643.2161117746643,601.3313674356408,Medium,-1345.4
14757,75.0,1.0,420.5,3,1,2,312,6,Potential Loyalists,0,2,0.0,0.0,76.0,0.0,0.8246330158471796,470.98914615257866,388.393200023089,Medium,-420.5
14758,145.0,7.0,2864.97,3,4,4,344,11,Loyal Customers,3,1,6.0,466.0,611.0,403.74499999999995,1.660857159966527,406.39799894839695,674.9690263495141,Medium,-442.5
14759,5.0,3.0,1625.97,5,3,4,534,12,Loyal Customers,3,0,2.0,228.0,233.0,526.86,1.5303341198618736,535.4878989899412,819.4754025974555,Medium,-572.25
14760,297.0,1.0,53.8,2,1,1,211,4,Hibernating/Lost,0,2,0.0,0.0,298.0,0.0,0.3262773901172908,470.98914615257866,153.6731093802346,Low,-53.8
14761,59.0,3.0,447.92,3,3,2,332,8,Loyal Customers,3,0,2.0,386.0,445.0,127.95,0.8899648187449637,134.5001098516193,119.70036588527408,Low,-192.02
14762,264.0,2.0,417.57,2,2,2,222,6,Hibernating/Lost,0,3,1.0,363.0,627.0,300.52,0.3784649249580757,315.4959435407592,119.40414859673072,Low,-117.05000000000001
14764,47.0,1.0,250.55,4,1,1,411,6,New Customers,3,2,0.0,0.0,47.0,0.0,1.032078349029399,470.98914615257866,486.0977003719197,Medium,-250.55
14765,29.0,3.0,254.11,4,3,1,431,8,Loyal Customers,3,0,2.0,147.0,177.0,86.805,1.8554800900275958,93.14079927004387,172.82089861482322,Low,-80.5
14766,8.0,11.0,6431.9800000000005,5,5,5,555,15,Champions,1,1,10.0,543.0,552.0,523.6600000000001,3.0595876958147286,525.3750995462646,1607.4311902591892,High,-1195.38
14767,474.0,1.0,382.81,1,1,2,112,4,Hibernating/Lost,0,2,0.0,0.0,475.0,0.0,0.22043861456635944,470.98914615257866,103.82419485366702,Low,-382.81
14768,17.0,2.0,139.5,5,2,1,521,8,New Customers,3,3,1.0,110.0,128.0,59.400000000000006,1.4150145207273457,71.85096445227097,101.67015802822776,Low,-80.1
14769,3.0,17.0,15696.67,5,5,5,555,15,Champions,1,-1,16.0,721.0,724.0,925.1387500000001,3.758538555901831,926.4704805469881,3482.175022040752,High,-894.4499999999989
14770,232.0,8.0,3624.89,2,4,5,245,11,Can't Lose Them,0,1,7.0,420.0,653.0,385.9085714285714,1.5741512451673982,388.1555629820914,611.0155627869117,Medium,-923.5300000000002
14771,621.0,2.0,579.92,1,2,2,122,5,Hibernating/Lost,0,3,1.0,115.0,737.0,307.25,0.21238932127288446,322.29641927593474,68.45231773869678,Low,-272.66999999999996
14772,112.0,1.0,139.26,3,1,1,311,5,Potential Loyalists,0,2,0.0,0.0,113.0,0.0,0.6567738122284743,470.98914615257866,309.33333703686316,Medium,-139.26
14773,593.0,1.0,125.7,1,1,1,111,3,Hibernating/Lost,0,2,0.0,0.0,593.0,0.0,0.1812691229770377,470.98914615257866,85.37578945478177,Low,-125.7
14774,529.0,1.0,241.45,1,1,1,111,3,Hibernating/Lost,0,2,0.0,0.0,529.0,0.0,0.20059981240328728,470.98914615257866,94.48033436219174,Low,-241.45
14775,58.0,3.0,1418.46,4,3,4,434,11,Loyal Customers,3,0,2.0,314.0,373.0,302.66999999999996,1.0318506767050681,310.13016805584476,320.00802377507995,Medium,-813.1200000000001
14776,51.0,15.0,3339.02,4,5,5,455,14,Champions,1,1,11.0,395.0,447.0,280.9418181818182,3.9680449559927253,282.27196651968467,1120.0678529665822,High,-248.65999999999985
14777,404.0,1.0,239.26,2,1,1,211,4,Hibernating/Lost,0,2,0.0,0.0,404.0,0.0,0.25339817482924165,470.98914615257866,119.34778999944638,Low,-239.26
14778,127.0,2.0,730.86,3,2,3,323,8,Potential Loyalists,0,3,1.0,181.0,309.0,396.81,0.7040754451425872,412.7942806195189,290.6383168795018,Medium,-334.05
14779,281.0,3.0,386.15,2,3,2,232,7,At Risk,0,0,2.0,43.0,324.0,61.8,0.5927700781155373,68.00555656516373,40.311659077422696,Low,-262.54999999999995
14780,55.0,2.0,447.68,4,2,2,422,8,New Customers,3,3,1.0,25.0,80.0,114.88,1.765622425461875,127.91194421267794,225.84419718633248,Low,-332.8
14782,320.0,1.0,200.10000000000002,2,1,1,211,4,Hibernating/Lost,0,2,0.0,0.0,320.0,0.0,0.307891343667266,470.98914615257866,145.01348106161578,Low,-200.10000000000002
14783,659.0,1.0,305.35,1,1,2,112,4,Hibernating/Lost,0,2,0.0,0.0,660.0,0.0,0.16466085235388223,470.98914615257866,77.55347425491081,Low,-305.35
14784,26.0,3.0,449.93,4,3,2,432,9,Loyal Customers,3,0,2.0,363.0,390.0,144.995,1.0032442115397555,151.6338915714626,152.12582399231678,Low,-159.94
14785,10.0,2.0,77.4,5,2,1,521,8,New Customers,3,3,1.0,5.0,16.0,37.92,3.2861191164501937,50.146028524845924,164.7858229495529,Low,-39.480000000000004
14786,550.0,1.0,90.96,1,1,1,111,3,Hibernating/Lost,0,2,0.0,0.0,551.0,0.0,0.1935058474867999,470.98914615257866,91.13915388333899,Low,-90.96
14787,471.0,1.0,110.65,1,1,1,111,3,Hibernating/Lost,0,2,0.0,0.0,472.0,0.0,0.22165660892074682,470.98914615257866,104.3978569746586,Low,-110.65
14788,7.0,3.0,1156.32,5,3,3,533,11,Loyal Customers,3,0,2.0,589.0,597.0,339.72,0.6952087940423275,347.37314914825873,241.4968681020465,Low,-476.8799999999999
14789,29.0,1.0,197.64,4,1,1,411,6,New Customers,3,2,0.0,0.0,29.0,0.0,1.2238805039598608,470.98914615257866,576.4344335528425,Medium,-197.64
14790,17.0,10.0,2526.62,5,5,4,554,14,Champions,1,1,9.0,712.0,729.0,246.42333333333332,2.155376674187581,248.00961765306914,534.5541448636058,Medium,-308.80999999999995
14791,607.0,1.0,303.63,1,1,2,112,4,Hibernating/Lost,0,2,0.0,0.0,607.0,0.0,0.1775273221803609,470.98914615257866,83.61344189248192,Low,-303.63
14792,64.0,1.0,0.0,3,1,1,311,5,Potential Loyalists,3,2,,,,,,,0.0,Low,
14793,21.0,2.0,611.0500000000001,4,2,3,423,9,New Customers,3,3,1.0,514.0,536.0,228.99,0.46462193525601264,243.21689014742992,113.00390218724793,Low,-382.06000000000006
14794,3.0,10.0,1889.15,5,5,4,554,14,Champions,1,1,8.0,485.0,488.0,226.92000000000002,2.7684350560323607,228.67952929193004,633.0844254887583,Medium,-73.78999999999996
14795,166.0,1.0,131.45000000000002,3,1,1,311,5,Potential Loyalists,0,2,0.0,0.0,167.0,0.0,0.5066712476672819,470.98914615257866,238.6366583188748,Low,-131.45000000000002
14796,1.0,27.0,10691.12,5,5,5,555,15,Champions,1,-1,26.0,724.0,726.0,408.6007692307693,6.009704555729973,409.21412223738486,2459.255974679054,High,-67.5
14797,507.0,1.0,300.31,1,1,2,112,4,Hibernating/Lost,0,2,0.0,0.0,508.0,0.0,0.20787470169411748,470.98914615257866,97.90672825763438,Low,-300.31
14798,53.0,8.0,715.11,4,4,3,443,11,Champions,3,1,7.0,596.0,649.0,76.7057142857143,1.8832873564426882,78.49425875151945,147.82724506007742,Low,-178.16999999999996
14799,51.0,2.0,338.15,4,2,2,422,8,New Customers,3,3,1.0,686.0,738.0,157.7,0.3474676494853796,171.18035000468635,59.479633854212956,Low,-180.45
14800,48.0,17.0,7415.59,4,5,5,455,14,Champions,1,1,15.0,388.0,436.0,487.9346666666667,5.441472593394806,489.0529717604208,2661.168342552614,High,-96.56999999999971
14801,61.0,1.0,193.14,3,1,1,311,5,Potential Loyalists,3,2,0.0,0.0,62.0,0.0,0.9131534603832515,470.98914615257866,430.0853686121802,Medium,-193.14
14802,438.0,2.0,-1502.98,1,2,1,121,4,Hibernating/Lost,0,-1,,,,,,,0.0,Low,
14803,162.0,3.0,845.55,3,3,3,333,9,Loyal Customers,0,0,2.0,130.0,293.0,151.7,1.1277760722017889,158.37381568008973,178.6101997873017,Low,-542.15
14804,9.0,1.0,353.27,5,1,2,512,8,New Customers,3,2,0.0,0.0,9.0,0.0,1.5441607156329216,470.98914615257866,727.2829369783045,Medium,-353.27
14805,15.0,7.0,1104.64,5,4,3,543,12,Champions,3,1,6.0,606.0,622.0,151.14333333333335,1.709405165505826,153.3592773209445,262.153140830663,Low,-197.77999999999997
14806,75.0,2.0,303.43,3,2,2,322,7,Potential Loyalists,3,3,1.0,364.0,440.0,193.39000000000001,0.5441871771363828,207.24409131054298,112.77957702847914,Low,-110.03999999999999
14807,391.0,2.0,519.29,2,2,2,222,6,Hibernating/Lost,0,3,1.0,259.0,650.0,169.65,0.33845706482055427,183.25548894010205,62.024114898922484,Low,-349.64
14808,40.0,8.0,2175.37,4,4,4,444,12,Champions,1,1,5.0,133.0,173.0,412.31000000000006,4.03764512058478,415.5124900770961,1677.691978101819,High,-113.81999999999971
14809,621.0,2.0,686.76,1,2,3,123,6,Hibernating/Lost,0,3,0.0,0.0,622.0,0.0,0.17368610417723312,470.98914615257866,81.80426990500285,Low,-686.76
14810,41.0,13.0,2537.02,4,5,4,454,13,Champions,1,1,12.0,389.0,430.0,200.58916666666667,4.476664100621426,201.7389199393838,903.1173805907795,High,-129.94999999999982
14811,387.0,1.0,170.5,2,1,1,211,4,Hibernating/Lost,0,2,0.0,0.0,388.0,0.0,0.26223631616077103,470.98914615257866,123.51045863875922,Low,-170.5
14812,599.0,1.0,185.8,1,1,1,111,3,Hibernating/Lost,0,2,0.0,0.0,599.0,0.0,0.1796463355444766,470.98914615257866,84.61147418753268,Low,-185.8
14813,370.0,4.0,1090.87,2,3,3,233,8,At Risk,0,1,2.0,241.0,611.0,315.265,0.5496560706132836,322.7907712099326,177.42390693348298,Low,-460.3399999999999
14814,581.0,1.0,160.46,1,1,1,111,3,Hibernating/Lost,0,2,0.0,0.0,582.0,0.0,0.18432173320092607,470.98914615257866,86.81353573766758,Low,-160.46
14815,37.0,2.0,778.5,4,2,3,423,9,New Customers,3,3,1.0,31.0,68.0,226.92,1.9747883821388659,241.12521336112775,476.17126998631034,Medium,-551.58
14816,197.0,1.0,271.85,2,1,2,212,5,Hibernating/Lost,0,2,0.0,0.0,198.0,0.0,0.4479916025955869,470.98914615257866,210.99918239002082,Low,-271.85
14817,200.0,7.0,3889.21,2,4,5,245,11,Can't Lose Them,0,1,6.0,427.0,628.0,568.9716666666667,1.5356279887670643,571.9105431204408,878.241837086722,High,-475.3800000000001
14818,74.0,6.0,1170.41,3,4,3,343,10,Loyal Customers,3,1,5.0,574.0,648.0,212.382,1.3831008957225925,215.16924449517873,297.6007747932352,Medium,-108.5
14819,64.0,4.0,470.16,3,3,2,332,8,Loyal Customers,3,1,3.0,654.0,719.0,146.50666666666666,0.810346680396279,150.93016338628456,122.30575687174371,Low,-30.640000000000043
14820,21.0,9.0,1274.76,4,5,4,454,13,Champions,1,1,8.0,656.0,678.0,144.945,2.060456413170583,146.5981995607049,302.05920044411533,Medium,-115.20000000000005
14821,367.0,7.0,1286.45,2,4,4,244,10,Can't Lose Them,0,1,4.0,310.0,677.0,299.25,0.784012673388456,302.96151119632674,237.52566432683878,Low,-89.45000000000005
14822,485.0,1.0,157.70000000000002,1,1,1,111,3,Hibernating/Lost,0,2,0.0,0.0,486.0,0.0,0.21608502961477286,470.98914615257866,101.77370359461653,Low,-157.70000000000002
14823,180.0,3.0,321.43,3,3,2,332,8,Loyal Customers,0,0,1.0,14.0,195.0,110.78,0.777594226323423,123.76900951517129,96.242067196766,Low,-210.65
14824,10.0,10.0,3952.51,5,5,5,555,15,Champions,1,1,9.0,627.0,638.0,358.60111111111115,2.4337450038861737,360.3167152277297,876.9190055021643,High,-725.0999999999999
14825,4.0,24.0,4886.28,5,5,5,555,15,Champions,1,1,22.0,609.0,613.0,211.90363636363637,5.948782970265607,212.53586053575313,1264.3297077258344,High,-224.39999999999964
14826,582.0,2.0,385.2,1,2,2,122,5,Hibernating/Lost,0,3,1.0,114.0,696.0,207.3,0.2312203434615591,221.29975512574234,51.169005388133066,Low,-177.89999999999998
14828,197.0,13.0,9803.460000000001,2,5,5,255,12,Can't Lose Them,1,-1,12.0,536.0,733.0,763.0883333333333,2.317785597779362,764.7242879794395,1772.4669409508224,High,-646.4000000000015
14829,29.0,7.0,1639.94,4,4,4,444,12,Champions,3,1,5.0,407.0,437.0,269.38800000000003,1.9710750954814544,272.29364456741865,536.7112214647179,Medium,-293.0
14830,53.0,1.0,197.13,4,1,1,411,6,New Customers,3,2,0.0,0.0,54.0,0.0,0.9729137947226096,470.98914615257866,458.2318374564671,Medium,-197.13
14831,680.0,3.0,1623.97,1,3,4,134,8,At Risk,0,0,1.0,57.0,738.0,842.82,0.15177796749101818,863.4748426768209,131.05645660111458,Low,-781.15
14832,630.0,1.0,-274.63,1,1,1,111,3,Hibernating/Lost,0,2,,,,,,,0.0,Low,
14833,499.0,1.0,94.8,1,1,1,111,3,Hibernating/Lost,0,2,0.0,0.0,499.0,0.0,0.21115678136924676,470.98914615257866,99.45255216142826,Low,-94.8
14834,18.0,7.0,2184.21,5,4,4,544,13,Champions,3,1,6.0,390.0,408.0,286.71666666666664,2.471282320944118,289.1671815447454,714.6137435487675,Medium,-463.9100000000003
14835,529.0,2.0,293.09999999999997,1,2,2,122,5,Hibernating/Lost,0,3,1.0,89.0,618.0,118.8,0.24977507646221306,131.87299397224527,32.938587152718526,Low,-174.29999999999995
14836,10.0,3.0,102.44999999999999,5,3,1,531,9,Loyal Customers,3,0,2.0,20.0,31.0,13.2,4.595559045066165,19.152415375114742,88.01605571197284,Low,-76.04999999999998
14837,90.0,9.0,3445.82,3,5,5,355,13,Loyal Customers,1,1,8.0,595.0,685.0,397.83,2.009816318677045,399.8112165668759,803.5471074462292,Medium,-263.1800000000003
14838,423.0,2.0,773.6700000000001,1,2,3,123,6,Hibernating/Lost,0,3,1.0,313.0,737.0,654.57,0.3056751237178114,673.2535117486195,205.79685049721027,Low,-119.10000000000002
14839,418.0,3.0,915.28,1,3,3,133,7,At Risk,0,0,2.0,286.0,705.0,245.11,0.48506823712115277,252.2703572142971,122.36833745186257,Low,-425.05999999999995
14840,268.0,2.0,340.21,2,2,2,222,6,Hibernating/Lost,0,3,1.0,272.0,540.0,62.85,0.422604377180905,75.3370924294412,31.83778502476427,Low,-277.35999999999996
14841,53.0,14.0,7163.0,4,5,5,455,14,Champions,1,1,13.0,684.0,738.0,505.04615384615386,2.999336232619728,506.35029497571946,1518.7147861183623,High,-597.3999999999996
14842,44.0,4.0,2456.8,4,3,4,434,11,Loyal Customers,3,1,3.0,265.0,309.0,838.23,1.6792104244267956,845.0513043444029,1419.0189594305818,High,57.88999999999987
14843,437.0,1.0,211.79999999999998,1,1,1,111,3,Hibernating/Lost,0,2,0.0,0.0,437.0,0.0,0.23693109732714998,470.98914615257866,111.59197522710788,Low,-211.79999999999998
14844,64.0,10.0,6688.43,3,5,5,355,13,Loyal Customers,1,1,7.0,543.0,607.0,791.6814285714287,1.9930184423136006,794.5300490566792,1583.5130407422914,High,-1146.6599999999999
14845,600.0,1.0,150.0,1,1,1,111,3,Hibernating/Lost,0,2,0.0,0.0,600.0,0.0,0.1793786941094612,470.98914615257866,84.48541797657973,Low,-150.0
14846,427.0,1.0,406.79999999999995,1,1,2,112,4,Hibernating/Lost,0,2,0.0,0.0,428.0,0.0,0.24120572612752977,470.98914615257866,113.60527899591798,Low,-406.79999999999995
14847,149.0,3.0,1320.6,3,3,4,334,10,Loyal Customers,0,0,2.0,416.0,565.0,522.075,0.7065542711171166,530.6779755209209,374.9527901920913,Medium,-276.4499999999998
14848,405.0,1.0,310.56,2,1,2,212,5,Hibernating/Lost,0,2,0.0,0.0,405.0,0.0,0.25286556030762813,470.98914615257866,119.09693434068316,Low,-310.56
14849,22.0,43.0,15542.44,4,5,5,455,14,Champions,1,-1,21.0,677.0,699.0,719.0785714285714,5.03621470226648,719.9913272504994,3626.030907803321,High,-441.7900000000009
14850,312.0,7.0,1575.21,2,4,4,244,10,Can't Lose Them,0,1,3.0,257.0,569.0,440.23,0.8054419060544112,445.67166686699466,358.9626368357988,Medium,-254.51999999999998
14851,23.0,3.0,829.4100000000001,4,3,3,433,10,Loyal Customers,3,0,2.0,607.0,631.0,255.675,0.6600957781938418,262.8903867754672,173.5328344382321,Low,-318.06000000000006
14852,58.0,18.0,6123.63,4,5,5,455,14,Champions,1,1,11.0,586.0,645.0,518.6718181818183,2.882886753112725,520.2261486421264,1499.7530725432377,High,-418.2399999999989
14853,24.0,5.0,1351.37,4,4,4,444,12,Champions,3,1,4.0,581.0,606.0,239.1,1.2163849422672872,242.65526746323093,295.1622135041153,Medium,-394.9699999999999
14854,78.0,11.0,4302.17,3,5,5,355,13,Loyal Customers,1,1,10.0,608.0,687.0,402.08000000000004,2.4758955724150513,403.66897118104526,999.4422184684889,High,-281.3699999999999
14855,119.0,7.0,6520.3,3,4,5,345,12,Loyal Customers,1,-1,4.0,491.0,611.0,1224.125,1.1806841002795776,1230.2389371754953,1452.5235526679535,High,-1623.8000000000002
14856,36.0,3.0,1311.3799999999999,4,3,4,434,11,Loyal Customers,3,0,1.0,20.0,57.0,308.10999999999996,2.1358189698354,323.16542509053363,690.2228453032826,Medium,-1003.27
14857,60.0,7.0,3578.931,3,4,5,345,12,Loyal Customers,1,1,4.0,575.0,635.0,702.095,1.1597584547356825,706.8529285971412,819.7786601952122,Medium,-770.5509999999999
14858,506.0,1.0,180.75,1,1,1,111,3,Hibernating/Lost,0,2,0.0,0.0,506.0,0.0,0.20859519480703037,470.98914615257866,98.24607269369405,Low,-180.75
14859,13.0,5.0,1703.94,5,4,4,544,13,Champions,3,1,3.0,542.0,555.0,451.24666666666667,1.0297428268756232,456.726521991474,470.3108598645719,Medium,-350.20000000000005
14860,19.0,1.0,168.62,5,1,1,511,7,New Customers,3,2,0.0,0.0,20.0,0.0,1.349658729187219,470.98914615257866,635.6746124572627,Medium,-168.62
14861,52.0,10.0,1318.4,4,5,4,454,13,Champions,1,1,8.0,679.0,732.0,145.71625,1.912754422960184,147.37044994869157,281.8834799529922,Medium,-152.67000000000007
14862,26.0,2.0,841.1999999999999,4,2,3,423,9,New Customers,3,3,1.0,123.0,149.0,537.1,1.273928376496293,554.5533803056669,706.4612874533295,Medium,-304.0999999999999
14863,29.0,1.0,266.76,4,1,1,411,6,New Customers,3,2,0.0,0.0,30.0,0.0,1.2113523663161674,470.98914615257866,570.5338167011573,Medium,-266.76
14865,7.0,4.0,129.72,5,3,1,531,9,Loyal Customers,3,1,3.0,731.0,739.0,32.84,0.7963894147181796,36.86947965111184,29.362463320312788,Low,-31.19999999999999
14866,11.0,19.0,20657.77,5,5,5,555,15,Champions,2,-1,16.0,460.0,471.0,1302.51375,5.508014748032266,1304.090068380855,7182.947329404155,High,182.45000000000073
14867,186.0,16.0,2901.46,3,5,5,355,13,Loyal Customers,1,-1,14.0,549.0,735.0,196.33857142857144,2.605979803887517,197.32080376944123,514.2140295100157,Medium,-152.7199999999998
14868,3.0,12.0,4170.06,5,5,5,555,15,Champions,1,1,9.0,417.0,421.0,397.5288888888889,3.5121505386755714,399.2893693831202,1402.3643737663547,High,-592.3000000000002
14869,9.0,6.0,2776.8,5,4,4,544,13,Champions,3,1,5.0,715.0,724.0,486.55199999999996,1.2648504156604317,489.90868890113626,619.6612087922593,Medium,-344.0400000000004
14870,262.0,6.0,1794.6000000000001,2,4,4,244,10,Can't Lose Them,0,1,4.0,422.0,684.0,376.6,0.9826777513338085,380.5124331041399,373.92110211733245,Medium,-288.20000000000005
14871,3.0,9.0,1258.97,5,5,4,554,14,Champions,1,1,8.0,735.0,739.0,139.24625,1.9094880181730376,140.89205771494926,269.0316960624397,Low,-145.0
14872,484.0,3.0,802.6800000000001,1,3,3,133,7,At Risk,0,0,2.0,150.0,634.0,256.31,0.37985944764383817,263.5286942786705,100.10386424699767,Low,-290.06000000000006
14873,210.0,2.0,854.13,2,2,3,223,7,Hibernating/Lost,0,3,1.0,423.0,634.0,519.68,0.3831956655937785,536.9509602006508,205.75728058530686,Low,-334.45000000000005
14874,535.0,1.0,116.18,1,1,1,111,3,Hibernating/Lost,0,2,0.0,0.0,536.0,0.0,0.1982868144630162,470.98914615257866,93.39093743725078,Low,-116.18
14875,108.0,3.0,2841.55,3,3,4,334,10,Loyal Customers,3,0,2.0,334.0,442.0,732.66,0.8806981055770179,742.3598425478028,653.7949069883032,Medium,-1376.2300000000002
14876,521.0,2.0,256.7,1,2,1,121,4,Hibernating/Lost,0,3,1.0,40.0,562.0,53.1,0.21268241536154703,65.48499162439491,13.927506188606985,Low,-203.6
14877,418.0,2.0,437.0,1,2,2,122,5,Hibernating/Lost,0,3,1.0,224.0,643.0,230.3,0.3299235919210935,244.54060830687717,80.67971586317411,Low,-206.7
14878,13.0,25.0,3812.2200000000003,5,5,5,555,15,Champions,1,-1,20.0,644.0,657.0,182.70999999999998,5.087720192285647,183.39034432470723,933.0387578910305,High,-158.02000000000044
14879,685.0,1.0,185.06,1,1,1,111,3,Hibernating/Lost,0,2,0.0,0.0,685.0,0.0,0.15921815712074425,470.98914615257866,74.99002387428645,Low,-185.06
14880,77.0,3.0,706.19,3,3,3,333,9,Loyal Customers,3,0,2.0,211.0,289.0,288.495,1.25429781992405,295.8813352087472,371.12331370854866,Medium,-129.20000000000005
14881,20.0,1.0,255.4,4,1,1,411,6,New Customers,3,2,0.0,0.0,20.0,0.0,1.349658729187219,470.98914615257866,635.6746124572627,Medium,-255.4
14882,27.0,14.0,3426.55,4,5,5,455,14,Champions,1,1,11.0,593.0,620.0,295.8772727272727,3.010258606831573,297.221505370442,894.7135946768096,High,-171.9000000000001
14883,19.0,6.0,756.64,5,4,3,543,12,Champions,3,1,4.0,193.0,212.0,112.75750000000001,2.9085222619771054,115.98458419060157,337.3437451645225,Medium,-305.60999999999996
14884,669.0,1.0,120.6,1,1,1,111,3,Hibernating/Lost,0,2,0.0,0.0,670.0,0.0,0.1624396909079833,470.98914615257866,76.50733132203985,Low,-120.6
14885,132.0,3.0,1496.12,3,3,4,334,10,Loyal Customers,0,0,2.0,334.0,466.0,678.46,0.8346335830926312,687.8775328255672,574.1256899511222,Medium,-139.19999999999982
14886,253.0,1.0,364.8,2,1,2,212,5,Hibernating/Lost,0,2,0.0,0.0,253.0,0.0,0.3716990577251108,470.98914615257866,175.06622182366797,Low,-364.8
14887,79.0,1.0,1862.0,3,1,4,314,8,Potential Loyalists,0,2,0.0,0.0,80.0,0.0,0.8024299461987893,470.98914615257866,377.93579520742736,Medium,-1862.0
14888,207.0,1.0,369.2,2,1,2,212,5,Hibernating/Lost,0,2,0.0,0.0,208.0,0.0,0.4318667534791868,470.98914615257866,203.40455347284836,Low,-369.2
14889,336.0,1.0,135.9,2,1,1,211,4,Hibernating/Lost,0,2,0.0,0.0,337.0,0.0,0.2950465737286147,470.98914615257866,138.96373383568408,Low,-135.9
14890,254.0,3.0,817.25,2,3,3,233,8,At Risk,0,0,2.0,406.0,660.0,257.73,0.5937767244857081,264.9560905850464,157.3247596001274,Low,-301.78999999999996
14891,148.0,4.0,1106.73,3,3,3,333,9,Loyal Customers,0,1,3.0,288.0,437.0,301.91,1.1992227751061266,306.87219084720795,368.0081203106856,Medium,-201.0
14892,691.0,1.0,202.35000000000002,1,1,1,111,3,Hibernating/Lost,0,2,0.0,0.0,691.0,0.0,0.15796506575815872,470.98914615257866,74.39983144337111,Low,-202.35000000000002
14893,10.0,3.0,1782.26,5,3,4,534,12,Loyal Customers,3,0,2.0,608.0,618.0,618.925,0.6738402796219269,628.0324348677572,423.1935515229291,Medium,-544.4100000000001
14894,85.0,3.0,1412.21,3,3,4,334,10,Loyal Customers,3,0,2.0,652.0,738.0,596.5550000000001,0.567996453124356,605.5459169990042,343.9479330593701,Medium,-219.0999999999999
14895,8.0,38.0,24488.82,5,5,5,555,15,Champions,2,-1,22.0,722.0,730.0,1059.1813636363638,5.07669711183963,1060.2128958501103,5382.379746297385,High,-1186.8299999999945
14896,205.0,8.0,1973.47,2,4,4,244,10,Can't Lose Them,0,1,7.0,529.0,734.0,255.70285714285714,1.5577463811906294,257.75679604780305,401.5197162707563,Medium,-183.54999999999995
14897,8.0,8.0,3100.7400000000002,5,4,5,545,14,Champions,1,1,7.0,717.0,725.0,405.6257142857143,1.7160153491461299,407.90193993753616,699.9659898792947,Medium,-261.3600000000001
14898,23.0,14.0,3356.86,4,5,5,455,14,Champions,1,1,13.0,713.0,737.0,245.64923076923077,3.021301977245763,246.74642060922292,745.49544846496,Medium,-163.42000000000007
14899,395.0,1.0,1384.88,2,1,4,214,7,Hibernating/Lost,0,2,0.0,0.0,396.0,0.0,0.2577413805074567,470.98914615257866,121.39339273339391,Low,-1384.88
14900,522.0,1.0,13.919999999999998,1,1,1,111,3,Hibernating/Lost,0,2,0.0,0.0,523.0,0.0,0.20262581228383086,470.98914615257866,95.43455831603418,Low,-13.919999999999998
14901,11.0,12.0,2277.05,5,5,4,554,14,Champions,1,1,11.0,487.0,499.0,192.39,3.6582258868571733,193.63664295551644,708.36657990399,Medium,-160.76000000000022
14902,26.0,3.0,1000.27,4,3,3,433,10,Loyal Customers,3,0,2.0,528.0,554.0,318.61,0.7409507376782184,326.1531941992477,241.6634498380398,Low,-363.04999999999995
14903,21.0,5.0,2744.48,4,4,4,444,12,Champions,3,1,4.0,257.0,279.0,569.3625000000001,2.350169610579533,573.7756468630906,1348.4700885482494,High,-467.02999999999975
14904,2.0,4.0,1640.64,5,3,4,534,12,Loyal Customers,3,1,3.0,425.0,428.0,421.16333333333336,1.2940772655595256,426.5389070146431,551.9743024442581,Medium,-377.1500000000001
14905,158.0,8.0,1939.69,3,4,4,344,11,Loyal Customers,3,1,7.0,579.0,737.0,244.75571428571428,1.6186262522806871,246.79342214477643,399.466311973725,Medium,-226.4000000000001
14906,445.0,1.0,-66.98,1,1,1,111,3,Hibernating/Lost,0,2,,,,,,,0.0,Low,
14907,3.0,16.0,6094.6900000000005,5,5,5,555,15,Champions,1,1,11.0,599.0,603.0,533.7336363636364,3.097137990360163,535.3021702916088,1657.904687932387,High,-223.6200000000008
14908,74.0,2.0,381.9,3,2,2,322,7,Potential Loyalists,3,3,1.0,389.0,464.0,277.8,0.5204019651307514,292.53802248530775,152.2373617768181,Low,-104.09999999999997
14909,437.0,3.0,1380.98,1,3,4,134,8,At Risk,0,0,2.0,226.0,664.0,526.0899999999999,0.46873314987514997,534.7138883167654,250.6381251527066,Low,-328.8000000000002
14910,3.0,4.0,389.86,5,3,2,532,10,Loyal Customers,3,1,3.0,52.0,55.0,73.31333333333333,5.190010029592842,77.4831107922399,402.1381221357785,Medium,-169.92000000000002
14911,1.0,398.0,270248.53,5,5,5,555,15,Champions,2,-1,247.0,737.0,739.0,1108.1983805668017,55.05517228464996,1108.292275191558,61017.22215241791,High,3476.469999999972
14912,17.0,6.0,748.5799999999998,5,4,3,543,12,Champions,3,1,4.0,666.0,683.0,462.395,1.0935649871885142,466.53029147622556,510.18119222125245,Medium,1101.0
14913,36.0,8.0,4073.13,4,4,5,445,13,Champions,1,1,7.0,450.0,486.0,488.81,2.4386877648476664,491.2095608430996,1197.9067460042625,High,-651.46
14915,91.0,11.0,1752.65,3,5,4,354,12,Loyal Customers,1,1,9.0,645.0,737.0,178.79888888888888,2.099755784690077,180.30721499271866,378.6011177023184,Medium,-143.46000000000004
14916,71.0,8.0,2888.21,3,4,5,345,12,Loyal Customers,1,1,7.0,547.0,618.0,334.64,1.9578324447853317,336.8109769672386,659.4194584663048,Medium,-545.73
14917,597.0,2.0,1123.75,1,2,3,123,6,Hibernating/Lost,0,3,0.0,0.0,597.0,0.0,0.1801840237365208,470.98914615257866,84.86471948999989,Low,-1123.75
14918,116.0,9.0,5955.81,3,5,5,355,13,Loyal Customers,1,1,7.0,495.0,611.0,728.6371428571429,1.940015987336395,731.3922892087782,1418.9127340795937,High,-855.3500000000004
14919,539.0,1.0,359.35,1,1,2,112,4,Hibernating/Lost,0,2,0.0,0.0,540.0,0.0,0.19698891756855302,470.98914615257866,92.7796420871335,Low,-359.35
14920,213.0,3.0,1607.17,2,3,4,234,9,At Risk,0,0,1.0,353.0,566.0,977.77,0.42023400833444824,999.8380225374358,420.16593989609504,Medium,-629.4000000000001
14921,30.0,2.0,1316.07,4,2,4,424,10,New Customers,3,3,1.0,171.0,202.0,413.06,1.025664525845641,429.21444862792936,440.2300339380634,Medium,-903.01
14922,394.0,2.0,843.74,2,2,3,223,7,Hibernating/Lost,0,3,1.0,114.0,508.0,303.45,0.3624608688901052,318.45662614166025,115.42806541511757,Low,-540.29
14923,51.0,1.0,749.1,4,1,3,413,8,New Customers,3,2,0.0,0.0,51.0,0.0,0.9974107826435347,470.98914615257866,469.7696528806536,Medium,-749.1
14924,246.0,3.0,931.01,2,3,3,233,8,At Risk,0,0,2.0,394.0,640.0,310.435,0.6108323732117145,317.9356133509216,194.20536523166547,Low,-310.14
14926,382.0,2.0,337.65,2,2,2,222,6,Hibernating/Lost,0,3,1.0,217.0,599.0,139.2,0.35653532538488664,152.4866202720344,54.366866775531435,Low,-198.45
14927,397.0,1.0,308.2,2,1,2,212,5,Hibernating/Lost,0,2,0.0,0.0,397.0,0.0,0.25719034219649733,470.98914615257866,121.1338596698178,Low,-308.2
14928,628.0,1.0,204.46,1,1,1,111,3,Hibernating/Lost,0,2,0.0,0.0,628.0,0.0,0.17219579933874127,470.98914615257866,81.10235250161452,Low,-204.46
14929,32.0,2.0,836.69,4,2,3,423,9,New Customers,3,3,1.0,389.0,422.0,223.88,0.5702254523095807,238.0533788537082,135.74409563067974,Low,-612.8100000000001
14930,109.0,6.0,5136.64,3,4,5,345,12,Loyal Customers,1,1,4.0,498.0,607.0,1079.9524999999999,1.1918503024977964,1085.691939260121,1293.9822662265944,High,-816.8300000000008
14931,5.0,5.0,964.6800000000001,5,4,3,543,12,Champions,3,1,3.0,236.0,241.0,223.89333333333332,2.0714641172529284,228.5850851926121,473.50580171569965,Medium,-293.0000000000001
14932,366.0,2.0,1029.66,2,2,3,223,7,Hibernating/Lost,0,3,1.0,20.0,386.0,727.06,0.32656145494788164,746.5026181442918,243.77898110360283,Low,-302.60000000000014
14933,444.0,4.0,885.0,1,3,3,133,7,At Risk,0,1,0.0,0.0,444.0,0.0,0.23370984924460841,470.98914615257866,110.074802343166,Low,-885.0
14934,82.0,5.0,2444.1,3,4,4,344,11,Loyal Customers,3,1,2.0,297.0,379.0,945.47,1.0097825098358175,956.2782988575627,965.6331007219156,High,-553.1599999999999
14935,297.0,2.0,2849.83,2,2,4,224,8,Hibernating/Lost,0,3,1.0,322.0,620.0,1784.71,0.3748925936258893,1815.22819931939,680.5156076656988,Medium,-1065.12
14936,34.0,12.0,12378.46,4,5,5,455,14,Champions,1,-1,7.0,550.0,584.0,1602.3328571428572,2.076764317211463,1606.383409557245,3336.0797447289738,High,-1162.1299999999992
14937,57.0,3.0,1617.63,4,3,4,434,11,Loyal Customers,3,0,1.0,74.0,131.0,862.3199999999999,1.3472114093520395,883.1790442869134,1189.8288849639598,High,-755.3100000000002
14938,562.0,2.0,2289.43,1,2,4,124,7,Hibernating/Lost,0,3,0.0,0.0,563.0,0.0,0.1898440870774547,470.98914615257866,89.41450447472619,Low,-2289.43
14940,418.0,2.0,531.49,1,2,2,122,5,Hibernating/Lost,0,3,1.0,316.0,734.0,349.48,0.3078723229399537,364.96864666025317,112.36374504754332,Low,-182.01
14941,579.0,1.0,182.1,1,1,1,111,3,Hibernating/Lost,0,2,0.0,0.0,579.0,0.0,0.18517220601708279,470.98914615257866,87.21409920317521,Low,-182.1
14942,402.0,4.0,706.56,2,3,3,233,8,At Risk,0,1,3.0,328.0,730.0,212.40333333333334,0.62910192268495,217.05525595991006,136.54987885325338,Low,-69.34999999999991
14943,663.0,1.0,107.62,1,1,1,111,3,Hibernating/Lost,0,2,0.0,0.0,664.0,0.0,0.1637651327175319,470.98914615257866,77.13160002819407,Low,-107.62
14944,30.0,19.0,9674.92,4,5,5,455,14,Champions,1,1,11.0,631.0,661.0,785.6063636363637,2.8406982028255707,787.4124164411509,2236.801036266917,High,-1033.25
14945,414.0,1.0,179.4,1,1,1,111,3,Hibernating/Lost,0,2,0.0,0.0,414.0,0.0,0.24817106132100666,470.98914615257866,116.88587627136016,Low,-179.4
14946,14.0,1.0,100.9,5,1,1,511,7,New Customers,3,2,0.0,0.0,15.0,0.0,1.4315450678082657,470.98914615257866,674.2421891659504,Medium,-100.9
14947,72.0,6.0,1049.79,3,4,3,343,10,Loyal Customers,3,1,5.0,552.0,625.0,145.43800000000002,1.4283874263148266,148.08620343921922,211.52447100328015,Low,-322.5999999999999
14948,23.0,6.0,1066.57,4,4,3,443,11,Champions,3,1,5.0,196.0,220.0,164.714,3.437980210185981,167.40223922128592,575.5255855836004,Medium,-243.0
14949,469.0,4.0,498.55,1,3,2,132,6,At Risk,0,1,3.0,252.0,722.0,142.84666666666666,0.5015447377260112,147.2574762677737,73.85621231291488,Low,-70.01000000000005
14950,19.0,1.0,361.25,5,1,2,512,8,New Customers,3,2,0.0,0.0,20.0,0.0,1.349658729187219,470.98914615257866,635.6746124572627,Medium,-361.25
14951,79.0,1.0,311.69,3,1,2,312,6,Potential Loyalists,0,2,0.0,0.0,80.0,0.0,0.8024299461987893,470.98914615257866,377.93579520742736,Medium,-311.69
14952,60.0,32.0,17244.25,3,5,5,355,13,Loyal Customers,1,-1,22.0,677.0,737.0,785.975,4.956084053546507,786.8777745531673,3899.8323905531165,High,47.20000000000073
14953,25.0,4.0,1005.37,4,3,3,433,10,Loyal Customers,3,1,2.0,410.0,436.0,355.895,0.9127611106145138,363.63239932828014,331.9095126663014,Medium,-293.58000000000004
14954,12.0,2.0,503.44,5,2,2,522,9,New Customers,3,3,1.0,691.0,704.0,336.17,0.3645943748290988,351.51926597151817,128.16194701726937,Low,-167.26999999999998
14955,733.0,1.0,163.77,1,1,1,111,3,Hibernating/Lost,0,2,0.0,0.0,733.0,0.0,0.14971720869785526,470.98914615257866,70.51518028895028,Low,-163.77
14956,421.0,1.0,1325.0,1,1,4,114,6,Hibernating/Lost,0,2,0.0,0.0,422.0,0.0,0.24414233998531915,470.98914615257866,114.98839224937802,Low,-1325.0
14957,253.0,2.0,333.29,2,2,2,222,6,Hibernating/Lost,0,3,1.0,391.0,645.0,58.49,0.3716906666049506,70.93143504379998,26.364552374675768,Low,-274.8
14958,147.0,6.0,957.9399999999999,3,4,3,343,10,Loyal Customers,3,1,5.0,589.0,737.0,154.31599999999997,1.208202759741952,156.9826428287807,189.666862297318,Low,-186.36
14959,64.0,4.0,684.97,3,3,3,333,9,Loyal Customers,3,1,3.0,232.0,297.0,172.25333333333333,1.715392754462362,176.7660789631313,303.2232510880772,Medium,-168.21000000000004
14960,8.0,2.0,221.27,5,2,1,521,8,New Customers,3,3,1.0,163.0,172.0,132.97,1.1640543228734928,146.1913804755792,170.17470840944148,Low,-88.30000000000001
14961,11.0,22.0,16328.9,5,5,5,555,15,Champions,1,-1,18.0,725.0,736.0,852.875,4.14521116503632,854.0170460102785,3540.080994253143,High,-977.1499999999996
14962,271.0,4.0,366.91,2,3,2,232,7,At Risk,0,1,3.0,314.0,585.0,81.73333333333333,0.8612667089716106,85.93229809766648,74.0106275769446,Low,-121.71000000000004
14963,10.0,12.0,3158.63,5,5,5,555,15,Champions,1,1,10.0,516.0,526.0,297.482,3.1924028498646444,298.9624601204662,954.4086096911213,High,-183.80999999999995
14964,247.0,1.0,206.21,2,1,1,211,4,Hibernating/Lost,0,2,0.0,0.0,248.0,0.0,0.37754112140522084,470.98914615257866,177.817770408132,Low,-206.21
14965,96.0,2.0,599.0,3,2,2,322,7,Potential Loyalists,0,3,0.0,0.0,97.0,0.0,0.7201075895252524,470.98914615257866,339.1628587284902,Medium,-599.0
14966,15.0,6.0,1115.8400000000001,5,4,3,543,12,Champions,3,1,4.0,710.0,725.0,242.04,1.0361639009544905,245.60290431402564,254.48486341977326,Low,-147.68000000000018
14967,50.0,6.0,1680.52,4,4,4,444,12,Champions,3,1,3.0,687.0,737.0,582.12,0.7942109132355248,588.0535180269682,467.03852158356153,Medium,65.84000000000015
14968,30.0,2.0,504.99,4,2,2,422,8,New Customers,3,3,1.0,428.0,459.0,147.59,0.5308848658435394,160.96447932376142,85.45360601137027,Low,-357.4
14969,704.0,1.0,906.23,1,1,3,113,5,Hibernating/Lost,0,2,0.0,0.0,704.0,0.0,0.15531661155093734,470.98914615257866,73.15243825768772,Low,-906.23
14970,68.0,12.0,3593.4,3,5,5,355,13,Loyal Customers,1,1,9.0,595.0,664.0,502.6166666666667,2.320272792004078,504.49829352648203,1170.5736640819832,High,930.1500000000001
14971,35.0,3.0,1116.57,4,3,3,433,10,Loyal Customers,3,0,1.0,8.0,44.0,500.21,2.367321821733357,517.2770727468816,1224.561302196046,High,-616.3599999999999
14972,128.0,2.0,145.07,3,2,1,321,6,Potential Loyalists,0,3,1.0,253.0,382.0,114.77,0.5985108457763503,127.80079230615947,76.49016029404719,Low,-30.299999999999997
14973,107.0,3.0,1314.45,3,3,4,334,10,Loyal Customers,3,0,2.0,118.0,226.0,329.925,1.4516866252182876,337.52713026026424,489.9836206471364,Medium,-654.6
14974,37.0,1.0,114.39,4,1,1,411,6,New Customers,3,2,0.0,0.0,38.0,0.0,1.1197433701259325,470.98914615257866,527.3869738056238,Medium,-114.39
14975,57.0,2.0,472.39,4,2,2,422,8,New Customers,3,3,1.0,364.0,422.0,279.94,0.5665822543659896,294.7004323030307,166.97203529688286,Low,-192.45
14976,57.0,7.0,765.86,4,4,3,443,11,Champions,3,1,4.0,269.0,327.0,158.72750000000002,2.038879391845122,162.07399440523855,330.44932714686246,Medium,-130.94999999999993
14977,726.0,1.0,31.929999999999996,1,1,1,111,3,Hibernating/Lost,0,2,0.0,0.0,726.0,0.0,0.15103147456557572,470.98914615257866,71.1341852478054,Low,-31.929999999999996
14978,72.0,10.0,3106.34,3,5,5,355,13,Loyal Customers,1,1,9.0,518.0,591.0,321.34444444444443,2.56597442246343,323.0170986590297,828.8536131774167,Medium,-214.24000000000024
14979,735.0,1.0,439.46,1,1,2,112,4,Hibernating/Lost,0,2,0.0,0.0,736.0,0.0,0.14916093243425163,470.98914615257866,70.25318020653066,Low,-439.46
14980,737.0,1.0,150.68,1,1,1,111,3,Hibernating/Lost,0,2,0.0,0.0,738.0,0.0,0.14879237389849828,470.98914615257866,70.07959313646893,Low,-150.68
14981,246.0,2.0,313.52,2,2,2,222,6,Hibernating/Lost,0,3,1.0,177.0,424.0,102.12,0.5061110263657677,115.01832305653532,58.21204153301253,Low,-211.39999999999998
14982,572.0,1.0,237.78,1,1,1,111,3,Hibernating/Lost,0,2,0.0,0.0,573.0,0.0,0.186896938405689,470.98914615257866,88.02642943822654,Low,-237.78
14983,689.0,1.0,183.20000000000002,1,1,1,111,3,Hibernating/Lost,0,2,0.0,0.0,690.0,0.0,0.15817254178903753,470.98914615257866,74.49755040200185,Low,-183.20000000000002
14984,19.0,6.0,1271.41,5,4,4,544,13,Champions,3,1,4.0,678.0,698.0,288.6025,1.0718607263639275,292.2863535878789,313.29026326296764,Medium,-117.0
14985,198.0,2.0,296.75,2,2,2,222,6,Hibernating/Lost,0,3,1.0,160.0,359.0,172.24,0.5936432820185528,185.87261110267332,110.34202689234908,Low,-124.50999999999999
14986,376.0,2.0,566.9,2,2,2,222,6,Hibernating/Lost,0,3,1.0,308.0,685.0,243.51999999999998,0.3317764484552968,257.89904652664245,85.56482971661679,Low,-323.38
14987,16.0,8.0,1632.25,5,4,4,544,13,Champions,3,1,6.0,722.0,738.0,251.16666666666666,1.4644841892582168,253.5556724341328,371.32827337652293,Medium,-125.25
14988,212.0,7.0,2066.6,2,4,4,244,10,Can't Lose Them,0,1,6.0,391.0,603.0,280.66,1.5433303167421182,283.10003554812255,436.9168675321889,Medium,-382.6399999999999
14989,662.0,1.0,342.4,1,1,2,112,4,Hibernating/Lost,0,2,0.0,0.0,662.0,0.0,0.16421177014913377,470.98914615257866,77.34196141074402,Low,-342.4
14990,612.0,2.0,305.42,1,2,2,122,5,Hibernating/Lost,0,3,1.0,118.0,731.0,105.18,0.21766637490539198,118.11036700150369,25.70865542396274,Low,-200.24
14991,430.0,1.0,314.67,1,1,2,112,4,Hibernating/Lost,0,2,0.0,0.0,431.0,0.0,0.23976378997776246,470.98914615257866,112.92614271993254,Low,-314.67
14992,442.0,1.0,210.5,1,1,1,111,3,Hibernating/Lost,0,2,0.0,0.0,443.0,0.0,0.23416464708034065,470.98914615257866,110.28900718748956,Low,-210.5
14993,564.0,1.0,36.13,1,1,1,111,3,Hibernating/Lost,0,2,0.0,0.0,564.0,0.0,0.18954519214885432,470.98914615257866,89.27372820751535,Low,-36.13
14994,382.0,5.0,886.33,2,4,3,243,9,Can't Lose Them,0,1,4.0,241.0,624.0,194.73250000000002,0.6739921124944565,198.17251985179075,133.56671529325806,Low,-107.39999999999998
14995,39.0,2.0,233.23000000000002,4,2,1,421,7,New Customers,3,3,1.0,242.0,281.0,113.92,0.7948719700214892,126.94189121033492,100.90255114461249,Low,-119.31000000000002
14996,481.0,2.0,442.28999999999996,1,2,2,122,5,Hibernating/Lost,0,3,0.0,0.0,482.0,0.0,0.21764808648204856,470.98914615257866,102.50988641392264,Low,-442.28999999999996
14997,46.0,4.0,771.38,4,3,3,433,10,Loyal Customers,3,1,3.0,609.0,656.0,182.06666666666663,0.8825008132700366,186.61342948853738,164.68650329074487,Low,-225.18000000000006
14998,170.0,4.0,770.73,3,3,3,333,9,Loyal Customers,0,1,3.0,435.0,606.0,219.08,0.9132464326733603,223.75506679631917,204.3435165443279,Low,-113.49000000000001
14999,593.0,1.0,129.48000000000002,1,1,1,111,3,Hibernating/Lost,0,2,0.0,0.0,593.0,0.0,0.1812691229770377,470.98914615257866,85.37578945478177,Low,-129.48000000000002
15000,48.0,1.0,490.52,4,1,2,412,7,New Customers,3,2,0.0,0.0,48.0,0.0,1.023185371985427,470.98914615257866,481.9092047072248,Medium,-490.52
15001,394.0,2.0,230.85999999999999,2,2,1,221,5,Hibernating/Lost,0,3,0.0,0.0,395.0,0.0,0.2582947889087922,470.98914615257866,121.65404208381258,Low,-230.85999999999999
15002,116.0,9.0,4817.28,3,5,5,355,13,Loyal Customers,1,1,8.0,581.0,697.0,515.845,1.9581423958258435,517.9792937639547,1014.2772152791287,High,-690.5199999999995
15003,473.0,6.0,1055.7,1,4,3,143,8,Can't Lose Them,0,1,5.0,209.0,683.0,137.75799999999998,0.25375307339374675,140.39025226645134,35.62445798713545,Low,-366.9100000000001
15004,147.0,1.0,1246.32,3,1,4,314,8,Potential Loyalists,0,2,0.0,0.0,148.0,0.0,0.5509388773509037,470.98914615257866,259.4862314257624,Low,-1246.32
15005,16.0,56.0,13763.27,5,5,5,555,15,Champions,1,-1,55.0,723.0,739.0,250.61581818181818,12.32997068856139,250.8759320637743,3093.292888811856,High,20.600000000000364
15006,51.0,2.0,825.14,4,2,3,423,9,New Customers,3,3,1.0,402.0,454.0,502.09,0.5333140465916495,519.17675987647,276.88425870606136,Low,-323.05
15007,159.0,1.0,156.91,3,1,1,311,5,Potential Loyalists,0,2,0.0,0.0,160.0,0.0,0.5221237864542811,470.98914615257866,245.91463636805318,Low,-156.91
15008,480.0,2.0,360.0,1,2,2,122,5,Hibernating/Lost,0,3,1.0,157.0,638.0,240.0,0.2976806622062854,254.3421855180514,75.71275021200744,Low,-120.0
15009,12.0,3.0,1261.78,5,3,4,534,12,Loyal Customers,3,0,2.0,13.0,26.0,334.61,4.821893299168934,342.23653286263834,1650.2280445411645,High,-592.56
15010,36.0,1.0,308.94,4,1,2,412,7,New Customers,3,2,0.0,0.0,36.0,0.0,1.141308103438488,470.98914615257866,537.5437291355124,Medium,-308.94
15011,396.0,2.0,416.6,2,2,2,222,6,Hibernating/Lost,0,3,1.0,21.0,417.0,193.6,0.29171149632160964,207.4562904048055,60.5173848953162,Low,-223.00000000000003
15012,54.0,3.0,860.62,4,3,3,433,10,Loyal Customers,3,0,2.0,523.0,577.0,307.05,0.7112999750726289,314.532982014948,223.72730226675213,Low,-246.51999999999998
15013,488.0,10.0,1641.3,1,5,4,154,10,Can't Lose Them,0,1,9.0,190.0,678.0,157.2711111111111,0.00893263374092147,158.75461975193969,1.4180968729233345,Low,-225.8599999999999
15014,43.0,2.0,260.17,4,2,1,421,7,New Customers,3,3,1.0,133.0,177.0,142.44,1.1188997459825123,155.7605491549421,174.28043888356135,Low,-117.73000000000002
15015,501.0,13.0,2275.82,1,5,4,154,10,Can't Lose Them,0,1,10.0,224.0,726.0,223.24699999999999,0.0068861532442105935,224.65044795405674,1.546977410992191,Low,-43.350000000000364
15016,173.0,5.0,622.3,3,4,3,343,10,Loyal Customers,0,1,3.0,371.0,544.0,162.83333333333334,0.9952687217539473,167.3134252318821,166.52181886280994,Low,-133.79999999999995
15017,34.0,1.0,125.58,4,1,1,411,6,New Customers,3,2,0.0,0.0,34.0,0.0,1.163728872765088,470.98914615257866,548.1036681367317,Medium,-125.58
15018,39.0,3.0,567.51,4,3,2,432,9,Loyal Customers,3,0,2.0,329.0,368.0,192.48000000000002,1.0499110043644522,199.3662250984066,209.31679362941753,Low,-182.54999999999995
15019,267.0,1.0,266.0,2,1,1,211,4,Hibernating/Lost,0,2,0.0,0.0,267.0,0.0,0.35626553529821753,470.98914615257866,167.79720027369885,Low,-266.0
15020,379.0,1.0,203.42,2,1,1,211,4,Hibernating/Lost,0,2,0.0,0.0,380.0,0.0,0.26689108588693405,470.98914615257866,125.70280465762161,Low,-203.42
15021,9.0,12.0,2689.59,5,5,4,554,14,Champions,1,1,10.0,490.0,499.0,253.776,3.3442543094697275,255.2111190583649,853.4908847355284,High,-151.82999999999993
15022,12.0,5.0,1186.09,5,4,3,543,12,Champions,3,1,3.0,666.0,678.0,301.68,0.8608341094095594,306.6413935692687,263.9673709413076,Low,-281.04999999999995
15023,3.0,20.0,12092.19,5,5,5,555,15,Champions,1,-1,18.0,671.0,675.0,637.9777777777778,4.488113057510383,638.9960271844553,2867.8864133038137,High,-608.5900000000001
15024,10.0,16.0,4075.51,5,5,5,555,15,Champions,1,1,11.0,415.0,425.0,301.1781818181818,4.205857148196881,302.52741327955187,1272.3870836673154,High,-762.5500000000002
15025,33.0,2.0,1013.09,4,2,3,423,9,New Customers,3,3,1.0,535.0,569.0,377.01,0.43982798755183716,392.7869374461941,172.7586882336089,Low,-636.08
15026,80.0,5.0,1061.61,3,4,3,343,10,Loyal Customers,3,1,4.0,368.0,449.0,169.4875,1.5562374686500924,172.86194424011987,269.0142345301776,Low,-383.65999999999985
15027,31.0,10.0,2974.04,4,5,5,455,14,Champions,1,1,8.0,594.0,625.0,333.7825,2.213736455143101,335.6806405868742,743.1084713529522,Medium,-303.77999999999975
15028,8.0,6.0,1157.71,5,4,3,543,12,Champions,3,1,4.0,386.0,395.0,249.125,1.7714731290505463,252.70630808541358,447.66243431487896,Medium,-161.21000000000004
15029,620.0,1.0,362.15,1,1,2,112,4,Hibernating/Lost,0,2,0.0,0.0,620.0,0.0,0.17418862641869573,470.98914615257866,82.040952426432,Low,-362.15
15030,72.0,8.0,1964.66,3,4,4,344,11,Loyal Customers,3,1,7.0,574.0,646.0,226.74857142857147,1.8822824734510684,228.75958056215222,430.5901491261568,Medium,-377.41999999999985
15031,4.0,14.0,2857.37,5,5,4,554,14,Champions,1,1,11.0,727.0,732.0,264.2327272727273,2.5988812466452007,265.5471187458141,690.1254270091624,Medium,49.19000000000051
15032,256.0,8.0,13285.65,2,4,5,245,11,Can't Lose Them,1,-1,6.0,473.0,730.0,2045.875,1.2881563416161361,2051.369235398758,2642.4842895751544,High,-1010.3999999999996
15033,5.0,10.0,2571.02,5,5,4,554,14,Champions,1,1,9.0,325.0,330.0,224.0666666666667,4.310513518973493,225.62717797101942,972.5690008919174,High,-554.4199999999998
15034,16.0,14.0,8282.45,5,5,5,555,15,Champions,1,1,12.0,562.0,578.0,633.7066666666666,3.487922124641896,635.2307890688293,2215.6355234468992,High,-677.9700000000012
15035,90.0,1.0,252.73000000000002,3,1,1,311,5,Potential Loyalists,0,2,0.0,0.0,90.0,0.0,0.751854825076943,470.98914615257866,354.1154620936858,Medium,-252.73000000000002
15036,72.0,3.0,465.55,3,3,2,332,8,Loyal Customers,3,0,2.0,107.0,180.0,206.2,1.7670997599455356,213.15768800226402,376.6708992993461,Medium,-53.150000000000034
15037,376.0,2.0,402.51,2,2,2,222,6,Hibernating/Lost,0,3,0.0,0.0,377.0,0.0,0.26867958599642533,470.98914615257866,126.5451687970847,Low,-402.51
15038,59.0,9.0,1269.96,4,5,4,454,13,Champions,3,1,8.0,367.0,426.0,161.51999999999998,3.059451847859021,163.1946989848593,499.28632337002443,Medium,22.199999999999818
15039,10.0,93.0,39742.99,5,5,5,555,15,Champions,2,-1,82.0,720.0,730.0,485.5985365853659,18.54532662845569,485.8026938125172,9009.369633736782,High,76.09000000000378
15040,542.0,1.0,7.49,1,1,1,111,3,Hibernating/Lost,0,2,0.0,0.0,542.0,0.0,0.19634632645889166,470.98914615257866,92.47698864906884,Low,-7.49
15041,170.0,2.0,294.02,3,2,2,322,7,Potential Loyalists,0,3,1.0,274.0,445.0,180.35,0.519199564278197,194.06753802871694,100.75978118505226,Low,-113.66999999999999
15042,199.0,2.0,315.45,2,2,2,222,6,Hibernating/Lost,0,3,1.0,396.0,596.0,135.93,0.4049682542544761,149.1823772328035,60.41412687350113,Low,-179.51999999999998
15043,31.0,6.0,2873.7999999999997,4,4,4,444,12,Champions,3,1,5.0,502.0,534.0,491.22799999999995,1.655688872618253,494.59440083913915,818.8944459286547,Medium,-417.65999999999985
15044,19.0,35.0,15841.53,5,5,5,555,15,Champions,1,-1,27.0,704.0,724.0,553.0555555555555,6.234869153572218,553.7016501305417,3452.257338680951,High,-909.0300000000007
15045,152.0,2.0,633.66,3,2,3,323,8,Potential Loyalists,0,3,1.0,106.0,258.0,346.76,0.7759410396486246,362.2201631536146,281.0614899791101,Medium,-286.9
15046,9.0,25.0,7583.38,5,5,5,555,15,Champions,1,-1,24.0,685.0,695.0,305.6879166666667,5.777137516323212,306.307946878409,1769.5831314591942,High,-246.8699999999999
15047,270.0,1.0,343.62,2,1,2,212,5,Hibernating/Lost,0,2,0.0,0.0,270.0,0.0,0.35312404449020524,470.98914615257866,166.31759220038697,Low,-343.62
15048,65.0,4.0,479.27,3,3,2,332,8,Loyal Customers,3,1,3.0,303.0,369.0,95.11666666666667,1.4414050056612955,99.3620237632594,143.2209184249987,Low,-193.91999999999996
15049,274.0,1.0,121.17000000000002,2,1,1,211,4,Hibernating/Lost,0,2,0.0,0.0,274.0,0.0,0.3490207829840967,470.98914615257866,164.38500056718416,Low,-121.17000000000002
15050,25.0,5.0,4138.87,4,4,5,445,13,Champions,3,1,3.0,455.0,481.0,950.7666666666668,1.1649678401024037,957.9780710183961,1116.013644259768,High,-1286.5699999999997
15051,23.0,9.0,3920.16,4,5,5,455,14,Champions,1,1,8.0,715.0,739.0,419.3925,1.9050576295969277,421.401685274769,802.794495657702,Medium,-565.02
15052,319.0,1.0,215.78,2,1,1,211,4,Hibernating/Lost,0,2,0.0,0.0,320.0,0.0,0.307891343667266,470.98914615257866,145.01348106161578,Low,-215.78
15053,5.0,3.0,697.79,5,3,3,533,11,Loyal Customers,3,0,2.0,277.0,282.0,237.57,1.3172411339007197,244.69108386917424,322.3171607712272,Medium,-222.64999999999998
15054,12.0,2.0,302.1,5,2,2,522,9,New Customers,3,3,1.0,28.0,41.0,133.68,2.532920668885871,146.90881550856207,372.10837524317805,Medium,-168.42000000000002
15055,475.0,3.0,560.07,1,3,2,132,6,At Risk,0,0,2.0,249.0,724.0,152.35,0.43239096515339187,159.02720131329,68.76192506149621,Low,-255.37000000000006
15056,520.0,1.0,133.45,1,1,1,111,3,Hibernating/Lost,0,2,0.0,0.0,521.0,0.0,0.2033102804979677,470.98914615257866,95.75693541577907,Low,-133.45
15057,275.0,5.0,3184.56,2,4,5,245,11,Can't Lose Them,0,1,4.0,459.0,735.0,737.965,0.924141270508769,742.8161033719732,686.4670175245484,Medium,-232.69999999999982
15058,25.0,16.0,3377.18,4,5,5,455,14,Champions,1,1,12.0,628.0,654.0,258.865,3.117566015849693,260.0651245299227,810.7701941422054,Medium,-270.7999999999997
15059,41.0,19.0,3427.62,4,5,5,455,14,Champions,1,1,15.0,693.0,734.0,216.17533333333333,3.4671745674161074,217.10575274638592,752.7435443619989,Medium,-184.98999999999978
15060,8.0,4.0,303.09,5,3,2,532,10,Loyal Customers,3,1,1.0,1.0,10.0,16.61,3.5497148125923927,28.612872816585785,101.56753846785678,Low,-286.47999999999996
15061,4.0,127.0,136391.48,5,5,5,555,15,Champions,2,-1,66.0,735.0,739.0,2035.3203030303032,14.804635403886692,2035.8173370086254,30139.53342332422,High,-2060.3399999999965
15062,71.0,8.0,2585.62,3,4,4,344,11,Loyal Customers,1,1,7.0,539.0,611.0,285.6985714285714,1.9769208036952168,287.79698420411887,568.9518453138663,Medium,-585.73
15063,213.0,1.0,370.79999999999995,2,1,2,212,5,Hibernating/Lost,0,2,0.0,0.0,214.0,0.0,0.4227390100581703,470.98914615257866,199.105485392684,Low,-370.79999999999995
15064,410.0,4.0,1254.41,2,3,4,234,9,At Risk,0,1,3.0,307.0,718.0,309.8066666666667,0.6156796049194201,314.7962307231207,193.81361896173357,Low,-324.99
15065,38.0,5.0,3304.71,4,4,5,445,13,Champions,3,1,4.0,373.0,411.0,789.5325,1.7012436644156543,794.5175534751555,1351.6679541166343,High,-146.57999999999993
15066,53.0,1.0,760.59,4,1,3,413,8,New Customers,3,2,0.0,0.0,54.0,0.0,0.9729137947226096,470.98914615257866,458.2318374564671,Medium,-760.59
15067,78.0,5.0,3865.13,3,4,5,345,12,Loyal Customers,3,1,3.0,529.0,608.0,1037.7466666666667,0.938551827089757,1045.2595807364487,981.0302892832674,High,-751.8900000000003
15068,46.0,4.0,1176.85,4,3,3,433,10,Loyal Customers,3,1,3.0,575.0,622.0,280.66,0.9255028444324156,285.548529298477,264.2759760892334,Low,-334.8699999999999
15069,179.0,1.0,1109.53,3,1,3,313,7,Potential Loyalists,0,2,0.0,0.0,180.0,0.0,0.48028260073809936,470.98914615257866,226.20789203357725,Low,-1109.53
15070,373.0,3.0,843.25,2,3,3,233,8,At Risk,0,0,2.0,352.0,725.0,259.225,0.5086757127656509,266.458877541407,135.5411594561105,Low,-324.79999999999995
15071,94.0,4.0,1455.56,3,3,4,334,10,Loyal Customers,3,1,3.0,477.0,571.0,429.77333333333337,0.987871811668378,435.178752940976,429.9008230673874,Medium,-166.23999999999978
15072,479.0,1.0,187.51999999999998,1,1,1,111,3,Hibernating/Lost,0,2,0.0,0.0,480.0,0.0,0.2184381359570055,470.98914615257866,102.88199114155091,Low,-187.51999999999998
15073,10.0,8.0,2357.04,5,4,4,544,13,Champions,1,1,6.0,672.0,682.0,313.02333333333337,1.574457097100818,315.51936437652745,496.7717025153627,Medium,-478.89999999999964
15074,105.0,3.0,1566.33,3,3,4,334,10,Loyal Customers,3,0,2.0,362.0,468.0,603.335,0.8405045628936538,612.361231757616,514.6924094314545,Medium,-359.65999999999985
15075,78.0,1.0,773.03,3,1,3,313,7,Potential Loyalists,0,2,0.0,0.0,78.0,0.0,0.8133788715032176,470.98914615257866,383.09262018784847,Medium,-773.03
15076,173.0,3.0,1425.84,3,3,4,334,10,Loyal Customers,0,0,1.0,350.0,523.0,880.85,0.45568159060258695,901.9030881758886,410.9806337893741,Medium,-544.9899999999999
15077,495.0,2.0,2423.88,1,2,4,124,7,Hibernating/Lost,0,3,1.0,236.0,731.0,1554.6,0.28531502861594615,1582.708515601523,451.5705254195502,Medium,-869.2800000000002
15078,7.0,53.0,17576.52,5,5,5,555,15,Champions,2,-1,35.0,728.0,736.0,495.76800000000003,7.938325497825299,496.24940444523963,3939.389300588265,High,-224.63999999999942
15079,213.0,11.0,3686.75,2,5,5,255,12,Can't Lose Them,1,1,7.0,519.0,732.0,432.6885714285714,1.5448810139671227,435.00492247948245,672.0308457207925,Medium,-657.9300000000003
15080,428.0,2.0,546.25,1,2,2,122,5,Hibernating/Lost,0,3,1.0,74.0,502.0,184.9,0.31801152474156036,198.66518507107187,63.177818417515844,Low,-361.35
15081,22.0,12.0,1948.27,4,5,4,454,13,Champions,1,1,11.0,513.0,536.0,153.6381818181818,3.428126241957515,154.84828136374378,530.8394568650709,Medium,-258.25
15082,669.0,1.0,93.35000000000001,1,1,1,111,3,Hibernating/Lost,0,2,0.0,0.0,669.0,0.0,0.16265910480672102,470.98914615257866,76.61067288686034,Low,-93.35000000000001
15083,257.0,1.0,88.2,2,1,1,211,4,Hibernating/Lost,0,2,0.0,0.0,257.0,0.0,0.36715433627495986,470.98914615257866,172.92570734836008,Low,-88.2
15084,380.0,2.0,965.2,2,2,3,223,7,Hibernating/Lost,0,3,1.0,266.0,646.0,615.8,0.34319319304415274,634.0775170602456,217.6110877174139,Low,-349.4000000000001
15085,730.0,1.0,347.54,1,1,2,112,4,Hibernating/Lost,0,2,0.0,0.0,730.0,0.0,0.15027765235295168,470.98914615257866,70.77914316753076,Low,-347.54
15086,565.0,2.0,218.53,1,2,1,121,4,Hibernating/Lost,0,3,1.0,61.0,626.0,108.5,0.20865415850511485,121.46513363460663,25.34420524624017,Low,-110.03
15087,282.0,1.0,306.94,2,1,2,212,5,Hibernating/Lost,0,2,0.0,0.0,282.0,0.0,0.3410945123292978,470.98914615257866,160.65181311930618,Low,-306.94
15088,21.0,2.0,1140.27,4,2,3,423,9,New Customers,3,3,1.0,46.0,68.0,295.88,2.016957064475824,310.8073540294346,626.8850884007065,Medium,-844.39
15089,10.0,6.0,2420.84,5,4,4,544,13,Champions,3,1,5.0,118.0,129.0,239.856,5.038300136248229,242.70030732338486,1222.7969914548971,High,-1221.5600000000002
15090,308.0,1.0,381.32,2,1,2,212,5,Hibernating/Lost,0,2,0.0,0.0,309.0,0.0,0.3168172579428408,470.98914615257866,149.21748980489986,Low,-381.32
15091,68.0,3.0,1023.11,3,3,3,333,9,Loyal Customers,3,0,1.0,607.0,675.0,480.71,0.3756032094379264,497.57287113678893,186.8899673282217,Low,-542.4000000000001
15092,215.0,3.0,773.16,2,3,3,233,8,At Risk,0,0,2.0,247.0,463.0,228.90500000000003,0.7909403852384262,235.9809507742818,186.64686411434056,Low,-315.3499999999999
15093,18.0,23.0,13657.880000000001,5,5,5,555,15,Champions,1,-1,18.0,713.0,732.0,772.2927777777778,4.161188368557635,773.3884025020175,3218.214824868766,High,243.38999999999942
15094,463.0,2.0,83.0,1,2,1,121,4,Hibernating/Lost,0,3,1.0,181.0,645.0,33.0,0.3079725723503432,45.17450688783795,13.91250909090575,Low,-50.0
15095,104.0,10.0,3135.74,3,5,5,355,13,Loyal Customers,1,1,7.0,584.0,688.0,409.5357142857143,1.762552469276354,411.81773719351725,725.8503695822344,Medium,-268.9899999999998
15096,43.0,1.0,219.39000000000001,4,1,1,411,6,New Customers,3,2,0.0,0.0,43.0,0.0,1.0692678251740813,470.98914615257866,503.61353998716527,Medium,-219.39000000000001
15097,4.0,3.0,587.05,5,3,2,532,10,Loyal Customers,3,0,1.0,579.0,584.0,248.08,0.43182629204001904,262.5067982877718,113.35733733990571,Low,-338.9699999999999
15098,182.0,3.0,649.5,3,3,3,333,9,Loyal Customers,0,0,0.0,0.0,183.0,0.0,0.4745800948408416,470.98914615257866,223.5220736500978,Low,-649.5
15099,84.0,1.0,410.48,3,1,2,312,6,Potential Loyalists,0,2,0.0,0.0,85.0,0.0,0.7763137868811056,470.98914615257866,365.6353676296069,Medium,-410.48
15100,334.0,7.0,2319.5,2,4,4,244,10,Can't Lose Them,0,1,6.0,368.0,702.0,446.25,1.0016534132388983,448.9765416979495,449.71888545594766,Medium,358.0
15101,9.0,6.0,1303.49,5,4,4,544,13,Champions,3,1,5.0,582.0,591.0,270.998,1.5190069799916972,273.9069884981681,416.0666273972229,Medium,51.5
15102,531.0,2.0,554.67,1,2,2,122,5,Hibernating/Lost,0,3,1.0,16.0,547.0,198.77999999999997,0.17158220570423505,212.690534729948,36.49391108137769,Low,-355.89
15103,31.0,2.0,703.36,4,2,3,423,9,New Customers,3,3,1.0,55.0,87.0,411.68,1.756815142159773,427.81999743706126,751.6006496161846,Medium,-291.68
15104,197.0,2.0,1002.54,2,2,3,223,7,Hibernating/Lost,0,3,1.0,86.0,283.0,652.8,0.6800771349835376,671.4649765255494,456.64797747728403,Medium,-349.74
15105,18.0,9.0,3094.91,5,5,5,555,15,Champions,1,1,6.0,608.0,627.0,460.75500000000005,1.6964573554921816,463.5066384532079,786.3192461233998,Medium,-330.37999999999965
15106,18.0,5.0,1407.73,5,4,4,544,13,Champions,3,1,4.0,252.0,270.0,252.95499999999998,2.4153426590300544,256.54625677199306,619.6471179958728,Medium,-395.9100000000001
15107,311.0,9.0,856.26,2,5,3,253,10,Can't Lose Them,0,1,7.0,140.0,452.0,122.71428571428571,0.19076283210914252,124.57104590026968,23.76352551473343,Low,2.740000000000009
15108,142.0,4.0,1291.75,3,3,4,334,10,Loyal Customers,0,1,3.0,86.0,228.0,369.6166666666666,1.7459197146565197,374.81355765157235,654.3943796244282,Medium,-182.9000000000001
15109,246.0,3.0,961.9,2,3,3,233,8,At Risk,0,0,2.0,490.0,736.0,375.95,0.5461983056288964,383.7918591341738,209.62646317324982,Low,-210.0
15110,24.0,6.0,1480.0,4,4,4,444,12,Champions,3,1,5.0,462.0,486.0,240.84,1.8006400556595341,243.68635106739575,438.7914047494643,Medium,-275.79999999999995
15111,29.0,5.0,2730.87,4,4,4,444,12,Champions,3,1,4.0,563.0,593.0,611.015,1.2391611992462848,615.536342076603,762.7487518273147,Medium,-286.80999999999995
15112,611.0,1.0,209.4,1,1,1,111,3,Hibernating/Lost,0,2,0.0,0.0,612.0,0.0,0.17622815999322694,470.98914615257866,83.00155060324998,Low,-209.4
15113,10.0,3.0,3439.41,5,3,5,535,13,Loyal Customers,3,-1,2.0,45.0,55.0,683.3199999999999,3.7105801154908242,692.7628469445721,2570.552044623342,High,-2072.77
15114,30.0,12.0,3400.12,4,5,5,455,14,Champions,1,1,11.0,391.0,422.0,271.2218181818182,4.206773020872996,272.5428004479641,1146.5256999576682,High,-416.6799999999994
15115,18.0,2.0,528.1,5,2,2,522,9,New Customers,3,3,1.0,714.0,733.0,340.11,0.35119136873842255,355.50052516863434,124.84871602120073,Low,-187.99
15116,18.0,4.0,1352.75,5,3,4,534,12,Loyal Customers,3,1,3.0,187.0,205.0,291.03333333333336,2.33143483056566,295.95782102234375,690.00637230981,Medium,-479.64999999999986
15117,15.0,8.0,2484.32,5,4,4,544,13,Champions,1,1,5.0,620.0,635.0,424.92600000000004,1.423215302183876,428.1546932015283,609.3563110662578,Medium,-359.69000000000005
15118,134.0,1.0,244.8,3,1,1,311,5,Potential Loyalists,0,2,0.0,0.0,135.0,0.0,0.5859927140760357,470.98914615257866,275.9962080543042,Low,-244.8
15119,246.0,1.0,266.4,2,1,1,211,4,Hibernating/Lost,0,2,0.0,0.0,246.0,0.0,0.3799298396817053,470.98914615257866,178.94283078957247,Low,-266.4
15120,134.0,1.0,343.82,3,1,2,312,6,Potential Loyalists,0,2,0.0,0.0,134.0,0.0,0.5888757923691408,470.98914615257866,277.3541066378648,Low,-343.82
15121,50.0,2.0,457.72,4,2,2,422,8,New Customers,3,3,1.0,238.0,289.0,162.57,0.7737890838416872,176.10134804782228,136.26530076921048,Low,-295.15000000000003
15122,114.0,11.0,4461.42,3,5,5,355,13,Loyal Customers,1,1,9.0,505.0,620.0,423.7055555555555,2.4046690563317443,425.49621280389493,1023.177576515873,High,-648.0700000000006
15123,7.0,5.0,4656.17,5,4,5,545,14,Champions,1,-1,4.0,626.0,634.0,1049.8775,1.1708521584837068,1055.5388173935733,1235.8799027086045,High,-456.65999999999985
15124,23.0,4.0,450.82,4,3,2,432,9,Loyal Customers,3,1,3.0,629.0,652.0,105.59666666666665,0.8904919946395299,109.87835190588058,97.84579275637178,Low,-134.03000000000003
15125,25.0,24.0,16124.33,4,5,5,455,14,Champions,1,-1,13.0,593.0,619.0,1060.7292307692308,3.535104767193986,1062.4767053354433,3755.9664660638855,High,-2334.8500000000004
15126,537.0,2.0,449.49,1,2,2,122,5,Hibernating/Lost,0,3,1.0,151.0,688.0,257.04,0.26433714094331473,271.56062630964,71.78355955146613,Low,-192.45
15127,66.0,2.0,711.5,3,2,3,323,8,Potential Loyalists,3,3,1.0,454.0,520.0,406.53,0.4729186870485399,422.6160672682419,199.8630356581144,Low,-304.97
15128,60.0,5.0,1732.22,3,4,4,344,11,Loyal Customers,3,1,4.0,370.0,431.0,367.75,1.6228206396122284,371.63944462470687,603.1041612310001,Medium,-261.22
15129,50.0,23.0,6860.18,4,5,5,455,14,Champions,1,1,20.0,560.0,611.0,327.974,5.359749356849069,328.7296544583689,1761.9085540604594,High,-300.7000000000007
15130,170.0,1.0,330.11,3,1,2,312,6,Potential Loyalists,0,2,0.0,0.0,170.0,0.0,0.5003263472149356,470.98914615257866,235.64827907240112,Low,-330.11
15131,395.0,1.0,80.28,2,1,1,211,4,Hibernating/Lost,0,2,0.0,0.0,395.0,0.0,0.2582947889087922,470.98914615257866,121.65404208381258,Low,-80.28
15132,18.0,5.0,977.9300000000001,5,4,3,543,12,Champions,3,1,4.0,244.0,263.0,166.04000000000002,2.4650538415474923,169.40548912341418,417.59365174290406,Medium,-313.77
15133,128.0,5.0,1806.9,3,4,4,344,11,Loyal Customers,3,1,4.0,393.0,521.0,322.03,1.3450246388727585,325.8006838021442,438.20994707547675,Medium,-518.7800000000002
15134,15.0,10.0,1596.29,5,5,4,554,14,Champions,1,1,9.0,408.0,423.0,168.06555555555553,3.490275835188359,169.5615081526709,591.8164344833611,Medium,-83.70000000000027
15135,239.0,2.0,293.78,2,2,2,222,6,Hibernating/Lost,0,3,1.0,317.0,557.0,139.05,0.4200692240516675,152.33504949041833,63.9912660353124,Low,-154.72999999999996
15136,3.0,4.0,1282.45,5,3,4,534,12,Loyal Customers,3,1,2.0,94.0,97.0,351.9,2.7853935457351615,359.6165907057648,1001.6737306911206,High,-578.6500000000001
15137,521.0,2.0,747.55,1,2,3,123,6,Hibernating/Lost,0,3,1.0,160.0,681.0,430.58,0.27414445957105854,446.91791592068944,122.52007053270118,Low,-316.96999999999997
15138,394.0,1.0,486.59000000000003,2,1,2,212,5,Hibernating/Lost,0,2,0.0,0.0,394.0,0.0,0.25885058274552675,470.98914615257866,121.91581494841306,Low,-486.59000000000003
15139,240.0,2.0,178.96,2,2,1,221,5,Hibernating/Lost,0,3,1.0,97.0,337.0,56.86,0.5747500112706793,69.28436588357172,39.82119007246472,Low,-122.10000000000001
15140,52.0,8.0,3239.44,4,4,5,445,13,Champions,1,1,6.0,390.0,443.0,392.375,2.2810609824032295,395.0083264142854,901.0380811080255,High,-885.19
15141,458.0,7.0,1378.31,1,4,4,144,9,Can't Lose Them,0,1,5.0,164.0,622.0,220.766,0.1747947125898901,223.5706578587836,39.07896888395873,Low,-274.48
15142,46.0,6.0,2608.97,4,4,4,444,12,Champions,3,1,4.0,454.0,501.0,545.975,1.4324195411368774,550.3273962345323,788.2997163893214,Medium,-425.0699999999997
15143,226.0,2.0,563.63,2,2,2,222,6,Hibernating/Lost,0,3,1.0,207.0,433.0,259.45,0.5100016650662493,273.9958635342719,139.7383466237435,Low,-304.18
15144,8.0,29.0,12006.51,5,5,5,555,15,Champions,1,6,23.0,718.0,727.0,512.6134782608696,5.320681103546678,513.3537571321565,2731.3916350077557,High,-216.39999999999964
15145,4.0,4.0,1194.73,5,3,3,533,11,Loyal Customers,3,1,3.0,244.0,249.0,257.5,2.019470850796798,262.30824687642473,529.72385849055,Medium,-422.23
15146,165.0,2.0,1313.66,3,2,4,324,9,Potential Loyalists,0,3,1.0,127.0,292.0,492.94,0.7058430178160683,509.93094219788804,359.9311951187484,Medium,-820.72
15147,240.0,1.0,608.65,2,1,3,213,6,Hibernating/Lost,0,2,0.0,0.0,241.0,0.0,0.38603639750199964,470.98914615257866,181.81895324328426,Low,-608.65
15148,11.0,1.0,301.29,5,1,2,512,8,New Customers,3,2,0.0,0.0,11.0,0.0,1.5046783775233217,470.98914615257866,708.6871842639566,Medium,-301.29
15149,134.0,5.0,1554.6100000000001,3,4,4,344,11,Loyal Customers,3,1,3.0,516.0,650.0,410.26000000000005,0.872783973353663,415.59777808509034,362.727080074059,Medium,-323.8299999999999
15150,17.0,13.0,8990.58,5,5,5,555,15,Champions,1,1,11.0,526.0,544.0,634.2745454545454,3.386992433481227,635.9378906153964,2153.91682367836,High,-2013.5600000000004
15151,423.0,2.0,2085.61,1,2,4,124,7,Hibernating/Lost,0,3,1.0,86.0,510.0,1116.26,0.3277369751622434,1139.7782728441907,373.54748349760126,Medium,-969.3500000000001
15152,10.0,14.0,5197.97,5,5,5,555,15,Champions,1,1,13.0,692.0,702.0,365.05307692307696,3.1639689726645037,366.24552918811435,1158.7894907282857,High,-452.27999999999975
15153,31.0,1.0,329.25,4,1,2,412,7,New Customers,3,2,0.0,0.0,32.0,0.0,1.18705804464975,470.98914615257866,559.0914548831354,Medium,-329.25
15154,75.0,3.0,1332.26,3,3,4,334,10,Loyal Customers,3,0,1.0,403.0,479.0,296.42,0.5063421297062237,311.35300884325255,157.6511455881332,Low,-1035.84
15155,383.0,1.0,383.96999999999997,2,1,2,212,5,Hibernating/Lost,0,2,0.0,0.0,384.0,0.0,0.2645431928862236,470.98914615257866,124.59697253795936,Low,-383.96999999999997
15156,1.0,3.0,961.49,5,3,3,533,11,Loyal Customers,3,8,2.0,32.0,34.0,321.845,4.50801895172586,329.40504423525203,1484.9641822066114,High,-317.79999999999995
15157,4.0,5.0,2587.54,5,4,4,544,13,Champions,3,1,4.0,726.0,730.0,551.4775,1.0309488510913083,555.8441893540894,573.0469284003781,Medium,-381.6300000000001
15158,45.0,2.0,437.66,4,2,2,422,8,New Customers,3,3,1.0,356.0,402.0,401.40000000000003,0.5921675422958755,417.43234653697147,247.18988672359862,Low,-36.25999999999999
15159,2.0,34.0,22049.4,5,5,5,555,15,Champions,2,-1,22.0,430.0,432.0,941.2822727272727,8.096337518416407,942.2582410407944,7628.840748975634,High,-1341.1900000000023
15160,357.0,4.0,589.27,2,3,2,232,7,At Risk,0,1,3.0,64.0,422.0,162.65333333333334,0.325186989597353,167.13280127523402,54.34941250966599,Low,-101.30999999999995
15161,388.0,1.0,119.92,2,1,1,211,4,Hibernating/Lost,0,2,0.0,0.0,389.0,0.0,0.2616658799210825,470.98914615257866,123.24178936129381,Low,-119.92
15162,731.0,1.0,241.5,1,1,1,111,3,Hibernating/Lost,0,2,0.0,0.0,732.0,0.0,0.14990355789782986,470.98914615257866,70.60294873953252,Low,-241.5
15163,18.0,2.0,304.47,5,2,2,522,9,New Customers,3,3,1.0,174.0,193.0,149.47,1.0665292282500227,162.86416645334984,173.69939375707443,Low,-155.00000000000003
15164,69.0,9.0,2052.02,3,5,4,354,12,Loyal Customers,1,1,8.0,622.0,691.0,232.8175,2.0071647444640535,234.5846789362106,470.85009715218115,Medium,-189.48000000000002
15165,373.0,1.0,975.5,2,1,3,213,6,Hibernating/Lost,0,2,0.0,0.0,374.0,0.0,0.2704922597173545,470.98914615257866,127.39891844515836,Low,-975.5
15166,468.0,1.0,167.16,1,1,1,111,3,Hibernating/Lost,0,2,0.0,0.0,468.0,0.0,0.22330172083001493,470.98914615257866,105.17268682813022,Low,-167.16
15167,321.0,5.0,1659.67,2,4,4,244,10,Can't Lose Them,0,1,3.0,353.0,674.0,324.5466666666667,0.7455433728755303,329.5873258397463,245.7216465635909,Low,-686.03
15168,26.0,1.0,106.56,4,1,1,411,6,New Customers,3,2,0.0,0.0,26.0,0.0,1.2630882296182389,470.98914615257866,594.9008467832665,Medium,-106.56
15169,382.0,2.0,569.22,2,2,2,222,6,Hibernating/Lost,0,3,1.0,344.0,727.0,213.05,0.31751692171329127,227.10996842102605,72.11125806344698,Low,-356.17
15170,407.0,1.0,81.15,2,1,1,211,4,Hibernating/Lost,0,2,0.0,0.0,407.0,0.0,0.25180703038366353,470.98914615257866,118.59837823561811,Low,-81.15
15171,331.0,1.0,1034.5,2,1,3,213,6,Hibernating/Lost,0,2,0.0,0.0,332.0,0.0,0.2987115886043623,470.98914615257866,140.68991606264896,Low,-1034.5
15172,9.0,5.0,1624.05,5,4,4,544,13,Champions,3,1,4.0,228.0,237.0,319.4125,2.682299707357404,323.1763846671255,866.8559220174546,High,-346.39999999999986
15173,381.0,7.0,1399.26,2,4,4,244,10,Can't Lose Them,0,1,6.0,237.0,618.0,183.09,0.45531788819270996,185.36121856014856,84.3982785876342,Low,-300.72
15174,323.0,2.0,481.46,2,2,2,222,6,Hibernating/Lost,0,3,1.0,88.0,411.0,135.75,0.44157166702844697,149.0004922948642,65.79439577070245,Low,-345.71
15175,72.0,1.0,224.14,3,1,1,311,5,Potential Loyalists,3,2,0.0,0.0,72.0,0.0,0.8481097616671857,470.98914615257866,399.45049249129477,Medium,-224.14
15176,668.0,1.0,985.09,1,1,3,113,5,Hibernating/Lost,0,2,0.0,0.0,668.0,0.0,0.16287911269746594,470.98914615257866,76.71429421546911,Low,-985.09
15177,426.0,1.0,948.93,1,1,3,113,5,Hibernating/Lost,0,2,0.0,0.0,426.0,0.0,0.2421767050038508,470.98914615257866,114.06259950780861,Low,-948.93
15178,260.0,1.0,40.5,2,1,1,211,4,Hibernating/Lost,0,2,0.0,0.0,261.0,0.0,0.3627196979328441,470.98914615257866,170.83704082211148,Low,-40.5
15179,18.0,13.0,7426.82,5,5,5,555,15,Champions,1,1,12.0,718.0,737.0,560.7141666666666,2.8010162859481484,562.1751973242541,1574.6618832613497,High,-698.25
15180,367.0,3.0,904.4300000000001,2,3,3,233,8,At Risk,0,0,2.0,222.0,590.0,225.79500000000002,0.5559695633579909,232.85475182158524,129.46015469608008,Low,-452.84000000000003
15181,66.0,5.0,948.4499999999999,3,4,3,343,10,Loyal Customers,3,1,4.0,665.0,732.0,259.37,1.0197486471608117,262.9779201726217,268.1713783291949,Low,89.03000000000009
15182,154.0,11.0,2942.752,3,5,5,355,13,Loyal Customers,1,1,6.0,502.0,657.0,405.6768333333334,1.5556493066759345,408.33317476696766,635.2232202190164,Medium,-508.6909999999998
15183,548.0,3.0,637.03,1,3,3,133,7,At Risk,0,0,2.0,37.0,585.0,173.95,0.12503403985811157,180.7397085088673,22.59861591764118,Low,-289.13
15184,29.0,4.0,689.95,4,3,3,433,10,Loyal Customers,3,1,3.0,694.0,724.0,188.92,0.8092958073188491,193.49051939350852,156.59106610111292,Low,-123.19000000000005
15185,70.0,1.0,310.62,3,1,2,312,6,Potential Loyalists,3,2,0.0,0.0,71.0,0.0,0.854190966359199,470.98914615257866,402.31467389676516,Medium,-310.62
15186,14.0,5.0,1403.2,5,4,4,544,13,Champions,3,1,4.0,682.0,697.0,309.95,1.0739106939084464,313.6893051771102,336.87429939440887,Medium,-163.4000000000001
15187,2.0,16.0,4670.08,5,5,5,555,15,Champions,1,1,13.0,211.0,213.0,334.2753846153846,8.647386095830965,335.4432819125464,2900.7075719504605,High,-324.5
15188,725.0,1.0,310.43,1,1,2,112,4,Hibernating/Lost,0,2,0.0,0.0,726.0,0.0,0.15103147456557572,470.98914615257866,71.1341852478054,Low,-310.43
15189,1.0,46.0,17101.13,5,5,5,555,15,Champions,2,-1,42.0,508.0,510.0,412.4271428571428,13.211009098672273,412.80772428430885,5453.6066015221995,High,220.80999999999767
15190,434.0,1.0,834.4399999999999,1,1,3,113,5,Hibernating/Lost,0,2,0.0,0.0,435.0,0.0,0.23786785123896945,470.98914615257866,112.03317615219082,Low,-834.4399999999999
15191,463.0,3.0,588.05,1,3,2,132,6,At Risk,0,0,1.0,225.0,689.0,245.3,0.3031005591238172,259.69768646848684,78.71451397176014,Low,-342.74999999999994
15192,120.0,5.0,1981.39,3,4,4,344,11,Loyal Customers,3,1,4.0,560.0,680.0,417.5375,1.0761354129114835,421.55627105631964,453.65163181861783,Medium,-311.24
15193,61.0,1.0,499.32,3,1,2,312,6,Potential Loyalists,3,2,0.0,0.0,61.0,0.0,0.9202155691366966,470.98914615257866,433.4115451840019,Medium,-499.32
15194,3.0,28.0,12187.68,5,5,5,555,15,Champions,1,-1,26.0,733.0,737.0,465.065,5.926546547330787,465.70086808834577,2759.997871857936,High,-95.98999999999978
15195,3.0,1.0,3861.0,5,1,5,515,11,New Customers,3,-1,0.0,0.0,3.0,0.0,1.6763102619058807,470.98914615257866,789.5239389418563,Medium,-3861.0
15196,433.0,2.0,316.25,1,2,2,122,5,Hibernating/Lost,0,3,1.0,294.0,727.0,164.0,0.3058313452298976,177.5463228325624,54.299230752504236,Low,-152.25
15197,11.0,6.0,1427.84,5,4,4,544,13,Champions,3,1,5.0,718.0,729.0,351.91,1.2566674408117118,354.98704074959915,446.1006560201216,Medium,331.71000000000026
15198,92.0,5.0,559.45,3,4,2,342,9,Loyal Customers,3,1,4.0,597.0,690.0,122.6375,1.0697518801274641,125.89024816538105,134.6713296646294,Low,-68.90000000000003
15199,59.0,10.0,3122.4,4,5,5,455,14,Champions,1,1,9.0,516.0,576.0,313.5,2.63698222951995,315.163611051293,831.0808417335969,Medium,-300.9000000000001
15200,495.0,1.0,549.05,1,1,2,112,4,Hibernating/Lost,0,2,0.0,0.0,495.0,0.0,0.21264902510097405,470.98914615257866,100.15538276248604,Low,-549.05
15201,87.0,7.0,1525.9,3,4,4,344,11,Loyal Customers,3,1,5.0,524.0,612.0,309.978,1.4491509268091887,312.96794900786733,453.53779336632186,Medium,23.99000000000001
15202,420.0,3.0,-2570.1800000000003,1,3,1,131,5,At Risk,0,-1,,,,,,,0.0,Low,
15203,26.0,15.0,4400.18,4,5,5,455,14,Champions,1,1,13.0,706.0,732.0,318.8076923076923,3.0391285747127634,319.96324921611,972.4094535506212,High,-255.6800000000003
15204,357.0,1.0,316.58,2,1,2,212,5,Hibernating/Lost,0,2,0.0,0.0,358.0,0.0,0.2805891408857014,470.98914615257866,132.15443988544212,Low,-316.58
15205,85.0,2.0,648.8299999999999,3,2,3,323,8,Potential Loyalists,3,3,1.0,42.0,128.0,176.94,1.301701109636132,190.62182892664435,248.13264623468189,Low,-471.88999999999993
15206,10.0,4.0,420.29999999999995,5,3,2,532,10,Loyal Customers,3,1,3.0,265.0,276.0,134.20000000000002,1.8587264426675885,138.58083657249404,257.5838653842903,Low,-17.699999999999932
15207,416.0,3.0,653.77,1,3,3,133,7,At Risk,0,0,2.0,131.0,548.0,137.96,0.45225315168301616,144.56224860290305,65.3787325450466,Low,-377.84999999999997
15208,1.0,6.0,968.02,5,4,3,543,12,Champions,3,7,5.0,422.0,424.0,174.024,2.0343323795890793,176.7315758643157,359.53076727658123,Medium,-97.89999999999998
15209,730.0,1.0,178.98000000000002,1,1,1,111,3,Hibernating/Lost,0,2,0.0,0.0,731.0,0.0,0.15009037186887023,470.98914615257866,70.6909360922422,Low,-178.98000000000002
15210,225.0,3.0,1176.19,2,3,3,233,8,At Risk,0,0,2.0,350.0,576.0,437.135,0.6703292219695905,445.295551391646,298.4946205108819,Medium,-301.9200000000001
15211,60.0,2.0,1277.48,3,2,4,324,9,Potential Loyalists,3,3,1.0,305.0,366.0,511.34000000000003,0.6373433282324303,528.523624742796,336.85100604304165,Medium,-766.14
15212,241.0,2.0,195.42999999999998,2,2,1,221,5,Hibernating/Lost,0,3,1.0,135.0,377.0,101.8,0.5445663039645843,114.6949720557543,62.4590170157234,Low,-93.62999999999998
15213,319.0,2.0,325.05,2,2,2,222,6,Hibernating/Lost,0,3,1.0,11.0,330.0,15.149999999999999,0.3783841033572687,27.137583875522438,10.26843034202223,Low,-309.90000000000003
15214,2.0,8.0,1661.44,5,4,4,544,13,Champions,1,1,7.0,241.0,243.0,163.78714285714287,4.3636105878348665,165.70480070725344,723.0712228212376,Medium,-514.9300000000001
15215,47.0,7.0,1496.46,4,4,4,444,12,Champions,3,1,4.0,566.0,613.0,304.735,1.199631129938989,308.4607588584387,370.0391286911868,Medium,-277.52
15216,88.0,2.0,486.09,3,2,2,322,7,Potential Loyalists,3,3,1.0,531.0,619.0,96.6,0.4041544888186598,109.44051829306295,44.23087672678204,Low,-389.49
15217,563.0,1.0,426.24,1,1,2,112,4,Hibernating/Lost,0,2,0.0,0.0,564.0,0.0,0.18954519214885432,470.98914615257866,89.27372820751535,Low,-426.24
15218,11.0,22.0,11456.0,5,5,5,555,15,Champions,1,-1,19.0,672.0,683.0,586.4326315789473,4.675180418750979,587.3691295537426,2746.056653068464,High,-313.7800000000025
15219,176.0,2.0,685.45,3,2,3,323,8,Potential Loyalists,0,3,1.0,472.0,649.0,305.75,0.3796926732600116,320.7807114597738,121.79808586440994,Low,-379.70000000000005
15220,52.0,6.0,1758.92,4,4,4,444,12,Champions,3,1,5.0,229.0,281.0,292.57,2.8045341257492398,295.52379301626024,828.8065624849567,Medium,-296.07000000000016
15221,366.0,4.0,1816.1000000000001,2,3,4,234,9,At Risk,0,1,3.0,271.0,638.0,714.0333333333333,0.6890915167792482,720.4241191453178,496.4381489862009,Medium,325.9999999999998
15222,319.0,11.0,3415.66,2,5,5,255,12,Can't Lose Them,1,1,10.0,405.0,724.0,311.43500000000006,0.8429152688274544,312.92993510878586,263.7734203763801,Low,-301.3099999999995
15223,226.0,5.0,1117.1,2,4,3,243,9,Can't Lose Them,0,1,3.0,509.0,735.0,295.6333333333334,0.7596686558091796,300.5737665811279,228.33646923018756,Low,-230.19999999999982
15224,358.0,5.0,837.26,2,4,3,243,9,Can't Lose Them,0,1,3.0,335.0,694.0,258.7866666666667,0.6932164958962953,263.5993736776499,182.7314341412786,Low,-60.899999999999864
15225,234.0,1.0,409.40000000000003,2,1,2,212,5,Hibernating/Lost,0,2,0.0,0.0,235.0,0.0,0.3936292762239847,470.98914615257866,185.39511670939208,Low,-409.40000000000003
15226,311.0,1.0,154.41,2,1,1,211,4,Hibernating/Lost,0,2,0.0,0.0,311.0,0.0,0.3151559889210759,470.98914615257866,148.43505012680907,Low,-154.41
15227,37.0,9.0,2488.4900000000002,4,5,4,454,13,Champions,1,1,7.0,597.0,634.0,307.7728571428571,1.929128939829527,309.9039988915215,597.8447728305318,Medium,-334.0800000000004
15228,66.0,6.0,5570.5199999999995,3,4,5,345,12,Loyal Customers,1,1,5.0,433.0,500.0,923.9720000000001,1.737718132866631,928.2371995771912,1613.0146133066269,High,-950.659999999999
15229,586.0,1.0,160.5,1,1,1,111,3,Hibernating/Lost,0,2,0.0,0.0,587.0,0.0,0.1829215228901007,470.98914615257866,86.15405187893789,Low,-160.5
15230,239.0,2.0,429.6,2,2,2,222,6,Hibernating/Lost,0,3,1.0,1.0,241.0,59.400000000000006,0.532028028896777,71.85096445227097,38.226726991874116,Low,-370.20000000000005
15231,621.0,1.0,228.35999999999999,1,1,1,111,3,Hibernating/Lost,0,2,0.0,0.0,622.0,0.0,0.17368610417723312,470.98914615257866,81.80426990500285,Low,-228.35999999999999
15232,113.0,2.0,612.06,3,2,3,323,8,Potential Loyalists,0,3,1.0,27.0,141.0,301.7,1.14920959748942,316.68830035613917,363.94123418188724,Medium,-310.35999999999996
15233,401.0,1.0,59.400000000000006,2,1,1,211,4,Hibernating/Lost,0,2,0.0,0.0,402.0,0.0,0.2544701740471112,470.98914615257866,119.85268999574699,Low,-59.400000000000006
15234,277.0,1.0,197.0,2,1,1,211,4,Hibernating/Lost,0,2,0.0,0.0,277.0,0.0,0.3460055287560892,470.98914615257866,162.96484855290194,Low,-197.0
15235,218.0,16.0,2937.81,2,5,5,255,12,Can't Lose Them,1,-1,11.0,171.0,389.0,231.1027272727273,0.3005618669183198,232.38587677502161,69.84633296895112,Low,-395.67999999999984
15236,299.0,1.0,321.05,2,1,2,212,5,Hibernating/Lost,0,2,0.0,0.0,299.0,0.0,0.32539404287610363,470.98914615257866,153.25706241735162,Low,-321.05
15237,2.0,4.0,1412.32,5,3,4,534,12,Loyal Customers,3,1,3.0,226.0,228.0,157.79999999999998,2.163892912295855,162.26264422190815,351.118985762171,Medium,-938.92
15238,29.0,3.0,1056.54,4,3,3,433,10,Loyal Customers,3,0,2.0,155.0,185.0,385.925,1.7980429410101146,393.8188155821314,708.1031413944155,Medium,-284.68999999999994
15239,10.0,2.0,764.34,5,2,3,523,10,New Customers,3,3,1.0,68.0,79.0,318.8,1.889007214688581,333.9673694603742,630.8667703812138,Medium,-445.54
15240,45.0,12.0,4315.0,4,5,5,455,14,Champions,1,1,11.0,690.0,735.0,355.4736363636364,2.573942077130059,356.8740690627086,918.5731825971243,High,-404.78999999999996
15241,67.0,11.0,3032.31,3,5,5,355,13,Loyal Customers,1,1,10.0,588.0,655.0,275.452,2.5932663710255146,276.90960596776193,718.1003689701232,Medium,-277.78999999999996
15242,422.0,1.0,302.04,1,1,2,112,4,Hibernating/Lost,0,2,0.0,0.0,423.0,0.0,0.24364794153851851,470.98914615257866,114.75553594706024,Low,-302.04
15243,74.0,2.0,927.2800000000001,3,2,3,323,8,Potential Loyalists,3,3,1.0,361.0,436.0,316.68,0.5485508744703018,331.8251690802,182.02298667019946,Low,-610.6000000000001
15244,65.0,3.0,850.1800000000001,3,3,3,333,9,Loyal Customers,3,0,2.0,601.0,667.0,315.78499999999997,0.6240207249302503,323.31347971649274,201.75431199240757,Low,-218.61000000000013
15245,134.0,8.0,4610.84,3,4,5,345,12,Loyal Customers,1,1,7.0,461.0,596.0,585.5114285714286,1.953757230950896,588.0543661242912,1148.9154700075794,High,-512.2600000000002
15246,238.0,3.0,780.4,2,3,3,233,8,At Risk,0,0,2.0,317.0,556.0,257.07500000000005,0.6819560895000123,264.2976789085139,180.23941157238002,Low,-266.2499999999999
15247,122.0,3.0,967.11,3,3,3,333,9,Loyal Customers,0,0,2.0,415.0,538.0,332.25,0.7430249184495116,339.8642404097882,252.52759951438807,Low,-302.61
15248,411.0,3.0,1865.03,1,3,4,134,8,At Risk,0,0,2.0,123.0,535.0,335.51,0.4514011716444526,343.14122066245403,154.8943490465394,Low,-1194.01
15249,32.0,18.0,9147.15,4,5,5,455,14,Champions,1,1,16.0,592.0,624.0,530.3175,4.277548993027747,531.3933352855054,2273.061026252169,High,-662.0699999999997
15250,641.0,1.0,60.0,1,1,1,111,3,Hibernating/Lost,0,2,0.0,0.0,641.0,0.0,0.16905300937395157,470.98914615257866,79.62213253956132,Low,-60.0
15251,9.0,21.0,20095.6,5,5,5,555,15,Champions,2,-1,18.0,670.0,680.0,1080.8144444444445,4.454879900096696,1082.0878003374526,4820.571191863164,High,-640.9399999999987
15252,36.0,5.0,2053.06,4,4,4,444,12,Champions,3,1,4.0,575.0,612.0,376.34250000000003,1.20345385801131,380.2542642303033,457.6184613132106,Medium,-547.6899999999998
15253,16.0,8.0,2033.29,5,4,4,544,13,Champions,1,1,5.0,570.0,587.0,328.726,1.5265176726057192,331.75488814680625,506.42969972943337,Medium,-389.65999999999985
15254,127.0,3.0,1073.4,3,3,3,333,9,Loyal Customers,0,0,2.0,433.0,561.0,319.005,0.7158834909924859,326.5502516225001,233.7719341159901,Low,-435.3900000000001
15255,67.0,9.0,3670.77,3,5,5,355,13,Loyal Customers,1,1,7.0,670.0,737.0,495.56857142857143,1.6754421767627807,497.97815303091363,834.3336006944231,Medium,-201.78999999999996
15256,149.0,2.0,170.4,3,2,1,321,6,Potential Loyalists,0,3,1.0,413.0,562.0,98.45,0.43278359513583453,111.30989126632815,48.173094916420325,Low,-71.95
15257,283.0,2.0,600.9,2,2,3,223,7,Hibernating/Lost,0,3,1.0,131.0,415.0,317.15,0.48477479233679893,332.3000908625971,161.0907075414149,Low,-283.75
15258,169.0,2.0,623.16,3,2,3,323,8,Potential Loyalists,0,3,1.0,49.0,218.0,307.5,0.8118884085225289,322.54903724529487,261.87382451955636,Low,-315.65999999999997
15259,513.0,4.0,1182.3799999999999,1,3,3,133,7,At Risk,0,1,2.0,170.0,683.0,439.91499999999996,0.3641535834551043,448.0900314844101,163.17359067555844,Low,-302.54999999999995
15260,100.0,25.0,9098.38,3,5,5,355,13,Loyal Customers,1,-1,19.0,633.0,734.0,470.2463157894737,4.167942547139761,471.1194065540787,1963.5986193599795,High,-163.6999999999989
15261,135.0,4.0,1508.0,3,3,4,334,10,Loyal Customers,0,1,3.0,299.0,435.0,213.22333333333336,1.2154095581313384,217.87809842908464,264.81112333819004,Low,-868.3299999999999
15262,324.0,3.0,418.82,2,3,2,232,7,At Risk,0,0,2.0,165.0,489.0,145.875,0.6330257601322261,152.5184751979491,96.54812369638981,Low,-127.07
15263,107.0,1.0,156.51,3,1,1,311,5,Potential Loyalists,0,2,0.0,0.0,107.0,0.0,0.6791658584450884,470.98914615257866,319.8797477650353,Medium,-156.51
15264,64.0,2.0,844.2,3,2,3,323,8,Potential Loyalists,3,3,1.0,466.0,531.0,393.74,0.46449816896859003,409.6921319557761,190.30124513429598,Low,-450.46000000000004
15265,151.0,4.0,3345.64,3,3,5,335,11,Loyal Customers,0,1,3.0,587.0,739.0,1017.1666666666666,0.7765297616028186,1024.6082416930187,795.638793658163,Medium,-294.1399999999999
15266,338.0,5.0,841.7,2,4,3,243,9,Can't Lose Them,0,1,4.0,363.0,702.0,160.0525,0.854635593921725,163.40243618323277,139.6495380957139,Low,-201.49
15267,22.0,5.0,1717.36,4,4,4,444,12,Champions,3,1,4.0,160.0,183.0,170.4,3.233002469204369,173.77681452119134,561.8208704374813,Medium,-1035.7599999999998
15268,479.0,3.0,941.2500000000001,1,3,3,133,7,At Risk,0,0,1.0,127.0,606.0,414.30000000000007,0.29589029305513104,430.4674337559558,127.37113512473998,Low,-526.95
15269,24.0,3.0,1225.3600000000001,4,3,4,434,11,Loyal Customers,3,0,2.0,367.0,391.0,372.03,1.0017906866846815,379.8514411616431,380.53163607948835,Medium,-481.3000000000002
15270,16.0,21.0,7193.99,5,5,5,555,15,Champions,1,1,13.0,707.0,723.0,616.1276923076923,3.0779652395955144,617.5204561832787,1900.7064988712968,High,815.6700000000001
15271,7.0,24.0,4639.29,5,5,5,555,15,Champions,1,1,23.0,484.0,492.0,178.09391304347827,7.543946448471271,178.68339594449426,1347.9779702362534,High,-543.1300000000001
15272,57.0,6.0,2085.48,4,4,4,444,12,Champions,3,1,5.0,606.0,664.0,324.182,1.3579427742224892,327.2014503695853,444.3208452444968,Medium,-464.56999999999994
15273,600.0,1.0,228.96,1,1,1,111,3,Hibernating/Lost,0,2,0.0,0.0,600.0,0.0,0.1793786941094612,470.98914615257866,84.48541797657973,Low,-228.96
15274,4.0,2.0,716.57,5,2,3,523,10,New Customers,3,3,1.0,14.0,19.0,332.58000000000004,3.202933387808409,347.8916719315063,1114.2738513699112,High,-383.99
15275,38.0,1.0,609.19,4,1,3,413,8,New Customers,3,2,0.0,0.0,38.0,0.0,1.1197433701259325,470.98914615257866,527.3869738056238,Medium,-609.19
15276,66.0,4.0,631.03,3,3,3,333,9,Loyal Customers,3,1,2.0,368.0,435.0,124.015,0.9052460453836316,130.54461374909167,118.1749953424989,Low,-383.0
15277,47.0,2.0,476.34,4,2,2,422,8,New Customers,3,3,1.0,379.0,426.0,255.89999999999998,0.5637228404749004,270.4086883693576,152.43555389666642,Low,-220.44
15278,562.0,4.0,496.15999999999997,1,3,2,132,6,At Risk,0,1,1.0,104.0,666.0,238.44,0.23773846062113346,252.765849389244,60.092163931392136,Low,-257.71999999999997
15279,355.0,5.0,1541.74,2,4,4,244,10,Can't Lose Them,0,1,4.0,321.0,676.0,307.10249999999996,0.8177540168269558,310.83440860138296,254.18608620181217,Low,-313.33000000000015
15280,172.0,3.0,406.21999999999997,3,3,2,332,8,Loyal Customers,0,0,2.0,399.0,572.0,132.31,0.6928070452039264,138.88281963739325,96.21899590257227,Low,-141.59999999999997
15281,59.0,16.0,8317.62,4,5,5,455,14,Champions,1,1,14.0,369.0,428.0,341.1392857142857,5.123860149579846,342.22878467343236,1753.532431827342,High,-3541.670000000001
15282,570.0,1.0,348.59,1,1,2,112,4,Hibernating/Lost,0,2,0.0,0.0,571.0,0.0,0.18747901807135953,470.98914615257866,88.30058264295349,Low,-348.59
15283,390.0,3.0,135.43,2,3,1,231,6,At Risk,0,0,2.0,128.0,519.0,24.375,0.4918538690409009,30.385622222826626,14.945285853512456,Low,-86.68
15284,500.0,1.0,24.75,1,1,1,111,3,Hibernating/Lost,0,2,0.0,0.0,501.0,0.0,0.21041849481150834,470.98914615257866,99.10482720598311,Low,-24.75
15285,408.0,1.0,94.92,2,1,1,211,4,Hibernating/Lost,0,2,0.0,0.0,408.0,0.0,0.2512810869167688,470.98914615257866,118.35066457122085,Low,-94.92
15286,50.0,1.0,240.55,4,1,1,411,6,New Customers,3,2,0.0,0.0,50.0,0.0,1.005855476197769,470.98914615257866,473.7470118872826,Medium,-240.55
15287,22.0,5.0,854.58,4,4,3,443,11,Champions,3,1,4.0,715.0,738.0,199.4575,1.01857672145655,202.90979336199652,206.67919207408843,Low,-56.75
15288,43.0,10.0,3883.13,4,5,5,455,14,Champions,1,1,8.0,622.0,666.0,443.57875,2.086202905334108,445.6193072474661,929.6522934526363,High,-334.5
15289,29.0,5.0,1570.71,4,4,4,444,12,Champions,3,1,4.0,592.0,622.0,288.3675,1.1874798406558351,292.050743159329,346.8043699502582,Medium,-417.24
15290,5.0,26.0,10355.58,5,5,5,555,15,Champions,1,10,22.0,649.0,654.0,462.46181818181816,5.611307537904004,463.212126299347,2599.2256959520673,High,-181.42000000000007
15291,26.0,40.0,13451.24,4,5,5,455,14,Champions,1,-1,37.0,711.0,737.0,360.9508108108108,8.340244870951585,361.36841449137796,3013.9010654856215,High,-96.05999999999949
15292,201.0,1.0,180.94,2,1,1,211,4,Hibernating/Lost,0,2,0.0,0.0,202.0,0.0,0.44139879550640154,470.98914615257866,207.89404180833674,Low,-180.94
15293,666.0,1.0,247.5,1,1,1,111,3,Hibernating/Lost,0,2,0.0,0.0,666.0,0.0,0.16332092013599586,470.98914615257866,76.92238072370618,Low,-247.5
15294,411.0,1.0,222.3,1,1,1,111,3,Hibernating/Lost,0,2,0.0,0.0,411.0,0.0,0.24971637656544896,470.98914615257866,117.6137029788766,Low,-222.3
15295,654.0,1.0,217.23999999999998,1,1,1,111,3,Hibernating/Lost,0,2,0.0,0.0,655.0,0.0,0.16579438647773653,470.98914615257866,78.08735652403976,Low,-217.23999999999998
15296,51.0,12.0,10223.93,4,5,5,455,14,Champions,1,-1,8.0,637.0,688.0,1139.8125,2.0233940247369078,1142.7561416940337,2312.245948835111,High,-1105.4300000000003
15297,10.0,3.0,635.04,5,3,3,533,11,Loyal Customers,3,0,2.0,53.0,64.0,205.74,3.456463440482877,212.69529201569156,735.1735008150675,Medium,-223.55999999999995
15298,2.0,23.0,8356.03,5,5,5,555,15,Champions,1,4,20.0,729.0,732.0,408.296,4.61830469700172,409.0932963005044,1889.3174918165357,High,-190.11000000000058
15299,67.0,10.0,7243.62,3,5,5,355,13,Loyal Customers,1,1,5.0,629.0,697.0,1332.0040000000001,1.297719137511752,1337.1166720937017,1735.2018944620227,High,-583.5999999999995
15300,64.0,1.0,496.44,3,1,2,312,6,Potential Loyalists,3,2,0.0,0.0,65.0,0.0,0.8926079489280784,470.98914615257866,420.4086557146402,Medium,-496.44
15301,51.0,17.0,7561.21,4,5,5,455,14,Champions,1,1,13.0,400.0,451.0,544.66,4.611638869320778,545.9957457316914,2517.9352035000525,High,-480.6300000000001
15302,730.0,1.0,291.05,1,1,2,112,4,Hibernating/Lost,0,2,0.0,0.0,731.0,0.0,0.15009037186887023,470.98914615257866,70.6909360922422,Low,-291.05
15303,290.0,3.0,1178.78,2,3,3,233,8,At Risk,0,0,2.0,393.0,684.0,460.99,0.5652636497609488,469.27480413009494,265.2639885234318,Low,-256.79999999999995
15304,61.0,9.0,905.45,3,5,3,353,11,Loyal Customers,3,1,8.0,361.0,422.0,102.19375000000001,3.080027301652422,103.79149693585538,319.68064424180824,Medium,-87.89999999999998
15305,555.0,1.0,93.6,1,1,1,111,3,Hibernating/Lost,0,2,0.0,0.0,556.0,0.0,0.19196306717883657,470.98914615257866,90.41252110339033,Low,-93.6
15306,64.0,9.0,3480.98,3,5,5,355,13,Loyal Customers,1,1,8.0,595.0,660.0,387.15250000000003,2.0930541449287783,389.1198667870021,814.4489500526688,Medium,-383.75999999999976
15307,96.0,1.0,205.3,3,1,1,311,5,Potential Loyalists,0,2,0.0,0.0,96.0,0.0,0.7244767043350695,470.98914615257866,341.22066438220855,Medium,-205.3
15308,274.0,1.0,302.27,2,1,2,212,5,Hibernating/Lost,0,2,0.0,0.0,275.0,0.0,0.34800986137346357,470.98914615257866,163.90886746096487,Low,-302.27
15309,611.0,4.0,715.53,1,3,3,133,7,At Risk,0,1,2.0,125.0,736.0,253.605,0.22959781144136945,260.809604835891,59.881314473208974,Low,-208.32
15310,479.0,1.0,1634.64,1,1,4,114,6,Hibernating/Lost,0,2,0.0,0.0,479.0,0.0,0.2188353181305998,470.98914615257866,103.06905963435912,Low,-1634.64
15311,1.0,208.0,113513.07,5,5,5,555,15,Champions,2,-1,194.0,738.0,739.0,594.8878350515464,43.27657931432783,594.979960490999,25748.69745062436,High,1895.1699999999983
15312,75.0,12.0,2916.4900000000002,3,5,5,355,13,Loyal Customers,1,1,11.0,648.0,724.0,237.14,2.587366363336612,238.42884271986787,616.9027677026617,Medium,-307.9500000000003
15313,110.0,1.0,52.0,3,1,1,311,5,Potential Loyalists,0,2,0.0,0.0,111.0,0.0,0.6640709759190613,470.98914615257866,312.7702219328283,Medium,-52.0
15314,199.0,3.0,800.65,2,3,3,233,8,At Risk,0,0,1.0,229.0,429.0,327.97,0.5242549872820876,343.2333965765049,179.94181995700333,Low,-472.67999999999995
15315,64.0,2.0,551.54,3,2,2,322,7,Potential Loyalists,3,3,1.0,52.0,117.0,336.96,1.4234510329061516,352.3175387546963,501.5067644513255,Medium,-214.57999999999998
15316,327.0,1.0,165.0,2,1,1,211,4,Hibernating/Lost,0,2,0.0,0.0,327.0,0.0,0.3024689899456926,470.98914615257866,142.45961131215466,Low,-165.0
15317,677.0,1.0,112.05000000000001,1,1,1,111,3,Hibernating/Lost,0,2,0.0,0.0,678.0,0.0,0.16070547766021034,470.98914615257866,75.69053570522478,Low,-112.05000000000001
15318,4.0,1.0,312.62,5,1,2,512,8,New Customers,3,2,0.0,0.0,4.0,0.0,1.652714350685279,470.98914615257866,778.410520863373,Medium,-312.62
15319,284.0,1.0,204.5,2,1,1,211,4,Hibernating/Lost,0,2,0.0,0.0,284.0,0.0,0.33916901304860636,470.98914615257866,159.7449238571759,Low,-204.5
15320,44.0,1.0,267.13,4,1,1,411,6,New Customers,3,2,0.0,0.0,45.0,0.0,1.0503408506142657,470.98914615257866,494.6991403999862,Medium,-267.13
15321,71.0,12.0,6560.650000000001,3,5,5,355,13,Loyal Customers,1,1,6.0,604.0,675.0,1049.6783333333333,1.572974713725428,1053.4489352310522,1657.0485373194213,High,-262.58000000000084
15322,86.0,2.0,1314.15,3,2,4,324,9,Potential Loyalists,3,3,1.0,391.0,477.0,679.68,0.5067805982914797,698.626460591154,354.0503356806439,Medium,-634.4700000000001
15323,563.0,3.0,320.9,1,3,2,132,6,At Risk,0,0,2.0,99.0,662.0,163.2,0.23201425529772468,169.93371534440175,39.4270444156069,Low,5.5
15324,701.0,1.0,140.22000000000003,1,1,1,111,3,Hibernating/Lost,0,2,0.0,0.0,702.0,0.0,0.15571826662618513,470.98914615257866,73.34161343862652,Low,-140.22000000000003
15325,104.0,8.0,1596.81,3,4,4,344,11,Loyal Customers,3,1,6.0,558.0,662.0,231.085,1.5851305489091672,233.43926018501085,370.03170263401614,Medium,-210.29999999999995
15326,334.0,5.0,1529.82,2,4,4,244,10,Can't Lose Them,0,1,4.0,405.0,739.0,348.18,0.8512802231868539,352.0186102131244,299.66648106815467,Medium,-137.0999999999999
15327,53.0,1.0,208.75,4,1,1,411,6,New Customers,3,2,0.0,0.0,53.0,0.0,0.9809434483406048,470.98914615257866,462.0137171579076,Medium,-208.75
15328,408.0,1.0,107.24,2,1,1,211,4,Hibernating/Lost,0,2,0.0,0.0,408.0,0.0,0.2512810869167688,470.98914615257866,118.35066457122085,Low,-107.24
15329,39.0,11.0,2742.98,4,5,4,454,13,Champions,1,1,9.0,686.0,726.0,294.5188888888889,2.1561939403630506,296.1606183029974,638.5797305590974,Medium,-92.30999999999995
15330,32.0,2.0,714.96,4,2,3,423,9,New Customers,3,3,1.0,28.0,61.0,394.56,2.0893140375209733,410.5207188952774,857.7067006811046,High,-320.40000000000003
15331,500.0,3.0,755.41,1,3,3,133,7,At Risk,0,0,1.0,110.0,610.0,402.32,0.2774925650130586,418.36198066421684,116.09233911845715,Low,-353.09
15332,366.0,6.0,6553.74,2,4,5,245,11,Can't Lose Them,0,-1,3.0,147.0,514.0,1615.8366666666668,0.5816729848285164,1625.353486840255,945.4242140918079,High,-1706.2299999999996
15333,208.0,1.0,1028.56,2,1,3,213,6,Hibernating/Lost,0,2,0.0,0.0,209.0,0.0,0.43031809564522433,470.98914615257866,202.6751524419479,Low,-1028.56
15334,157.0,3.0,351.67,3,3,2,332,8,Loyal Customers,0,0,2.0,17.0,174.0,118.58500000000001,1.2293013051641488,125.08633069020348,153.76878957566146,Low,-114.5
15335,54.0,1.0,173.97,4,1,1,411,6,New Customers,3,2,0.0,0.0,54.0,0.0,0.9729137947226096,470.98914615257866,458.2318374564671,Medium,-173.97
15336,402.0,1.0,240.5,2,1,1,211,4,Hibernating/Lost,0,2,0.0,0.0,402.0,0.0,0.2544701740471112,470.98914615257866,119.85268999574699,Low,-240.5
15337,411.0,1.0,344.72,1,1,2,112,4,Hibernating/Lost,0,2,0.0,0.0,412.0,0.0,0.24919913437712668,470.98914615257866,117.3700875222446,Low,-344.72
15338,677.0,1.0,283.43,1,1,2,112,4,Hibernating/Lost,0,2,0.0,0.0,678.0,0.0,0.16070547766021034,470.98914615257866,75.69053570522478,Low,-283.43
15339,66.0,7.0,1634.09,3,4,4,344,11,Loyal Customers,3,1,5.0,603.0,670.0,338.48799999999994,1.3446721818626495,341.53716358281656,459.2555229420866,Medium,58.34999999999968
15340,562.0,1.0,105.5,1,1,1,111,3,Hibernating/Lost,0,2,0.0,0.0,562.0,0.0,0.1901439270762651,470.98914615257866,89.55572585974828,Low,-105.5
15341,81.0,2.0,2401.02,3,2,4,324,9,Potential Loyalists,3,3,1.0,369.0,450.0,2020.52,0.5331892117775572,2053.507572738668,1094.908084087775,High,-380.5
15342,130.0,1.0,391.76,3,1,2,312,6,Potential Loyalists,0,2,0.0,0.0,130.0,0.0,0.6006990184031485,470.98914615257866,282.9227177723911,Medium,-391.76
15343,87.0,1.0,364.5,3,1,2,312,6,Potential Loyalists,0,2,0.0,0.0,88.0,0.0,0.7614498189468767,470.98914615257866,358.6346000638251,Medium,-364.5
15344,1.0,3.0,476.58,5,3,2,532,10,Loyal Customers,3,8,2.0,74.0,75.0,127.625,3.216783435092268,134.17341703501918,431.60682534797644,Medium,-221.32999999999998
15345,46.0,1.0,367.69,4,1,2,412,7,New Customers,3,2,0.0,0.0,46.0,0.0,1.04112876043265,470.98914615257866,490.3603459110665,Medium,-367.69
15346,333.0,3.0,591.65,2,3,2,232,7,At Risk,0,0,2.0,99.0,432.0,166.82,0.5757577254293011,173.57257071699388,99.93574851293292,Low,-258.01
15347,366.0,4.0,1333.9,2,3,4,234,9,At Risk,0,1,2.0,71.0,438.0,396.45000000000005,0.4439275427216922,404.3986367966431,179.52369311313586,Low,-541.0
15348,72.0,1.0,158.04,3,1,1,311,5,Potential Loyalists,3,2,0.0,0.0,73.0,0.0,0.842115185657118,470.98914615257866,396.62711225476625,Medium,-158.04
15349,158.0,2.0,473.81,3,2,2,322,7,Potential Loyalists,0,3,1.0,29.0,188.0,107.7,0.8779687009876422,120.65675613265411,105.93285544716906,Low,-366.11
15350,373.0,2.0,663.25,2,2,3,223,7,Hibernating/Lost,0,3,1.0,10.0,384.0,231.3,0.2943946247840981,245.5510801843178,72.28891811619224,Low,-431.95
15351,12.0,10.0,3615.18,5,5,5,555,15,Champions,1,1,9.0,420.0,433.0,339.8333333333333,3.422522143446988,341.52730174582007,1168.8847528167703,High,-556.6799999999998
15352,549.0,1.0,114.95,1,1,1,111,3,Hibernating/Lost,0,2,0.0,0.0,549.0,0.0,0.19412993256033761,470.98914615257866,91.4330911792511,Low,-114.95
15353,255.0,7.0,3154.05,2,4,5,245,11,Can't Lose Them,0,1,6.0,483.0,738.0,481.7266666666667,1.285308097566366,484.51459059286276,622.7505266780591,Medium,-263.69000000000005
15354,603.0,3.0,-94.8,1,3,1,131,5,At Risk,0,0,,,,,,,0.0,Low,
15355,29.0,2.0,277.05,4,2,2,422,8,New Customers,3,3,1.0,24.0,54.0,150.8,2.2137583529229943,164.20809405034592,363.5170398215179,Medium,-126.25
15356,31.0,13.0,3464.95,4,5,5,455,14,Champions,1,1,12.0,391.0,423.0,271.9325,4.5576772172852,273.1439195447836,1244.9018191492419,High,-201.75999999999976
15358,5.0,42.0,16837.35,5,5,5,555,15,Champions,2,-1,29.0,728.0,733.0,572.5520689655172,6.627282525008023,573.1605590717254,3798.4969571598745,High,-233.34000000000015
15359,663.0,8.0,162.6,1,4,1,141,6,Can't Lose Them,0,-1,3.0,31.0,694.0,51.833333333333336,0.017734271673180584,55.92865196556973,0.9918539082721788,Low,-7.099999999999994
15360,40.0,1.0,427.93,4,1,2,412,7,New Customers,3,2,0.0,0.0,40.0,0.0,1.0989862711322556,470.98914615257866,517.6106054739873,Medium,-427.93
15361,362.0,4.0,689.07,2,3,3,233,8,At Risk,0,1,3.0,182.0,544.0,205.89000000000001,0.6528753620653482,210.51934463971864,137.44289335341614,Low,-71.39999999999998
15362,449.0,2.0,613.08,1,2,3,123,6,Hibernating/Lost,0,3,1.0,290.0,739.0,302.33,0.2987826356816387,317.32489763892676,94.81116928396474,Low,-310.75000000000006
15363,373.0,2.0,996.16,2,2,3,223,7,Hibernating/Lost,0,3,1.0,120.0,493.0,652.0,0.38307874486716453,670.656599023597,256.91428819084075,Low,-344.15999999999997
15364,96.0,2.0,913.19,3,2,3,323,8,Potential Loyalists,0,3,1.0,159.0,255.0,581.39,0.8302087473460483,599.307179757513,497.55006298197793,Medium,-331.80000000000007
15365,26.0,13.0,3573.26,4,5,5,455,14,Champions,1,1,5.0,648.0,674.0,649.6279999999999,1.3468151221218247,653.3233937774754,879.9058263754556,High,-325.1200000000008
15366,75.0,7.0,2389.08,3,4,4,344,11,Loyal Customers,3,1,6.0,576.0,652.0,345.41499999999996,1.6201677837067574,347.9670755609979,563.7650456145838,Medium,-316.59000000000015
15367,57.0,11.0,5005.7300000000005,4,5,5,455,14,Champions,1,1,8.0,672.0,730.0,536.96375,1.9155903601134865,539.1254368839463,1032.7434897868595,High,-710.0200000000004
15368,21.0,2.0,722.74,4,2,3,423,9,New Customers,3,3,1.0,373.0,395.0,446.94000000000005,0.6046834731715844,463.4492358356184,280.2400935637985,Low,-275.79999999999995
15369,492.0,11.0,1713.39,1,5,4,154,10,Can't Lose Them,0,1,7.0,239.0,732.0,848.3285714285714,0.09460661358470707,851.2611811689995,80.53493762651685,Low,4224.91
15370,41.0,8.0,3713.51,4,4,5,445,13,Champions,1,1,7.0,370.0,411.0,340.86428571428576,2.810039086555582,343.0444912691422,963.9684288938647,High,-1327.46
15371,662.0,1.0,59.400000000000006,1,1,1,111,3,Hibernating/Lost,0,2,0.0,0.0,663.0,0.0,0.16398814708697973,470.98914615257866,77.23663737564006,Low,-59.400000000000006
15372,137.0,8.0,5954.42,3,4,5,345,12,Loyal Customers,1,1,5.0,526.0,664.0,1116.964,1.3263634025838071,1121.6300392562025,1487.689035308066,High,-369.60000000000036
15373,8.0,17.0,3218.59,5,5,5,555,15,Champions,1,1,14.0,578.0,587.0,221.39928571428572,3.9911727188707307,222.40008272927534,887.6371428636772,High,-119.0
15374,129.0,2.0,307.32,3,2,2,322,7,Potential Loyalists,0,3,1.0,496.0,625.0,168.0,0.3971642315548587,181.588210342325,72.12034202003156,Low,-139.32
15375,690.0,1.0,60.959999999999994,1,1,1,111,3,Hibernating/Lost,0,2,0.0,0.0,691.0,0.0,0.15796506575815872,470.98914615257866,74.39983144337111,Low,-60.959999999999994
15376,40.0,3.0,1233.3600000000001,4,3,4,434,11,Loyal Customers,3,0,2.0,182.0,223.0,289.595,1.559114353397712,296.9870647418553,463.0367954124822,Medium,-654.1700000000001
15377,383.0,4.0,1179.95,2,3,3,233,8,At Risk,0,1,2.0,33.0,416.0,453.7250000000001,0.28874852855708383,461.9719631682492,133.3937245994593,Low,-272.4999999999999
15378,463.0,2.0,246.5,1,2,1,121,4,Hibernating/Lost,0,3,1.0,39.0,502.0,136.5,0.2548187447573316,149.75834620294467,38.16123379636825,Low,-110.0
15379,169.0,8.0,4806.4400000000005,3,4,5,345,12,Loyal Customers,1,1,7.0,231.0,401.0,529.0414285714286,2.1835475734807295,531.5006395142511,1160.556931714799,High,-1103.1500000000005
15380,9.0,11.0,3422.2000000000003,5,5,5,555,15,Champions,1,1,10.0,730.0,739.0,321.564,2.3530363764100994,323.06944303945954,760.1941515783989,Medium,-206.55999999999995
15381,214.0,5.0,1887.62,2,4,4,244,10,Can't Lose Them,0,1,4.0,370.0,584.0,385.2675,1.1508017118431848,389.20244752735863,447.8948428680416,Medium,-346.54999999999995
15382,15.0,12.0,13646.5,5,5,5,555,15,Champions,1,-1,9.0,721.0,736.0,1356.7055555555555,2.1372158663930465,1359.5717856391009,2905.6983917682123,High,-1436.1499999999996
15384,170.0,4.0,2014.49,3,3,4,334,10,Loyal Customers,0,1,3.0,423.0,593.0,583.7633333333333,0.9300959820081729,589.7025478534033,548.4799703384327,Medium,-263.20000000000005
15385,40.0,3.0,942.08,4,3,3,433,10,Loyal Customers,3,0,2.0,637.0,678.0,317.14,0.6173210597822536,324.67553745954865,200.42904686990136,Low,-307.80000000000007
15386,186.0,1.0,394.14,3,1,2,312,6,Potential Loyalists,0,2,0.0,0.0,187.0,0.0,0.46718489057148954,470.98914615257866,220.03901270565174,Low,-394.14
15387,492.0,1.0,468.65,1,1,2,112,4,Hibernating/Lost,0,2,0.0,0.0,493.0,0.0,0.21340309365648688,470.98914615257866,100.51054086758754,Low,-468.65
15388,270.0,1.0,140.54,2,1,1,211,4,Hibernating/Lost,0,2,0.0,0.0,271.0,0.0,0.35208918762020525,470.98914615257866,165.83018584679553,Low,-140.54
15389,172.0,5.0,2733.8,3,4,4,344,11,Loyal Customers,0,1,4.0,509.0,682.0,469.75,1.0524708998113737,473.90439659105385,498.77058670475253,Medium,-854.8000000000002
15390,396.0,2.0,1216.66,2,2,4,224,8,Hibernating/Lost,0,3,1.0,13.0,410.0,381.77000000000004,0.2741676272435103,397.5967835828116,109.00816675455093,Low,-834.8900000000001
15391,584.0,1.0,282.92,1,1,2,112,4,Hibernating/Lost,0,2,0.0,0.0,585.0,0.0,0.1834790440497688,470.98914615257866,86.41663829389198,Low,-282.92
15392,5.0,7.0,2891.82,5,4,5,545,14,Champions,1,1,6.0,427.0,432.0,420.035,2.3594063044646854,422.71618413579165,997.3592298492416,High,-371.6100000000001
15393,16.0,5.0,891.34,5,4,3,543,12,Champions,3,1,4.0,708.0,725.0,175.875,1.0359232941650793,179.26603620762026,185.70586276011437,Low,-187.84000000000003
15394,10.0,11.0,5251.4,5,5,5,555,15,Champions,1,1,9.0,715.0,725.0,554.3777777777777,2.168003502407095,556.3190754254078,1206.1017039781611,High,-262.0
15395,326.0,1.0,107.45,2,1,1,211,4,Hibernating/Lost,0,2,0.0,0.0,326.0,0.0,0.303231865302198,470.98914615257866,142.81891732493597,Low,-107.45
15396,113.0,2.0,796.38,3,2,3,323,8,Potential Loyalists,0,3,1.0,471.0,584.0,288.18,0.42291526200222235,303.02672057314163,128.1546249248644,Low,-508.2
15397,290.0,1.0,94.0,2,1,1,211,4,Hibernating/Lost,0,2,0.0,0.0,290.0,0.0,0.3335210776577994,470.98914615257866,157.08480758993483,Low,-94.0
15398,16.0,2.0,1339.63,5,2,4,524,11,New Customers,3,3,1.0,62.0,79.0,710.6800000000001,1.8790381160434337,729.9510887918141,1371.6059186872235,High,-628.95
15399,1.0,3.0,815.77,5,3,3,533,11,Loyal Customers,3,8,2.0,78.0,80.0,255.3,3.106272065884505,262.513433525544,815.4381454798262,Medium,-305.16999999999996
15400,92.0,8.0,1252.8,3,4,4,344,11,Loyal Customers,3,1,7.0,468.0,561.0,158.32857142857142,2.1107329552325287,160.2381359958526,338.21991433147775,Medium,-144.5
15401,452.0,2.0,216.95000000000002,1,2,1,121,4,Hibernating/Lost,0,3,1.0,116.0,569.0,80.75,0.31256926370482047,93.42453903562874,29.201639378328732,Low,-136.20000000000002
15402,149.0,6.0,1816.64,3,4,4,344,11,Loyal Customers,3,1,5.0,443.0,592.0,249.296,1.4503270670711452,252.1599139732453,365.71434846572913,Medium,-570.1600000000001
15403,492.0,2.0,170.88,1,2,1,121,4,Hibernating/Lost,0,3,1.0,239.0,731.0,75.12,0.2864400812288806,87.73558236563791,25.130987339476466,Low,-95.75999999999999
15404,376.0,1.0,257.06,2,1,1,211,4,Hibernating/Lost,0,2,0.0,0.0,376.0,0.0,0.2692811004844868,470.98914615257866,126.82847559221516,Low,-257.06
15405,189.0,2.0,659.84,2,2,3,223,7,Hibernating/Lost,0,3,1.0,387.0,577.0,349.1,0.4175109555541054,364.5846673468257,152.21809284434886,Low,-310.74
15406,31.0,4.0,891.77,4,3,3,433,10,Loyal Customers,3,1,2.0,422.0,454.0,255.35500000000002,0.8804802640224154,262.56872000219937,231.18657591156418,Low,-381.05999999999995
15407,34.0,4.0,1056.44,4,3,3,433,10,Loyal Customers,3,1,3.0,272.0,306.0,297.1466666666667,1.6987693463634292,302.09234577220616,513.1852167688457,Medium,-165.0
15408,264.0,1.0,267.18,2,1,1,211,4,Hibernating/Lost,0,2,0.0,0.0,265.0,0.0,0.3583911826236957,470.98914615257866,168.79835709254732,Low,-267.18
15409,721.0,1.0,117.2,1,1,1,111,3,Hibernating/Lost,0,2,0.0,0.0,722.0,0.0,0.151792902635453,470.98914615257866,71.49280960429351,Low,-117.2
15410,84.0,10.0,4685.72,3,5,5,355,13,Loyal Customers,1,1,9.0,515.0,600.0,422.6933333333334,2.518969925619999,424.4828236805738,1069.259466793622,High,-881.4799999999996
15411,26.0,4.0,1346.38,4,3,4,434,11,Loyal Customers,3,1,3.0,156.0,183.0,400.82666666666665,2.521272443195731,406.1317448014968,1023.9687764750149,High,-143.9000000000001
15412,171.0,1.0,190.53,3,1,1,311,5,Potential Loyalists,0,2,0.0,0.0,172.0,0.0,0.4961843217924707,470.98914615257866,233.6974300553321,Low,-190.53
15413,692.0,5.0,-2531.3799999999997,1,4,1,141,6,Can't Lose Them,0,-1,4.0,47.0,739.0,1557.1200000000001,0.005615488901584804,1564.098914430728,8.783180094966593,Low,8759.86
15414,10.0,3.0,774.9000000000001,5,3,3,533,11,Loyal Customers,3,0,2.0,233.0,243.0,369.35,1.4791105847625212,377.1574819355252,557.8576236532147,Medium,-36.200000000000045
15415,313.0,1.0,572.8100000000001,2,1,2,212,5,Hibernating/Lost,0,2,0.0,0.0,314.0,0.0,0.3126965660627465,470.98914615257866,147.27668865473638,Low,-572.8100000000001
15416,65.0,7.0,4554.65,3,4,5,345,12,Loyal Customers,1,1,5.0,612.0,677.0,836.758,1.3327803354304075,840.8420582253977,1120.65776040564,High,-370.8599999999997
15417,85.0,1.0,508.8,3,1,2,312,6,Potential Loyalists,0,2,0.0,0.0,86.0,0.0,0.7712946225764735,470.98914615257866,363.2713957193687,Medium,-508.8
15418,425.0,2.0,452.32,1,2,2,122,5,Hibernating/Lost,0,3,1.0,161.0,587.0,245.83,0.33516246001693156,260.23323656353034,87.22041174480093,Low,-206.48999999999998
15419,25.0,1.0,135.86,4,1,1,411,6,New Customers,3,2,0.0,0.0,25.0,0.0,1.2767283230446989,470.98914615257866,601.3251827396364,Medium,-135.86
15420,434.0,6.0,743.0,1,4,3,143,8,Can't Lose Them,0,1,5.0,300.0,735.0,129.178,0.5648051650176352,131.7924318156248,74.43704619969941,Low,-97.11000000000001
15421,59.0,10.0,3805.34,4,5,5,455,14,Champions,1,1,8.0,674.0,733.0,445.53625,1.908129535538161,447.5793463197305,854.0393702095411,High,-241.05000000000018
15422,323.0,7.0,1615.02,2,4,4,244,10,Can't Lose Them,0,1,5.0,347.0,671.0,264.196,0.9908597879221597,267.0908609099954,264.64959379722507,Low,-294.03999999999996
15423,38.0,3.0,219.14,4,3,1,431,8,Loyal Customers,3,0,2.0,583.0,622.0,56.67,0.6671366010126345,62.84883610621412,41.928758897499826,Low,-105.79999999999998
15424,254.0,3.0,597.78,2,3,2,232,7,At Risk,0,0,1.0,209.0,464.0,383.34000000000003,0.4740409324505071,399.1832244303934,189.22918792758375,Low,-214.43999999999994
15425,400.0,4.0,1944.57,2,3,4,234,9,At Risk,0,1,3.0,263.0,664.0,393.96000000000004,0.6242169770085174,399.2412753441814,249.21318199237007,Low,-762.6899999999998
15426,19.0,9.0,2592.95,5,5,4,554,14,Champions,1,1,6.0,567.0,587.0,367.97,1.799164766820088,370.56110053961595,666.7004760449533,Medium,-385.12999999999965
15427,33.0,3.0,1483.14,4,3,4,434,11,Loyal Customers,3,0,1.0,14.0,48.0,1112.1100000000001,2.3030006013821946,1135.5848145528123,2615.252510835615,High,-371.03
15428,15.0,4.0,762.75,5,3,3,533,11,Loyal Customers,3,1,3.0,707.0,723.0,192.76999999999998,0.8116954949695002,197.35386513292565,160.19124324321407,Low,-184.44000000000005
15429,27.0,2.0,364.90000000000003,4,2,2,422,8,New Customers,3,3,1.0,49.0,76.0,154.29,1.8970052934908161,167.73464090261373,318.1935016940394,Medium,-210.61000000000004
15430,468.0,2.0,903.75,1,2,3,123,6,Hibernating/Lost,0,3,1.0,61.0,529.0,118.00000000000001,0.2740113261516274,131.06461647029275,35.91318937057934,Low,-785.75
15431,503.0,1.0,153.24,1,1,1,111,3,Hibernating/Lost,0,2,0.0,0.0,503.0,0.0,0.20968535883570338,470.98914615257866,98.759528118725,Low,-153.24
15432,23.0,2.0,301.26,4,2,2,422,8,New Customers,3,3,1.0,518.0,542.0,171.19,0.4599258094111384,184.81161563136064,84.99963190783375,Low,-130.07
15433,214.0,2.0,417.87,2,2,2,222,6,Hibernating/Lost,0,3,1.0,54.0,268.0,160.66,0.6593644524928486,174.17134676191066,114.8423946976093,Low,-257.21000000000004
15434,8.0,11.0,2517.11,5,5,4,554,14,Champions,1,1,9.0,676.0,685.0,253.52333333333334,2.2829936367605215,255.1178026124796,582.4323199886177,Medium,-235.4000000000001
15435,22.0,1.0,149.29,4,1,1,411,6,New Customers,3,2,0.0,0.0,23.0,0.0,1.304922566593975,470.98914615257866,614.6043654353277,Medium,-149.29
15436,12.0,3.0,1122.53,5,3,3,533,11,Loyal Customers,3,0,2.0,222.0,235.0,316.74,1.5163307123013383,324.27345399296394,491.7057974735663,Medium,-489.04999999999995
15437,262.0,2.0,393.45,2,2,2,222,6,Hibernating/Lost,0,3,1.0,378.0,641.0,200.16,0.3720916814363771,214.0849859208161,79.65924238155958,Low,-193.29
15438,131.0,1.0,156.57999999999998,3,1,1,311,5,Potential Loyalists,0,2,0.0,0.0,132.0,0.0,0.5947283476781539,470.98914615257866,280.11059666566763,Low,-156.57999999999998
15439,405.0,4.0,1269.05,2,3,4,234,9,At Risk,0,1,2.0,249.0,654.0,260.1,0.5058427119156209,267.33843512456116,135.2311990226863,Low,-748.8499999999999
15440,55.0,3.0,383.68,4,3,2,432,9,Loyal Customers,3,0,2.0,154.0,209.0,128.94,1.621174500692988,135.4952664314166,219.66147090321522,Low,-125.80000000000001
15441,396.0,3.0,1254.21,2,3,4,234,9,At Risk,0,0,2.0,334.0,731.0,476.32000000000005,0.49334619029295246,484.6846529869561,239.11732704457648,Low,-301.56999999999994
15442,249.0,1.0,594.0,2,1,2,212,5,Hibernating/Lost,0,2,0.0,0.0,249.0,0.0,0.3763580222434169,470.98914615257866,177.26054354410013,Low,-594.0
15443,2.0,14.0,5116.14,5,5,5,555,15,Champions,1,1,13.0,641.0,643.0,366.8969230769231,3.428851229993477,368.0908463938711,1262.128751406965,High,-346.4800000000005
15444,9.0,2.0,1418.26,5,2,4,524,11,New Customers,3,3,1.0,31.0,41.0,1075.36,2.542370082705368,1098.4499730568684,2792.6663488482995,High,-342.9000000000001
15445,264.0,2.0,284.5,2,2,2,222,6,Hibernating/Lost,0,3,1.0,326.0,591.0,113.5,0.3960002773664019,126.51749302180986,50.100962328338525,Low,-171.0
15446,377.0,3.0,398.85,2,3,2,232,7,At Risk,0,0,2.0,350.0,727.0,141.76,0.5058217547285243,148.3820415354583,75.0548646196663,Low,-115.33000000000004
15447,331.0,5.0,484.93,2,4,2,242,8,Can't Lose Them,0,1,3.0,295.0,626.0,130.52666666666667,0.7544138671432418,134.89476990163888,101.76648501889316,Low,-93.34999999999997
15448,313.0,2.0,788.81,2,2,3,223,7,Hibernating/Lost,0,3,1.0,362.0,675.0,494.64,0.34891662221371994,511.6487443895371,178.5227516522883,Low,-294.16999999999996
15449,26.0,3.0,971.22,4,3,3,433,10,Loyal Customers,3,0,2.0,235.0,262.0,314.29999999999995,1.386744990640431,321.8207448467968,446.28330580046776,Medium,-342.6200000000001
15450,30.0,1.0,429.84,4,1,2,412,7,New Customers,3,2,0.0,0.0,31.0,0.0,1.1990808315035197,470.98914615257866,564.7540569977668,Medium,-429.84
15451,434.0,2.0,233.21,1,2,1,121,4,Hibernating/Lost,0,3,1.0,165.0,600.0,122.95,0.32835078157694597,136.06645226362394,44.67752594716313,Low,-110.26
15452,30.0,6.0,1799.1100000000001,4,4,4,444,12,Champions,3,1,5.0,482.0,512.0,184.732,1.7185668182108045,187.46181611926332,322.16565686410127,Medium,-875.4500000000002
15453,2.0,7.0,1388.37,5,4,4,544,13,Champions,3,1,6.0,186.0,188.0,198.54666666666665,4.598206168320036,200.8446285691416,923.5250099605736,High,-197.08999999999992
15454,362.0,2.0,307.69,2,2,2,222,6,Hibernating/Lost,0,3,1.0,256.0,619.0,179.1,0.3574881767520861,192.80444818191614,68.92531065024527,Low,-128.59
15455,598.0,1.0,38.25,1,1,1,111,3,Hibernating/Lost,0,2,0.0,0.0,598.0,0.0,0.17991477755340504,470.98914615257866,84.73790746010937,Low,-38.25
15456,283.0,10.0,2119.27,2,5,4,254,11,Can't Lose Them,0,1,8.0,448.0,732.0,238.4825,1.3697648888820224,240.25702700485823,329.0956398984347,Medium,-211.41000000000008
15457,262.0,1.0,237.07,2,1,1,211,4,Hibernating/Lost,0,2,0.0,0.0,263.0,0.0,0.36054241492655426,470.98914615257866,169.8115641580465,Low,-237.07
15458,25.0,2.0,370.43999999999994,4,2,2,422,8,New Customers,3,3,1.0,377.0,403.0,161.64,0.5939491069969489,175.16160920180246,104.03708136555912,Low,-208.79999999999995
15459,417.0,2.0,202.82999999999998,1,2,1,121,4,Hibernating/Lost,0,3,1.0,80.0,498.0,105.0,0.3306051411401915,117.92848206356437,38.987762457073245,Low,-97.82999999999998
15460,354.0,1.0,216.76,2,1,1,211,4,Hibernating/Lost,0,2,0.0,0.0,355.0,0.0,0.28256697191864344,470.98914615257866,133.08597683488154,Low,-216.76
15461,461.0,2.0,391.29999999999995,1,2,2,122,5,Hibernating/Lost,0,3,1.0,171.0,632.0,219.7,0.31041259827693546,233.82960640600632,72.58365567856157,Low,-171.59999999999997
15462,94.0,4.0,737.05,3,3,3,333,9,Loyal Customers,3,1,3.0,351.0,446.0,78.2,1.2181603379801533,82.3867167264265,100.36023069253885,Low,-502.44999999999993
15463,29.0,1.0,126.14,4,1,1,411,6,New Customers,3,2,0.0,0.0,30.0,0.0,1.2113523663161674,470.98914615257866,570.5338167011573,Medium,-126.14
15464,338.0,1.0,1048.85,2,1,3,213,6,Hibernating/Lost,0,2,0.0,0.0,339.0,0.0,0.29360567524554027,470.98914615257866,138.28508628944832,Low,-1048.85
15465,20.0,32.0,12226.15,4,5,5,455,14,Champions,1,6,31.0,710.0,730.0,394.15645161290325,7.0843337639121025,394.6660132572063,2795.945763186608,High,-7.299999999999272
15466,85.0,4.0,1571.01,3,3,4,334,10,Loyal Customers,3,1,3.0,651.0,737.0,275.59999999999997,0.7897315393787983,280.47098918381437,221.496786039228,Low,-744.21
15467,9.0,3.0,511.88,5,3,2,532,10,Loyal Customers,3,0,2.0,143.0,153.0,118.22999999999999,2.0757198683188176,124.72948161360948,258.90346315047583,Low,-275.42
15468,51.0,3.0,1387.48,4,3,4,434,11,Loyal Customers,3,0,1.0,341.0,393.0,467.51,0.6025021656362555,484.23464235457243,291.7524206947275,Medium,-919.97
15469,50.0,3.0,834.4,4,3,3,433,10,Loyal Customers,3,0,2.0,388.0,439.0,269.275,0.9021793273017074,276.5612246393492,249.5078196028644,Low,-295.85
15470,576.0,1.0,63.419999999999995,1,1,1,111,3,Hibernating/Lost,0,2,0.0,0.0,576.0,0.0,0.18603057093230413,470.98914615257866,87.61837976168265,Low,-63.419999999999995
15471,2.0,3.0,1316.56,5,3,4,534,12,Loyal Customers,3,0,2.0,548.0,551.0,523.655,0.7471700343967227,532.2662052139307,397.69335885790565,Medium,-269.25
15472,113.0,1.0,371.56,3,1,2,312,6,Potential Loyalists,0,2,0.0,0.0,114.0,0.0,0.6531853826149943,470.98914615257866,307.64322563718156,Medium,-371.56
15473,14.0,8.0,1740.0,5,4,4,544,13,Champions,1,1,4.0,430.0,445.0,366.3,1.5979249695140163,370.18567815067547,591.5289384734435,Medium,-274.79999999999995
15474,596.0,1.0,163.1,1,1,1,111,3,Hibernating/Lost,0,2,0.0,0.0,596.0,0.0,0.18045407771573524,470.98914615257866,84.99191198308522,Low,-163.1
15475,77.0,1.0,454.10999999999996,3,1,2,312,6,Potential Loyalists,0,2,0.0,0.0,78.0,0.0,0.8133788715032176,470.98914615257866,383.09262018784847,Medium,-454.10999999999996
15476,380.0,4.0,2180.28,2,3,4,234,9,At Risk,0,1,2.0,62.0,443.0,686.2749999999999,0.3909885811356445,695.7332385539669,272.0237517911224,Low,-807.7300000000005
15477,650.0,1.0,368.4,1,1,2,112,4,Hibernating/Lost,0,2,0.0,0.0,650.0,0.0,0.16694364778258103,470.98914615257866,78.62864612471466,Low,-368.4
15478,40.0,3.0,2024.98,4,3,4,434,11,Loyal Customers,3,0,2.0,535.0,576.0,720.71,0.7140571069311931,730.3475989835831,521.5098935843605,Medium,-583.56
15479,733.0,1.0,147.4,1,1,1,111,3,Hibernating/Lost,0,2,0.0,0.0,734.0,0.0,0.14953132253563808,470.98914615257866,70.42762992412602,Low,-147.4
15480,116.0,5.0,3592.25,3,4,5,345,12,Loyal Customers,3,1,2.0,560.0,677.0,1387.03,0.6098440127204381,1400.1382376204851,853.865921193799,High,-818.19
15481,401.0,1.0,1993.34,2,1,4,214,7,Hibernating/Lost,0,2,0.0,0.0,402.0,0.0,0.2544701740471112,470.98914615257866,119.85268999574699,Low,-1993.34
15482,16.0,19.0,8107.83,5,5,5,555,15,Champions,1,1,14.0,722.0,738.0,845.7742857142857,3.2432222279289573,847.2376121796102,2747.7798561583654,High,3733.01
15483,161.0,10.0,862.2,3,5,3,353,11,Loyal Customers,3,1,5.0,523.0,685.0,137.38799999999998,1.277367096900801,140.01948378547164,178.8562815125967,Low,-175.26000000000022
15484,1.0,6.0,4624.8,5,4,5,545,14,Champions,1,-1,5.0,733.0,735.0,793.3,1.2485087866454614,797.2937970188685,995.4283111159804,High,-658.3000000000002
15485,30.0,7.0,5624.51,4,4,5,445,13,Champions,1,1,5.0,708.0,739.0,973.934,1.2381935353313345,978.302969433158,1211.3284123475844,High,-754.8400000000001
15486,527.0,1.0,102.0,1,1,1,111,3,Hibernating/Lost,0,2,0.0,0.0,528.0,0.0,0.20093465781041323,470.98914615257866,94.63804291458709,Low,-102.0
15487,680.0,1.0,231.32,1,1,1,111,3,Hibernating/Lost,0,2,0.0,0.0,680.0,0.0,0.16027769896648442,470.98914615257866,75.48905658352453,Low,-231.32
15488,93.0,5.0,431.92,3,4,2,342,9,Loyal Customers,3,1,4.0,491.0,584.0,98.485,1.2385663053388898,101.67501039707521,125.93124197279865,Low,-37.98000000000002
15489,23.0,8.0,2327.36,4,4,4,444,12,Champions,1,1,7.0,671.0,694.0,315.08714285714285,1.782236135544235,317.2291293082638,565.3772175004225,Medium,-121.75
15490,430.0,1.0,188.1,1,1,1,111,3,Hibernating/Lost,0,2,0.0,0.0,431.0,0.0,0.23976378997776246,470.98914615257866,112.92614271993254,Low,-188.1
15491,95.0,6.0,3090.85,3,4,5,345,12,Loyal Customers,3,1,4.0,140.0,236.0,519.41,2.4789002580559947,523.6933918327087,1298.1836841563206,High,-1013.21
15492,28.0,2.0,659.4599999999999,4,2,3,423,9,New Customers,3,3,1.0,46.0,75.0,171.72,1.9050928871187283,185.34716572640417,353.1035670729887,Medium,-487.7399999999999
15493,33.0,9.0,4280.43,4,5,5,455,14,Champions,1,1,7.0,622.0,655.0,552.8528571428571,1.8748792391438975,555.34737267563,1041.2092595426477,High,-410.46000000000004
15494,21.0,5.0,3770.95,4,4,5,445,13,Champions,3,1,4.0,708.0,730.0,715.5725,1.0288551001126551,720.3654373238709,741.1516541355478,Medium,-908.6599999999999
15495,379.0,1.0,246.5,2,1,1,211,4,Hibernating/Lost,0,2,0.0,0.0,380.0,0.0,0.26689108588693405,470.98914615257866,125.70280465762161,Low,-246.5
15496,631.0,1.0,146.14000000000001,1,1,1,111,3,Hibernating/Lost,0,2,0.0,0.0,632.0,0.0,0.17121640184758077,470.98914615257866,80.64106691350887,Low,-146.14000000000001
15497,18.0,9.0,8643.46,5,5,5,555,15,Champions,1,-1,8.0,704.0,722.0,1048.17375,1.9473263044399365,1050.9985271175492,2046.6370777836335,High,-258.0699999999997
15498,3.0,44.0,23860.81,5,5,5,555,15,Champions,2,-1,30.0,721.0,724.0,754.0953333333333,6.930436479918758,754.7462683335581,5230.721071141443,High,-1237.9500000000007
15499,724.0,1.0,161.6,1,1,1,111,3,Hibernating/Lost,0,2,0.0,0.0,724.0,0.0,0.1514112306876721,470.98914615257866,71.3130462594978,Low,-161.6
15500,8.0,4.0,1131.56,5,3,3,533,11,Loyal Customers,3,1,3.0,73.0,82.0,241.84666666666666,4.239129870825952,246.60065242421445,1045.3721918566557,High,-406.02
15501,405.0,2.0,402.5,2,2,2,222,6,Hibernating/Lost,0,3,1.0,11.0,416.0,166.1,0.2609521709537018,179.66831377518776,46.884836531226135,Low,-236.4
15502,16.0,14.0,8673.53,5,5,5,555,15,Champions,1,1,7.0,539.0,555.0,1160.9014285714286,2.179607633704116,1164.2974820115041,2537.7116796947553,High,-547.2200000000003
15503,363.0,2.0,267.15,2,2,1,221,5,Hibernating/Lost,0,3,1.0,364.0,727.0,147.09,0.32138264508473724,160.4592433850411,51.56881606738014,Low,-120.05999999999997
15504,81.0,4.0,413.9,3,3,2,332,8,Loyal Customers,3,1,3.0,584.0,666.0,92.04666666666667,0.8652728326380827,96.28138183598391,83.30966399153064,Low,-137.76
15505,53.0,5.0,3497.14,4,4,5,445,13,Champions,3,1,4.0,103.0,156.0,666.7,3.4974518657876814,671.3659876672505,2348.0702261932147,High,-830.3399999999997
15506,23.0,6.0,2040.03,4,4,4,444,12,Champions,3,1,5.0,455.0,478.0,368.73,1.8271703801138808,371.8419754795412,679.4186436792496,Medium,-196.37999999999988
15507,172.0,1.0,492.36,3,1,2,312,6,Potential Loyalists,0,2,0.0,0.0,172.0,0.0,0.4961843217924707,470.98914615257866,233.6974300553321,Low,-492.36
15508,189.0,6.0,1000.27,2,4,3,243,9,Can't Lose Them,0,1,3.0,46.0,236.0,229.61666666666665,1.119239917203438,234.32825803640364,262.2695401230903,Low,-311.4200000000001
15509,380.0,1.0,166.51,2,1,1,211,4,Hibernating/Lost,0,2,0.0,0.0,381.0,0.0,0.2663002075856835,470.98914615257866,125.42450739103553,Low,-166.51
15510,331.0,1.0,250.0,2,1,1,211,4,Hibernating/Lost,0,2,0.0,0.0,331.0,0.0,0.2994555671014377,470.98914615257866,141.04032185974236,Low,-250.0
15511,12.0,5.0,909.23,5,4,3,543,12,Champions,3,1,4.0,74.0,86.0,176.5825,5.272907976110085,179.97537398719075,948.9935850004537,High,-202.89999999999998
15512,156.0,4.0,331.58,3,3,2,332,8,Loyal Customers,0,1,3.0,521.0,677.0,97.52666666666669,0.8368460528755302,101.78037784949196,85.17450746352738,Low,-38.99999999999994
15513,33.0,35.0,27264.45,4,5,5,455,14,Champions,2,-1,26.0,662.0,696.0,1018.3480769230769,6.20394480615849,1019.2045663415485,6323.088875767666,High,-787.4000000000015
15514,12.0,18.0,5422.28,5,5,5,555,15,Champions,1,1,14.0,723.0,736.0,349.2857142857143,3.2525043774541507,350.3812480206437,1139.616542964992,High,-532.2799999999997
15515,387.0,1.0,171.81,2,1,1,211,4,Hibernating/Lost,0,2,0.0,0.0,388.0,0.0,0.26223631616077103,470.98914615257866,123.51045863875922,Low,-171.81
15516,45.0,3.0,62.43,4,3,1,431,8,Loyal Customers,3,0,1.0,2.0,47.0,8.67,2.2541487540799627,20.589726109707065,46.41230545704386,Low,-53.76
15517,233.0,1.0,267.03,2,1,1,211,4,Hibernating/Lost,0,2,0.0,0.0,234.0,0.0,0.3949239782997329,470.98914615257866,186.0049073345707,Low,-267.03
15518,64.0,15.0,4103.78,3,5,5,355,13,Loyal Customers,1,1,13.0,655.0,720.0,305.79153846153844,3.0561733640219377,306.9367108604107,938.0518001720902,High,-128.49000000000024
15519,383.0,2.0,344.61,2,2,2,222,6,Hibernating/Lost,0,3,1.0,63.0,447.0,197.5,0.3562298306816196,211.397130726824,75.30596408539672,Low,-147.11
15520,2.0,1.0,343.5,5,1,2,512,8,New Customers,3,2,0.0,0.0,2.0,0.0,1.7005997199183167,470.98914615257866,800.9640100316424,Medium,-343.5
15521,40.0,16.0,6674.44,4,5,5,455,14,Champions,1,1,10.0,663.0,704.0,636.517,2.447507063051498,638.3491785799341,1562.3641232675109,High,-309.2699999999995
15522,33.0,2.0,398.84,4,2,2,422,8,New Customers,3,3,1.0,55.0,88.0,138.94,1.7439563384614833,152.22389758389986,265.47183105675384,Low,-259.9
15523,84.0,16.0,17220.04,3,5,5,355,13,Loyal Customers,1,-1,14.0,653.0,738.0,1175.8707142857143,3.1792894429400125,1177.578572193945,3743.863122808583,High,-757.8500000000022
15524,25.0,2.0,591.4,4,2,2,422,8,New Customers,3,3,1.0,582.0,607.0,440.0,0.4159054757264063,456.43656100618034,189.8344650442003,Low,-151.39999999999998
15525,2.0,4.0,1280.8,5,3,4,534,12,Loyal Customers,3,1,3.0,380.0,383.0,379.95,1.4226091092152375,385.18271071840627,547.9644329802225,Medium,-140.95000000000005
15526,33.0,2.0,148.44,4,2,1,421,7,New Customers,3,3,0.0,0.0,34.0,0.0,1.163728872765088,470.98914615257866,548.1036681367317,Medium,-148.44
15527,19.0,23.0,5041.78,5,5,5,555,15,Champions,1,1,17.0,706.0,725.0,298.8,3.972008936449353,299.67129100410585,1190.297045865623,High,37.82000000000062
15528,254.0,1.0,229.33,2,1,1,211,4,Hibernating/Lost,0,2,0.0,0.0,255.0,0.0,0.36941268144408845,470.98914615257866,173.98936341128575,Low,-229.33
15529,23.0,12.0,5084.5,4,5,5,455,14,Champions,1,1,11.0,372.0,395.0,390.08090909090913,4.461176694428429,391.51397684593525,1746.6130290480778,High,-793.6099999999997
15530,22.0,5.0,1813.72,4,4,4,444,12,Champions,3,1,4.0,491.0,513.0,375.5875,1.4102991209412101,379.49730306623866,535.2047129138764,Medium,-311.3700000000001
15531,8.0,2.0,2007.44,5,2,4,524,11,New Customers,3,3,1.0,22.0,31.0,485.13,2.800526531800225,502.0391568350766,1405.9739787192461,High,-1522.31
15532,25.0,10.0,3708.05,4,5,5,455,14,Champions,1,1,9.0,524.0,550.0,373.9844444444445,2.771298370236006,375.7177826397857,1041.226078698324,High,-342.19000000000005
15533,19.0,3.0,746.92,5,3,3,533,11,Loyal Customers,3,0,2.0,70.0,90.0,178.95499999999998,2.871225110330987,185.7707778845092,533.3897222277232,Medium,-389.01
15534,726.0,1.0,162.25,1,1,1,111,3,Hibernating/Lost,0,2,0.0,0.0,726.0,0.0,0.15103147456557572,470.98914615257866,71.1341852478054,Low,-162.25
15535,173.0,6.0,985.82,3,4,3,343,10,Loyal Customers,0,1,4.0,276.0,450.0,215.71,1.438456286053631,219.20451034075197,315.31610583096284,Medium,-122.98000000000002
15536,409.0,1.0,259.09,2,1,1,211,4,Hibernating/Lost,0,2,0.0,0.0,410.0,0.0,0.25023577369087,470.98914615257866,117.85833338749278,Low,-259.09
15537,163.0,1.0,110.92,3,1,1,311,5,Potential Loyalists,0,2,0.0,0.0,164.0,0.0,0.5131798433937811,470.98914615257866,241.702136262751,Low,-110.92
15538,538.0,6.0,3027.15,1,4,5,145,10,Can't Lose Them,0,1,5.0,126.0,664.0,562.5,0.04590080572950398,566.0144310455855,25.980518439519148,Low,-214.6500000000001
15539,7.0,1.0,538.46,5,1,2,512,8,New Customers,3,2,0.0,0.0,8.0,0.0,1.5647000965030486,470.98914615257866,736.9567624368283,Medium,-538.46
15540,11.0,2.0,460.68,5,2,2,522,9,New Customers,3,3,1.0,364.0,376.0,213.3,0.631829296818743,227.3625863903862,143.65434308192843,Low,-247.38
15541,114.0,1.0,85.13000000000001,3,1,1,311,5,Potential Loyalists,0,2,0.0,0.0,115.0,0.0,0.6496361742178599,470.98914615257866,305.97158700469765,Medium,-85.13000000000001
15542,512.0,3.0,895.9,1,3,3,133,7,At Risk,0,0,1.0,225.0,738.0,377.71999999999997,0.2775491195840291,393.50437247917694,109.21679213406142,Low,-518.1800000000001
15543,288.0,2.0,242.84,2,2,1,221,5,Hibernating/Lost,0,3,1.0,171.0,460.0,127.86,0.4584243081017364,141.0278691818575,64.65060335275523,Low,-114.98
15544,9.0,20.0,8134.12,5,5,5,555,15,Champions,1,1,19.0,671.0,681.0,405.2215789473684,4.688259186164106,406.0591832854652,1903.7106961643767,High,-434.90999999999985
15545,54.0,2.0,428.05,4,2,2,422,8,New Customers,3,3,1.0,317.0,372.0,157.39000000000001,0.6300755848673009,170.86710372267976,107.65919031264922,Low,-270.65999999999997
15546,607.0,2.0,539.5500000000001,1,2,2,122,5,Hibernating/Lost,0,3,0.0,0.0,607.0,0.0,0.1775273221803609,470.98914615257866,83.61344189248192,Low,-539.5500000000001
15547,7.0,26.0,10140.89,5,5,5,555,15,Champions,1,10,22.0,726.0,734.0,431.0377272727273,5.051463252698498,431.77322573363824,2181.086583292567,High,-658.0599999999995
15548,596.0,1.0,158.09,1,1,1,111,3,Hibernating/Lost,0,2,0.0,0.0,596.0,0.0,0.18045407771573524,470.98914615257866,84.99191198308522,Low,-158.09
15549,77.0,8.0,2308.46,3,4,4,344,11,Loyal Customers,3,1,7.0,620.0,698.0,296.39428571428573,1.754512039751742,298.50855674906995,523.7368567851594,Medium,-233.69999999999982
15550,4.0,12.0,1995.6,5,5,4,554,14,Champions,1,1,9.0,732.0,737.0,228.7166666666667,2.136956808258796,230.2825385430277,492.1038385626416,Medium,62.850000000000364
15551,37.0,7.0,1659.28,4,4,4,444,12,Champions,3,1,3.0,514.0,551.0,457.3866666666667,1.032269734180947,462.887805846025,477.82507229627805,Medium,-287.1199999999999
15552,217.0,2.0,252.52,2,2,1,221,5,Hibernating/Lost,0,3,1.0,406.0,624.0,90.12,0.38731182130931796,102.89266052724759,39.85154374816963,Low,-162.4
15553,60.0,1.0,437.23,3,1,2,312,6,Potential Loyalists,3,2,0.0,0.0,61.0,0.0,0.9202155691366966,470.98914615257866,433.4115451840019,Medium,-437.23
15554,278.0,1.0,217.2,2,1,1,211,4,Hibernating/Lost,0,2,0.0,0.0,278.0,0.0,0.3450120167350719,470.98914615257866,162.4969151744307,Low,-217.2
15555,12.0,36.0,11744.08,5,5,5,555,15,Champions,1,6,31.0,721.0,734.0,360.0535483870968,7.058573721233693,360.55170555927344,2544.9807940066758,High,-582.4200000000001
15556,24.0,1.0,279.77,4,1,2,412,7,New Customers,3,2,0.0,0.0,25.0,0.0,1.2767283230446989,470.98914615257866,601.3251827396364,Medium,-279.77
15557,29.0,1.0,473.65000000000003,4,1,2,412,7,New Customers,3,2,0.0,0.0,29.0,0.0,1.2238805039598608,470.98914615257866,576.4344335528425,Medium,-473.65000000000003
15558,639.0,1.0,143.32999999999998,1,1,1,111,3,Hibernating/Lost,0,2,0.0,0.0,640.0,0.0,0.16929068055456473,470.98914615257866,79.7340730859834,Low,-143.32999999999998
15559,568.0,1.0,1109.4,1,1,3,113,5,Hibernating/Lost,0,2,0.0,0.0,569.0,0.0,0.18806473826444375,470.98914615257866,88.57645049657854,Low,-1109.4
15560,398.0,2.0,153.52,2,2,1,221,5,Hibernating/Lost,0,3,0.0,0.0,398.0,0.0,0.2566416587623721,470.98914615257866,120.87543572767109,Low,-153.52
15561,12.0,8.0,1856.54,5,4,4,544,13,Champions,1,1,6.0,652.0,664.0,266.3533333333333,1.6126203648396098,268.7686152853237,433.4217424388554,Medium,-258.4200000000001
15562,352.0,3.0,673.3800000000001,2,3,3,233,8,At Risk,0,0,2.0,375.0,727.0,156.435,0.5178311533655684,163.1334787157869,84.47559743593334,Low,-360.5100000000001
15563,22.0,7.0,2781.21,4,4,4,444,12,Champions,1,1,5.0,658.0,681.0,487.64,1.3348476725008775,490.99894865061174,655.4088038066469,Medium,-343.0100000000002
15564,463.0,2.0,70.74000000000001,1,2,1,121,4,Hibernating/Lost,0,3,1.0,213.0,677.0,35.7,0.3047677075178086,47.90278095692769,14.59922073597059,Low,-35.040000000000006
15565,50.0,2.0,173.16,4,2,1,421,7,New Customers,3,3,1.0,20.0,71.0,84.36000000000001,1.8823322150693542,97.07234251318948,182.722397504823,Low,-88.79999999999998
15566,393.0,2.0,227.87,2,2,1,221,5,Hibernating/Lost,0,3,1.0,332.0,725.0,89.65,0.3160047590184402,102.41773874485048,32.36449285128005,Low,-138.22
15567,19.0,1.0,186.01,5,1,1,511,7,New Customers,3,2,0.0,0.0,19.0,0.0,1.3652688327800393,470.98914615257866,643.0268018197984,Medium,-186.01
15568,3.0,3.0,758.29,5,3,3,533,11,Loyal Customers,3,0,2.0,71.0,74.0,264.99,3.2350957007789276,272.2539055035599,880.7674392148391,High,-228.30999999999995
15569,104.0,10.0,3586.35,3,5,5,355,13,Loyal Customers,1,1,8.0,546.0,650.0,415.89375,2.091114108984356,417.8983970479057,873.8732341888219,High,-259.1999999999998
15570,7.0,25.0,9246.99,5,5,5,555,15,Champions,1,10,22.0,614.0,622.0,389.4831818181819,5.868212972205405,390.1990963060552,2289.771398686019,High,-678.3599999999988
15571,12.0,14.0,4051.63,5,5,5,555,15,Champions,1,1,12.0,722.0,734.0,327.7808333333333,2.8139377912366528,329.0405259031759,925.8995706873294,High,-118.26000000000022
15572,5.0,10.0,4068.67,5,5,5,555,15,Champions,1,1,7.0,600.0,605.0,529.9371428571428,2.0215305674762236,532.3976818523951,1076.2581879180982,High,-359.1100000000006
15573,32.0,5.0,1207.18,4,4,3,443,11,Champions,3,1,4.0,698.0,730.0,232.275,1.027571228737597,235.81253905960037,242.31418051320617,Low,-278.08000000000004
15574,178.0,6.0,1476.7,3,4,4,344,11,Loyal Customers,0,1,4.0,287.0,465.0,341.43249999999995,1.4002975512290756,345.2535831210368,483.4577469974519,Medium,-110.97000000000025
15575,620.0,1.0,30.1,1,1,1,111,3,Hibernating/Lost,0,2,0.0,0.0,620.0,0.0,0.17418862641869573,470.98914615257866,82.040952426432,Low,-30.1
15576,38.0,1.0,940.6700000000001,4,1,3,413,8,New Customers,3,2,0.0,0.0,38.0,0.0,1.1197433701259325,470.98914615257866,527.3869738056238,Medium,-940.6700000000001
15577,151.0,5.0,397.98,3,4,2,342,9,Loyal Customers,0,1,3.0,575.0,727.0,91.02666666666666,0.7877212586080417,95.25784608164481,75.03663040772436,Low,-124.90000000000003
15578,162.0,1.0,127.1,3,1,1,311,5,Potential Loyalists,0,2,0.0,0.0,163.0,0.0,0.515386855296632,470.98914615257866,242.7416149144233,Low,-127.1
15579,69.0,5.0,1267.25,3,4,4,344,11,Loyal Customers,3,1,4.0,364.0,433.0,159.2175,1.611873127703474,162.56526721370432,262.0345857197046,Low,-630.38
15580,377.0,8.0,1221.95,2,4,4,244,10,Can't Lose Them,0,1,7.0,294.0,671.0,183.07142857142858,0.5181484858681042,185.01767873373853,95.86663009471798,Low,59.549999999999955
15581,121.0,38.0,5797.780000000001,3,5,5,355,13,Loyal Customers,1,-1,27.0,617.0,738.0,255.48925925925926,4.908815483718524,256.02109572808655,1256.7603188686137,High,1100.4299999999994
15582,25.0,3.0,682.9100000000001,4,3,3,433,10,Loyal Customers,3,0,2.0,196.0,221.0,189.65,1.5816392388931573,196.52148457231937,310.82609128511655,Medium,-303.61000000000007
15583,376.0,1.0,107.86,2,1,1,211,4,Hibernating/Lost,0,2,0.0,0.0,377.0,0.0,0.26867958599642533,470.98914615257866,126.5451687970847,Low,-107.86
15584,24.0,6.0,1275.0,4,4,4,444,12,Champions,3,1,5.0,647.0,671.0,184.092,1.352619082772575,186.820486854866,252.69695557275477,Low,-354.53999999999996
15585,177.0,1.0,455.3,3,1,2,312,6,Potential Loyalists,0,2,0.0,0.0,177.0,0.0,0.4861243712998185,470.98914615257866,228.95930256246064,Low,-455.3
15586,593.0,3.0,1128.66,1,3,3,133,7,At Risk,0,0,2.0,108.0,701.0,229.44,0.22082874798079427,236.5187374108389,52.2301366564338,Low,-669.7800000000001
15587,50.0,7.0,1522.0800000000002,4,4,4,444,12,Champions,3,1,6.0,441.0,492.0,223.32000000000002,2.086741774880075,225.66082507266466,470.8958706330344,Medium,-182.16000000000008
15588,678.0,1.0,579.6,1,1,2,112,4,Hibernating/Lost,0,2,0.0,0.0,678.0,0.0,0.16070547766021034,470.98914615257866,75.69053570522478,Low,-579.6
15589,256.0,3.0,456.58,2,3,2,232,7,At Risk,0,0,1.0,55.0,311.0,293.58,0.5551676871792849,308.4832687113211,171.25994282397,Low,-163.0
15590,382.0,5.0,1466.41,2,4,4,244,10,Can't Lose Them,0,1,3.0,224.0,607.0,371.8666666666666,0.6411608989186123,377.0713571096733,241.76341028089917,Low,-350.8100000000002
15591,583.0,3.0,217.9,1,3,1,131,5,At Risk,0,0,2.0,91.0,674.0,88.3,0.2027291727752601,94.64358622640442,19.18701594416297,Low,-41.30000000000001
15592,47.0,1.0,388.58,4,1,2,412,7,New Customers,3,2,0.0,0.0,47.0,0.0,1.032078349029399,470.98914615257866,486.0977003719197,Medium,-388.58
15593,71.0,1.0,199.8,3,1,1,311,5,Potential Loyalists,3,2,0.0,0.0,71.0,0.0,0.854190966359199,470.98914615257866,402.31467389676516,Medium,-199.8
15594,16.0,5.0,1767.53,5,4,4,544,13,Champions,3,1,4.0,219.0,235.0,375.9675,2.6933317153898564,379.8782901421917,1023.1382468280348,High,-263.6600000000001
15595,488.0,1.0,357.6,1,1,2,112,4,Hibernating/Lost,0,2,0.0,0.0,488.0,0.0,0.21531189999686415,470.98914615257866,101.40956793601245,Low,-357.6
15596,101.0,9.0,3023.59,3,5,5,355,13,Loyal Customers,1,1,7.0,285.0,500.0,360.6557142857143,1.7123048150872175,362.86526408038185,621.3359389127326,Medium,-499.0
15597,35.0,2.0,554.52,4,2,2,422,8,New Customers,3,3,1.0,540.0,576.0,324.57,0.4349424044184306,339.7977921932067,147.79246875258755,Low,-229.95
15598,53.0,2.0,543.02,4,2,2,422,8,New Customers,3,3,1.0,374.0,428.0,240.68,0.5604681637457913,255.02930639471106,142.9358070564065,Low,-302.34
15599,27.0,3.0,1250.06,4,3,4,434,11,Loyal Customers,3,0,2.0,419.0,446.0,380.87,0.8949831373604968,388.73748577316644,347.9134946269,Medium,-488.31999999999994
15600,428.0,4.0,1178.71,1,3,3,133,7,At Risk,0,1,3.0,165.0,594.0,290.2766666666667,0.46810016043804725,295.19853142680466,138.1824799219632,Low,-307.8799999999999
15601,11.0,30.0,14919.220000000001,5,5,5,555,15,Champions,1,-1,26.0,727.0,739.0,575.2757692307692,5.905961893779718,575.9555838042255,3401.571730457407,High,37.94999999999891
15602,8.0,16.0,2975.9700000000003,5,5,5,555,15,Champions,1,1,13.0,729.0,738.0,219.17000000000002,3.023511282423198,220.2460642580477,665.916460193512,Medium,-126.76000000000022
15603,79.0,2.0,74.73,3,2,1,321,6,Potential Loyalists,3,3,1.0,570.0,649.0,48.480000000000004,0.38824424909235844,60.816611550619136,23.61169968381178,Low,-26.25
15604,52.0,1.0,216.39,4,1,1,411,6,New Customers,3,2,0.0,0.0,53.0,0.0,0.9809434483406048,470.98914615257866,462.0137171579076,Medium,-216.39
15605,36.0,9.0,1933.4,4,5,4,454,13,Champions,1,1,8.0,658.0,695.0,226.1375,2.010233596443479,227.89601431157402,458.12422446469003,Medium,-124.30000000000018
15606,61.0,17.0,4733.47,3,5,5,355,13,Loyal Customers,1,1,16.0,586.0,648.0,308.068125,4.090345578092081,308.99991393052824,1263.9164315765697,High,195.6199999999999
15607,337.0,9.0,1578.57,2,5,4,254,11,Can't Lose Them,0,1,8.0,364.0,701.0,168.15375,0.8405927344998396,169.83705361864418,142.763793320692,Low,-233.33999999999992
15608,28.0,5.0,1785.98,4,4,4,444,12,Champions,3,1,3.0,387.0,416.0,364.56,1.3189976017719514,369.73936242499593,487.68533231926,Medium,-692.3
15609,184.0,1.0,270.03000000000003,3,1,1,311,5,Potential Loyalists,0,2,0.0,0.0,185.0,0.0,0.4708533465492197,470.98914615257866,221.76681565430118,Low,-270.03000000000003
15610,52.0,1.0,112.46000000000001,4,1,1,411,6,New Customers,3,2,0.0,0.0,52.0,0.0,0.9891079619975823,470.98914615257866,465.8591144739585,Medium,-112.46000000000001
15611,10.0,26.0,2858.37,5,5,4,554,14,Champions,1,-1,23.0,674.0,684.0,122.47086956521738,5.622983109230326,123.03527850440017,691.8252928696911,Medium,-41.539999999999964
15612,36.0,2.0,195.15,4,2,1,421,7,New Customers,3,3,1.0,25.0,62.0,125.5,2.0596127150760366,138.64315555109758,285.55120603130536,Medium,-69.65
15613,610.0,1.0,433.71999999999997,1,1,2,112,4,Hibernating/Lost,0,2,0.0,0.0,611.0,0.0,0.17648646770346707,470.98914615257866,83.1232107311406,Low,-433.71999999999997
15614,438.0,4.0,3008.86,1,3,5,135,9,At Risk,0,1,2.0,189.0,627.0,909.69,0.4606625663211146,920.3119327715555,423.9532567664898,Medium,-1189.48
15615,10.0,47.0,21282.07,5,5,5,555,15,Champions,2,-1,37.0,727.0,738.0,560.2937837837837,8.35984560768721,560.767237208173,4687.927524909637,High,-551.2000000000007
15616,438.0,1.0,317.11,1,1,2,112,4,Hibernating/Lost,0,2,0.0,0.0,439.0,0.0,0.23600170276351695,470.98914615257866,111.15424047514351,Low,-317.11
15617,396.0,3.0,828.5500000000001,2,3,3,233,8,At Risk,0,0,2.0,111.0,508.0,311.70000000000005,0.46145495201114023,319.20720231399594,147.29974422541534,Low,-205.14999999999998
15618,33.0,4.0,747.031,4,3,3,433,10,Loyal Customers,3,1,2.0,104.0,137.0,277.01,2.202690633446216,284.33651367443207,626.3053754174234,Medium,-193.01099999999997
15619,11.0,1.0,336.40000000000003,5,1,2,512,8,New Customers,3,2,0.0,0.0,11.0,0.0,1.5046783775233217,470.98914615257866,708.6871842639566,Medium,-336.40000000000003
15620,57.0,4.0,1909.93,4,3,4,434,11,Loyal Customers,3,1,3.0,353.0,410.0,517.7266666666666,1.3251766922770405,523.4369699801625,693.6464724938284,Medium,-356.7500000000002
15621,4.0,4.0,1158.77,5,3,3,533,11,Loyal Customers,3,1,2.0,17.0,22.0,364.875,5.094368571006657,372.6591731531081,1898.4631794085217,High,-429.02
15622,43.0,17.0,7318.08,4,5,5,455,14,Champions,1,1,8.0,559.0,646.0,752.615,2.1179315467545075,755.0564080117397,1599.1577861072062,High,-1297.1599999999999
15623,141.0,8.0,2437.05,3,4,4,344,11,Loyal Customers,3,1,7.0,588.0,730.0,304.2642857142857,1.646768261228206,306.3902253947404,504.55369873061477,Medium,-307.2000000000003
15624,117.0,4.0,588.13,3,3,2,332,8,Loyal Customers,3,1,3.0,140.0,257.0,134.74333333333334,1.7973052138441046,139.12605333052431,250.0519810325043,Low,-183.89999999999998
15625,104.0,9.0,3203.25,3,5,5,355,13,Loyal Customers,1,1,8.0,439.0,543.0,341.03375,2.430712303762538,342.9412961795981,833.5916280920218,Medium,-474.98
15626,75.0,3.0,1049.37,3,3,3,333,9,Loyal Customers,3,0,2.0,347.0,422.0,337.9,0.9263332938411085,345.543669375298,320.08860541836276,Medium,-373.56999999999994
15627,457.0,2.0,566.9,1,2,2,122,5,Hibernating/Lost,0,3,1.0,65.0,523.0,286.74,0.2854726371027556,301.5716410696271,86.09045165155213,Low,-280.15999999999997
15628,5.0,17.0,5603.360000000001,5,5,5,555,15,Champions,1,1,16.0,722.0,727.0,335.37375000000003,3.7435987534489095,336.3232365089877,1259.059248950949,High,-237.3800000000001
15629,450.0,4.0,2240.9,1,3,4,134,8,At Risk,0,1,2.0,82.0,533.0,532.3499999999999,0.324382849734968,541.006494568817,175.49322843335833,Low,-1176.2000000000003
15630,45.0,3.0,1475.45,4,3,4,434,11,Loyal Customers,3,0,2.0,599.0,645.0,593.175,0.6451201217997746,602.1483117063628,388.45799218953744,Medium,-289.10000000000014
15631,642.0,1.0,596.67,1,1,2,112,4,Hibernating/Lost,0,2,0.0,0.0,643.0,0.0,0.16857966503442323,470.98914615257866,79.39919249325072,Low,-596.67
15632,16.0,8.0,3147.31,5,4,5,545,14,Champions,1,1,7.0,259.0,275.0,412.95428571428573,3.94173410732556,415.2413772496236,1636.7710994776812,High,-256.62999999999965
15633,509.0,13.0,4173.41,1,5,5,155,11,Can't Lose Them,1,-1,12.0,222.0,732.0,346.71416666666664,0.0010751364186053452,347.9902244388331,0.37413696361283727,Low,-12.840000000000146
15634,17.0,2.0,554.65,5,2,2,522,9,New Customers,3,3,1.0,366.0,384.0,243.55,0.6198522257011236,257.9293606829657,159.87808829300417,Low,-311.09999999999997
15635,396.0,1.0,100.35,2,1,1,211,4,Hibernating/Lost,0,2,0.0,0.0,396.0,0.0,0.2577413805074567,470.98914615257866,121.39339273339391,Low,-100.35
15636,90.0,4.0,1444.58,3,3,4,334,10,Loyal Customers,3,1,3.0,480.0,570.0,351.87999999999994,0.9904428994955669,357.0154081455649,353.6033760082865,Medium,-388.94000000000005
15637,53.0,5.0,797.59,4,4,3,443,11,Champions,3,1,4.0,672.0,725.0,127.17750000000001,1.0309433525436096,130.4420411254518,134.47835519050466,Low,-288.88
15638,379.0,6.0,2137.2,2,4,4,244,10,Can't Lose Them,0,1,4.0,232.0,611.0,509.45,0.6713558850830255,513.7075200524654,344.88056679862893,Medium,-99.39999999999986
15639,134.0,3.0,1028.33,3,3,3,333,9,Loyal Customers,0,0,2.0,471.0,606.0,335.41999999999996,0.6686808965917257,343.0507518824724,229.39148434523727,Low,-357.49
15640,4.0,29.0,23835.41,5,5,5,555,15,Champions,2,-1,23.0,721.0,726.0,977.4730434782609,5.329925933643192,978.4228734684223,5214.921447369035,High,-1353.5299999999988
15641,105.0,12.0,5345.55,3,5,5,355,13,Loyal Customers,1,1,11.0,628.0,734.0,472.28636363636366,2.5219339773434224,473.79695207988635,1194.8846318120186,High,-150.39999999999964
15642,730.0,1.0,105.78000000000002,1,1,1,111,3,Hibernating/Lost,0,2,0.0,0.0,730.0,0.0,0.15027765235295168,470.98914615257866,70.77914316753076,Low,-105.78000000000002
15643,192.0,3.0,647.4,2,3,3,233,8,At Risk,0,0,1.0,91.0,283.0,326.9,0.6873911367855517,342.15219166764336,235.19238398408936,Low,-320.5
15644,166.0,4.0,813.0,3,3,3,333,9,Loyal Customers,0,1,2.0,95.0,262.0,287.19,1.175380672829135,294.5695378990144,346.2313416507109,Medium,-238.62
15645,19.0,3.0,1042.57,5,3,3,533,11,Loyal Customers,3,0,2.0,407.0,426.0,314.855,0.9324352608393386,322.37863565668323,300.5972072275695,Medium,-412.8599999999999
15646,158.0,5.0,952.11,3,4,3,343,10,Loyal Customers,0,1,4.0,253.0,411.0,220.8,1.5620606709098916,224.30773196338635,350.3822862810034,Medium,-68.90999999999997
15647,415.0,1.0,169.0,1,1,1,111,3,Hibernating/Lost,0,2,0.0,0.0,416.0,0.0,0.24715144864408414,470.98914615257866,116.40564976725008,Low,-169.0
15648,204.0,2.0,599.9,2,2,2,222,6,Hibernating/Lost,0,3,1.0,63.0,268.0,340.5,0.6795445028754069,355.89460920083616,241.84622528541942,Low,-259.4
15649,336.0,4.0,2170.35,2,3,4,234,9,At Risk,0,1,3.0,51.0,388.0,544.0,0.3168347377610716,549.8013778746093,174.19617537957768,Low,-538.3499999999999
15650,522.0,2.0,539.03,1,2,2,122,5,Hibernating/Lost,0,3,1.0,107.0,629.0,194.8,0.2623267096468234,208.66885665773427,54.73941457278807,Low,-344.22999999999996
15651,37.0,5.0,1259.06,4,4,4,444,12,Champions,3,1,3.0,560.0,597.0,322.59999999999997,0.9615353901422274,327.6339111974782,315.0316006270911,Medium,-291.26
15652,91.0,5.0,1411.84,3,4,4,344,11,Loyal Customers,3,1,4.0,394.0,486.0,326.475,1.449675047359003,330.25722999322676,478.76566553108415,Medium,-105.93999999999983
15653,93.0,2.0,877.4399999999999,3,2,3,323,8,Potential Loyalists,3,3,1.0,23.0,116.0,829.4399999999999,1.3388863215415563,849.9547289566649,1137.9927605296396,High,-48.0
15654,9.0,2.0,922.53,5,2,3,523,10,New Customers,3,3,1.0,17.0,27.0,327.51,2.9135300189961804,342.7685795128822,998.6665459794614,High,-595.02
15655,243.0,1.0,511.32,2,1,2,212,5,Hibernating/Lost,0,2,0.0,0.0,244.0,0.0,0.38234906500145155,470.98914615257866,180.08225965727047,Low,-511.32
15656,45.0,4.0,748.5,4,3,3,433,10,Loyal Customers,3,1,3.0,239.0,285.0,168.51666666666668,1.7890879338327237,173.01645941864075,309.54165990034926,Medium,-242.94999999999993
15657,23.0,1.0,30.0,4,1,1,411,6,New Customers,3,2,0.0,0.0,23.0,0.0,1.304922566593975,470.98914615257866,614.6043654353277,Medium,-30.0
15658,190.0,8.0,2270.34,2,4,4,244,10,Can't Lose Them,0,1,6.0,546.0,737.0,346.7616666666667,1.3836728991234437,349.316072249295,483.3391823995964,Medium,-189.76999999999998
15659,44.0,3.0,532.49,4,3,2,432,9,Loyal Customers,3,0,2.0,610.0,654.0,212.02499999999998,0.6373576823194491,219.01302848440466,139.58963623258364,Low,-108.44000000000005
15660,25.0,15.0,2764.14,4,5,4,454,13,Champions,1,1,11.0,647.0,673.0,245.8172727272727,2.7969833201533243,247.11429821505797,691.1745702789116,Medium,-60.15000000000009
15661,317.0,8.0,1215.95,2,4,4,244,10,Can't Lose Them,0,1,7.0,261.0,579.0,127.85714285714286,0.720023899393985,129.72152822454157,93.4026005875813,Low,-320.95000000000005
15662,661.0,2.0,283.73,1,2,2,122,5,Hibernating/Lost,0,3,1.0,77.0,739.0,177.88000000000002,0.17471683843644922,191.5716724914386,33.47079695168704,Low,-105.85
15663,106.0,1.0,138.14,3,1,1,311,5,Potential Loyalists,0,2,0.0,0.0,107.0,0.0,0.6791658584450884,470.98914615257866,319.8797477650353,Medium,-138.14
15664,51.0,4.0,1212.35,4,3,4,434,11,Loyal Customers,3,1,3.0,599.0,650.0,281.18333333333334,0.8892195448466425,286.0736767279908,254.38230461266951,Low,-368.79999999999995
15665,168.0,5.0,4015.12,3,4,5,345,12,Loyal Customers,0,1,4.0,467.0,636.0,855.9225,1.11717186080438,861.0800060344278,961.9743526429284,High,-591.4299999999998
15666,472.0,2.0,632.9399999999999,1,2,3,123,6,Hibernating/Lost,0,3,1.0,23.0,496.0,226.68,0.2228678968107199,240.88270011054203,53.68502075172387,Low,-406.25999999999993
15667,40.0,1.0,301.32,4,1,2,412,7,New Customers,3,2,0.0,0.0,40.0,0.0,1.0989862711322556,470.98914615257866,517.6106054739873,Medium,-301.32
15668,218.0,1.0,76.32000000000001,2,1,1,211,4,Hibernating/Lost,0,2,0.0,0.0,218.0,0.0,0.41686590155552616,470.98914615257866,196.33931503376218,Low,-76.32000000000001
15669,40.0,4.0,677.69,4,3,3,433,10,Loyal Customers,3,1,3.0,223.0,264.0,161.84666666666666,1.903810478850788,166.32333835840376,316.64811444417427,Medium,-192.1500000000001
15670,297.0,2.0,315.2,2,2,2,222,6,Hibernating/Lost,0,3,1.0,260.0,557.0,173.05,0.40472062040562257,186.69109332340025,75.55773511405053,Low,-142.14999999999998
15671,19.0,7.0,2635.4900000000002,5,4,4,544,13,Champions,1,1,6.0,252.0,271.0,383.49,3.458386148477811,386.1079534621675,1335.3103980706753,High,-334.5500000000002
15672,725.0,1.0,45.300000000000004,1,1,1,111,3,Hibernating/Lost,0,2,0.0,0.0,726.0,0.0,0.15103147456557572,470.98914615257866,71.1341852478054,Low,-45.300000000000004
15673,88.0,9.0,6409.84,3,5,5,355,13,Loyal Customers,1,1,8.0,567.0,656.0,709.65375,2.0881418851599993,712.0394329959959,1486.8393639245157,High,-732.6100000000006
15674,73.0,13.0,6217.85,3,5,5,355,13,Loyal Customers,1,1,10.0,658.0,732.0,579.594,2.344412379825354,581.3671260636207,1362.9642875670397,High,-421.90999999999985
15675,81.0,4.0,542.04,3,3,2,332,8,Loyal Customers,3,1,3.0,323.0,405.0,107.89666666666666,1.3264762729973925,112.18632468527265,148.81249784979585,Low,-218.34999999999997
15676,19.0,3.0,3324.09,5,3,5,535,13,Loyal Customers,3,-1,2.0,265.0,284.0,1268.98,1.3045838821511322,1281.4733545446563,1671.789483745102,High,-786.1300000000001
15677,49.0,3.0,1305.63,4,3,4,434,11,Loyal Customers,3,0,2.0,414.0,464.0,482.49,0.8606726290635666,490.8867904590261,422.4928245169461,Medium,-340.6500000000001
15678,53.0,3.0,1893.89,4,3,4,434,11,Loyal Customers,3,0,2.0,470.0,523.0,581.205,0.7754804206446141,590.1159639688138,457.6233759676377,Medium,-731.48
15679,24.0,4.0,781.28,4,3,3,433,10,Loyal Customers,3,1,3.0,158.0,183.0,201.01999999999998,2.5241140953911936,205.6324631459624,519.0397986967338,Medium,-178.22000000000003
15680,9.0,10.0,4464.4800000000005,5,5,5,555,15,Champions,1,1,9.0,728.0,738.0,466.2311111111111,2.1331640441243054,468.0707922955251,998.4717842295901,High,-268.40000000000055
15681,25.0,14.0,2480.2,4,5,4,454,13,Champions,1,1,8.0,539.0,565.0,261.675,2.423996543273347,263.4796099849307,638.6736638264816,Medium,-386.7999999999997
15682,599.0,2.0,316.99,1,2,2,122,5,Hibernating/Lost,0,3,1.0,88.0,688.0,190.76,0.20969235698832575,204.58655027287406,42.90023593482956,Low,-126.23000000000002
15683,117.0,2.0,524.54,3,2,2,322,7,Potential Loyalists,0,3,1.0,356.0,474.0,193.75,0.5045050365881105,207.6078611864216,104.73921160383499,Low,-330.78999999999996
15684,547.0,3.0,147.8,1,3,1,131,5,At Risk,0,0,1.0,188.0,736.0,54.65,0.26159567135818146,67.0512230344279,17.54030970507833,Low,-93.15
15685,450.0,1.0,55.980000000000004,1,1,1,111,3,Hibernating/Lost,0,2,0.0,0.0,451.0,0.0,0.23057513150367456,470.98914615257866,108.59838431093422,Low,-55.980000000000004
15686,420.0,1.0,90.0,1,1,1,111,3,Hibernating/Lost,0,2,0.0,0.0,421.0,0.0,0.24463875188449014,470.98914615257866,115.22219686590856,Low,-90.0
15687,9.0,9.0,2981.5,5,5,5,555,15,Champions,1,1,7.0,322.0,331.0,377.0857142857143,3.3992389937470224,379.3196244168961,1289.3980584113883,High,-341.9000000000001
15688,419.0,1.0,190.57,1,1,1,111,3,Hibernating/Lost,0,2,0.0,0.0,419.0,0.0,0.24563766550288477,470.98914615257866,115.69267433811642,Low,-190.57
15689,120.0,3.0,521.03,3,3,2,332,8,Loyal Customers,0,0,2.0,498.0,618.0,127.05,0.6601154119667548,133.59542205180358,88.1883970645988,Low,-266.92999999999995
15690,4.0,2.0,239.76,5,2,1,521,8,New Customers,3,3,1.0,96.0,101.0,128.76,1.6521820208959546,141.9372938715541,234.50624502920724,Low,-111.0
15691,252.0,4.0,511.8,2,3,2,232,7,At Risk,0,1,3.0,481.0,734.0,136.5,0.7498280204821364,140.88880935188607,105.64237702440984,Low,-102.30000000000001
15692,28.0,1.0,191.04,4,1,1,411,6,New Customers,3,2,0.0,0.0,29.0,0.0,1.2238805039598608,470.98914615257866,576.4344335528425,Medium,-191.04
15693,659.0,1.0,37.5,1,1,1,111,3,Hibernating/Lost,0,2,0.0,0.0,660.0,0.0,0.16466085235388223,470.98914615257866,77.55347425491081,Low,-37.5
15694,1.0,24.0,10566.46,5,5,5,555,15,Champions,1,-1,23.0,732.0,733.0,454.4756521739131,5.285711806066098,455.1897234603356,2406.0016952942583,High,-113.51999999999862
15695,267.0,4.0,1131.04,2,3,3,233,8,At Risk,0,1,2.0,415.0,682.0,391.21500000000003,0.5747613497255414,399.13636942771495,229.40815841682576,Low,-348.6099999999999
15696,33.0,13.0,3757.4700000000003,4,5,5,455,14,Champions,1,1,11.0,651.0,685.0,339.77000000000004,2.7488963803018547,341.15562398948555,937.8014599043174,High,-20.0
15697,690.0,1.0,246.75,1,1,1,111,3,Hibernating/Lost,0,2,0.0,0.0,690.0,0.0,0.15817254178903753,470.98914615257866,74.49755040200185,Low,-246.75
15698,624.0,1.0,46.2,1,1,1,111,3,Hibernating/Lost,0,2,0.0,0.0,625.0,0.0,0.17293773843383678,470.98914615257866,81.45179776251076,Low,-46.2
15699,18.0,1.0,309.65,5,1,2,512,8,New Customers,3,2,0.0,0.0,18.0,0.0,1.3812487825271869,470.98914615257866,650.5531847067685,Medium,-309.65
15700,172.0,2.0,664.03,3,2,3,323,8,Potential Loyalists,0,3,1.0,1.0,174.0,3.9,0.8002196302351128,15.769775254315189,12.619283722898931,Low,-660.13
15701,2.0,4.0,1542.14,5,3,4,534,12,Loyal Customers,3,1,3.0,108.0,111.0,228.38,3.569127533103269,233.08730455646966,831.9183163093229,Medium,-857.0000000000001
15702,476.0,2.0,140.39000000000001,1,2,1,121,4,Hibernating/Lost,0,3,1.0,206.0,683.0,112.57000000000001,0.2981827241169405,125.57775417579006,37.445116828624585,Low,-27.820000000000007
15703,265.0,1.0,211.5,2,1,1,211,4,Hibernating/Lost,0,2,0.0,0.0,265.0,0.0,0.3583911826236957,470.98914615257866,168.79835709254732,Low,-211.5
15704,140.0,6.0,3744.1800000000003,3,4,5,345,12,Loyal Customers,3,1,4.0,443.0,584.0,744.1975,1.2159292214469977,749.0647927163874,910.8097702209936,High,-767.3900000000003
15705,201.0,1.0,143.1,2,1,1,211,4,Hibernating/Lost,0,2,0.0,0.0,202.0,0.0,0.44139879550640154,470.98914615257866,207.89404180833674,Low,-143.1
15706,64.0,4.0,1001.8100000000001,3,3,3,333,9,Loyal Customers,3,1,3.0,53.0,117.0,203.50333333333333,3.1722273542187267,208.1244047700886,660.2179298921656,Medium,-391.30000000000007
15707,35.0,4.0,945.58,4,3,3,433,10,Loyal Customers,3,1,3.0,51.0,87.0,259.59999999999997,3.9715129144597903,264.41552637065223,1050.1296777647285,High,-166.7800000000001
15708,41.0,9.0,4323.9800000000005,4,5,5,455,14,Champions,1,1,8.0,385.0,426.0,502.79375000000005,3.0843858686162635,504.9111149941511,1557.3407079952408,High,-301.6300000000001
15709,284.0,2.0,327.85,2,2,2,222,6,Hibernating/Lost,0,3,1.0,306.0,590.0,133.25,0.3921448661617466,146.4743126012626,57.439149711155956,Low,-194.60000000000002
15710,417.0,1.0,898.87,1,1,3,113,5,Hibernating/Lost,0,2,0.0,0.0,418.0,0.0,0.2461401922075257,470.98914615257866,115.92935896165412,Low,-898.87
15711,557.0,2.0,420.25,1,2,2,122,5,Hibernating/Lost,0,3,1.0,128.0,685.0,313.6,0.2488569787394295,328.71291569768283,81.80250307315414,Low,-106.64999999999998
15712,9.0,12.0,3467.46,5,5,5,555,15,Champions,1,1,11.0,729.0,739.0,292.4463636363637,2.5750041794751444,293.78736089282575,756.5036821759988,Medium,-250.54999999999927
15713,143.0,4.0,985.99,3,3,3,333,9,Loyal Customers,0,1,3.0,580.0,724.0,255.64333333333335,0.7922997365937857,260.4451442124807,206.35061915667902,Low,-219.05999999999995
15714,12.0,5.0,784.8100000000001,5,4,3,543,12,Champions,3,1,4.0,544.0,556.0,128.95250000000001,1.3157977290307297,132.22165180917992,173.9769491792108,Low,-269.0
15715,556.0,5.0,658.02,1,4,3,143,8,Can't Lose Them,0,1,2.0,64.0,620.0,149.03500000000003,0.17520613140676575,155.69493458396877,27.27870716808663,Low,-359.94999999999993
15716,146.0,11.0,3056.81,3,5,5,355,13,Loyal Customers,1,1,10.0,587.0,733.0,284.264,2.24706513712977,285.73074762884363,642.0556016027991,Medium,-214.16999999999962
15717,234.0,5.0,607.0,2,4,3,243,9,Can't Lose Them,0,1,4.0,358.0,593.0,133.375,1.110324159913593,136.65563955497566,151.73205818633312,Low,-73.5
15718,540.0,1.0,293.79,1,1,2,112,4,Hibernating/Lost,0,2,0.0,0.0,541.0,0.0,0.19666709657151574,470.98914615257866,92.62806789052493,Low,-293.79
15719,33.0,31.0,10134.36,4,5,5,455,14,Champions,1,-1,30.0,706.0,739.0,328.1136666666667,6.760015272664751,328.6173975269699,2221.4586261456607,High,-290.9500000000007
15720,24.0,2.0,741.92,4,2,3,423,9,New Customers,3,3,1.0,526.0,551.0,598.73,0.4532143005305875,616.8287621123338,279.55561596788954,Low,-143.18999999999994
15721,12.0,1.0,507.08,5,1,2,512,8,New Customers,3,2,0.0,0.0,12.0,0.0,1.485694288265705,470.98914615257866,699.7458842740274,Medium,-507.08
15722,36.0,11.0,5120.05,4,5,5,455,14,Champions,1,1,8.0,605.0,641.0,596.25,2.1622643616828565,598.4885870489703,1294.0905426499164,High,-350.0500000000002
15723,365.0,4.0,947.65,2,3,3,233,8,At Risk,0,1,3.0,210.0,575.0,235.58,0.6721400394195484,240.31226282239263,161.52349380644384,Low,-240.90999999999997
15724,201.0,3.0,299.8,2,3,2,232,7,At Risk,0,0,2.0,199.0,401.0,109.125,0.8821827194512232,115.57705670547378,101.96008219060309,Low,-81.55000000000001
15725,15.0,1.0,415.25,5,1,2,512,8,New Customers,3,2,0.0,0.0,16.0,0.0,1.4143724889872349,470.98914615257866,666.1540909297952,Medium,-415.25
15726,390.0,1.0,321.91,2,1,2,212,5,Hibernating/Lost,0,2,0.0,0.0,391.0,0.0,0.2605324323206955,470.98914615257866,122.70794784377887,Low,-321.91
15727,17.0,15.0,9445.51,5,5,5,555,15,Champions,1,1,13.0,668.0,685.0,653.4453846153846,3.2320746510013048,654.8679211823945,2116.5820078075376,High,-950.7200000000012
15728,380.0,2.0,409.80000000000007,2,2,2,222,6,Hibernating/Lost,0,3,1.0,65.0,445.0,297.0,0.362101989529632,311.93908253216813,112.95376239694616,Low,-112.80000000000007
15729,213.0,3.0,154.70000000000002,2,3,1,231,6,At Risk,0,0,2.0,191.0,404.0,58.85,0.8644477814812559,65.04019099910109,56.22384881629008,Low,-37.000000000000014
15730,66.0,5.0,1708.18,3,4,4,344,11,Loyal Customers,3,1,4.0,366.0,432.0,359.595,1.6168004278459136,363.46326145524057,587.6475566271041,Medium,-269.79999999999995
15731,554.0,1.0,125.3,1,1,1,111,3,Hibernating/Lost,0,2,0.0,0.0,554.0,0.0,0.1925772148419272,470.98914615257866,90.70177798684098,Low,-125.3
15732,212.0,10.0,1637.52,2,5,4,254,11,Can't Lose Them,0,1,8.0,461.0,674.0,181.33375,1.7836153128373402,183.03414939000797,326.46251162417553,Medium,-186.8499999999999
15733,283.0,1.0,162.3,2,1,1,211,4,Hibernating/Lost,0,2,0.0,0.0,283.0,0.0,0.340129031003813,470.98914615257866,160.19708189418984,Low,-162.3
15734,115.0,4.0,2263.3,3,3,4,334,10,Loyal Customers,3,1,3.0,433.0,548.0,650.8833333333333,1.0167464462162588,657.0552143546186,668.0585541629206,Medium,-310.6500000000001
15735,421.0,1.0,327.68,1,1,2,112,4,Hibernating/Lost,0,2,0.0,0.0,422.0,0.0,0.24414233998531915,470.98914615257866,114.98839224937802,Low,-327.68
15736,435.0,2.0,1717.27,1,2,4,124,7,Hibernating/Lost,0,3,0.0,0.0,436.0,0.0,0.23739854890552198,470.98914615257866,111.81213984687298,Low,-1717.27
15737,15.0,8.0,1121.21,5,4,3,543,12,Champions,3,1,6.0,228.0,243.0,115.87333333333333,3.7721428754210784,118.02825267027477,445.2194324085758,Medium,-425.97
15738,19.0,41.0,13342.12,5,5,5,555,15,Champions,1,-1,36.0,711.0,730.0,363.63722222222225,8.20581672012738,364.0672029077732,2987.468740870613,High,-251.1800000000003
15739,66.0,1.0,449.12,3,1,2,312,6,Potential Loyalists,3,2,0.0,0.0,67.0,0.0,0.8794209617072207,470.98914615257866,414.19772786316344,Medium,-449.12
15740,49.0,1.0,154.88,4,1,1,411,6,New Customers,3,2,0.0,0.0,50.0,0.0,1.005855476197769,470.98914615257866,473.7470118872826,Medium,-154.88
15741,458.0,2.0,208.62,1,2,1,121,4,Hibernating/Lost,0,3,1.0,160.0,619.0,145.47,0.31201392873707084,158.82227894358726,49.55476322416362,Low,-63.150000000000006
15742,619.0,1.0,156.87,1,1,1,111,3,Hibernating/Lost,0,2,0.0,0.0,620.0,0.0,0.17418862641869573,470.98914615257866,82.040952426432,Low,-156.87
15743,16.0,4.0,784.46,5,3,3,533,11,Loyal Customers,3,1,3.0,168.0,185.0,153.97,2.5146193786407487,158.41936781100748,398.3644122495758,Medium,-322.55000000000007
15744,78.0,1.0,34.8,3,1,1,311,5,Potential Loyalists,0,2,0.0,0.0,78.0,0.0,0.8133788715032176,470.98914615257866,383.09262018784847,Medium,-34.8
15745,19.0,4.0,1071.24,5,3,3,533,11,Loyal Customers,3,1,3.0,217.0,237.0,263.91333333333336,2.087848679063812,268.7438115540339,561.0964119596638,Medium,-279.5
15746,134.0,1.0,182.96,3,1,1,311,5,Potential Loyalists,0,2,0.0,0.0,135.0,0.0,0.5859927140760357,470.98914615257866,275.9962080543042,Low,-182.96
15747,13.0,9.0,2560.66,5,5,4,554,14,Champions,1,1,8.0,678.0,691.0,292.06624999999997,2.02774596708989,293.9102804600035,595.9753858890306,Medium,-224.1300000000001
15748,40.0,3.0,614.7600000000001,4,3,3,433,10,Loyal Customers,3,0,1.0,409.0,450.0,149.31,0.5387816510630208,162.70249095295935,87.66111670770164,Low,-465.4500000000001
15749,235.0,3.0,21535.9,2,3,5,235,10,At Risk,1,-1,1.0,97.0,333.0,21535.9,0.5825841593567115,21773.250240306275,12684.750687712149,High,0.0
15750,3.0,18.0,6692.551,5,5,5,555,15,Champions,1,4,16.0,736.0,739.0,410.9419375,3.6888700839017905,411.94040197331987,1519.5946251898577,High,-117.48000000000047
15751,461.0,11.0,1318.84,1,5,4,154,10,Can't Lose Them,0,1,6.0,273.0,734.0,183.58333333333334,0.31104486020500505,185.85540546576232,57.80936861144257,Low,-217.33999999999992
15752,40.0,9.0,4199.09,4,5,5,455,14,Champions,1,1,8.0,418.0,458.0,448.85125,2.9009034809523926,450.8986462045614,1308.0134523315335,High,-608.2800000000002
15753,305.0,1.0,79.2,2,1,1,211,4,Hibernating/Lost,0,2,0.0,0.0,305.0,0.0,0.3201930159645665,470.98914615257866,150.80743519317016,Low,-79.2
15754,51.0,9.0,3001.86,4,5,5,455,14,Champions,1,1,8.0,604.0,656.0,202.1575,2.1111141983601858,203.8849098656481,430.4243280487564,Medium,-1384.6000000000001
15755,10.0,17.0,5936.95,5,5,5,555,15,Champions,1,1,16.0,725.0,736.0,355.273125,3.6992685653674693,356.2355088790481,1317.8108198639466,High,-252.57999999999993
15756,61.0,4.0,532.96,3,3,2,332,8,Loyal Customers,3,1,3.0,188.0,250.0,136.45666666666668,1.9604247685785758,140.8453258067671,276.11666525010554,Low,-123.59000000000003
15757,66.0,6.0,2940.36,3,4,5,345,12,Loyal Customers,3,1,5.0,482.0,548.0,482.258,1.6058425694827008,485.6057703678205,779.8064180430873,Medium,-529.0700000000002
15758,25.0,1.0,205.25,4,1,1,411,6,New Customers,3,2,0.0,0.0,25.0,0.0,1.2767283230446989,470.98914615257866,601.3251827396364,Medium,-205.25
15759,218.0,7.0,810.98,2,4,3,243,9,Can't Lose Them,0,1,6.0,519.0,738.0,117.53333333333335,1.3480137031812935,119.69112482565077,161.34527641415997,Low,-105.77999999999997
15760,631.0,2.0,-5795.87,1,2,1,121,4,Hibernating/Lost,0,-1,,,,,,,0.0,Low,
15761,443.0,1.0,143.05,1,1,1,111,3,Hibernating/Lost,0,2,0.0,0.0,443.0,0.0,0.23416464708034065,470.98914615257866,110.28900718748956,Low,-143.05
15762,65.0,2.0,583.75,3,2,2,322,7,Potential Loyalists,3,3,1.0,12.0,78.0,268.44,1.7328925987570518,283.08000571246333,490.54724675523164,Medium,-315.31
15763,32.0,2.0,1048.67,4,2,3,423,9,New Customers,3,3,1.0,46.0,78.0,564.4300000000001,1.86037018416667,582.1695767161198,1083.0509226516,High,-484.24
15764,88.0,8.0,4453.28,3,4,5,345,12,Loyal Customers,1,1,4.0,371.0,479.0,908.705,1.4565622294013743,913.9996121830917,1331.2973127933956,High,-818.4599999999996
15765,667.0,1.0,370.63,1,1,2,112,4,Hibernating/Lost,0,2,0.0,0.0,667.0,0.0,0.16309971699718828,470.98914615257866,76.81819644623293,Low,-370.63
15766,64.0,3.0,799.66,3,3,3,333,9,Loyal Customers,3,0,2.0,618.0,683.0,314.73,0.6110117382357881,322.2529845733755,196.90035625584878,Low,-170.19999999999993
15768,116.0,34.0,15559.46,3,5,5,355,13,Loyal Customers,1,-1,32.0,621.0,737.0,471.78625,5.250746464405876,472.30503161185254,2479.95397485704,High,-462.2999999999993
15769,7.0,46.0,84269.38,5,5,5,555,15,Champions,2,-1,38.0,721.0,729.0,2200.561052631579,8.68267791483479,2201.4694988028505,19114.65059743792,High,-648.0599999999977
15770,613.0,1.0,321.45,1,1,2,112,4,Hibernating/Lost,0,2,0.0,0.0,613.0,0.0,0.17597060795064337,470.98914615257866,82.8802463866237,Low,-321.45
15771,604.0,3.0,1006.54,1,3,3,133,7,At Risk,0,0,2.0,89.0,694.0,345.145,0.18335554946843266,352.82640616381457,64.69267956913862,Low,-316.25
15772,418.0,1.0,280.88,1,1,2,112,4,Hibernating/Lost,0,2,0.0,0.0,419.0,0.0,0.24563766550288477,470.98914615257866,115.69267433811642,Low,-280.88
15773,6.0,2.0,774.52,5,2,3,523,10,New Customers,3,3,1.0,404.0,410.0,635.6800000000001,0.5879609168132578,654.1656979837658,384.62386353431964,Medium,-138.83999999999992
15774,69.0,6.0,1324.2,3,4,4,344,11,Loyal Customers,3,1,5.0,588.0,657.0,220.33199999999997,1.3677866352027916,223.13575645136413,305.20210551004095,Medium,-222.5400000000002
15775,245.0,2.0,150.5,2,2,1,221,5,Hibernating/Lost,0,3,1.0,386.0,632.0,104.9,0.3791034646897248,117.82743487582032,44.66878879692639,Low,-45.599999999999994
15776,133.0,1.0,241.62,3,1,1,311,5,Potential Loyalists,0,2,0.0,0.0,134.0,0.0,0.5888757923691408,470.98914615257866,277.3541066378648,Low,-241.62
15777,241.0,7.0,1732.1599999999999,2,4,4,244,10,Can't Lose Them,0,1,5.0,327.0,569.0,350.662,1.306769690700797,353.73644868402437,462.2520696364209,Medium,21.15000000000009
15778,431.0,1.0,307.95,1,1,2,112,4,Hibernating/Lost,0,2,0.0,0.0,432.0,0.0,0.2392869734754787,470.98914615257866,112.70156732265045,Low,-307.95
15779,463.0,2.0,124.08000000000001,1,2,1,121,4,Hibernating/Lost,0,3,1.0,69.0,533.0,56.7,0.2835262359624149,69.12269038318124,19.59809622393879,Low,-67.38000000000001
15780,184.0,3.0,475.28000000000003,3,3,2,332,8,Loyal Customers,0,0,2.0,174.0,358.0,149.065,0.9698460233239575,155.72509084396262,151.02936008677918,Low,-177.15000000000003
15781,25.0,3.0,333.56,4,3,2,432,9,Loyal Customers,3,0,2.0,280.0,306.0,131.055,1.2260501265195751,137.62128276098355,168.7305911408901,Low,-71.44999999999999
15782,10.0,4.0,3985.65,5,3,5,535,13,Loyal Customers,3,-1,3.0,421.0,431.0,871.58,1.2847135627535806,878.5169096455877,1128.6425889300485,High,-1370.9099999999999
15783,11.0,1.0,246.3,5,1,1,511,7,New Customers,3,2,0.0,0.0,11.0,0.0,1.5046783775233217,470.98914615257866,708.6871842639566,Medium,-246.3
15784,468.0,2.0,848.3299999999999,1,2,3,123,6,Hibernating/Lost,0,3,1.0,205.0,673.0,382.14,0.3034274310051947,397.9706581774646,120.75521442623456,Low,-466.18999999999994
15785,33.0,16.0,5825.33,4,5,5,455,14,Champions,1,1,11.0,692.0,725.0,513.3645454545455,2.6118557356294114,514.9138710956706,1344.8807475763708,High,-178.3199999999997
15786,46.0,5.0,8392.85,4,4,5,445,13,Champions,1,-1,3.0,490.0,537.0,2242.7033333333334,1.0538633353639402,2254.3931403076035,2375.822274066158,High,-1664.7399999999998
15787,26.0,3.0,948.05,4,3,3,433,10,Loyal Customers,3,0,1.0,35.0,62.0,456.0,2.093388163037699,472.60411104523064,989.34385186504,High,-492.04999999999995
15788,509.0,1.0,215.53,1,1,1,111,3,Hibernating/Lost,0,2,0.0,0.0,509.0,0.0,0.20751632047062482,470.98914615257866,97.73793459118447,Low,-215.53
15789,358.0,6.0,1932.01,2,4,4,244,10,Can't Lose Them,0,1,4.0,265.0,624.0,394.565,0.7764845717941603,398.5240984186048,309.44781391022417,Medium,-353.75
15790,10.0,1.0,220.85,5,1,1,511,7,New Customers,3,2,0.0,0.0,11.0,0.0,1.5046783775233217,470.98914615257866,708.6871842639566,Medium,-220.85
15791,44.0,5.0,3541.79,4,4,5,445,13,Champions,3,1,4.0,598.0,642.0,825.2525,1.1517548221525662,830.3303386147429,956.3369714791033,High,-240.77999999999975
15792,400.0,2.0,933.84,2,2,3,223,7,Hibernating/Lost,0,3,1.0,219.0,619.0,457.0,0.34348405610100974,473.6145829226713,162.67905797086715,Low,-476.84000000000003
15793,15.0,8.0,2382.92,5,4,4,544,13,Champions,1,1,7.0,724.0,739.0,301.1414285714286,1.685033742998472,303.26273807227983,511.0079466458989,Medium,-274.92999999999984
15794,736.0,2.0,777.0,1,2,3,123,6,Hibernating/Lost,0,3,1.0,1.0,738.0,102.0,0.07302458072525231,114.89706643124244,8.39031010270294,Low,-675.0
15795,150.0,8.0,1979.8700000000001,3,4,4,344,11,Loyal Customers,3,1,6.0,541.0,691.0,311.15333333333336,1.4971366125369758,313.6461288761942,469.5711029210412,Medium,-112.95000000000005
15796,1.0,17.0,5019.95,5,5,5,555,15,Champions,1,-1,16.0,617.0,619.0,312.87687500000004,4.331698552579162,313.81178062280014,1359.338035906073,High,-13.919999999999163
15797,113.0,6.0,2821.08,3,4,4,344,11,Loyal Customers,3,1,5.0,568.0,682.0,504.08000000000004,1.3077812355272442,507.47309412981787,663.6637900379267,Medium,-300.67999999999984
15798,493.0,3.0,1535.37,1,3,4,134,8,At Risk,0,0,2.0,189.0,682.0,584.5450000000001,0.397165537326753,593.4733609147967,235.70716627683925,Low,-366.27999999999975
15799,76.0,4.0,1424.29,3,3,4,334,10,Loyal Customers,3,1,3.0,343.0,419.0,294.7133333333333,1.2928062160988814,299.650577469371,387.3901292100222,Medium,-540.1500000000001
15800,107.0,7.0,1242.58,3,4,4,344,11,Loyal Customers,3,1,3.0,511.0,619.0,291.6666666666667,0.9174129396637012,296.5933497586981,272.0985768868315,Low,-367.5799999999999
15801,46.0,3.0,1042.19,4,3,3,433,10,Loyal Customers,3,0,2.0,63.0,110.0,463.365,2.4797593314337942,471.662174712942,1169.6086790287745,High,-115.46000000000004
15802,143.0,1.0,-451.42,3,1,1,311,5,Potential Loyalists,0,2,,,,,,,0.0,Low,
15803,51.0,4.0,1929.66,4,3,4,434,11,Loyal Customers,3,1,3.0,625.0,677.0,441.9533333333334,0.8572156621512952,447.4009740074957,383.5191221809698,Medium,-603.8
15804,1.0,13.0,3848.55,5,5,5,555,15,Champions,1,5,12.0,198.0,199.0,306.7525,8.431931509141185,307.99401653483204,2596.9844526470015,High,-167.52000000000044
15805,23.0,30.0,9708.92,4,5,5,455,14,Champions,1,1,21.0,706.0,730.0,453.8442857142857,4.840032158771112,454.6260856385541,2200.4048747068314,High,-178.1900000000005
15806,46.0,3.0,784.58,4,3,3,433,10,Loyal Customers,3,0,2.0,230.0,277.0,242.11,1.3170431727688539,249.25473121491135,328.2792420269347,Medium,-300.36
15807,50.0,5.0,1807.57,4,4,4,444,12,Champions,3,1,3.0,616.0,667.0,471.86000000000007,0.8688840154595812,477.4113099157646,414.8150559854281,Medium,-391.9899999999998
15808,306.0,21.0,18248.83,2,5,5,255,12,Can't Lose Them,1,-1,20.0,432.0,739.0,875.6695,0.05772537997227703,876.7090996981452,50.60836590522834,Low,-735.4400000000023
15809,36.0,7.0,862.88,4,4,3,443,11,Champions,3,1,5.0,351.0,536.0,197.666,1.5071615232656417,200.42267972194287,302.06935126670527,Medium,125.44999999999993
15810,79.0,8.0,2724.8,3,4,4,344,11,Loyal Customers,1,1,7.0,595.0,674.0,383.6242857142857,1.8093797120883262,385.867890416394,698.1815324657448,Medium,-39.43000000000029
15811,22.0,7.0,3843.2200000000003,4,4,5,445,13,Champions,1,1,6.0,366.0,389.0,418.0783333333334,2.5700080253825686,420.7561320169047,1081.3466360123725,High,-1334.75
15812,107.0,12.0,5186.17,3,5,5,355,13,Loyal Customers,1,1,11.0,617.0,725.0,446.4318181818182,2.5456008151788727,447.918025491808,1140.2204908252575,High,-275.4200000000001
15813,208.0,2.0,1303.9099999999999,2,2,4,224,8,Hibernating/Lost,0,3,1.0,32.0,240.0,533.26,0.6807782738817654,550.6731682962949,374.8863289857545,Medium,-770.6499999999999
15814,17.0,6.0,2531.84,5,4,4,544,13,Champions,3,1,4.0,587.0,604.0,585.09,1.2214081910903045,589.5440001184899,720.0738707528669,Medium,-191.48000000000002
15815,64.0,5.0,2100.6,3,4,4,344,11,Loyal Customers,3,1,4.0,196.0,260.0,418.40000000000003,2.4253814153295585,422.42101145897624,1024.5320706373154,High,-426.9999999999998
15816,542.0,2.0,93.3,1,2,1,121,4,Hibernating/Lost,0,3,0.0,0.0,543.0,0.0,0.19602660208704326,470.98914615257866,92.3264019401678,Low,-93.3
15817,421.0,3.0,2766.4,1,3,4,134,8,At Risk,0,0,2.0,123.0,544.0,930.0749999999999,0.43713542720506116,940.8031114373814,411.25837003403046,Medium,-906.2500000000002
15818,588.0,1.0,340.5,1,1,2,112,4,Hibernating/Lost,0,2,0.0,0.0,589.0,0.0,0.18236738272087444,470.98914615257866,85.89305787378518,Low,-340.5
15819,49.0,10.0,3911.28,4,5,5,455,14,Champions,1,1,7.0,582.0,632.0,487.0671428571428,1.929622257885964,489.4641196109852,944.4808596379149,High,-501.8100000000004
15820,320.0,1.0,206.98,2,1,1,211,4,Hibernating/Lost,0,2,0.0,0.0,320.0,0.0,0.307891343667266,470.98914615257866,145.01348106161578,Low,-206.98
15821,44.0,2.0,570.96,4,2,2,422,8,New Customers,3,3,1.0,17.0,62.0,316.78,2.0254401605238113,331.926216267944,672.2966887598059,Medium,-254.18000000000006
15822,3.0,6.0,1777.91,5,4,4,544,13,Champions,3,1,5.0,730.0,734.0,273.148,1.2498025048248627,276.0614539957529,345.0222966894856,Medium,-412.16999999999985
15823,372.0,3.0,3033.86,2,3,5,235,10,At Risk,0,0,2.0,359.0,732.0,50.400000000000006,0.5058912089603986,56.54617776749792,28.60621423288914,Low,-2933.06
15824,453.0,2.0,890.94,1,2,3,123,6,Hibernating/Lost,0,3,1.0,79.0,533.0,496.14,0.2981494941920185,513.1644522056981,152.99972186245316,Low,-394.80000000000007
15825,172.0,1.0,532.94,3,1,2,312,6,Potential Loyalists,0,2,0.0,0.0,173.0,0.0,0.49413902455207853,470.98914615257866,232.73411725445158,Low,-532.94
15826,56.0,4.0,2583.13,4,3,4,434,11,Loyal Customers,3,1,2.0,512.0,569.0,827.155,0.719695897537983,837.3470354851214,602.6352262542338,Medium,-928.8200000000002
15827,73.0,28.0,3430.96,3,5,5,355,13,Loyal Customers,1,-1,20.0,627.0,701.0,177.4185,4.680737031191593,178.09610101891732,833.6210151500851,Medium,117.40999999999985
15828,375.0,1.0,1108.82,2,1,3,213,6,Hibernating/Lost,0,2,0.0,0.0,376.0,0.0,0.2692811004844868,470.98914615257866,126.82847559221516,Low,-1108.82
15829,99.0,2.0,636.14,3,2,3,323,8,Potential Loyalists,0,3,1.0,41.0,141.0,310.7,1.1983089170530619,325.78254725310495,390.3881313936561,Medium,-325.44
15830,38.0,1.0,547.7,4,1,2,412,7,New Customers,3,2,0.0,0.0,38.0,0.0,1.1197433701259325,470.98914615257866,527.3869738056238,Medium,-547.7
15831,58.0,3.0,747.76,4,3,3,433,10,Loyal Customers,3,0,2.0,266.0,325.0,245.90999999999997,1.1543948892294957,253.07452414746658,292.147937270022,Medium,-255.94000000000005
15832,254.0,1.0,836.79,2,1,3,213,6,Hibernating/Lost,0,2,0.0,0.0,255.0,0.0,0.36941268144408845,470.98914615257866,173.98936341128575,Low,-836.79
15833,738.0,1.0,80.4,1,1,1,111,3,Hibernating/Lost,0,2,0.0,0.0,738.0,0.0,0.14879237389849828,470.98914615257866,70.07959313646893,Low,-80.4
15834,70.0,7.0,3600.29,3,4,5,345,12,Loyal Customers,1,1,4.0,354.0,425.0,659.0725,1.6359432297111207,663.7186747150611,1085.8060723329418,High,-964.0
15835,44.0,4.0,954.09,4,3,3,433,10,Loyal Customers,3,1,3.0,286.0,331.0,217.66,1.5879239072886682,222.330144471651,353.0433517174782,Medium,-301.11
15836,50.0,1.0,117.47,4,1,1,411,6,New Customers,3,2,0.0,0.0,51.0,0.0,0.9974107826435347,470.98914615257866,469.7696528806536,Medium,-117.47
15837,65.0,2.0,777.01,3,2,3,323,8,Potential Loyalists,3,3,1.0,421.0,486.0,391.98,0.5014745104739604,407.91370145148056,204.55832375100246,Low,-385.03
15838,11.0,34.0,73404.11,5,5,5,555,15,Champions,2,-1,28.0,713.0,725.0,2631.0,6.46168354756596,2632.3923843134235,17009.68656045598,High,263.8899999999994
15839,33.0,3.0,1020.74,4,3,3,433,10,Loyal Customers,3,0,2.0,115.0,149.0,374.655,2.0828466093241125,382.4901139111056,796.6682368597399,Medium,-271.43000000000006
15840,59.0,2.0,345.66,4,2,2,422,8,New Customers,3,3,1.0,114.0,173.0,113.82,1.1238494407847632,126.84084402259084,142.5500116234561,Low,-231.84000000000003
15841,73.0,9.0,2716.5,3,5,4,354,12,Loyal Customers,1,1,8.0,657.0,730.0,306.56125000000003,1.9091166094321668,308.4240819172052,588.8175375370037,Medium,-264.00999999999976
15842,393.0,2.0,528.75,2,2,2,222,6,Hibernating/Lost,0,3,1.0,134.0,528.0,376.25,0.36276237960317453,392.0189788193392,142.20973760610997,Low,-152.5
15843,304.0,1.0,118.95000000000002,2,1,1,211,4,Hibernating/Lost,0,2,0.0,0.0,304.0,0.0,0.3210482511012561,470.98914615257866,151.21024165995928,Low,-118.95000000000002
15844,46.0,1.0,130.73999999999998,4,1,1,411,6,New Customers,3,2,0.0,0.0,47.0,0.0,1.032078349029399,470.98914615257866,486.0977003719197,Medium,-130.73999999999998
15845,18.0,11.0,4273.65,5,5,5,555,15,Champions,1,1,10.0,665.0,683.0,421.024,2.524902365471002,422.63262388503205,1067.1061117725337,High,-63.409999999999854
15846,385.0,1.0,107.01,2,1,1,211,4,Hibernating/Lost,0,2,0.0,0.0,386.0,0.0,0.26338469505257933,470.98914615257866,124.05133263247164,Low,-107.01
15847,38.0,5.0,822.57,4,4,3,443,11,Champions,3,1,4.0,603.0,642.0,185.4875,1.1526896397919426,188.90350533288017,217.74711351759296,Low,-80.62
15848,622.0,1.0,139.94,1,1,1,111,3,Hibernating/Lost,0,2,0.0,0.0,622.0,0.0,0.17368610417723312,470.98914615257866,81.80426990500285,Low,-139.94
15850,19.0,6.0,1058.72,5,4,3,543,12,Champions,3,1,5.0,707.0,727.0,190.414,1.2585023565166842,193.15561749474074,243.08679979156648,Low,-106.65000000000009
15851,527.0,1.0,109.73,1,1,1,111,3,Hibernating/Lost,0,2,0.0,0.0,527.0,0.0,0.2012706241506938,470.98914615257866,94.79627941433185,Low,-109.73
15852,187.0,3.0,257.26,3,3,1,331,7,Loyal Customers,0,0,2.0,340.0,527.0,80.355,0.735165736399128,86.65720337136453,63.7074067307982,Low,-96.54999999999998
15853,52.0,1.0,110.8,4,1,1,411,6,New Customers,3,2,0.0,0.0,52.0,0.0,0.9891079619975823,470.98914615257866,465.8591144739585,Medium,-110.8
15854,4.0,21.0,5583.81,5,5,5,555,15,Champions,1,1,18.0,725.0,730.0,277.3116666666667,4.179214808651687,278.12214586985897,1162.3321906332992,High,-592.1999999999998
15855,137.0,6.0,1052.72,3,4,3,343,10,Loyal Customers,3,1,5.0,340.0,477.0,142.448,1.7334949067748837,145.08999328211297,251.51276437854492,Low,-340.48
15856,4.0,52.0,33817.44,5,5,5,555,15,Champions,2,-1,43.0,732.0,737.0,773.6681395348838,9.714271917324085,774.1269511366751,7520.079701870717,High,-549.7099999999991
15857,19.0,2.0,570.48,5,2,2,522,9,New Customers,3,3,1.0,412.0,431.0,297.0,0.5618293247432405,311.93908253216813,175.256524100074,Low,-273.48
15858,16.0,13.0,3917.87,5,5,5,555,15,Champions,1,1,12.0,714.0,730.0,309.3233333333333,2.8265810723530835,310.56707199180835,877.843007388163,High,-205.98999999999978
15859,432.0,1.0,438.46,1,1,2,112,4,Hibernating/Lost,0,2,0.0,0.0,433.0,0.0,0.23881205236516487,470.98914615257866,112.4778846344139,Low,-438.46
15860,41.0,17.0,2505.21,4,5,4,454,13,Champions,1,1,16.0,693.0,734.0,143.785,3.688923886718436,144.61031220662068,533.4564349648136,Medium,-204.6500000000001
15861,12.0,12.0,4217.99,5,5,5,555,15,Champions,1,1,8.0,668.0,681.0,477.88,2.054701231472946,479.9650493815702,986.1847780282856,High,-394.9499999999998
15862,8.0,13.0,2928.29,5,5,5,555,15,Champions,1,1,9.0,714.0,723.0,260.61888888888893,2.1737104034041503,262.22153800384046,569.9936851555848,Medium,-582.7199999999993
15863,26.0,5.0,358.7,4,4,2,442,10,Champions,3,1,4.0,697.0,723.0,54.449999999999996,1.0373975838586238,57.52562647709394,59.67694591729093,Low,-140.9
15864,22.0,7.0,2014.22,4,4,4,444,12,Champions,3,1,5.0,355.0,382.0,356.736,2.210910406747673,359.82306423394516,795.5365573026658,Medium,-230.5400000000002
15865,41.0,5.0,2248.92,4,4,4,444,12,Champions,3,1,4.0,663.0,704.0,383.7175,1.0605958270969407,387.6484212964975,411.13829800778205,Medium,-714.0500000000002
15866,101.0,1.0,230.53,3,1,1,311,5,Potential Loyalists,0,2,0.0,0.0,102.0,0.0,0.6990340330013196,470.98914615257866,329.23744233488503,Medium,-230.53
15867,5.0,31.0,8974.85,5,5,5,555,15,Champions,1,-1,29.0,720.0,726.0,290.6896551724138,6.684734979402724,291.19738375765604,1946.577337115362,High,-544.8500000000004
15868,583.0,1.0,94.53,1,1,1,111,3,Hibernating/Lost,0,2,0.0,0.0,584.0,0.0,0.18375908219335077,470.98914615257866,86.5485332200278,Low,-94.53
15869,277.0,3.0,323.65999999999997,2,3,2,232,7,At Risk,0,0,1.0,349.0,627.0,149.64,0.3758667211569342,163.03594667251474,61.27978670651489,Low,-174.01999999999998
15870,33.0,4.0,862.61,4,3,3,433,10,Loyal Customers,3,1,2.0,414.0,447.0,246.185,0.8921249409037517,253.35095653074362,226.0207071228986,Low,-370.24
15871,437.0,1.0,33.099999999999994,1,1,1,111,3,Hibernating/Lost,0,2,0.0,0.0,438.0,0.0,0.2364654855642906,470.98914615257866,111.37267714048014,Low,-33.099999999999994
15872,15.0,4.0,795.68,5,3,3,533,11,Loyal Customers,3,1,2.0,536.0,551.0,337.07,0.7458281940180775,344.7093461821346,257.0939491241737,Low,-121.53999999999996
15873,500.0,4.0,138.23999999999998,1,3,1,131,5,At Risk,0,1,1.0,1.0,501.0,138.24,0.16034729923215543,151.51656726969142,24.29527235062222,Low,2.842170943040401e-14
15874,64.0,21.0,11135.0,3,5,5,355,13,Loyal Customers,1,-1,15.0,638.0,702.0,711.3506666666667,3.582209395461467,712.6234344120793,2552.766362176969,High,-464.7399999999998
15875,646.0,1.0,111.72,1,1,1,111,3,Hibernating/Lost,0,2,0.0,0.0,647.0,0.0,0.16764089043935285,470.98914615257866,78.95703984828879,Low,-111.72
15876,409.0,2.0,1449.1399999999999,2,2,4,224,8,Hibernating/Lost,0,3,1.0,39.0,449.0,718.34,0.3045270083536416,737.6913033730094,224.6469257046812,Low,-730.7999999999998
15877,2.0,2.0,440.78,5,2,2,522,9,New Customers,3,3,1.0,16.0,18.0,251.02,3.2531219088211585,265.4775856074473,863.6309500405314,High,-189.75999999999996
15878,562.0,2.0,330.77,1,2,2,122,5,Hibernating/Lost,0,3,1.0,172.0,734.0,118.64,0.2538592080025882,131.71131847185475,33.436130992241715,Low,-212.13
15879,404.0,4.0,1157.3,2,3,3,233,8,At Risk,0,1,3.0,318.0,723.0,341.32,0.6251105675803105,346.4188026888779,216.55005436933607,Low,-133.33999999999992
15880,369.0,1.0,626.5600000000001,2,1,3,213,6,Hibernating/Lost,0,2,0.0,0.0,370.0,0.0,0.2729476174635522,470.98914615257866,128.5553652935391,Low,-626.5600000000001
15881,312.0,5.0,438.24,2,4,2,242,8,Can't Lose Them,0,1,1.0,52.0,365.0,341.19,0.44595714580754325,356.59183479627023,159.02467686401965,Low,-97.05000000000001
15882,199.0,8.0,1448.91,2,4,4,244,10,Can't Lose Them,0,1,5.0,531.0,730.0,262.87,1.1869100384473588,265.7621068403222,315.4357124476979,Medium,-134.56000000000017
15883,2.0,2.0,396.48,5,2,2,522,9,New Customers,3,3,1.0,31.0,34.0,252.72,2.7377619394304595,267.1953877990964,731.5173631077279,Medium,-143.76000000000002
15884,432.0,2.0,243.75000000000003,1,2,1,121,4,Hibernating/Lost,0,3,1.0,304.0,737.0,7.9,0.3034525675807776,19.811662764077766,6.011899933803884,Low,-235.85000000000002
15885,93.0,15.0,1737.57,3,5,4,354,12,Loyal Customers,1,1,12.0,595.0,688.0,141.73083333333332,2.9115320972355865,142.8297118595657,415.8532905180358,Medium,-36.799999999999955
15886,60.0,4.0,1052.8700000000001,3,3,3,333,9,Loyal Customers,3,1,2.0,538.0,599.0,379.25,0.6872706468180558,387.10904773349813,266.0486856249229,Low,-294.3700000000001
15887,407.0,3.0,1027.15,2,3,3,233,8,At Risk,0,0,2.0,149.0,556.0,292.5,0.4832356703852742,299.90719591792714,144.9258548727673,Low,-442.1500000000001
15888,81.0,3.0,402.12,3,3,2,332,8,Loyal Customers,3,0,2.0,446.0,527.0,173.70499999999998,0.7654522305448715,180.49343238558413,138.15910041824532,Low,-54.710000000000036
15889,157.0,8.0,1795.83,3,4,4,344,11,Loyal Customers,3,1,7.0,573.0,730.0,216.82714285714286,1.632388424416508,218.82344174491098,357.2048532953728,Medium,-278.03999999999996
15890,395.0,5.0,535.65,2,4,2,242,8,Can't Lose Them,0,1,2.0,210.0,605.0,136.22500000000002,0.5202027800385157,142.81821156659166,74.29443069706988,Low,-263.19999999999993
15891,227.0,1.0,524.52,2,1,2,212,5,Hibernating/Lost,0,2,0.0,0.0,227.0,0.0,0.40423175080341356,470.98914615257866,190.3887671586617,Low,-524.52
15892,669.0,1.0,128.2,1,1,1,111,3,Hibernating/Lost,0,2,0.0,0.0,670.0,0.0,0.1624396909079833,470.98914615257866,76.50733132203985,Low,-128.2
15893,482.0,1.0,305.28000000000003,1,1,2,112,4,Hibernating/Lost,0,2,0.0,0.0,482.0,0.0,0.21764808648204856,470.98914615257866,102.50988641392264,Low,-305.28000000000003
15894,253.0,2.0,420.29,2,2,2,222,6,Hibernating/Lost,0,3,1.0,116.0,370.0,106.81,0.5378957717785869,119.75743616173195,64.41701855043966,Low,-313.48
15895,150.0,1.0,179.17,3,1,1,311,5,Potential Loyalists,0,2,0.0,0.0,150.0,0.0,0.5459164866524274,470.98914615257866,257.1207399190424,Low,-179.17
15897,194.0,2.0,222.05,2,2,1,221,5,Hibernating/Lost,0,3,0.0,0.0,195.0,0.0,0.45306739317294725,470.98914615257866,213.38982466010108,Low,-222.05
15898,1.0,25.0,5534.36,5,5,5,555,15,Champions,1,9,23.0,727.0,729.0,225.6604347826087,5.311636127121338,226.27135989670842,1201.8711297602308,High,-344.1700000000001
15899,369.0,1.0,112.5,2,1,1,211,4,Hibernating/Lost,0,2,0.0,0.0,369.0,0.0,0.27356845002637,470.98914615257866,128.8477706922044,Low,-112.5
15900,24.0,4.0,890.5,4,3,3,433,10,Loyal Customers,3,1,3.0,539.0,563.0,254.7266666666667,1.015044622207514,259.52529998881,263.42976008043337,Low,-126.31999999999994
15901,17.0,7.0,684.23,5,4,3,543,12,Champions,3,1,5.0,527.0,544.0,97.926,1.6331367385270315,100.47552217352325,164.0902665842682,Low,-194.60000000000002
15902,380.0,1.0,145.01,2,1,1,211,4,Hibernating/Lost,0,2,0.0,0.0,381.0,0.0,0.2663002075856835,470.98914615257866,125.42450739103553,Low,-145.01
15903,10.0,12.0,8859.82,5,5,5,555,15,Champions,1,1,10.0,468.0,478.0,858.564,3.471658865769064,860.6265324630714,2987.801731541509,High,-274.1800000000003
15904,8.0,1.0,164.68,5,1,1,511,7,New Customers,3,2,0.0,0.0,9.0,0.0,1.5441607156329216,470.98914615257866,727.2829369783045,Medium,-164.68
15905,543.0,1.0,114.69,1,1,1,111,3,Hibernating/Lost,0,2,0.0,0.0,544.0,0.0,0.19570791834587162,470.98914615257866,92.17630535702065,Low,-114.69
15906,20.0,10.0,2467.89,4,5,4,454,13,Champions,1,1,7.0,431.0,451.0,348.07,2.61130031007526,350.2608892812609,914.6363687873929,High,-31.40000000000009
15907,4.0,3.0,967.45,5,3,3,533,11,Loyal Customers,3,0,2.0,207.0,211.0,358.135,1.6508175641218303,365.8840667411548,604.0078438086224,Medium,-251.18000000000006
15908,491.0,2.0,764.57,1,2,3,123,6,Hibernating/Lost,0,3,1.0,22.0,513.0,575.2,0.2077418827073116,593.0523588361556,123.20181356863509,Low,-189.37
15909,174.0,1.0,191.94,3,1,1,311,5,Potential Loyalists,0,2,0.0,0.0,174.0,0.0,0.492110587433571,470.98914615257866,231.7787453879815,Low,-191.94
15910,1.0,15.0,2681.8,5,5,4,554,14,Champions,1,-1,14.0,687.0,688.0,184.10142857142858,3.463057418898694,185.0745957848359,640.923951982353,Medium,-104.38000000000011
15911,624.0,8.0,1401.55,1,4,4,144,9,Can't Lose Them,0,1,6.0,107.0,731.0,239.17999999999998,0.004366039322569034,241.54826626800403,1.054609228824481,Low,33.52999999999997
15912,178.0,9.0,1074.7,3,5,3,353,11,Loyal Customers,3,1,5.0,551.0,730.0,127.782,1.2010432942853742,130.39353235765816,156.6082776563483,Low,-435.7900000000001
15913,534.0,1.0,6.300000000000001,1,1,1,111,3,Hibernating/Lost,0,2,0.0,0.0,535.0,0.0,0.19861396823004804,470.98914615257866,93.5450233106457,Low,-6.300000000000001
15914,378.0,2.0,205.99,2,2,1,221,5,Hibernating/Lost,0,3,0.0,0.0,379.0,0.0,0.2674845965921218,470.98914615257866,125.98234175789041,Low,-205.99
15915,402.0,1.0,429.21,2,1,2,212,5,Hibernating/Lost,0,2,0.0,0.0,402.0,0.0,0.2544701740471112,470.98914615257866,119.85268999574699,Low,-429.21
15916,16.0,13.0,3277.67,5,5,5,555,15,Champions,1,1,11.0,713.0,730.0,274.7590909090909,2.601724950793097,276.08340886407564,718.2930933416777,Medium,-255.32000000000016
15917,248.0,5.0,560.63,2,4,2,242,8,Can't Lose Them,0,1,3.0,490.0,738.0,151.32,0.7487634525953889,155.7601817825775,116.62753148840812,Low,-106.67000000000002
15918,191.0,3.0,582.88,2,3,2,232,7,At Risk,0,0,2.0,441.0,632.0,167.115,0.6332062462269874,173.86910727360015,110.09500475155374,Low,-248.64999999999998
15919,20.0,2.0,910.61,4,2,3,423,9,New Customers,3,3,1.0,349.0,369.0,369.17,0.64061070235667,384.86483792705945,246.5485341368395,Low,-541.44
15920,154.0,9.0,571.64,3,5,2,352,10,Loyal Customers,3,1,4.0,571.0,726.0,112.5125,1.0053697845860168,115.73894778636867,116.36044100419372,Low,-121.58999999999997
15921,173.0,4.0,802.11,3,4,3,343,10,Loyal Customers,0,1,3.0,468.0,641.0,233.9766666666667,0.8709387533847328,238.70337165299034,207.89601693618798,Low,-100.17999999999995
15922,373.0,1.0,727.2,2,1,3,213,6,Hibernating/Lost,0,2,0.0,0.0,374.0,0.0,0.2704922597173545,470.98914615257866,127.39891844515836,Low,-727.2
15923,373.0,1.0,254.16,2,1,1,211,4,Hibernating/Lost,0,2,0.0,0.0,373.0,0.0,0.27110194122884895,470.98914615257866,127.68607181968213,Low,-254.16
15924,731.0,1.0,102.82,1,1,1,111,3,Hibernating/Lost,0,2,0.0,0.0,732.0,0.0,0.14990355789782986,470.98914615257866,70.60294873953252,Low,-102.82
15925,194.0,1.0,207.15,2,1,1,211,4,Hibernating/Lost,0,2,0.0,0.0,195.0,0.0,0.45306739317294725,470.98914615257866,213.38982466010108,Low,-207.15
15926,542.0,1.0,134.44,1,1,1,111,3,Hibernating/Lost,0,2,0.0,0.0,543.0,0.0,0.19602660208704326,470.98914615257866,92.3264019401678,Low,-134.44
15927,647.0,1.0,123.39,1,1,1,111,3,Hibernating/Lost,0,2,0.0,0.0,648.0,0.0,0.16740782948862354,470.98914615257866,78.84727067010328,Low,-123.39
15928,656.0,1.0,293.53,1,1,2,112,4,Hibernating/Lost,0,2,0.0,0.0,657.0,0.0,0.1653391037320635,470.98914615257866,77.87292329239722,Low,-293.53
15929,644.0,1.0,594.0,1,1,2,112,4,Hibernating/Lost,0,2,0.0,0.0,645.0,0.0,0.16810896609976136,470.98914615257866,79.1774984039194,Low,-594.0
15930,67.0,1.0,426.63,3,1,2,312,6,Potential Loyalists,3,2,0.0,0.0,68.0,0.0,0.8729736524498797,470.98914615257866,411.1611151810668,Medium,-426.63
15931,428.0,1.0,239.9,1,1,1,111,3,Hibernating/Lost,0,2,0.0,0.0,429.0,0.0,0.24072315478287643,470.98914615257866,113.37799313034199,Low,-239.9
15932,4.0,8.0,2461.85,5,4,4,544,13,Champions,1,1,7.0,285.0,290.0,311.16285714285715,3.7901255481945118,313.29902515693743,1187.4426394717436,High,-283.71000000000004
15933,21.0,3.0,1107.46,4,3,3,433,10,Loyal Customers,3,0,2.0,65.0,87.0,347.825,2.9198648178598017,355.52036538993246,1038.0714069347252,High,-411.81000000000006
15934,418.0,2.0,2190.66,1,2,4,124,7,Hibernating/Lost,0,3,1.0,12.0,430.0,579.9,0.2498681342724818,597.8015766601264,149.3715646252138,Low,-1610.7599999999998
15935,239.0,2.0,108.03999999999999,2,2,1,221,5,Hibernating/Lost,0,3,0.0,0.0,240.0,0.0,0.3872814102875251,470.98914615257866,182.40534075208794,Low,-108.03999999999999
15936,379.0,2.0,282.79,2,2,2,222,6,Hibernating/Lost,0,3,1.0,88.0,468.0,111.17,0.3721786491063566,124.16309354737315,46.21085242532752,Low,-171.62
15937,64.0,1.0,145.35,3,1,1,311,5,Potential Loyalists,3,2,0.0,0.0,65.0,0.0,0.8926079489280784,470.98914615257866,420.4086557146402,Medium,-145.35
15938,112.0,9.0,734.81,3,5,3,353,11,Loyal Customers,3,1,8.0,444.0,557.0,77.82125,2.363943586062251,79.38738337837707,187.66729575157942,Low,-112.2399999999999
15939,90.0,16.0,9047.64,3,5,5,355,13,Loyal Customers,1,-1,14.0,285.0,375.0,436.7864285714286,5.1444189286988955,437.9467817774811,2252.9817139388383,High,-2932.629999999999
15940,311.0,1.0,-3.552713678800501e-15,2,1,1,211,4,Hibernating/Lost,0,2,0.0,0.0,312.0,0.0,0.31433188465276213,470.98914615257866,148.04690596113528,Low,3.552713678800501e-15
15941,637.0,1.0,230.6,1,1,1,111,3,Hibernating/Lost,0,2,0.0,0.0,638.0,0.0,0.16976803504368818,470.98914615257866,79.95890186922774,Low,-230.6
15942,134.0,1.0,337.44,3,1,2,312,6,Potential Loyalists,0,2,0.0,0.0,134.0,0.0,0.5888757923691408,470.98914615257866,277.3541066378648,Low,-337.44
15943,650.0,2.0,271.28999999999996,1,2,1,121,4,Hibernating/Lost,0,3,1.0,28.0,678.0,145.59,0.1333481370174311,158.94353556888015,21.194824359073962,Low,-125.69999999999996
15944,277.0,4.0,2164.24,2,4,4,244,10,Can't Lose Them,0,1,3.0,450.0,727.0,525.2800000000001,0.7435422989997462,531.0164863832097,394.83321909213913,Medium,-588.3999999999996
15945,365.0,4.0,827.27,2,4,3,243,9,Can't Lose Them,0,1,3.0,373.0,739.0,234.14666666666668,0.6698840938073559,238.8739609453802,160.01786686206972,Low,-124.82999999999993
15946,503.0,3.0,2304.18,1,3,4,134,8,At Risk,0,0,1.0,131.0,634.0,1149.1599999999999,0.2809182759089551,1173.022797611988,329.5235419070588,Medium,-1155.02
15947,83.0,1.0,1708.24,3,1,4,314,8,Potential Loyalists,0,2,0.0,0.0,83.0,0.0,0.7865520972047645,470.98914615257866,370.4575006669921,Medium,-1708.24
15948,8.0,3.0,1509.0900000000001,5,3,4,534,12,Loyal Customers,3,0,2.0,416.0,425.0,477.62,0.9361661159039657,485.9914242533565,454.96870400590115,Medium,-553.8500000000001
15949,17.0,2.0,364.72,5,2,2,522,9,New Customers,3,3,1.0,55.0,72.0,127.68,1.9712434144310733,140.8459842439182,277.6417188898865,Low,-237.04000000000002
15950,32.0,10.0,6938.51,4,5,5,455,14,Champions,1,1,9.0,651.0,683.0,736.0055555555556,2.2816248133316774,738.1562357368368,1684.195583572674,High,-314.46000000000004
15951,9.0,3.0,974.52,5,3,3,533,11,Loyal Customers,3,0,2.0,373.0,382.0,354.11,1.0250716879723916,361.83810185864564,370.909993844968,Medium,-266.29999999999995
15952,34.0,4.0,806.57,4,4,3,443,11,Champions,3,1,3.0,192.0,226.0,191.3066666666667,2.1513502665791955,195.88545926313859,421.41823500474135,Medium,-232.64999999999998
15953,15.0,18.0,3524.7,5,5,5,555,15,Champions,1,1,16.0,721.0,737.0,198.584375,3.6922979327888448,199.4452042928837,736.4111155152633,Medium,-347.3499999999999
15954,589.0,1.0,190.75,1,1,1,111,3,Hibernating/Lost,0,2,0.0,0.0,590.0,0.0,0.18209157090351197,470.98914615257866,85.76315350142684,Low,-190.75
15955,24.0,22.0,8622.61,4,5,5,455,14,Champions,1,1,17.0,630.0,655.0,486.4164705882353,4.349311857347571,487.40220405392574,2119.8641853890795,High,-353.53000000000065
15956,551.0,2.0,617.6,1,2,3,123,6,Hibernating/Lost,0,3,1.0,175.0,727.0,291.2,0.25899991308880366,306.07834564301237,79.27426491990501,Low,-326.40000000000003
15957,32.0,3.0,930.1,4,3,3,433,10,Loyal Customers,3,0,1.0,389.0,421.0,428.89,0.5715132266971117,445.2102184478147,254.44352850363654,Low,-501.21000000000004
15958,74.0,4.0,492.99,3,4,2,342,9,Loyal Customers,3,1,3.0,476.0,551.0,137.17999999999998,1.0240062029194053,141.57116652144543,144.96975267249616,Low,-81.45000000000005
15959,682.0,3.0,579.49,1,3,2,132,6,At Risk,0,0,0.0,0.0,683.0,0.0,0.15964028714830325,470.98914615257866,75.18884253553182,Low,-579.49
15960,374.0,4.0,394.0,2,4,2,242,8,Can't Lose Them,0,1,3.0,61.0,436.0,83.35000000000001,0.27264665646000963,87.55456881941308,23.871460446410786,Low,-143.95
15961,379.0,1.0,451.28999999999996,2,1,2,212,5,Hibernating/Lost,0,2,0.0,0.0,380.0,0.0,0.26689108588693405,470.98914615257866,125.70280465762161,Low,-451.28999999999996
15962,449.0,1.0,295.83,1,1,2,112,4,Hibernating/Lost,0,2,0.0,0.0,450.0,0.0,0.23101778310009466,470.98914615257866,108.8068684083752,Low,-295.83
15963,20.0,2.0,470.76,4,2,2,422,8,New Customers,3,3,1.0,26.0,46.0,190.72,2.400794909301175,204.54613139777643,491.0733109770309,Medium,-280.03999999999996
15964,663.0,1.0,272.96000000000004,1,1,2,112,4,Hibernating/Lost,0,2,0.0,0.0,664.0,0.0,0.1637651327175319,470.98914615257866,77.13160002819407,Low,-272.96000000000004
15965,17.0,13.0,2999.34,5,5,5,555,15,Champions,1,1,10.0,719.0,737.0,284.35900000000004,2.356346096793619,285.8258461828385,673.504617015665,Medium,-155.75
15966,451.0,1.0,399.58,1,1,2,112,4,Hibernating/Lost,0,2,0.0,0.0,451.0,0.0,0.23057513150367456,470.98914615257866,108.59838431093422,Low,-399.58
15967,23.0,12.0,3019.2,4,5,5,455,14,Champions,1,1,10.0,715.0,739.0,288.489,2.3486742411127883,289.96013068808895,681.0218898968122,Medium,-134.30999999999995
15968,388.0,1.0,418.05,2,1,2,212,5,Hibernating/Lost,0,2,0.0,0.0,389.0,0.0,0.2616658799210825,470.98914615257866,123.24178936129381,Low,-418.05
15969,3.0,5.0,1043.85,5,4,3,543,12,Champions,3,1,4.0,520.0,523.0,255.8225,1.3907551520469479,259.4212052990862,360.7913778199331,Medium,-20.559999999999945
15970,304.0,2.0,1017.32,2,2,3,223,7,Hibernating/Lost,0,3,1.0,295.0,599.0,314.1,0.38288035365867684,329.21815163640315,126.05116232940193,Low,-703.22
15971,18.0,18.0,4930.43,5,5,5,555,15,Champions,1,1,16.0,714.0,732.0,357.496875,3.7142169095543744,358.4607001568104,1331.4007939331254,High,789.5199999999995
15972,456.0,5.0,1810.27,1,4,4,144,9,Can't Lose Them,0,1,3.0,144.0,601.0,357.74666666666667,0.3694624952341155,362.90241117705773,134.07883035995272,Low,-737.03
15973,367.0,3.0,780.39,2,3,3,233,8,At Risk,0,0,2.0,63.0,430.0,486.72,0.4224189718311661,495.13882311815996,209.15603257526675,Low,193.05000000000007
15974,39.0,7.0,3429.55,4,4,5,445,13,Champions,1,1,6.0,249.0,289.0,445.48499999999996,3.255470382755635,448.21021808417674,1459.1350902214815,High,-756.6400000000003
15975,84.0,1.0,371.01,3,1,2,312,6,Potential Loyalists,0,2,0.0,0.0,85.0,0.0,0.7763137868811056,470.98914615257866,365.6353676296069,Medium,-371.01
15976,165.0,6.0,1746.6399999999999,3,4,4,344,11,Loyal Customers,0,1,5.0,386.0,552.0,309.256,1.510371267928509,312.2444494314691,471.6050449914472,Medium,-200.36000000000013
15977,17.0,2.0,1054.73,5,2,3,523,10,New Customers,3,3,1.0,22.0,40.0,699.1,2.5381063809117506,718.2498244510514,1822.9944625279581,High,-355.63
15978,77.0,3.0,3272.62,3,3,5,335,11,Loyal Customers,3,0,2.0,567.0,645.0,1340.15,0.6415971128811261,1353.0140553367507,868.0899115916435,High,-592.3199999999997
15979,603.0,1.0,329.22,1,1,2,112,4,Hibernating/Lost,0,2,0.0,0.0,603.0,0.0,0.17858053756629405,470.98914615257866,84.10949490781734,Low,-329.22
15980,89.0,7.0,6546.28,3,4,5,345,12,Loyal Customers,1,-1,3.0,468.0,557.0,1472.013333333333,1.0107423693884987,1481.0316005903574,1496.9413891199385,High,-2130.2400000000007
15981,25.0,21.0,9268.07,4,5,5,455,14,Champions,1,1,20.0,596.0,621.0,449.0885,5.339009272913388,449.90694461410857,2402.0573492428557,High,-286.2999999999993
15982,605.0,1.0,324.51,1,1,2,112,4,Hibernating/Lost,0,2,0.0,0.0,606.0,0.0,0.1777894586218378,470.98914615257866,83.7369053112286,Low,-324.51
15983,22.0,8.0,3958.8199999999997,4,4,5,445,13,Champions,1,1,7.0,711.0,734.0,524.2171428571429,1.693840863160337,526.6692009561772,892.0938139475761,High,-289.2999999999993
15984,3.0,30.0,8671.12,5,5,5,555,15,Champions,1,4,24.0,736.0,739.0,351.6525,5.4678123438958,352.29238658724523,1926.2686600422508,High,-231.46000000000095
15985,123.0,7.0,2610.28,3,4,4,344,11,Loyal Customers,3,1,5.0,438.0,562.0,445.47200000000004,1.5361178036546934,448.74336674263344,689.3226749253067,Medium,-382.9200000000001
15986,30.0,2.0,354.42,4,2,2,422,8,New Customers,3,3,1.0,351.0,382.0,168.12,0.6205556566635712,181.70946696761786,112.7608375960776,Low,-186.3
15987,12.0,8.0,1682.13,5,4,4,544,13,Champions,1,1,6.0,367.0,380.0,260.79333333333335,2.6275872689952897,263.19899529502817,691.5783292495672,Medium,-117.36999999999989
15988,19.0,3.0,770.09,5,3,3,533,11,Loyal Customers,3,0,2.0,637.0,657.0,250.64499999999998,0.6369234923170326,257.83418718316375,164.22065093942413,Low,-268.80000000000007
15989,376.0,2.0,372.51,2,2,2,222,6,Hibernating/Lost,0,3,1.0,362.0,738.0,229.4,0.3155629608001916,243.63118361718057,76.88097764549264,Low,-143.10999999999999
15990,44.0,7.0,2010.05,4,4,4,444,12,Champions,3,1,6.0,605.0,650.0,301.90833333333336,1.6356552565507432,304.3851330470068,497.86914288423395,Medium,-198.59999999999968
15991,534.0,1.0,150.55,1,1,1,111,3,Hibernating/Lost,0,2,0.0,0.0,535.0,0.0,0.19861396823004804,470.98914615257866,93.5450233106457,Low,-150.55
15992,4.0,3.0,896.6,5,3,3,533,11,Loyal Customers,3,0,2.0,450.0,454.0,287.925,0.8852218656178051,295.3083662688639,261.4134229210698,Low,-320.75
15993,9.0,7.0,2756.82,5,4,4,544,13,Champions,1,1,4.0,36.0,45.0,378.02250000000004,7.187466845040711,381.93862814504314,2745.1712266328304,High,-1244.73
15994,55.0,3.0,1198.84,4,3,3,433,10,Loyal Customers,3,0,2.0,581.0,636.0,399.01,0.6523209205116588,406.97197098278554,265.47633073393473,Low,-400.81999999999994
15995,414.0,1.0,696.19,1,1,3,113,5,Hibernating/Lost,0,2,0.0,0.0,415.0,0.0,0.24766020398417288,470.98914615257866,116.64526801047904,Low,-696.19
15996,88.0,7.0,1671.0,3,4,4,344,11,Loyal Customers,3,1,6.0,309.0,398.0,220.655,2.440725333016186,222.99121405213629,544.260305177084,Medium,-347.06999999999994
15998,37.0,16.0,8220.39,4,5,5,455,14,Champions,1,1,14.0,702.0,739.0,543.4307142857143,3.2281308829746536,544.6700682891287,1758.2662684760498,High,-612.3599999999988
15999,736.0,1.0,20.4,1,1,1,111,3,Hibernating/Lost,0,2,0.0,0.0,736.0,0.0,0.14916093243425163,470.98914615257866,70.25318020653066,Low,-20.4
16000,3.0,3.0,12393.7,5,3,5,535,13,Loyal Customers,1,-1,0.0,0.0,3.0,0.0,1.6763102619058807,470.98914615257866,789.5239389418563,Medium,-12393.7
16001,381.0,1.0,519.06,2,1,2,212,5,Hibernating/Lost,0,2,0.0,0.0,382.0,0.0,0.2657119441891347,470.98914615257866,125.14744171618219,Low,-519.06
16002,625.0,1.0,169.21,1,1,1,111,3,Hibernating/Lost,0,2,0.0,0.0,626.0,0.0,0.17268971543298167,470.98914615257866,81.33498162111182,Low,-169.21
16003,30.0,10.0,5613.83,4,5,5,455,14,Champions,1,1,7.0,707.0,737.0,746.5657142857143,1.6860078894568236,749.3474428670038,1263.4057006180647,High,-387.8699999999999
16004,475.0,5.0,2146.39,1,4,4,144,9,Can't Lose Them,0,1,3.0,209.0,684.0,563.8833333333333,0.4504094722494871,569.7536353080494,256.6224341913253,Low,-454.7399999999998
16005,12.0,10.0,2403.77,5,5,4,554,14,Champions,1,1,8.0,438.0,451.0,271.275,2.959789230565283,273.09206214009697,808.2949444751241,Medium,-233.57000000000016
16006,211.0,2.0,347.17,2,2,2,222,6,Hibernating/Lost,0,3,1.0,176.0,388.0,101.4,0.5564363575291308,114.29078330477806,63.5955471612619,Low,-245.77
16007,48.0,7.0,3075.14,4,4,5,445,13,Champions,1,1,6.0,496.0,544.0,452.4266666666667,1.9137971998520409,455.1638953202622,871.0913883376653,High,-360.5799999999999
16008,24.0,15.0,5384.13,4,5,5,455,14,Champions,1,1,14.0,607.0,631.0,363.7628571428572,3.7318237929532043,364.86911537016397,1361.6272460521657,High,-291.4499999999998
16009,22.0,4.0,992.71,4,4,3,443,11,Champions,3,1,3.0,137.0,160.0,176.84,2.7772371075743147,181.3686449695711,503.70373095996445,Medium,-462.19000000000005
16010,246.0,11.0,1722.1100000000001,2,5,4,254,11,Can't Lose Them,1,1,9.0,166.0,412.0,179.14,0.35199379846302736,180.64871934053383,63.58722890815586,Low,-109.85000000000036
16011,8.0,29.0,5867.01,5,5,5,555,15,Champions,1,-1,28.0,730.0,739.0,203.1325,6.352725002048221,203.62594982966934,1293.579662548757,High,-179.30000000000018
16012,35.0,5.0,2989.79,4,4,5,445,13,Champions,3,1,4.0,494.0,530.0,503.615,1.3670012043037603,507.8573632414494,694.2416271655935,Medium,-975.3299999999999
16013,4.0,84.0,52788.92,5,5,5,555,15,Champions,2,-1,47.0,728.0,732.0,1147.4210638297873,10.673034865989477,1147.9232485554924,12251.824855312674,High,1139.8700000000026
16014,38.0,5.0,1121.02,4,4,3,443,11,Champions,3,1,4.0,640.0,678.0,218.14000000000001,1.0977146277808414,221.64082243171495,243.29837289666955,Low,-248.45999999999992
16015,4.0,3.0,690.54,5,3,3,533,11,Loyal Customers,3,0,2.0,46.0,50.0,202.31,3.8888810401852765,209.24742628972717,813.7383488056862,Medium,-285.91999999999996
16016,3.0,11.0,2495.04,5,5,4,554,14,Champions,1,1,9.0,399.0,403.0,250.92000000000002,3.645823059177461,252.51146812736246,920.6121332054926,High,-236.75999999999976
16017,47.0,5.0,1553.83,4,4,4,444,12,Champions,3,1,4.0,656.0,704.0,241.995,1.0594944039108884,245.55778742345225,260.16710161188723,Low,-585.8499999999999
16018,39.0,4.0,698.13,4,4,3,443,11,Champions,3,1,3.0,693.0,733.0,167.45000000000002,0.7992316877586219,171.9460952310966,137.42476789505406,Low,-195.77999999999997
16019,47.0,27.0,16640.15,4,5,5,455,14,Champions,1,-1,22.0,679.0,726.0,755.2281818181818,5.055203505462871,756.1164659022157,3822.3226089670784,High,-25.13000000000102
16020,17.0,3.0,851.01,5,3,3,533,11,Loyal Customers,3,0,1.0,49.0,66.0,332.21,2.0578197852496842,347.5177973368532,715.1289990861666,Medium,-518.8
16021,395.0,2.0,532.25,2,2,2,222,6,Hibernating/Lost,0,3,1.0,149.0,545.0,380.86,0.3599124133019269,396.6772541743406,142.76906785186878,Low,-151.39
16022,260.0,1.0,628.28,2,1,3,213,6,Hibernating/Lost,0,2,0.0,0.0,261.0,0.0,0.3627196979328441,470.98914615257866,170.83704082211148,Low,-628.28
16023,46.0,3.0,719.81,4,3,3,433,10,Loyal Customers,3,0,2.0,220.0,267.0,270.985,1.3553400858718663,278.2801314589991,377.1642172680741,Medium,-177.83999999999992
16024,12.0,3.0,484.2,5,3,2,532,10,Loyal Customers,3,0,1.0,399.0,412.0,251.24,0.5846487356107325,265.6998894204842,155.34110440159753,Low,-232.95999999999998
16025,30.0,1.0,439.65999999999997,4,1,2,412,7,New Customers,3,2,0.0,0.0,30.0,0.0,1.2113523663161674,470.98914615257866,570.5338167011573,Medium,-439.65999999999997
16026,43.0,1.0,236.09,4,1,1,411,6,New Customers,3,2,0.0,0.0,44.0,0.0,1.0597190186051295,470.98914615257866,499.1161557344786,Medium,-236.09
16027,92.0,15.0,1799.8400000000001,3,5,4,354,12,Loyal Customers,1,1,12.0,609.0,701.0,147.31166666666667,2.8668060667974786,148.41536903796782,425.4780803640328,Medium,-32.100000000000136
16028,596.0,1.0,82.2,1,1,1,111,3,Hibernating/Lost,0,2,0.0,0.0,596.0,0.0,0.18045407771573524,470.98914615257866,84.99191198308522,Low,-82.2
16029,39.0,107.0,91800.91,4,5,5,455,14,Champions,2,-1,68.0,693.0,732.0,1485.4998529411766,14.889216446568694,1485.8984593933842,22123.86377953106,High,9213.080000000002
16030,310.0,1.0,331.24,2,1,2,212,5,Hibernating/Lost,0,2,0.0,0.0,310.0,0.0,0.3159844351950028,470.98914615257866,148.8252393299992,Low,-331.24
16031,92.0,2.0,548.94,3,2,2,322,7,Potential Loyalists,3,3,1.0,155.0,248.0,243.31,0.8490875194112868,257.6868474323799,218.79868607127418,Low,-305.63000000000005
16032,456.0,6.0,1970.45,1,4,4,144,9,Can't Lose Them,0,1,5.0,67.0,524.0,311.252,0.023571459488241377,314.2445950748082,7.407203742204658,Low,-414.19000000000005
16033,6.0,27.0,10692.39,5,5,5,555,15,Champions,1,10,24.0,480.0,486.0,437.74333333333334,7.951529961160922,438.4204105528015,3486.1130300950736,High,-186.54999999999927
16034,196.0,6.0,925.77,2,4,3,243,9,Can't Lose Them,0,1,5.0,213.0,410.0,140.73,1.6306800287866166,143.36842503799642,233.78802746805187,Low,-222.12
16035,560.0,1.0,217.73,1,1,1,111,3,Hibernating/Lost,0,2,0.0,0.0,561.0,0.0,0.1904447166385695,470.98914615257866,89.69739447886964,Low,-217.73
16036,87.0,4.0,2556.84,3,4,4,344,11,Loyal Customers,3,1,3.0,533.0,621.0,569.3866666666667,0.9193703688373633,575.2760455381599,528.8917501697179,Medium,-848.6800000000003
16037,270.0,5.0,1489.44,2,4,4,244,10,Can't Lose Them,0,1,4.0,379.0,649.0,288.90500000000003,1.0030808902197605,292.58963935228894,293.49107591057265,Medium,-333.81999999999994
16038,8.0,3.0,454.33000000000004,5,3,2,532,10,Loyal Customers,3,0,2.0,194.0,202.0,77.41499999999999,1.703100931216845,83.7018898919665,142.55276661961798,Low,-299.50000000000006
16039,424.0,2.0,449.65,1,2,2,122,5,Hibernating/Lost,0,3,1.0,205.0,629.0,312.92,0.3305364015365296,328.0257948210232,108.42446583130099,Low,-136.72999999999996
16040,65.0,7.0,2383.7000000000003,3,4,4,344,11,Loyal Customers,3,1,6.0,544.0,610.0,340.325,1.7227756750487222,342.8682687713209,590.6851131852991,Medium,-341.75000000000045
16041,31.0,3.0,3166.4,4,3,5,435,12,Loyal Customers,3,-1,1.0,111.0,142.0,426.6,1.3109501107641806,442.8962378484757,580.6148720644981,Medium,-2739.8
16042,22.0,8.0,2153.0,4,4,4,444,12,Champions,1,1,5.0,431.0,454.0,324.194,1.9104833585954064,327.2134752932928,625.135899256005,Medium,-532.03
16043,38.0,8.0,1856.5900000000001,4,4,4,444,12,Champions,3,1,7.0,444.0,482.0,190.3057142857143,2.4549029875048927,192.26269053654767,471.9862533838995,Medium,-524.45
16044,435.0,1.0,340.84000000000003,1,1,2,112,4,Hibernating/Lost,0,2,0.0,0.0,436.0,0.0,0.23739854890552198,470.98914615257866,111.81213984687298,Low,-340.84000000000003
16045,120.0,8.0,3187.03,3,5,5,355,13,Loyal Customers,1,1,6.0,379.0,499.0,411.0183333333334,1.9894218810767834,413.6839167054863,822.99183574344,Medium,-720.9200000000001
16046,562.0,1.0,235.78,1,1,1,111,3,Hibernating/Lost,0,2,0.0,0.0,563.0,0.0,0.1898440870774547,470.98914615257866,89.41450447472619,Low,-235.78
16047,682.0,1.0,107.14,1,1,1,111,3,Hibernating/Lost,0,2,0.0,0.0,683.0,0.0,0.15964028714830325,470.98914615257866,75.18884253553182,Low,-107.14
16048,373.0,4.0,1056.53,2,4,3,243,9,Can't Lose Them,0,1,2.0,176.0,550.0,437.11500000000007,0.5468384333099244,445.2754472183168,243.49372794824032,Low,-182.29999999999984
16049,40.0,6.0,1899.68,4,4,4,444,12,Champions,3,1,5.0,476.0,517.0,334.008,1.7000839565305872,337.04785873203537,573.0096572133211,Medium,-229.6400000000001
16050,174.0,3.0,300.7,3,3,2,332,8,Loyal Customers,0,0,2.0,228.0,402.0,105.05000000000001,0.909511881936582,111.4808313896415,101.39314075704762,Low,-90.59999999999997
16051,682.0,1.0,188.44,1,1,1,111,3,Hibernating/Lost,0,2,0.0,0.0,682.0,0.0,0.15985219327541073,470.98914615257866,75.28864802140268,Low,-188.44
16052,54.0,1.0,362.06,4,1,2,412,7,New Customers,3,2,0.0,0.0,55.0,0.0,0.9650156682292322,470.98914615257866,454.5119056031462,Medium,-362.06
16053,33.0,6.0,3606.14,4,4,5,445,13,Champions,3,1,4.0,578.0,611.0,750.5450000000001,1.2059955383364085,755.428780781156,911.043739152987,High,-603.9599999999996
16054,145.0,4.0,2090.68,3,4,4,344,11,Loyal Customers,0,1,3.0,472.0,618.0,553.1333333333333,0.9077893396480979,558.966371230456,507.42371302478927,Medium,-431.27999999999975
16055,221.0,1.0,134.8,2,1,1,211,4,Hibernating/Lost,0,2,0.0,0.0,221.0,0.0,0.4125673948254212,470.98914615257866,194.31476501921892,Low,-134.8
16056,45.0,1.0,664.85,4,1,3,413,8,New Customers,3,2,0.0,0.0,46.0,0.0,1.04112876043265,470.98914615257866,490.3603459110665,Medium,-664.85
16057,16.0,10.0,3202.07,5,5,5,555,15,Champions,1,1,5.0,639.0,656.0,517.884,1.3817746980464896,521.3057647012874,720.3271156100158,Medium,-612.6500000000001
16058,406.0,1.0,62.7,2,1,1,211,4,Hibernating/Lost,0,2,0.0,0.0,407.0,0.0,0.25180703038366353,470.98914615257866,118.59837823561811,Low,-62.7
16059,66.0,12.0,3217.77,3,5,5,355,13,Loyal Customers,1,1,11.0,504.0,570.0,272.80636363636364,3.2028562203341395,274.1288401470858,877.9952608380767,High,-216.9000000000001
16060,401.0,3.0,541.95,2,3,2,232,7,At Risk,0,0,2.0,94.0,495.0,98.175,0.42735542708301766,104.57002180771582,44.68856632971686,Low,-345.6
16061,431.0,1.0,44.95,1,1,1,111,3,Hibernating/Lost,0,2,0.0,0.0,432.0,0.0,0.2392869734754787,470.98914615257866,112.70156732265045,Low,-44.95
16062,10.0,8.0,2863.45,5,5,4,554,14,Champions,1,1,6.0,527.0,537.0,386.68833333333333,1.9500059631009155,389.31182059687285,759.1603716695759,Medium,-543.3199999999997
16063,260.0,1.0,335.32,2,1,2,212,5,Hibernating/Lost,0,2,0.0,0.0,261.0,0.0,0.3627196979328441,470.98914615257866,170.83704082211148,Low,-335.32
16064,725.0,1.0,111.0,1,1,1,111,3,Hibernating/Lost,0,2,0.0,0.0,726.0,0.0,0.15103147456557572,470.98914615257866,71.1341852478054,Low,-111.0
16065,365.0,8.0,2365.62,2,5,4,254,11,Can't Lose Them,0,1,5.0,98.0,464.0,388.678,0.150396382741488,391.8314069892251,58.93002625568726,Low,-422.23
16066,17.0,5.0,1521.87,5,4,4,544,13,Champions,3,1,4.0,108.0,125.0,301.3725,4.203163042214849,305.0895245350382,1282.3410140925732,High,-316.3799999999999
16067,563.0,3.0,3026.19,1,3,5,135,9,At Risk,0,0,2.0,113.0,676.0,712.265,0.2530969332286119,721.8586117953122,182.7002008700566,Low,-1601.66
16068,594.0,1.0,122.93,1,1,1,111,3,Hibernating/Lost,0,2,0.0,0.0,594.0,0.0,0.1809966236592575,470.98914615257866,85.2474452337733,Low,-122.93
16069,418.0,1.0,457.7,1,1,2,112,4,Hibernating/Lost,0,2,0.0,0.0,418.0,0.0,0.2461401922075257,470.98914615257866,115.92935896165412,Low,-457.7
16070,22.0,2.0,852.15,4,2,3,423,9,New Customers,3,3,1.0,10.0,33.0,165.3,2.6846439376880533,178.85993627323526,480.1752436112126,Medium,-686.8499999999999
16071,45.0,4.0,1076.8,4,4,3,443,11,Champions,3,1,3.0,611.0,656.0,270.8333333333333,0.8827783387111544,275.6877992207265,243.37121739900724,Low,-264.29999999999995
16072,288.0,4.0,4328.89,2,4,5,245,11,Can't Lose Them,0,1,2.0,261.0,550.0,1234.625,0.6532380214411483,1246.9394108083573,814.5482335734425,Medium,-1859.6400000000003
16073,297.0,1.0,94.35,2,1,1,211,4,Hibernating/Lost,0,2,0.0,0.0,298.0,0.0,0.3262773901172908,470.98914615257866,153.6731093802346,Low,-94.35
16074,390.0,1.0,265.25,2,1,1,211,4,Hibernating/Lost,0,2,0.0,0.0,391.0,0.0,0.2605324323206955,470.98914615257866,122.70794784377887,Low,-265.25
16075,503.0,2.0,726.98,1,2,3,123,6,Hibernating/Lost,0,3,1.0,62.0,565.0,267.23,0.24849264738639387,281.85733474076017,70.0394752950045,Low,-459.75
16076,3.0,10.0,2173.53,5,5,4,554,14,Champions,1,1,8.0,205.0,209.0,241.15999999999997,5.539309562297811,242.93799998876008,1345.7087863832444,High,-244.25000000000045
16077,626.0,1.0,600.0,1,1,2,112,4,Hibernating/Lost,0,2,0.0,0.0,626.0,0.0,0.17268971543298167,470.98914615257866,81.33498162111182,Low,-600.0
16078,284.0,2.0,362.99,2,2,2,222,6,Hibernating/Lost,0,3,1.0,386.0,670.0,79.2,0.3559208140755842,91.85830762559574,32.69428362970748,Low,-283.79
16079,17.0,3.0,1352.0,5,3,4,534,12,Loyal Customers,3,0,2.0,24.0,41.0,421.89,4.143197601064432,429.97114527143407,1781.455417615532,High,-508.22
16080,82.0,4.0,472.9,3,4,2,342,9,Loyal Customers,3,1,3.0,369.0,451.0,98.63666666666666,1.2129654980701936,102.89422558215504,124.80714558180556,Low,-176.99
16081,56.0,8.0,4460.18,4,5,5,455,14,Champions,1,1,7.0,618.0,675.0,622.0428571428572,1.8167761070951873,624.6399589010359,1134.830952868322,High,-105.88000000000011
16082,670.0,1.0,106.75,1,1,1,111,3,Hibernating/Lost,0,2,0.0,0.0,671.0,0.0,0.16222086859733434,470.98914615257866,76.40426838878815,Low,-106.75
16083,101.0,4.0,2351.42,3,4,4,344,11,Loyal Customers,3,1,3.0,288.0,389.0,547.1066666666667,1.3576279766851749,552.9188135708316,750.6580501393355,Medium,-710.0999999999999
16084,299.0,1.0,436.18,2,1,2,212,5,Hibernating/Lost,0,2,0.0,0.0,300.0,0.0,0.3245154765540782,470.98914615257866,152.84326721550244,Low,-436.18
16085,23.0,12.0,2337.73,4,5,4,454,13,Champions,1,1,11.0,665.0,689.0,189.8081818181818,2.73913355304656,191.05239008947765,523.3180120838283,Medium,-249.84000000000015
16086,59.0,10.0,2862.91,4,5,4,454,13,Champions,1,1,9.0,678.0,738.0,286.71555555555557,2.1161987319016484,288.34828919972045,610.2022839504582,Medium,-282.4699999999998
16087,389.0,5.0,1739.92,2,4,4,244,10,Can't Lose Them,0,1,4.0,300.0,690.0,348.39,0.7202665885742974,352.22915570246687,253.69889237422083,Low,-346.3600000000001
16088,576.0,2.0,1437.43,1,2,4,124,7,Hibernating/Lost,0,3,1.0,16.0,592.0,712.28,0.1478726109194894,731.567843795719,108.17884712681415,Low,-725.1500000000001
16089,386.0,2.0,271.44,2,2,2,222,6,Hibernating/Lost,0,3,1.0,123.0,510.0,116.78999999999999,0.3694224727966094,129.84194549858955,47.96653257881154,Low,-154.65
16090,624.0,1.0,205.91,1,1,1,111,3,Hibernating/Lost,0,2,0.0,0.0,625.0,0.0,0.17293773843383678,470.98914615257866,81.45179776251076,Low,-205.91
16091,155.0,2.0,315.06,3,2,2,322,7,Potential Loyalists,0,3,1.0,44.0,199.0,157.81,0.8771240676424431,171.29150191120482,150.2438989089393,Low,-157.25
16092,115.0,6.0,1515.49,3,4,4,344,11,Loyal Customers,3,1,4.0,465.0,580.0,278.63,1.2367489265963265,282.28794933803186,349.1193183348891,Medium,-400.97
16093,107.0,1.0,17.0,3,1,1,311,5,Potential Loyalists,0,2,0.0,0.0,107.0,0.0,0.6791658584450884,470.98914615257866,319.8797477650353,Medium,-17.0
16094,12.0,11.0,3599.16,5,5,5,555,15,Champions,1,1,9.0,591.0,603.0,373.4733333333333,2.559769590798843,375.206082314069,960.4411197903214,High,-237.9000000000001
16095,456.0,1.0,447.05,1,1,2,112,4,Hibernating/Lost,0,2,0.0,0.0,457.0,0.0,0.2279544859007413,470.98914615257866,107.36408867604017,Low,-447.05
16096,264.0,4.0,1584.97,2,4,4,244,10,Can't Lose Them,0,1,3.0,381.0,646.0,336.02333333333337,0.8158367756033461,341.1037755201041,278.2850043664493,Low,-576.8999999999999
16097,240.0,1.0,185.04999999999998,2,1,1,211,4,Hibernating/Lost,0,2,0.0,0.0,241.0,0.0,0.38603639750199964,470.98914615257866,181.81895324328426,Low,-185.04999999999998
16098,88.0,14.0,4448.1,3,5,5,355,13,Loyal Customers,1,1,13.0,637.0,725.0,330.2623076923077,3.0072015410184987,331.42700328825214,996.6677950235749,High,-154.6900000000005
16099,50.0,7.0,1568.25,4,4,4,444,12,Champions,3,1,6.0,596.0,647.0,239.45000000000002,1.6405683566487126,241.81873342580622,396.720162103248,Medium,-131.54999999999995
16100,463.0,1.0,582.64,1,1,2,112,4,Hibernating/Lost,0,2,0.0,0.0,463.0,0.0,0.22539281731179991,470.98914615257866,106.15757057460878,Low,-582.64
16101,71.0,4.0,3167.42,3,4,5,345,12,Loyal Customers,3,1,3.0,491.0,562.0,801.8833333333333,1.0074594776482058,808.5786446538362,814.610218980448,Medium,-761.77
16102,42.0,3.0,1842.14,4,3,4,434,11,Loyal Customers,3,0,2.0,86.0,129.0,501.19000000000005,2.2666901745416306,509.6841925218639,1155.2961513084938,High,-839.76
16103,7.0,22.0,6002.76,5,5,5,555,15,Champions,1,1,20.0,693.0,701.0,299.563,4.80113486051724,300.3039251640671,1441.799643855363,High,-11.5
16104,62.0,9.0,2515.36,3,5,4,354,12,Loyal Customers,1,1,7.0,672.0,734.0,298.38714285714286,1.683319115387108,300.5043686497253,505.844748005417,Medium,-426.6500000000001
16105,249.0,5.0,2386.19,2,4,4,244,10,Can't Lose Them,0,1,4.0,356.0,605.0,447.66,1.075640854134545,451.75701630736165,485.92830288212406,Medium,-595.55
16106,66.0,1.0,108.38,3,1,1,311,5,Potential Loyalists,3,2,0.0,0.0,66.0,0.0,0.8859649921801986,470.98914615257866,417.2798951880278,Medium,-108.38
16107,18.0,7.0,3204.1600000000003,5,4,5,545,14,Champions,1,1,6.0,166.0,184.0,445.21000000000004,4.637830434594505,447.9347422753043,2077.445380436652,High,-532.9000000000001
16108,85.0,4.0,2171.93,3,4,4,344,11,Loyal Customers,3,1,3.0,547.0,632.0,636.2433333333333,0.9058534151812047,642.3644658805752,581.8880452089694,Medium,-263.1999999999998
16109,219.0,3.0,923.58,2,3,3,233,8,At Risk,0,0,2.0,480.0,699.0,305.93999999999994,0.5760307524898758,313.4172003951752,180.53794578690295,Low,-311.70000000000016
16110,45.0,4.0,1819.27,4,4,4,444,12,Champions,3,1,3.0,477.0,523.0,445.82666666666665,1.078720068565534,451.2877339635153,486.81313532390766,Medium,-481.78999999999996
16111,428.0,1.0,562.48,1,1,2,112,4,Hibernating/Lost,0,2,0.0,0.0,429.0,0.0,0.24072315478287643,470.98914615257866,113.37799313034199,Low,-562.48
16112,143.0,4.0,195.73999999999998,3,4,1,341,8,Loyal Customers,0,1,3.0,195.0,339.0,41.24666666666667,1.4428840047896008,45.30528740419411,65.37027452790745,Low,-71.99999999999997
16113,183.0,1.0,161.38,3,1,1,311,5,Potential Loyalists,0,2,0.0,0.0,184.0,0.0,0.47270934740496395,470.98914615257866,222.64097191260666,Low,-161.38
16114,171.0,1.0,135.75000000000003,3,1,1,311,5,Potential Loyalists,0,2,0.0,0.0,171.0,0.0,0.49824669090635954,470.98914615257866,234.66878352333404,Low,-135.75000000000003
16115,10.0,12.0,2575.14,5,5,4,554,14,Champions,1,1,11.0,565.0,575.0,216.46454545454546,3.228835232395732,217.73389098313564,703.0268584929597,Medium,-194.02999999999975
16116,212.0,1.0,592.88,2,1,2,212,5,Hibernating/Lost,0,2,0.0,0.0,212.0,0.0,0.42573827237933004,470.98914615257866,200.5181053924146,Low,-592.88
16117,190.0,3.0,650.05,2,3,3,233,8,At Risk,0,0,2.0,402.0,592.0,260.45,0.6685772784330586,267.6902581578228,178.97162426220004,Low,-129.14999999999998
16118,653.0,1.0,4255.43,1,1,5,115,7,Hibernating/Lost,0,-1,0.0,0.0,653.0,0.0,0.16625218547183784,470.98914615257866,78.30297488138105,Low,-4255.43
16119,8.0,8.0,1720.81,5,5,4,554,14,Champions,1,1,7.0,715.0,724.0,219.63000000000002,1.7179852375881237,221.63045461163918,380.7578492227408,Medium,-183.39999999999986
16120,59.0,6.0,3041.91,4,4,5,445,13,Champions,3,1,1.0,363.0,423.0,1309.14,0.5651394255982088,1334.6780885649425,754.2792083301069,Medium,-1732.7699999999998
16121,57.0,5.0,1457.19,4,4,4,444,12,Champions,3,1,3.0,508.0,566.0,440.47333333333336,1.0040659201010542,445.91584369727815,447.72890188954545,Medium,-135.76999999999998
16122,73.0,6.0,1001.34,3,4,3,343,10,Loyal Customers,3,1,5.0,352.0,426.0,177.408,1.9837104261137823,180.12260434981647,357.31108822749866,Medium,-114.30000000000007
16123,52.0,1.0,307.78,4,1,2,412,7,New Customers,3,2,0.0,0.0,52.0,0.0,0.9891079619975823,470.98914615257866,465.8591144739585,Medium,-307.78
16124,317.0,4.0,1709.39,2,4,4,244,10,Can't Lose Them,0,1,3.0,415.0,733.0,436.49666666666667,0.7138421135610621,441.92539221059013,315.464956011909,Medium,-399.9000000000001
16125,367.0,14.0,4587.65,2,5,5,255,12,Can't Lose Them,1,-1,13.0,358.0,726.0,299.84153846153845,0.09952315763824159,300.98196384892594,29.954675434404187,Low,-689.71
16126,29.0,15.0,14646.800000000001,4,5,5,455,14,Champions,1,-1,14.0,708.0,738.0,1033.7642857142857,3.236331988224204,1035.3668728985185,3350.790930309139,High,-174.10000000000036
16127,39.0,2.0,801.31,4,2,3,423,9,New Customers,3,3,1.0,687.0,727.0,656.25,0.3528256586695225,674.9511045027198,238.1400680158938,Low,-145.05999999999995
16128,18.0,11.0,3748.4,5,5,5,555,15,Champions,1,1,9.0,494.0,512.0,386.28555555555556,2.9561152288445296,388.0330746093683,1147.0704811481194,High,-271.8299999999999
16129,407.0,3.0,1396.05,2,3,4,234,9,At Risk,0,0,2.0,100.0,508.0,474.55499999999995,0.42566299607373254,482.9104596906507,205.55711310726582,Low,-446.94000000000005
16130,422.0,4.0,987.48,1,4,3,143,8,Can't Lose Them,0,1,3.0,195.0,618.0,259.8433333333333,0.5283890868423028,264.6597032009358,139.84329889829735,Low,-207.95000000000005
16131,52.0,12.0,9866.27,4,5,5,455,14,Champions,1,-1,7.0,686.0,738.0,1234.207142857143,1.6781982549086694,1237.7118847858621,2077.125925127354,High,-1226.8199999999997
16132,544.0,2.0,664.1999999999999,1,2,3,123,6,Hibernating/Lost,0,3,1.0,83.0,628.0,310.8,0.23655837111485858,325.88359444084904,77.09049227398243,Low,-353.3999999999999
16133,4.0,56.0,22228.88,5,5,5,555,15,Champions,2,-1,49.0,615.0,619.0,453.28224489795923,12.944867060963102,453.6170886085012,5872.012908618168,High,-18.049999999999272
16134,22.0,5.0,2119.99,4,4,4,444,12,Champions,3,1,4.0,519.0,541.0,309.6675,1.345906995984225,313.4060713640662,421.81542403282793,Medium,-881.3199999999997
16135,263.0,2.0,819.45,2,2,3,223,7,Hibernating/Lost,0,3,1.0,321.0,584.0,517.55,0.4000510663073437,534.7986551017023,213.94677223316933,Low,-301.9000000000001
16136,60.0,4.0,921.08,3,4,3,343,10,Loyal Customers,3,1,3.0,604.0,664.0,236.46,0.8711085354742522,241.19531327711655,210.10729611208245,Low,-211.70000000000005
16137,680.0,1.0,422.7,1,1,2,112,4,Hibernating/Lost,0,2,0.0,0.0,681.0,0.0,0.1600646631301428,470.98914615257866,75.3887190168661,Low,-422.7
16138,379.0,3.0,894.45,2,3,3,233,8,At Risk,0,0,2.0,212.0,591.0,197.07000000000002,0.541840126464525,203.9801328774668,110.5246209945772,Low,-500.31
16139,19.0,5.0,1111.15,5,4,3,543,12,Champions,3,1,4.0,718.0,737.0,188.89,1.0203178163492186,192.31484355901247,196.2222612316732,Low,-355.59000000000015
16140,66.0,3.0,1536.19,3,3,4,334,10,Loyal Customers,3,0,2.0,376.0,442.0,424.65999999999997,0.893366012238883,432.7555732775336,386.6091207731019,Medium,-686.8700000000001
16141,88.0,2.0,955.94,3,2,3,323,8,Potential Loyalists,3,3,1.0,329.0,418.0,620.4,0.5657370431314926,638.7256876964726,361.35078192953165,Medium,-335.5400000000001
16142,250.0,1.0,535.34,2,1,2,212,5,Hibernating/Lost,0,2,0.0,0.0,250.0,0.0,0.3751823354581328,470.98914615257866,176.7068078289563,Low,-535.34
16143,3.0,12.0,4866.88,5,5,5,555,15,Champions,1,1,11.0,726.0,730.0,419.1345454545454,2.605648603417669,420.5950111226016,1095.922803336046,High,-256.40000000000055
16144,247.0,1.0,175.2,2,1,1,211,4,Hibernating/Lost,0,2,0.0,0.0,247.0,0.0,0.3787317034248557,470.98914615257866,178.37852161698441,Low,-175.2
16145,9.0,19.0,6693.6,5,5,5,555,15,Champions,1,1,18.0,576.0,585.0,330.6716666666667,5.100923605373097,331.51288515396806,1691.0219013672163,High,-741.5100000000002
16146,157.0,4.0,946.38,3,4,3,343,10,Loyal Customers,0,1,3.0,291.0,449.0,244.71,1.1662408500443253,249.47391129015327,290.94666636691096,Medium,-212.25
16147,134.0,5.0,2367.02,3,4,4,344,11,Loyal Customers,3,1,4.0,539.0,673.0,431.0675,1.0811097581424973,435.121416155385,470.41400898236924,Medium,-642.75
16148,296.0,2.0,370.37,2,2,2,222,6,Hibernating/Lost,0,3,1.0,140.0,437.0,76.32000000000001,0.4637851918658701,88.94814861856669,41.25283417317588,Low,-294.05
16149,5.0,3.0,422.22,5,3,2,532,10,Loyal Customers,3,0,2.0,425.0,430.0,140.26,0.9275105157034722,146.87422853576544,136.22739145275744,Low,-141.70000000000005
16150,43.0,10.0,4154.69,4,5,5,455,14,Champions,1,1,9.0,680.0,723.0,449.71,2.163150075888434,451.5306354627436,976.7285283671866,High,-107.29999999999973
16152,269.0,1.0,1829.04,2,1,4,214,7,Hibernating/Lost,0,2,0.0,0.0,269.0,0.0,0.35416501827836694,470.98914615257866,166.80787955604046,Low,-1829.04
16153,50.0,11.0,5037.51,4,5,5,455,14,Champions,1,1,10.0,513.0,563.0,373.75100000000003,2.9790858136292995,375.3105823797762,1118.0824316725418,High,-1300.0
16155,382.0,5.0,781.05,2,4,3,243,9,Can't Lose Them,0,1,3.0,158.0,540.0,189.4333333333333,0.5636487886901811,194.00563215876412,109.35103956536024,Low,-212.75
16156,9.0,20.0,5933.59,5,5,5,555,15,Champions,1,1,17.0,729.0,738.0,348.1223529411765,3.9134943974375456,349.02372963799377,1365.9024105110452,High,-15.510000000000218
16157,16.0,3.0,644.24,5,3,3,533,11,Loyal Customers,3,0,2.0,57.0,73.0,244.185,3.2230025932804485,251.3405391978198,810.0712096310795,Medium,-155.87
16158,522.0,9.0,611.32,1,5,3,153,9,Can't Lose Them,0,-1,7.0,212.0,735.0,68.81428571428572,0.04608562946638884,70.59112976283112,3.253236649863608,Low,-129.62
16159,282.0,4.0,1230.29,2,4,4,244,10,Can't Lose Them,0,1,3.0,455.0,737.0,305.08,0.7335373055275746,310.0531794170657,227.435573799852,Low,-315.04999999999995
16160,65.0,2.0,1009.4499999999999,3,2,3,323,8,Potential Loyalists,3,3,1.0,20.0,86.0,223.49999999999997,1.6610236945922392,237.66939954028075,394.77450411591616,Medium,-785.9499999999999
16161,2.0,43.0,12448.960000000001,5,5,5,555,15,Champions,1,-1,41.0,668.0,670.0,307.6585365853659,10.11117672138742,308.0219143300657,3114.4640098513505,High,165.04000000000087
16162,252.0,1.0,37.4,2,1,1,211,4,Hibernating/Lost,0,2,0.0,0.0,253.0,0.0,0.3716990577251108,470.98914615257866,175.06622182366797,Low,-37.4
16163,232.0,6.0,2263.63,2,4,4,244,10,Can't Lose Them,0,1,4.0,372.0,738.0,409.65000000000003,0.7953952425595171,413.64828273637295,329.0138761814251,Medium,-625.03
16164,17.0,3.0,802.53,5,3,3,533,11,Loyal Customers,3,0,2.0,25.0,43.0,288.56,4.063976530014591,295.9466737720672,1202.7203363455658,High,-225.40999999999997
16165,505.0,1.0,79.9,1,1,1,111,3,Hibernating/Lost,0,2,0.0,0.0,506.0,0.0,0.20859519480703037,470.98914615257866,98.24607269369405,Low,-79.9
16166,428.0,2.0,327.48,1,2,2,122,5,Hibernating/Lost,0,3,1.0,263.0,692.0,195.99,0.31521539353050826,209.87131819188863,66.15467015462269,Low,-131.49
16167,414.0,5.0,1149.8700000000001,1,4,3,143,8,Can't Lose Them,0,1,3.0,324.0,739.0,300.10999999999996,0.6102017451841425,305.0659512807271,186.15177586776028,Low,-249.5400000000002
16168,11.0,66.0,10539.08,5,5,5,555,15,Champions,1,-1,55.0,726.0,737.0,189.64218181818183,12.375755767834546,189.8908046011457,2350.042220301372,High,-108.76000000000022
16169,8.0,4.0,1822.97,5,4,4,544,13,Champions,3,1,3.0,67.0,76.0,411.83666666666664,4.414418642172894,417.17991014980396,1841.6067725053074,High,-587.46
16170,51.0,20.0,6813.67,4,5,5,455,14,Champions,1,1,19.0,609.0,660.0,344.69052631578944,4.769246074933501,345.4950965986176,1647.7511333617276,High,-264.5500000000011
16171,59.0,1.0,73.2,4,1,1,411,6,New Customers,3,2,0.0,0.0,60.0,0.0,0.9273887010786552,470.98914615257866,436.7900124725848,Medium,-73.2
16172,95.0,8.0,1884.55,3,5,4,354,12,Loyal Customers,3,1,6.0,418.0,514.0,312.26666666666665,1.9740864174962802,314.76138851453874,621.3661818188206,Medium,-10.950000000000045
16173,16.0,6.0,1406.57,5,4,4,544,13,Champions,3,1,5.0,83.0,99.0,197.788,5.908211158175066,200.5449331129686,1184.8618115335132,High,-417.6299999999999
16174,126.0,7.0,2246.75,3,4,4,344,11,Loyal Customers,3,1,6.0,477.0,604.0,340.4916666666667,1.6962071384957773,343.0352238070013,581.8587953769322,Medium,-203.79999999999995
16175,94.0,7.0,1836.44,3,4,4,344,11,Loyal Customers,3,1,6.0,469.0,564.0,257.79833333333335,1.8262720827338477,260.1988133038528,475.1938286973028,Medium,-289.6500000000001
16176,421.0,4.0,1964.04,1,4,4,144,9,Can't Lose Them,0,1,3.0,199.0,621.0,441.43333333333334,0.5355589400361243,446.8791714660679,239.33013539458872,Low,-639.74
16177,50.0,8.0,2141.61,4,5,4,454,13,Champions,3,1,6.0,597.0,648.0,317.59666666666664,1.6383066740905896,320.10061055559544,524.4229666537046,Medium,-236.0300000000002
16178,138.0,2.0,612.6,3,2,3,323,8,Potential Loyalists,0,3,1.0,263.0,402.0,197.9,0.5719444166462411,211.80131947780026,121.13858211363461,Low,-414.70000000000005
16179,61.0,1.0,215.83,3,1,1,311,5,Potential Loyalists,3,2,0.0,0.0,61.0,0.0,0.9202155691366966,470.98914615257866,433.4115451840019,Medium,-215.83
16180,100.0,13.0,16170.27,3,5,5,355,13,Loyal Customers,1,-1,10.0,434.0,535.0,1423.2350000000001,3.0136064526428306,1425.8833280718618,4297.051198193197,High,-1937.9199999999983
16181,73.0,1.0,305.54,3,1,2,312,6,Potential Loyalists,0,2,0.0,0.0,74.0,0.0,0.8362053909558023,470.98914615257866,393.84366309445653,Medium,-305.54
16182,72.0,9.0,9971.65,3,5,5,355,13,Loyal Customers,1,-1,8.0,568.0,641.0,1184.58125,2.1428549445197707,1187.5829612171174,2544.818020471531,High,-495.0
16183,67.0,4.0,1077.81,3,4,3,343,10,Loyal Customers,3,1,3.0,340.0,408.0,207.90333333333334,1.3256667572409302,212.5396570437082,281.75675793823206,Medium,-454.0999999999999
16184,64.0,6.0,1155.54,3,4,3,343,10,Loyal Customers,3,1,5.0,147.0,212.0,202.114,3.395649903858986,204.87991810950425,695.700474231175,Medium,-144.9699999999999
16185,17.0,3.0,644.72,5,3,3,533,11,Loyal Customers,3,0,2.0,548.0,565.0,264.705,0.7292064956225459,271.9674210336182,198.32041001542623,Low,-115.31000000000006
16186,23.0,26.0,8983.91,4,5,5,455,14,Champions,1,1,22.0,708.0,731.0,392.5804545454546,5.058637658748384,393.2978287269647,1989.5512075021957,High,-347.1399999999994
16187,32.0,15.0,6841.24,4,5,5,455,14,Champions,1,1,10.0,253.0,285.0,623.554,5.301274669320611,625.3727306279819,3315.2726157619823,High,-605.6999999999998
16188,45.0,5.0,1077.71,4,4,3,443,11,Champions,3,1,4.0,364.0,409.0,245.465,1.7048328115492586,249.03680098544464,424.5661096032488,Medium,-95.85000000000002
16189,16.0,2.0,215.48,5,2,1,521,8,New Customers,3,3,1.0,70.0,86.0,71.0,1.7966580857667787,83.57243823058245,150.15109689422061,Low,-144.48
16190,40.0,8.0,2723.55,4,5,4,454,13,Champions,1,1,7.0,685.0,726.0,360.94714285714286,1.7064158028364582,363.15712474542397,619.6970565782425,Medium,-196.92000000000007
16191,3.0,24.0,15162.12,5,5,5,555,15,Champions,1,-1,15.0,726.0,729.0,1007.5546666666667,3.50986468678383,1009.03222035074,3541.566558036143,High,-48.80000000000109
16192,736.0,1.0,351.3,1,1,2,112,4,Hibernating/Lost,0,2,0.0,0.0,736.0,0.0,0.14916093243425163,470.98914615257866,70.25318020653066,Low,-351.3
16193,237.0,2.0,630.43,2,2,3,223,7,Hibernating/Lost,0,3,1.0,174.0,411.0,314.45,0.5218584300608038,329.57181679350737,171.9898309041466,Low,-315.97999999999996
16194,375.0,1.0,308.59999999999997,2,1,2,212,5,Hibernating/Lost,0,2,0.0,0.0,376.0,0.0,0.2692811004844868,470.98914615257866,126.82847559221516,Low,-308.59999999999997
16195,723.0,1.0,323.25,1,1,2,112,4,Hibernating/Lost,0,2,0.0,0.0,724.0,0.0,0.1514112306876721,470.98914615257866,71.3130462594978,Low,-323.25
16196,489.0,1.0,93.3,1,1,1,111,3,Hibernating/Lost,0,2,0.0,0.0,489.0,0.0,0.21492740858606335,470.98914615257866,101.22847665473638,Low,-93.3
16197,469.0,9.0,2016.71,1,5,4,154,10,Can't Lose Them,0,1,8.0,254.0,724.0,237.42624999999998,0.07889757151361634,239.19940694351504,18.872252315340596,Low,-117.30000000000018
16198,75.0,2.0,1030.0410000000002,3,2,3,323,8,Potential Loyalists,3,3,1.0,362.0,438.0,400.68100000000004,0.5462803302686062,416.70581725709167,227.63819147605352,Low,-629.3600000000001
16199,392.0,7.0,942.75,2,4,3,243,9,Can't Lose Them,0,1,6.0,239.0,632.0,146.125,0.41677886400936104,148.33226119660998,61.82175131746293,Low,-66.0
16200,4.0,12.0,5629.95,5,5,5,555,15,Champions,1,1,8.0,733.0,738.0,574.955,1.9116523048076992,577.1659653151926,1103.3406478513484,High,-1030.3099999999995
16201,3.0,5.0,2070.17,5,4,4,544,13,Champions,3,1,4.0,412.0,416.0,465.86749999999995,1.696575427179,470.01181153213867,797.4104899293137,Medium,-206.70000000000027
16202,361.0,9.0,2467.04,2,5,4,254,11,Can't Lose Them,0,1,6.0,377.0,738.0,360.84,0.8983251003281804,363.4187641132117,326.4681977331442,Medium,-302.0
16203,59.0,6.0,1110.79,4,4,3,443,11,Champions,3,1,5.0,446.0,505.0,166.482,1.7271502956086706,169.17391131418353,292.1887709355671,Medium,-278.38
16204,23.0,3.0,939.24,4,3,3,433,10,Loyal Customers,3,0,2.0,708.0,732.0,365.485,0.577257286049457,373.2723504396499,215.47418397209415,Low,-208.26999999999998
16205,31.0,7.0,1830.61,4,4,4,444,12,Champions,3,1,6.0,512.0,543.0,268.4166666666667,1.9240295505066867,270.8355186270461,521.0955411652409,Medium,-220.1099999999999
16206,55.0,13.0,2597.37,4,5,4,454,13,Champions,1,1,11.0,630.0,685.0,205.65,2.7359257303104894,206.90914728792538,566.0880599016378,Medium,-335.2199999999998
16207,25.0,1.0,394.38,4,1,2,412,7,New Customers,3,2,0.0,0.0,26.0,0.0,1.2630882296182389,470.98914615257866,594.9008467832665,Medium,-394.38
16208,45.0,10.0,3440.45,4,5,5,455,14,Champions,1,1,9.0,609.0,654.0,346.32222222222225,2.3664824182909885,348.02367109839554,823.5918988034387,Medium,-323.5499999999997
16209,89.0,9.0,4146.78,3,5,5,355,13,Loyal Customers,1,1,8.0,458.0,547.0,423.69,2.4402354634137655,425.70475955985523,1038.819851221989,High,-757.2599999999998
16210,2.0,35.0,38304.06,5,5,5,555,15,Champions,2,-1,30.0,736.0,738.0,1261.8406666666667,6.8110971526115245,1262.667060427071,8600.148019971186,High,-448.8399999999965
16211,89.0,3.0,1086.34,3,3,3,333,9,Loyal Customers,3,0,2.0,350.0,439.0,423.51,0.8920287082084125,431.5995833111024,384.99921876429175,Medium,-239.31999999999994
16212,19.0,4.0,1284.56,5,4,4,544,13,Champions,3,1,3.0,651.0,671.0,344.2366666666667,0.8680760540700443,349.34557976419393,303.2585323885134,Medium,-251.8499999999999
16213,79.0,1.0,159.0,3,1,1,311,5,Potential Loyalists,0,2,0.0,0.0,79.0,0.0,0.8078670417070272,470.98914615257866,380.49660817840237,Medium,-159.0
16214,171.0,4.0,2038.25,3,4,4,344,11,Loyal Customers,0,1,3.0,265.0,436.0,354.25,1.1764524220052957,359.39362357476455,422.8094989077913,Medium,-975.5
16215,81.0,1.0,242.35,3,1,1,311,5,Potential Loyalists,0,2,0.0,0.0,81.0,0.0,0.7970660678316085,470.98914615257866,375.4094667152026,Medium,-242.35
16216,267.0,1.0,914.9300000000001,2,1,3,213,6,Hibernating/Lost,0,2,0.0,0.0,268.0,0.0,0.3552121634942718,470.98914615257866,167.30107358717726,Low,-914.9300000000001
16217,235.0,2.0,259.39000000000004,2,2,1,221,5,Hibernating/Lost,0,3,1.0,47.0,283.0,121.25000000000001,0.6015780561561559,134.34865007197484,80.82119975750221,Low,-138.14000000000004
16218,30.0,13.0,4343.6,4,5,5,455,14,Champions,1,1,11.0,532.0,562.0,393.34272727272725,3.2827908437402216,394.7788709597898,1295.9764628889004,High,-16.830000000000837
16219,501.0,1.0,40.8,1,1,1,111,3,Hibernating/Lost,0,2,0.0,0.0,501.0,0.0,0.21041849481150834,470.98914615257866,99.10482720598311,Low,-40.8
16221,37.0,9.0,2229.0099999999998,4,5,4,454,13,Champions,1,1,8.0,450.0,487.0,242.58375,2.7539800501527663,244.36359673416825,672.972470389475,Medium,-288.3399999999997
16222,318.0,2.0,1345.22,2,2,4,224,8,Hibernating/Lost,0,3,1.0,403.0,722.0,846.72,0.33040252061291225,867.4156829988393,286.5963280819874,Medium,-498.5
16223,375.0,2.0,1102.3500000000001,2,2,3,223,7,Hibernating/Lost,0,3,1.0,21.0,396.0,505.56,0.31683179282056106,522.683097291189,165.60262279177115,Low,-596.7900000000002
16224,57.0,5.0,1616.54,4,4,4,444,12,Champions,3,1,4.0,330.0,388.0,323.82500000000005,1.7737123658278622,327.60034643723833,581.0687855252213,Medium,-321.2399999999998
16225,45.0,15.0,2821.9100000000003,4,5,4,454,13,Champions,1,1,12.0,626.0,671.0,223.8175,3.0343715403136446,224.98733089813857,682.6951538084404,Medium,-136.10000000000036
16226,203.0,5.0,672.1700000000001,2,4,3,243,9,Can't Lose Them,0,1,4.0,210.0,414.0,85.83,1.3998452038721347,88.9871381702701,124.56821857395957,Low,-328.8500000000001
16227,225.0,3.0,948.82,2,3,3,233,8,At Risk,0,0,2.0,310.0,536.0,353.51,0.7073697242454992,361.23497665876846,255.52668582694236,Low,-241.80000000000007
16228,385.0,3.0,886.1600000000001,2,3,3,233,8,At Risk,0,0,1.0,15.0,401.0,437.37,0.29119106578471615,453.7790199685114,132.13639645537484,Low,-448.7900000000001
16229,87.0,6.0,2835.36,3,4,4,344,11,Loyal Customers,3,1,5.0,477.0,565.0,489.5,1.5532614156141382,492.8628118252664,765.544788799278,Medium,-387.8600000000001
16230,190.0,2.0,542.03,2,2,2,222,6,Hibernating/Lost,0,3,1.0,31.0,221.0,266.1,0.7443595350976714,280.7155015192522,208.95326020558022,Low,-275.92999999999995
16231,379.0,4.0,1078.22,2,4,3,243,9,Can't Lose Them,0,1,3.0,218.0,598.0,262.2233333333333,0.6436083645657548,267.0479532943936,171.87429648043673,Low,-291.5500000000002
16232,44.0,7.0,2692.02,4,4,4,444,12,Champions,3,1,5.0,507.0,551.0,406.84399999999994,1.606788044782096,410.0351373283527,658.839556599782,Medium,-657.8000000000002
16233,71.0,9.0,1818.71,3,5,4,354,12,Loyal Customers,1,1,8.0,666.0,738.0,208.92624999999998,1.8910148091612478,210.66243960786497,398.36579303250966,Medium,-147.30000000000018
16234,476.0,3.0,312.78,1,3,2,132,6,At Risk,0,0,2.0,85.0,562.0,120.91,0.2963372855301487,127.42344083972742,37.76031657135631,Low,-70.95999999999998
16235,41.0,9.0,1990.6100000000001,4,5,4,454,13,Champions,1,1,7.0,430.0,471.0,189.15,2.5021707649462948,191.105262703121,478.17800136313093,Medium,-666.5600000000002
16236,78.0,1.0,432.2,3,1,2,312,6,Potential Loyalists,0,2,0.0,0.0,79.0,0.0,0.8078670417070272,470.98914615257866,380.49660817840237,Medium,-432.2
16237,437.0,1.0,136.65,1,1,1,111,3,Hibernating/Lost,0,2,0.0,0.0,438.0,0.0,0.2364654855642906,470.98914615257866,111.37267714048014,Low,-136.65
16238,423.0,1.0,63.66,1,1,1,111,3,Hibernating/Lost,0,2,0.0,0.0,423.0,0.0,0.24364794153851851,470.98914615257866,114.75553594706024,Low,-63.66
16239,57.0,6.0,1450.9,4,4,4,444,12,Champions,3,1,5.0,407.0,464.0,245.92,1.8584693676436126,248.77690210354945,462.34425193672047,Medium,-221.30000000000018
16240,24.0,2.0,3693.81,4,2,5,425,11,New Customers,3,-1,1.0,53.0,78.0,1894.01,1.8761836338139553,1925.6727755236523,3612.915745518571,High,-1799.8
16241,10.0,16.0,4329.31,5,5,5,555,15,Champions,1,1,14.0,401.0,411.0,281.8392857142857,5.448529638807018,282.8848559504617,1541.3065220157443,High,-383.5600000000004
16242,8.0,14.0,7433.3,5,5,5,555,15,Champions,1,1,12.0,626.0,635.0,578.91,3.2097560705981563,580.3867583949441,1862.899921052957,High,-486.3800000000001
16243,34.0,2.0,409.1,4,2,2,422,8,New Customers,3,3,1.0,21.0,55.0,194.15,2.1808824421582633,208.01204993739785,453.6498274658188,Medium,-214.95000000000002
16244,212.0,2.0,2579.38,2,2,4,224,8,Hibernating/Lost,0,3,1.0,161.0,373.0,466.12,0.5707456573720251,482.83008644493,275.5731750870033,Low,-2113.26
16245,24.0,3.0,1352.3600000000001,4,3,4,434,11,Loyal Customers,3,0,2.0,233.0,257.0,479.84000000000003,1.4093152085901397,488.222987492902,688.0600814570604,Medium,-392.68000000000006
16246,460.0,2.0,827.25,1,2,3,123,6,Hibernating/Lost,0,3,1.0,210.0,670.0,660.35,0.3074745875292726,679.0940392002263,208.80415959667727,Low,-166.89999999999998
16247,170.0,1.0,114.56,3,1,1,311,5,Potential Loyalists,0,2,0.0,0.0,171.0,0.0,0.49824669090635954,470.98914615257866,234.66878352333404,Low,-114.56
16248,62.0,1.0,152.94,3,1,1,311,5,Potential Loyalists,3,2,0.0,0.0,62.0,0.0,0.9131534603832515,470.98914615257866,430.0853686121802,Medium,-152.94
16249,53.0,5.0,1800.07,4,4,4,444,12,Champions,3,1,4.0,187.0,240.0,246.31,2.5975958548374285,249.88399593065606,649.097632019685,Medium,-814.8299999999999
16250,261.0,3.0,791.38,2,3,3,233,8,At Risk,0,0,2.0,125.0,387.0,307.78999999999996,0.7807199333820148,315.27683642812974,246.14291073306185,Low,-175.80000000000007
16251,512.0,1.0,128.31,1,1,1,111,3,Hibernating/Lost,0,2,0.0,0.0,513.0,0.0,0.20609508177030963,470.98914615257866,97.06854658924401,Low,-128.31
16252,383.0,1.0,-295.09,2,1,1,211,4,Hibernating/Lost,0,2,0.0,0.0,383.0,0.0,0.26512627835299996,470.98914615257866,124.87159946409035,Low,295.09
16253,67.0,7.0,7276.91,3,4,5,345,12,Loyal Customers,1,-1,6.0,665.0,732.0,1155.17,1.464028526491587,1159.1231250649118,1696.9893208111066,High,-345.8899999999994
16254,378.0,3.0,985.14,2,3,3,233,8,At Risk,0,0,2.0,254.0,633.0,403.85,0.5354661601772518,411.83718092846124,220.52487388998725,Low,-177.43999999999994
16255,17.0,15.0,4834.39,5,5,5,555,15,Champions,1,1,14.0,668.0,685.0,329.2264285714286,3.4698695035036047,330.30710263004886,1146.1225422066418,High,-225.22000000000025
16256,267.0,3.0,1609.57,2,3,4,234,9,At Risk,0,0,2.0,331.0,598.0,529.7650000000001,0.6333732059470368,538.4080301660131,341.0132201738766,Medium,-550.0399999999997
16257,177.0,1.0,46.95,3,1,1,311,5,Potential Loyalists,0,2,0.0,0.0,177.0,0.0,0.4861243712998185,470.98914615257866,228.95930256246064,Low,-46.95
16258,45.0,15.0,11833.52,4,5,5,455,14,Champions,1,-1,12.0,594.0,640.0,932.2975,3.1644205806721226,934.0797121591812,2955.8210651448053,High,-645.9500000000007
16259,410.0,3.0,361.94,2,3,2,232,7,At Risk,0,0,1.0,195.0,606.0,202.12,0.3412291238567831,216.06551080059978,73.72784494615698,Low,-159.82
16260,51.0,1.0,1035.45,4,1,3,413,8,New Customers,3,2,0.0,0.0,51.0,0.0,0.9974107826435347,470.98914615257866,469.7696528806536,Medium,-1035.45
16261,17.0,6.0,1059.45,5,4,3,543,12,Champions,3,1,5.0,425.0,443.0,181.552,1.9532960468093146,184.2752113367891,359.94404182910114,Medium,-151.69000000000005
16262,378.0,1.0,677.78,2,1,3,213,6,Hibernating/Lost,0,2,0.0,0.0,379.0,0.0,0.2674845965921218,470.98914615257866,125.98234175789041,Low,-677.78
16263,423.0,1.0,351.01,1,1,2,112,4,Hibernating/Lost,0,2,0.0,0.0,424.0,0.0,0.2431555443037791,470.98914615257866,114.52362219390243,Low,-351.01
16264,438.0,2.0,837.53,1,2,3,123,6,Hibernating/Lost,0,3,1.0,8.0,447.0,280.05,0.2212395248736844,294.8115842095492,65.22397481777887,Low,-557.48
16265,9.0,12.0,6893.62,5,5,5,555,15,Champions,1,1,10.0,398.0,408.0,674.757,3.979379694883101,676.6288491563938,2692.563103305074,High,-146.05000000000018
16266,74.0,14.0,1757.95,3,5,4,354,12,Loyal Customers,1,1,11.0,600.0,674.0,145.98,2.758250950872047,147.18287779208515,405.9673126221032,Medium,-152.17000000000007
16267,591.0,1.0,186.66,1,1,1,111,3,Hibernating/Lost,0,2,0.0,0.0,592.0,0.0,0.1815424447981936,470.98914615257866,85.50452106595284,Low,-186.66
16268,71.0,2.0,667.65,3,2,3,323,8,Potential Loyalists,3,3,0.0,0.0,72.0,0.0,0.8481097616671857,470.98914615257866,399.45049249129477,Medium,-667.65
16269,438.0,1.0,714.59,1,1,3,113,5,Hibernating/Lost,0,2,0.0,0.0,438.0,0.0,0.2364654855642906,470.98914615257866,111.37267714048014,Low,-714.59
16270,353.0,1.0,1141.24,2,1,3,213,6,Hibernating/Lost,0,2,0.0,0.0,354.0,0.0,0.2832324711859836,470.98914615257866,133.39941976657124,Low,-1141.24
16271,3.0,10.0,3457.07,5,5,5,555,15,Champions,1,1,9.0,640.0,643.0,309.3311111111111,2.419081377302692,310.98991622066575,752.3099148583369,Medium,-673.0900000000001
16272,117.0,1.0,411.7,3,1,2,312,6,Potential Loyalists,0,2,0.0,0.0,117.0,0.0,0.6426528665207559,470.98914615257866,302.68252487511796,Medium,-411.7
16273,648.0,2.0,336.03999999999996,1,2,2,122,5,Hibernating/Lost,0,3,1.0,8.0,657.0,76.5,0.10628887034939943,89.13003355650599,9.473530580925086,Low,-259.53999999999996
16274,373.0,1.0,715.9,2,1,3,213,6,Hibernating/Lost,0,2,0.0,0.0,374.0,0.0,0.2704922597173545,470.98914615257866,127.39891844515836,Low,-715.9
16275,197.0,3.0,2151.11,2,3,4,234,9,At Risk,0,0,2.0,445.0,642.0,727.635,0.6235275231878439,737.3086689988318,459.7322482057674,Medium,-695.8400000000001
16276,177.0,3.0,2629.3900000000003,3,3,4,334,10,Loyal Customers,0,0,2.0,431.0,608.0,786.0150000000001,0.6575253328798314,795.9927509468783,523.3853985362789,Medium,-1057.3600000000001
16277,734.0,1.0,188.69,1,1,1,111,3,Hibernating/Lost,0,2,0.0,0.0,734.0,0.0,0.14953132253563808,470.98914615257866,70.42762992412602,Low,-188.69
16278,100.0,3.0,1056.59,3,3,3,333,9,Loyal Customers,3,0,2.0,399.0,500.0,428.77,0.7962792851592972,436.8869808966921,347.8840528438215,Medium,-199.04999999999995
16279,21.0,9.0,5692.18,4,5,5,455,14,Champions,1,1,8.0,575.0,597.0,652.5325,2.3097896972075067,654.8440910513818,1512.552134787696,High,-471.9200000000001
16280,725.0,1.0,238.05,1,1,1,111,3,Hibernating/Lost,0,2,0.0,0.0,726.0,0.0,0.15103147456557572,470.98914615257866,71.1341852478054,Low,-238.05
16281,72.0,3.0,3416.52,3,3,5,335,11,Loyal Customers,3,0,2.0,610.0,683.0,1321.25,0.6102041675767199,1334.0156115406205,814.0218857744933,Medium,-774.02
16282,340.0,3.0,1307.58,2,3,4,234,9,At Risk,0,0,2.0,379.0,719.0,518.79,0.5267730832379677,527.3758650515935,277.80741045851823,Low,-270.0
16283,6.0,8.0,4311.37,5,5,5,555,15,Champions,1,1,7.0,644.0,650.0,504.3857142857143,1.8950340565997223,506.8083688379709,960.4191191177083,High,-780.6699999999996
16284,31.0,3.0,1029.77,4,3,3,433,10,Loyal Customers,3,0,2.0,362.0,394.0,411.985,0.9934467148415986,420.01455343012884,417.2620782908226,Medium,-205.79999999999995
16285,646.0,1.0,176.9,1,1,1,111,3,Hibernating/Lost,0,2,0.0,0.0,647.0,0.0,0.16764089043935285,470.98914615257866,78.95703984828879,Low,-176.9
16286,477.0,2.0,263.65,1,2,1,121,4,Hibernating/Lost,0,3,1.0,146.0,624.0,56.0,0.2989676750912582,68.41536006897277,20.45398114035209,Low,-207.64999999999998
16287,170.0,5.0,1006.98,3,4,3,343,10,Loyal Customers,0,1,4.0,520.0,690.0,195.09000000000003,1.0436916289468796,198.53094848245712,207.20508901802472,Low,-226.6199999999999
16288,470.0,1.0,129.85,1,1,1,111,3,Hibernating/Lost,0,2,0.0,0.0,471.0,0.0,0.2220656073608564,470.98914615257866,104.59049080074354,Low,-129.85
16289,462.0,1.0,98.81,1,1,1,111,3,Hibernating/Lost,0,2,0.0,0.0,463.0,0.0,0.22539281731179991,470.98914615257866,106.15757057460878,Low,-98.81
16290,465.0,4.0,2069.3,1,4,4,144,9,Can't Lose Them,0,1,3.0,101.0,566.0,370.6233333333334,0.24771227693314896,375.8237138535672,93.09614788413937,Low,-957.4300000000001
16291,682.0,1.0,117.72,1,1,1,111,3,Hibernating/Lost,0,2,0.0,0.0,683.0,0.0,0.15964028714830325,470.98914615257866,75.18884253553182,Low,-117.72
16292,122.0,5.0,1171.46,3,4,3,343,10,Loyal Customers,3,1,4.0,483.0,605.0,235.375,1.1898387346004005,238.92059152132268,284.27697428570974,Medium,-229.96000000000004
16293,22.0,15.0,4632.2,4,5,5,455,14,Champions,1,1,9.0,707.0,729.0,481.3677777777778,2.1539933682100303,483.2249086808223,1040.8632486523886,High,-299.8899999999994
16294,477.0,1.0,126.05000000000001,1,1,1,111,3,Hibernating/Lost,0,2,0.0,0.0,477.0,0.0,0.2196340368122636,470.98914615257866,103.44524746425206,Low,-126.05000000000001
16295,10.0,4.0,1328.55,5,4,4,544,13,Champions,3,1,3.0,55.0,65.0,324.21666666666664,4.772349034762108,329.2561819192248,1571.3254219716694,High,-355.9000000000001
16296,626.0,4.0,1245.97,1,4,4,144,9,Can't Lose Them,0,1,3.0,95.0,722.0,312.5566666666667,0.09030459099465907,317.5557633941329,28.6767433313039,Low,-308.29999999999995
16297,269.0,1.0,275.4,2,1,2,212,5,Hibernating/Lost,0,2,0.0,0.0,269.0,0.0,0.35416501827836694,470.98914615257866,166.80787955604046,Low,-275.4
16298,23.0,7.0,1080.0,4,4,3,443,11,Champions,3,1,6.0,420.0,443.0,150.35,2.300741170690851,152.56457135110614,351.01159049629183,Medium,-177.9000000000001
16299,477.0,1.0,178.65,1,1,1,111,3,Hibernating/Lost,0,2,0.0,0.0,478.0,0.0,0.2192339490989718,470.98914615257866,103.25681049378261,Low,-178.65
16300,430.0,3.0,1392.43,1,3,4,134,8,At Risk,0,0,2.0,245.0,676.0,486.08500000000004,0.47716637685821905,494.50051561495667,235.95901939051004,Low,-420.26
16301,737.0,1.0,107.33,1,1,1,111,3,Hibernating/Lost,0,2,0.0,0.0,737.0,0.0,0.14897642507131617,470.98914615257866,70.16627924120282,Low,-107.33
16302,127.0,1.0,212.82,3,1,1,311,5,Potential Loyalists,0,2,0.0,0.0,127.0,0.0,0.6098844643038516,470.98914615257866,287.24896309419387,Medium,-212.82
16303,26.0,7.0,7823.72,4,4,5,445,13,Champions,1,-1,6.0,606.0,632.0,1218.3183333333334,1.6826767441557948,1222.3807185338292,2056.8716075813245,High,-513.8100000000004
16304,695.0,1.0,381.66,1,1,2,112,4,Hibernating/Lost,0,2,0.0,0.0,695.0,0.0,0.15714058001741915,470.98914615257866,74.0115076083252,Low,-381.66
16305,139.0,1.0,361.21999999999997,3,1,2,312,6,Potential Loyalists,0,2,0.0,0.0,139.0,0.0,0.5747386330053562,470.98914615257866,270.695658020093,Low,-361.21999999999997
16306,214.0,7.0,1162.82,2,4,3,243,9,Can't Lose Them,0,1,5.0,221.0,435.0,139.054,1.5014567476068386,141.68894402685595,212.73982107041053,Low,-467.54999999999995
16307,429.0,3.0,1194.92,1,3,3,133,7,At Risk,0,0,2.0,148.0,578.0,379.53499999999997,0.44836588751008605,387.39553220343976,173.6949416138374,Low,-435.85000000000014
16308,38.0,7.0,5120.0,4,4,5,445,13,Champions,1,1,6.0,687.0,725.0,693.3333333333334,1.484074621201094,696.4873820940265,1033.6392477525342,High,-960.0
16309,106.0,2.0,686.67,3,2,3,323,8,Potential Loyalists,0,3,1.0,134.0,241.0,372.37,0.8563016961809933,388.09834793486954,332.3292736216701,Medium,-314.29999999999995
16310,414.0,2.0,460.08,1,2,2,122,5,Hibernating/Lost,0,3,1.0,228.0,643.0,269.7,0.3315538922160423,284.3532002780385,94.27841031627148,Low,-190.38
16311,18.0,2.0,616.26,5,2,3,523,10,New Customers,3,3,1.0,32.0,50.0,214.71,2.3279113217130187,228.7873517375775,532.5966663746453,Medium,-401.54999999999995
16312,432.0,1.0,171.15,1,1,1,111,3,Hibernating/Lost,0,2,0.0,0.0,433.0,0.0,0.23881205236516487,470.98914615257866,112.4778846344139,Low,-171.15
16313,3.0,2.0,274.15000000000003,5,2,2,522,9,New Customers,3,3,1.0,46.0,50.0,106.53,2.3643260424675514,119.47450403604856,282.4766813033242,Medium,-167.62000000000003
16314,390.0,3.0,1491.4,2,3,4,234,9,At Risk,0,0,2.0,83.0,473.0,545.1,0.4257807313725758,553.8229050662064,235.80712156997402,Low,-401.20000000000005
16315,331.0,2.0,402.71,2,2,2,222,6,Hibernating/Lost,0,3,1.0,206.0,537.0,226.37,0.4005293673136448,240.56945382853542,96.35513113693237,Low,-176.33999999999997
16316,64.0,13.0,5533.31,3,5,5,355,13,Loyal Customers,1,1,10.0,429.0,494.0,473.346,3.3120363794479974,475.0089032757624,1573.24676821102,High,-799.8500000000004
16317,120.0,5.0,2179.76,3,4,4,344,11,Loyal Customers,3,1,4.0,465.0,585.0,454.5025,1.225383652627359,458.6172901684374,561.9821301846612,Medium,-361.7500000000002
16318,35.0,1.0,328.15,4,1,2,412,7,New Customers,3,2,0.0,0.0,36.0,0.0,1.141308103438488,470.98914615257866,537.5437291355124,Medium,-328.15
16319,218.0,1.0,404.40000000000003,2,1,2,212,5,Hibernating/Lost,0,2,0.0,0.0,218.0,0.0,0.41686590155552616,470.98914615257866,196.33931503376218,Low,-404.40000000000003
16320,172.0,6.0,4428.849999999999,3,4,5,345,12,Loyal Customers,0,1,4.0,509.0,682.0,903.975,1.0524708998113737,909.2573256850444,956.9668757238219,High,-812.9499999999994
16321,72.0,7.0,265.5,3,4,1,341,8,Loyal Customers,3,1,3.0,554.0,627.0,76.89999999999999,0.9145385074828731,81.08221037285708,74.15280365780505,Low,-34.80000000000001
16322,1.0,2.0,326.75,5,2,2,522,9,New Customers,3,-1,1.0,35.0,37.0,113.67,2.6621696660681406,126.68927324097476,337.2683402383412,Medium,-213.07999999999998
16323,196.0,2.0,353.66,2,2,2,222,6,Hibernating/Lost,0,3,1.0,381.0,578.0,207.50000000000003,0.4158204576603701,221.50184950123048,92.10500043222008,Low,-146.16
16324,128.0,3.0,428.68,3,3,2,332,8,Loyal Customers,0,0,1.0,49.0,178.0,262.12,0.9925931451732237,276.6938234470384,274.64439246530054,Low,-166.56
16325,47.0,12.0,3463.84,4,5,5,455,14,Champions,1,1,11.0,689.0,736.0,312.13363636363636,2.5697275757886127,313.4931989445635,805.5921181500305,Medium,-30.370000000000346
16326,6.0,24.0,4706.99,5,5,5,555,15,Champions,1,1,22.0,675.0,681.0,206.72363636363636,5.409001209493471,207.35341928704676,1121.5748957162427,High,-159.0699999999997
16327,14.0,16.0,10705.52,5,5,5,555,15,Champions,1,1,15.0,711.0,726.0,668.8486666666666,3.5180921991802374,670.0920498934199,2357.445613462735,High,-672.7900000000009
16328,563.0,1.0,310.83,1,1,2,112,4,Hibernating/Lost,0,2,0.0,0.0,564.0,0.0,0.18954519214885432,470.98914615257866,89.27372820751535,Low,-310.83
16329,428.0,4.0,1703.07,1,4,4,144,9,Can't Lose Them,0,1,3.0,311.0,739.0,473.53666666666663,0.5903876448028929,479.09378862306045,282.8510535048636,Medium,-282.46000000000004
16330,18.0,7.0,624.63,5,4,3,543,12,Champions,3,1,4.0,645.0,663.0,145.725,1.123185729287396,149.03771952345002,167.39703969427657,Low,-41.73000000000002
16331,432.0,6.0,2037.7,1,4,4,144,9,Can't Lose Them,0,1,3.0,210.0,643.0,520.1999999999999,0.5268573693329383,525.9188769400306,277.0842359871578,Low,-477.10000000000014
16332,28.0,11.0,1989.97,4,5,4,454,13,Champions,1,1,10.0,561.0,590.0,190.26600000000002,2.873906241566517,191.63523311927068,550.7416925655265,Medium,-87.30999999999972
16333,8.0,22.0,26626.8,5,5,5,555,15,Champions,2,-1,12.0,302.0,310.0,2136.44,5.952991158230462,2139.263023900691,12735.013866410178,High,-989.5200000000004
16334,492.0,1.0,277.48,1,1,2,112,4,Hibernating/Lost,0,2,0.0,0.0,493.0,0.0,0.21340309365648688,470.98914615257866,100.51054086758754,Low,-277.48
16335,552.0,7.0,2747.0,1,4,4,144,9,Can't Lose Them,0,1,6.0,184.0,736.0,413.92,0.04822892217363185,416.59060387668063,20.091715812634725,Low,-263.48
16336,421.0,4.0,3517.69,1,4,5,145,10,Can't Lose Them,0,1,2.0,211.0,632.0,864.895,0.48704987201856637,875.283610557394,426.3067705019274,Medium,-1787.9
16337,37.0,1.0,151.05,4,1,1,411,6,New Customers,3,2,0.0,0.0,37.0,0.0,1.130421845773504,470.98914615257866,532.4164199330846,Medium,-151.05
16338,157.0,1.0,214.79999999999998,3,1,1,311,5,Potential Loyalists,0,2,0.0,0.0,158.0,0.0,0.5267142202676383,470.98914615257866,248.0766808702762,Low,-214.79999999999998
16339,284.0,1.0,109.95,2,1,1,211,4,Hibernating/Lost,0,2,0.0,0.0,285.0,0.0,0.3382144121305506,470.98914615257866,159.29531718586438,Low,-109.95
16340,107.0,3.0,1526.06,3,3,4,334,10,Loyal Customers,3,0,2.0,444.0,552.0,576.2650000000001,0.7302079449094971,585.150233156492,427.28134921651514,Medium,-373.52999999999975
16341,25.0,7.0,3832.29,4,4,5,445,13,Champions,1,1,5.0,585.0,610.0,617.702,1.4732778646977014,621.3310842538056,915.3933330797543,High,-743.7799999999997
16342,75.0,4.0,322.41,3,4,2,342,9,Loyal Customers,3,1,3.0,104.0,180.0,61.82,2.420483223933142,65.94993667145177,159.63071533270212,Low,-136.95000000000002
16343,16.0,3.0,687.0699999999999,5,3,3,533,11,Loyal Customers,3,0,1.0,391.0,408.0,370.48,0.5890004720560266,386.1885560865067,227.46524183758774,Low,-316.5899999999999
16344,158.0,4.0,842.42,3,4,3,343,10,Loyal Customers,0,1,3.0,510.0,669.0,211.10666666666665,0.8445561451669117,215.75409449442668,182.2164463501906,Low,-209.10000000000002
16345,44.0,2.0,1198.74,4,2,3,423,9,New Customers,3,3,1.0,439.0,484.0,575.41,0.505591410841081,593.2645579304179,299.9494648460502,Medium,-623.33
16346,385.0,1.0,224.51,2,1,1,211,4,Hibernating/Lost,0,2,0.0,0.0,386.0,0.0,0.26338469505257933,470.98914615257866,124.05133263247164,Low,-224.51
16347,11.0,11.0,3482.01,5,5,5,555,15,Champions,1,1,9.0,626.0,638.0,365.2966666666667,2.433422022542407,367.0199894946166,893.1145251494828,High,-194.34000000000015
16348,32.0,8.0,1798.22,4,5,4,454,13,Champions,3,1,6.0,398.0,431.0,244.9083333333333,2.349694746444858,247.2865108443367,581.0478153976173,Medium,-328.7700000000002
16349,291.0,1.0,53.5,2,1,1,211,4,Hibernating/Lost,0,2,0.0,0.0,291.0,0.0,0.332598034761011,470.98914615257866,156.65006440411426,Low,-53.5
16350,21.0,9.0,2206.49,4,5,4,454,13,Champions,1,1,7.0,407.0,429.0,277.41285714285715,2.7247016122075047,279.4989849039031,761.5513347780258,Medium,-264.5999999999997
16351,333.0,13.0,3279.13,2,5,5,255,12,Can't Lose Them,1,1,12.0,403.0,736.0,259.45250000000004,0.42596730207601446,260.65313234099835,111.02971156095742,Low,-165.69999999999982
16352,18.0,2.0,494.44,5,2,2,522,9,New Customers,3,3,1.0,20.0,38.0,289.52,2.5847850842884412,304.38075288891207,786.7588300117458,Medium,-204.92000000000002
16353,4.0,38.0,9985.93,5,5,5,555,15,Champions,1,-1,31.0,729.0,733.0,305.985806451613,7.0760164010741455,306.4658826395473,2168.557611927101,High,-500.369999999999
16354,63.0,5.0,1129.51,3,4,3,343,10,Loyal Customers,3,1,4.0,528.0,592.0,229.67000000000002,1.2330584470659591,233.20077239418535,287.55018226295635,Medium,-210.82999999999993
16355,375.0,1.0,349.2,2,1,2,212,5,Hibernating/Lost,0,2,0.0,0.0,376.0,0.0,0.2692811004844868,470.98914615257866,126.82847559221516,Low,-349.2
16356,198.0,6.0,414.42,2,4,2,242,8,Can't Lose Them,0,1,4.0,354.0,552.0,79.3925,1.2174887564274839,82.53291632435482,100.48289766007233,Low,-96.85000000000002
16357,33.0,4.0,868.37,4,4,3,443,11,Champions,3,1,3.0,348.0,382.0,219.62666666666667,1.4156678040261788,224.30362844243552,317.53942511220663,Medium,-209.49
16358,1.0,5.0,2917.1,5,4,5,545,14,Champions,3,7,4.0,393.0,395.0,506.87500000000006,1.7738369781965366,511.12583131409934,906.6539000963948,High,-889.5999999999997
16359,7.0,16.0,2379.4,5,5,4,554,14,Champions,1,1,15.0,654.0,662.0,167.95466666666667,3.828726495660171,168.85174785847246,646.4871608642641,Medium,139.92000000000007
16360,5.0,6.0,3411.69,5,4,5,545,14,Champions,1,1,5.0,84.0,89.0,660.304,6.3366676619573585,664.0215675692033,4207.683994058004,High,-110.17000000000007
16361,10.0,4.0,896.66,5,4,3,543,12,Champions,3,1,3.0,62.0,72.0,187.24,4.535711709880837,191.80469579812652,869.9708047416942,High,-334.93999999999994
16362,32.0,6.0,841.74,4,4,3,443,11,Champions,3,1,3.0,405.0,438.0,244.92333333333332,1.2611026032718269,249.68798412766208,314.88216678908924,Medium,-106.97000000000003
16363,53.0,1.0,109.36000000000001,4,1,1,411,6,New Customers,3,2,0.0,0.0,54.0,0.0,0.9729137947226096,470.98914615257866,458.2318374564671,Medium,-109.36000000000001
16364,12.0,2.0,707.04,5,2,3,523,10,New Customers,3,3,1.0,126.0,138.0,359.49,1.3520958994032495,375.083470153434,507.14882192839923,Medium,-347.54999999999995
16365,18.0,15.0,3296.7999999999997,5,5,5,555,15,Champions,1,1,13.0,711.0,729.0,239.10999999999999,3.054083605246776,240.2019727301496,733.5969068630831,Medium,-188.3699999999999
16366,19.0,4.0,1548.1299999999999,5,4,4,544,13,Champions,3,1,3.0,705.0,724.0,434.82666666666665,0.8103893270788312,440.2496032794663,356.7735797483691,Medium,-243.64999999999986
16367,37.0,3.0,1362.4,4,3,4,434,11,Loyal Customers,3,0,2.0,346.0,384.0,402.245,1.0135672854264206,410.2238210187898,415.7894446872686,Medium,-557.9100000000001
16368,2.0,3.0,640.21,5,3,3,533,11,Loyal Customers,3,0,2.0,433.0,436.0,248.71500000000003,0.9168520153893622,255.8941344568923,234.61705290311815,Low,-142.77999999999997
16369,18.0,7.0,2664.81,5,4,4,544,13,Champions,1,1,6.0,593.0,612.0,407.0933333333333,1.7336644627378488,409.75212561521465,710.3726987103927,Medium,-222.25
16370,82.0,4.0,1320.56,3,4,4,344,11,Loyal Customers,3,1,3.0,143.0,226.0,348.34,2.0646224772658806,353.4631369981528,729.7679375312955,Medium,-275.53999999999996
16371,449.0,1.0,157.2,1,1,1,111,3,Hibernating/Lost,0,2,0.0,0.0,449.0,0.0,0.23146213983750413,470.98914615257866,109.01615560871483,Low,-157.2
16372,33.0,5.0,1298.61,4,4,4,444,12,Champions,3,1,3.0,574.0,608.0,405.05333333333334,0.9464866258460625,410.37306289464044,388.4126156372622,Medium,-83.44999999999982
16373,382.0,2.0,309.49,2,2,2,222,6,Hibernating/Lost,0,3,1.0,29.0,412.0,114.75,0.3208098825752047,127.78058286861065,40.993273785470194,Low,-194.74
16374,66.0,5.0,1771.45,3,4,4,344,11,Loyal Customers,3,1,4.0,522.0,589.0,322.915,1.2377536466245431,326.6879826500876,404.3592418335614,Medium,-479.78999999999996
16375,470.0,2.0,104.0,1,2,1,121,4,Hibernating/Lost,0,3,0.0,0.0,471.0,0.0,0.2220656073608564,470.98914615257866,104.59049080074354,Low,-104.0
16376,9.0,2.0,977.52,5,2,3,523,10,New Customers,3,3,1.0,9.0,18.0,112.75999999999999,3.22106025303223,125.76974383250376,405.1119228929233,Medium,-864.76
16377,267.0,2.0,1308.48,2,2,4,224,8,Hibernating/Lost,0,3,1.0,350.0,618.0,676.2,0.3820191125932692,695.1100184576607,265.5453124058865,Low,-632.28
16378,247.0,3.0,362.95,2,3,2,232,7,At Risk,0,0,2.0,63.0,311.0,109.375,0.7826787271319988,115.82835887208925,90.65639248779517,Low,-144.2
16379,4.0,4.0,2131.9,5,4,4,544,13,Champions,3,1,3.0,74.0,79.0,559.5066666666667,4.337764346216019,565.3617972510323,2452.4062468281377,High,-453.3800000000001
16380,61.0,1.0,1780.59,3,1,4,314,8,Potential Loyalists,3,2,0.0,0.0,62.0,0.0,0.9131534603832515,470.98914615257866,430.0853686121802,Medium,-1780.59
16381,396.0,2.0,258.7,2,2,1,221,5,Hibernating/Lost,0,3,1.0,23.0,419.0,43.5,0.2954045317353587,55.78446160096472,16.47898275734208,Low,-215.2
16382,408.0,2.0,353.1,2,2,2,222,6,Hibernating/Lost,0,3,1.0,142.0,551.0,157.33,0.3495787894975995,170.80647541003333,59.71032091219095,Low,-195.77
16383,75.0,7.0,2910.84,3,4,5,345,12,Loyal Customers,3,1,6.0,599.0,674.0,419.075,1.5735604656926745,421.75452313027296,663.6562438248642,Medium,-396.3900000000003
16384,90.0,4.0,1358.95,3,4,4,344,11,Loyal Customers,3,1,3.0,501.0,591.0,346.40000000000003,0.9597087022238545,351.5164121320569,337.35335969764196,Medium,-319.75
16385,60.0,5.0,1030.61,3,4,3,343,10,Loyal Customers,3,1,4.0,571.0,632.0,230.08750000000003,1.164428801629408,233.6193568789496,272.03310776798827,Low,-110.25999999999976
16386,29.0,3.0,1102.59,4,3,3,433,10,Loyal Customers,3,0,2.0,359.0,388.0,158.60000000000002,1.0071080013510247,165.30975547867698,166.48477744395697,Low,-785.3899999999999
16387,323.0,5.0,918.55,2,4,3,243,9,Can't Lose Them,0,1,4.0,316.0,639.0,194.59,0.9006978959977647,198.02964969830833,178.3648888284407,Low,-140.18999999999994
16388,654.0,1.0,186.05,1,1,1,111,3,Hibernating/Lost,0,2,0.0,0.0,654.0,0.0,0.1660229701408657,470.98914615257866,78.1950169483614,Low,-186.05
16389,53.0,4.0,1362.27,4,4,4,444,12,Champions,3,1,3.0,230.0,284.0,420.8066666666667,1.787050314654606,426.181003989433,761.6068972791321,Medium,-99.84999999999991
16390,537.0,3.0,467.5,1,3,2,132,6,At Risk,0,0,2.0,143.0,680.0,136.85000000000002,0.3152688254807023,143.44646698313036,45.22419916512785,Low,-193.79999999999995
16391,401.0,4.0,1103.61,2,4,3,243,9,Can't Lose Them,0,1,3.0,161.0,562.0,312.71,0.5226347158649486,317.70962824609234,166.0460812859549,Low,-165.48000000000002
16392,270.0,3.0,763.05,2,3,3,233,8,At Risk,0,0,2.0,292.0,562.0,285.38,0.6587617945726486,292.7501102127183,192.85258796507097,Low,-192.28999999999996
16393,2.0,23.0,5456.5,5,5,5,555,15,Champions,1,1,22.0,736.0,739.0,236.10227272727272,5.023086262169427,236.7459013182541,1189.195084536641,High,-262.25
16394,57.0,5.0,1412.06,4,4,4,444,12,Champions,3,1,4.0,233.0,290.0,310.7325,2.2428409627777683,314.47383777430304,705.3148050821376,Medium,-169.12999999999988
16395,61.0,14.0,3458.95,3,5,5,355,13,Loyal Customers,1,1,11.0,673.0,734.0,299.5354545454545,2.5675898292954265,300.88313689612505,772.5444821009942,Medium,-164.0600000000004
16396,476.0,1.0,102.69999999999999,1,1,1,111,3,Hibernating/Lost,0,2,0.0,0.0,477.0,0.0,0.2196340368122636,470.98914615257866,103.44524746425206,Low,-102.69999999999999
16397,628.0,1.0,127.88,1,1,1,111,3,Hibernating/Lost,0,2,0.0,0.0,629.0,0.0,0.17194990015269698,470.98914615257866,80.98653665393991,Low,-127.88
16398,154.0,2.0,1631.15,3,2,4,324,9,Potential Loyalists,0,3,1.0,99.0,254.0,535.85,0.779554147369025,553.2902904588661,431.3197406262216,Medium,-1095.3000000000002
16399,19.0,3.0,641.82,5,3,3,533,11,Loyal Customers,3,0,2.0,370.0,390.0,204.285,1.0048801615279008,211.23271340598944,212.26356316738745,Low,-233.25000000000006
16400,95.0,9.0,3159.44,3,5,5,355,13,Loyal Customers,1,1,8.0,637.0,732.0,324.3825,1.8924504771221529,326.2684478516071,617.4468798066781,Medium,-564.3800000000001
16401,1.0,23.0,6628.99,5,5,5,555,15,Champions,1,9,20.0,554.0,556.0,337.4275,5.917299222498678,338.1880554961248,2001.159917845559,High,119.5600000000004
16402,265.0,2.0,511.4,2,2,2,222,6,Hibernating/Lost,0,3,1.0,105.0,370.0,87.8,0.5255839488414119,100.54836577158528,52.84660713178045,Low,-423.59999999999997
16403,312.0,1.0,161.04999999999998,2,1,1,211,4,Hibernating/Lost,0,2,0.0,0.0,313.0,0.0,0.3135120882833042,470.98914615257866,147.6607907690653,Low,-161.04999999999998
16404,70.0,1.0,430.3,3,1,2,312,6,Potential Loyalists,3,2,0.0,0.0,71.0,0.0,0.854190966359199,470.98914615257866,402.31467389676516,Medium,-430.3
16405,302.0,2.0,167.25,2,2,1,221,5,Hibernating/Lost,0,3,1.0,8.0,311.0,160.4,0.4000779765166264,173.90862407377608,69.577010418227,Low,-6.849999999999994
16406,19.0,3.0,533.98,5,3,2,532,10,Loyal Customers,3,0,2.0,635.0,654.0,169.915,0.6396400139936759,176.68369153969348,113.01395892890385,Low,-194.15000000000003
16407,13.0,14.0,2821.65,5,5,4,554,14,Champions,1,1,11.0,420.0,433.0,229.3890909090909,4.136442363716254,230.67062443259798,954.1557429678799,High,-298.37000000000035
16408,591.0,1.0,231.93,1,1,1,111,3,Hibernating/Lost,0,2,0.0,0.0,592.0,0.0,0.1815424447981936,470.98914615257866,85.50452106595284,Low,-231.93
16409,36.0,12.0,5709.04,4,5,5,455,14,Champions,1,1,11.0,690.0,727.0,471.14363636363635,2.6035308324442807,472.65314720220647,1230.5670417927697,High,-526.46
16410,734.0,1.0,130.32,1,1,1,111,3,Hibernating/Lost,0,2,0.0,0.0,735.0,0.0,0.14934589768648246,470.98914615257866,70.34029683274674,Low,-130.32
16411,19.0,4.0,910.1899999999999,5,4,3,543,12,Champions,3,1,3.0,409.0,429.0,188.5233333333333,1.28733332637047,193.09247771126553,248.5743816291593,Low,-344.62
16412,54.0,5.0,647.23,4,4,3,443,11,Champions,3,1,4.0,620.0,674.0,138.17000000000002,1.1007837663907394,141.4630948949623,155.72027840376717,Low,-94.54999999999995
16413,57.0,2.0,528.98,4,2,2,422,8,New Customers,3,3,1.0,319.0,376.0,262.2,0.6241342389317802,276.7746611972337,172.74454252193678,Low,-266.78000000000003
16414,22.0,5.0,559.71,4,4,2,442,10,Champions,3,1,4.0,673.0,695.0,107.655,1.0757814487061164,110.86883009836346,119.27063065956972,Low,-129.09000000000003
16415,44.0,3.0,719.44,4,3,3,433,10,Loyal Customers,3,0,2.0,632.0,677.0,265.395,0.6177811985466164,272.66101501347697,168.44484865196276,Low,-188.6500000000001
16416,27.0,9.0,2948.47,4,5,5,455,14,Champions,1,1,7.0,628.0,655.0,333.63428571428574,1.8766630100901578,335.80377153493663,630.1905166883819,Medium,-613.0299999999997
16417,493.0,1.0,35.7,1,1,1,111,3,Hibernating/Lost,0,2,0.0,0.0,493.0,0.0,0.21340309365648688,470.98914615257866,100.51054086758754,Low,-35.7
16418,45.0,5.0,1101.94,4,4,3,443,11,Champions,3,1,4.0,378.0,423.0,249.3475,1.6570360707480432,252.92938604435977,419.11311602766085,Medium,-104.55000000000007
16419,113.0,8.0,1474.67,3,5,4,354,12,Loyal Customers,3,1,6.0,556.0,669.0,210.50666666666666,1.565536510532796,212.82532192956148,333.18581184662463,Medium,-211.6300000000001
16420,396.0,1.0,75.0,2,1,1,211,4,Hibernating/Lost,0,2,0.0,0.0,397.0,0.0,0.25719034219649733,470.98914615257866,121.1338596698178,Low,-75.0
16421,376.0,3.0,526.27,2,3,2,232,7,At Risk,0,0,2.0,93.0,470.0,107.83500000000001,0.47047813894272467,114.28033752573792,53.7664005168556,Low,-310.59999999999997
16422,17.0,109.0,61110.54,5,5,5,555,15,Champions,2,-1,85.0,679.0,697.0,731.0649411764706,19.96066763771061,731.2918233329182,14597.073031723765,High,1029.9800000000032
16423,25.0,1.0,346.12,4,1,2,412,7,New Customers,3,2,0.0,0.0,25.0,0.0,1.2767283230446989,470.98914615257866,601.3251827396364,Medium,-346.12
16424,191.0,2.0,392.06,2,2,2,222,6,Hibernating/Lost,0,3,1.0,191.0,383.0,133.56,0.5722916560647366,146.78755888326918,84.00529516300617,Low,-258.5
16425,302.0,1.0,302.7,2,1,2,212,5,Hibernating/Lost,0,2,0.0,0.0,303.0,0.0,0.32190807738873656,470.98914615257866,151.61521050893924,Low,-302.7
16426,2.0,10.0,1908.25,5,5,4,554,14,Champions,1,1,6.0,274.0,277.0,263.31333333333333,3.4153063606411562,265.72335543451464,907.5266659864086,High,-328.3699999999999
16427,263.0,2.0,241.06,2,2,1,221,5,Hibernating/Lost,0,3,1.0,21.0,285.0,131.26,0.5119451383698431,144.46347356515568,73.9573729637018,Low,-109.80000000000001
16428,414.0,3.0,657.33,1,3,3,133,7,At Risk,0,0,1.0,84.0,498.0,238.97,0.33622989510298945,253.30139948428754,85.16750297804242,Low,-418.36
16429,106.0,1.0,284.55,3,1,2,312,6,Potential Loyalists,0,2,0.0,0.0,107.0,0.0,0.6791658584450884,470.98914615257866,319.8797477650353,Medium,-284.55
16430,57.0,7.0,1117.94,4,4,3,443,11,Champions,3,1,6.0,624.0,682.0,168.83166666666668,1.5628697762973682,171.07821525769705,267.37297200915,Low,-104.95000000000005
16431,213.0,3.0,642.81,2,3,3,233,8,At Risk,0,0,1.0,84.0,298.0,298.88,0.6398761063354756,313.83876966175654,200.81792994828098,Low,-343.92999999999995
16432,64.0,1.0,287.4,3,1,2,312,6,Potential Loyalists,3,2,0.0,0.0,65.0,0.0,0.8926079489280784,470.98914615257866,420.4086557146402,Medium,-287.4
16433,28.0,2.0,384.52,4,2,2,422,8,New Customers,3,3,1.0,380.0,409.0,184.26,0.5861386163882399,198.01848306950987,116.06627968566063,Low,-200.26
16434,29.0,12.0,2727.04,4,5,4,454,13,Champions,1,1,11.0,662.0,692.0,204.82363636363635,2.7257320337181734,206.08200438115452,561.7243209145619,Medium,-473.98
16435,512.0,3.0,1011.5699999999999,1,3,3,133,7,At Risk,0,0,1.0,2.0,515.0,599.4,0.1548474345772426,617.505778270219,95.61918560176701,Low,-412.16999999999996
16436,668.0,3.0,242.04,1,3,1,131,5,At Risk,0,0,2.0,65.0,734.0,81.195,0.1107601489817306,87.50157865119253,9.691687887542702,Low,-79.65
16437,381.0,2.0,301.25,2,2,2,222,6,Hibernating/Lost,0,3,1.0,48.0,430.0,183.89999999999998,0.34617471150445506,197.6547131936312,68.42306331730109,Low,-117.35000000000002
16438,6.0,5.0,798.35,5,4,3,543,12,Champions,3,1,4.0,77.0,83.0,148.4875,5.402135586604253,151.80739530587195,820.0841324915502,Medium,-204.39999999999998
16439,722.0,1.0,310.70000000000005,1,1,2,112,4,Hibernating/Lost,0,2,0.0,0.0,723.0,0.0,0.151601826277843,470.98914615257866,71.40281471377283,Low,-310.70000000000005
16440,8.0,6.0,3856.9700000000003,5,4,5,545,14,Champions,1,1,5.0,486.0,494.0,728.134,1.7801898045099527,731.9924488255629,1303.0854943775403,High,-216.30000000000018
16441,67.0,5.0,1023.48,3,4,3,343,10,Loyal Customers,3,1,4.0,560.0,628.0,202.1725,1.1693517296459148,205.6318457599243,240.45595450964944,Low,-214.78999999999996
16442,2.0,5.0,899.47,5,4,3,543,12,Champions,3,1,4.0,725.0,727.0,186.1025,1.035045055952686,189.52010283738312,196.16184544547804,Low,-155.06000000000006
16443,521.0,1.0,162.24,1,1,1,111,3,Hibernating/Lost,0,2,0.0,0.0,521.0,0.0,0.2033102804979677,470.98914615257866,95.75693541577907,Low,-162.24
16444,46.0,17.0,3582.38,4,5,5,455,14,Champions,1,1,15.0,579.0,626.0,220.11933333333334,3.9908964796929203,221.05247950139963,882.1975622695272,High,-280.59000000000015
16445,34.0,4.0,602.73,4,4,3,443,11,Champions,3,1,2.0,378.0,412.0,217.32999999999998,0.9561716059358981,224.3456604599851,214.5129504467737,Low,-168.07000000000005
16446,1.0,2.0,2.8999999999941792,5,2,1,521,8,New Customers,3,-1,0.0,0.0,206.0,0.0,0.4349978680294209,470.98914615257866,204.87927444136906,Low,-2.8999999999941792
16447,136.0,3.0,775.14,3,3,3,333,9,Loyal Customers,0,0,2.0,525.0,661.0,284.155,0.6200167899143856,291.5187295963024,180.7465069242192,Low,-206.83000000000004
16448,198.0,2.0,367.87,2,2,2,222,6,Hibernating/Lost,0,3,1.0,273.0,472.0,188.89000000000001,0.4882840594548664,202.69696786206006,98.97369830687929,Low,-178.98
16449,198.0,2.0,674.69,2,2,3,223,7,Hibernating/Lost,0,3,1.0,83.0,281.0,291.0,0.6806416250365944,305.87625126752425,208.19210872282937,Low,-383.69000000000005
16450,150.0,3.0,1475.73,3,3,4,334,10,Loyal Customers,0,0,2.0,507.0,657.0,548.72,0.620992098228252,557.4617604387986,346.17934829690466,Medium,-378.28999999999996
16451,88.0,3.0,1009.4,3,3,3,333,9,Loyal Customers,3,0,2.0,648.0,736.0,352.75,0.5691975431381598,360.47101807225744,205.17921785924014,Low,-303.9
16452,631.0,2.0,332.17,1,2,2,122,5,Hibernating/Lost,0,3,1.0,63.0,694.0,138.49,0.17735075025088234,151.76918523905158,26.916378867110936,Low,-193.68
16453,531.0,2.0,251.71,1,2,1,121,4,Hibernating/Lost,0,3,1.0,18.0,549.0,102.25,0.17501050524421533,115.1496844006026,20.1524044456614,Low,-149.46
16454,45.0,3.0,-11.6,4,3,1,431,8,Loyal Customers,3,0,2.0,567.0,612.0,3.45,0.6761927402980142,9.35163087711109,6.32350490904927,Low,18.5
16455,64.0,11.0,4306.72,3,5,5,355,13,Loyal Customers,1,1,9.0,556.0,620.0,386.5788888888889,2.4689041822705704,388.32674610064913,958.7415275354145,High,-827.5100000000002
16456,99.0,13.0,6185.41,3,5,5,355,13,Loyal Customers,1,1,11.0,521.0,621.0,555.7845454545454,2.9149229588295844,557.3738736432413,1624.7019009344638,High,-71.78000000000065
16457,218.0,1.0,208.36,2,1,1,211,4,Hibernating/Lost,0,2,0.0,0.0,219.0,0.0,0.41542311607076615,470.98914615257866,195.65977873021373,Low,-208.36
16458,3.0,30.0,5715.34,5,5,5,555,15,Champions,1,1,29.0,560.0,563.0,193.08068965517242,8.408705345271779,193.55352452154995,1627.5345562405494,High,-116.0
16459,730.0,1.0,71.78999999999999,1,1,1,111,3,Hibernating/Lost,0,2,0.0,0.0,730.0,0.0,0.15027765235295168,470.98914615257866,70.77914316753076,Low,-71.78999999999999
16460,28.0,3.0,814.72,4,3,3,433,10,Loyal Customers,3,0,2.0,53.0,82.0,277.94,2.9898039896743174,285.2713577342417,852.9054434936453,High,-258.84000000000003
16461,178.0,3.0,1615.22,3,3,4,334,10,Loyal Customers,0,0,2.0,469.0,647.0,419.28499999999997,0.6238071080726926,427.3525766953008,266.5855749957091,Low,-776.6500000000001
16462,74.0,3.0,102.0,3,3,1,331,7,Loyal Customers,3,0,1.0,210.0,284.0,68.0,0.7761959301917267,80.54102259826051,62.5156139542497,Low,-34.0
16463,21.0,4.0,1383.7,4,4,4,444,12,Champions,3,1,3.0,183.0,205.0,367.6766666666667,2.3273060876057654,372.8668327854765,867.7752498079204,High,-280.6700000000001
16464,20.0,3.0,1314.68,4,3,4,434,11,Loyal Customers,3,0,2.0,123.0,143.0,464.84000000000003,2.161242357635509,473.1448574959733,1022.5807073177143,High,-385.0
16465,421.0,2.0,726.34,1,2,3,123,6,Hibernating/Lost,0,3,1.0,24.0,445.0,289.6,0.2705597675136327,304.4615906391074,82.3750571801477,Low,-436.74
16466,34.0,15.0,3713.59,4,5,5,455,14,Champions,1,1,14.0,609.0,643.0,239.9057142857143,3.6615962875092114,240.92022063921814,882.1525854784612,High,-354.90999999999985
16467,509.0,7.0,2862.4,1,4,4,144,9,Can't Lose Them,0,1,6.0,229.0,738.0,456.34,0.13518351629983952,459.0839995580361,62.06058933724929,Low,-124.36000000000013
16468,74.0,3.0,787.52,3,3,3,333,9,Loyal Customers,3,0,2.0,407.0,482.0,342.96,0.8277994130138165,350.63002522759524,290.25132906842305,Medium,-101.60000000000002
16469,24.0,5.0,828.91,4,4,3,443,11,Champions,3,1,3.0,491.0,515.0,216.81000000000003,1.097968571842071,221.47719800970182,243.1750027942959,Low,-178.4799999999999
16470,52.0,11.0,2453.65,4,5,4,454,13,Champions,1,1,9.0,677.0,729.0,250.9911111111111,2.143372912641995,252.5826612161578,541.3788342537424,Medium,-194.73000000000002
16471,275.0,4.0,1186.18,2,4,3,243,9,Can't Lose Them,0,1,3.0,378.0,653.0,288.8666666666667,0.8021681949341102,293.78364376639473,235.6638952212545,Low,-319.58000000000004
16472,434.0,2.0,789.6,1,2,3,123,6,Hibernating/Lost,0,3,1.0,163.0,598.0,232.56,0.32848687494265116,246.82427474989302,81.07853467257868,Low,-557.04
16473,165.0,4.0,469.58,3,4,2,342,9,Loyal Customers,0,1,3.0,210.0,375.0,105.37,1.3103660816371137,109.65089951602747,143.6828195468018,Low,-153.46999999999997
16474,7.0,7.0,1811.47,5,4,4,544,13,Champions,3,1,5.0,138.0,146.0,303.18600000000004,4.648762723626673,306.1618421894508,1423.273759367191,High,-295.53999999999974
16475,88.0,4.0,544.3,3,4,2,342,9,Loyal Customers,3,1,3.0,185.0,274.0,78.10000000000001,1.7905169349676342,82.28637008384425,147.33513915213723,Low,-309.99999999999994
16476,432.0,1.0,337.0,1,1,2,112,4,Hibernating/Lost,0,2,0.0,0.0,432.0,0.0,0.2392869734754787,470.98914615257866,112.70156732265045,Low,-337.0
16477,64.0,11.0,4320.02,3,5,5,355,13,Loyal Customers,1,1,10.0,421.0,485.0,380.49899999999997,3.3656750714139783,382.06558282564305,1285.9086077615193,High,-515.0300000000007
16478,25.0,3.0,331.0,4,3,2,432,9,Loyal Customers,3,0,2.0,40.0,66.0,64.05,3.3458496621569855,70.26727606470303,235.10374188177826,Low,-202.9
16479,10.0,2.0,300.83,5,2,2,522,9,New Customers,3,3,0.0,0.0,11.0,0.0,1.5046783775233217,470.98914615257866,708.6871842639566,Medium,-300.83
16480,76.0,1.0,769.29,3,1,3,313,7,Potential Loyalists,0,2,0.0,0.0,76.0,0.0,0.8246330158471796,470.98914615257866,388.393200023089,Medium,-769.29
16481,682.0,1.0,428.23,1,1,2,112,4,Hibernating/Lost,0,2,0.0,0.0,683.0,0.0,0.15964028714830325,470.98914615257866,75.18884253553182,Low,-428.23
16482,16.0,1.0,220.62,5,1,1,511,7,New Customers,3,2,0.0,0.0,16.0,0.0,1.4143724889872349,470.98914615257866,666.1540909297952,Medium,-220.62
16483,192.0,1.0,139.35,2,1,1,211,4,Hibernating/Lost,0,2,0.0,0.0,193.0,0.0,0.4565158760851877,470.98914615257866,215.01402268245894,Low,-139.35
16484,174.0,2.0,379.4,3,2,2,322,7,Potential Loyalists,0,3,1.0,17.0,191.0,118.60000000000001,0.8112002191925584,131.67089959675715,106.81146261417075,Low,-260.79999999999995
16485,77.0,5.0,2137.68,3,4,4,344,11,Loyal Customers,3,1,4.0,656.0,734.0,418.86,1.0152953437064114,422.8822063403931,429.350335033695,Medium,-462.2399999999998
16486,538.0,1.0,134.36,1,1,1,111,3,Hibernating/Lost,0,2,0.0,0.0,538.0,0.0,0.1976357329597776,470.98914615257866,93.0842851159647,Low,-134.36
16487,577.0,2.0,209.4,1,2,1,121,4,Hibernating/Lost,0,3,1.0,82.0,660.0,107.2,0.2173278709470753,120.15152019393379,26.112274074802155,Low,-102.2
16488,33.0,3.0,492.2,4,3,2,432,9,Loyal Customers,3,0,2.0,115.0,149.0,139.87,2.0828466093241125,146.4821971558453,305.09994767239857,Medium,-212.45999999999998
16489,380.0,2.0,303.7,2,2,2,222,6,Hibernating/Lost,0,3,1.0,56.0,437.0,193.04999999999998,0.3545429119396673,206.90053087221312,73.35511669729748,Low,-110.65
16490,436.0,1.0,179.16000000000003,1,1,1,111,3,Hibernating/Lost,0,2,0.0,0.0,437.0,0.0,0.23693109732714998,470.98914615257866,111.59197522710788,Low,-179.16000000000003
16491,47.0,2.0,1524.31,4,2,4,424,10,New Customers,3,3,1.0,367.0,414.0,731.5,0.5775188936900705,750.9891132801282,433.7104018748267,Medium,-792.81
16492,541.0,1.0,385.56,1,1,2,112,4,Hibernating/Lost,0,2,0.0,0.0,541.0,0.0,0.19666709657151574,470.98914615257866,92.62806789052493,Low,-385.56
16493,80.0,7.0,2110.12,3,4,4,344,11,Loyal Customers,3,1,6.0,544.0,624.0,277.7633333333333,1.6822200947974002,280.1983570279985,471.3553067217154,Medium,-443.53999999999996
16494,297.0,1.0,826.53,2,1,3,213,6,Hibernating/Lost,0,2,0.0,0.0,297.0,0.0,0.32716555748263015,470.98914615257866,154.09142656927636,Low,-826.53
16495,3.0,3.0,684.41,5,3,3,533,11,Loyal Customers,3,0,1.0,273.0,277.0,437.9,0.8134332829292542,454.3145700635549,369.55459220939014,Medium,-246.51
16496,9.0,6.0,2293.47,5,4,4,544,13,Champions,3,1,4.0,501.0,510.0,469.4425,1.4206282149313565,473.59609783880234,672.8039790711938,Medium,-415.6999999999998
16497,50.0,23.0,6695.28,4,5,5,455,14,Champions,1,1,16.0,687.0,737.0,400.026875,3.6664793859669182,401.0182651003662,1470.3252023867094,High,-294.84999999999945
16498,161.0,2.0,86.12,3,2,1,321,6,Potential Loyalists,0,3,1.0,1.0,163.0,9.75,0.861011703774352,21.68103573734296,18.667625519802275,Low,-76.37
16499,360.0,8.0,2491.7400000000002,2,5,4,254,11,Can't Lose Them,0,1,7.0,186.0,547.0,336.34714285714284,0.20559880764605745,338.52065096099,69.59944220114673,Low,-137.3100000000004
16500,5.0,9.0,835.96,5,5,3,553,13,Champions,1,1,7.0,539.0,544.0,99.48,2.2222524343797443,101.30231131083686,225.11930791880192,Low,-139.60000000000002
16501,383.0,1.0,1237.23,2,1,4,214,7,Hibernating/Lost,0,2,0.0,0.0,384.0,0.0,0.2645431928862236,470.98914615257866,124.59697253795936,Low,-1237.23
16502,620.0,2.0,266.5,1,2,1,121,4,Hibernating/Lost,0,3,0.0,0.0,621.0,0.0,0.1739370020331218,470.98914615257866,81.92244007191937,Low,-266.5
16503,107.0,11.0,3597.89,3,5,5,355,13,Loyal Customers,1,1,9.0,430.0,537.0,371.29555555555555,2.718136909952374,373.0257939697116,1013.9351789533627,High,-256.23
16504,25.0,1.0,484.38,4,1,2,412,7,New Customers,3,2,0.0,0.0,26.0,0.0,1.2630882296182389,470.98914615257866,594.9008467832665,Medium,-484.38
16505,32.0,1.0,777.6,4,1,3,413,8,New Customers,3,2,0.0,0.0,32.0,0.0,1.18705804464975,470.98914615257866,559.0914548831354,Medium,-777.6
16506,20.0,2.0,90.30000000000001,4,2,1,421,7,New Customers,3,3,1.0,21.0,41.0,35.1,2.507680090776382,47.29649783046331,118.60448597290119,Low,-55.20000000000001
16507,572.0,1.0,152.76,1,1,1,111,3,Hibernating/Lost,0,2,0.0,0.0,573.0,0.0,0.186896938405689,470.98914615257866,88.02642943822654,Low,-152.76
16508,630.0,1.0,248.8,1,1,1,111,3,Hibernating/Lost,0,2,0.0,0.0,631.0,0.0,0.17146020440153673,470.98914615257866,80.75589527022639,Low,-248.8
16509,297.0,1.0,363.7,2,1,2,212,5,Hibernating/Lost,0,2,0.0,0.0,297.0,0.0,0.32716555748263015,470.98914615257866,154.09142656927636,Low,-363.7
16510,372.0,6.0,2100.0,2,4,4,244,10,Can't Lose Them,0,1,5.0,319.0,692.0,282.82,0.7962797666956876,285.75354250395736,227.5397641575174,Low,-685.9000000000001
16511,22.0,6.0,1819.02,4,4,4,444,12,Champions,3,1,5.0,627.0,649.0,303.774,1.3942500598725198,306.75106345111584,427.68768858267737,Medium,-300.1500000000001
16513,5.0,4.0,874.59,5,4,3,543,12,Champions,3,1,3.0,39.0,44.0,255.38,5.689609514420348,260.1808980536808,1480.3277130366528,High,-108.45000000000005
16515,52.0,10.0,3216.3,4,5,5,455,14,Champions,1,1,9.0,488.0,541.0,279.0788888888889,2.791727976778153,280.7028188983076,783.6459126788966,Medium,-704.5900000000001
16516,30.0,1.0,101.69999999999999,4,1,1,411,6,New Customers,3,2,0.0,0.0,31.0,0.0,1.1990808315035197,470.98914615257866,564.7540569977668,Medium,-101.69999999999999
16517,277.0,1.0,162.7,2,1,1,211,4,Hibernating/Lost,0,2,0.0,0.0,278.0,0.0,0.3450120167350719,470.98914615257866,162.4969151744307,Low,-162.7
16518,61.0,4.0,938.27,3,4,3,343,10,Loyal Customers,3,1,3.0,495.0,557.0,268.12333333333333,1.0174255526664882,272.9684052067472,277.72503052796463,Low,-133.89999999999998
16519,25.0,4.0,556.26,4,4,2,442,10,Champions,3,1,3.0,623.0,649.0,126.21,0.8938251105154257,130.56313983017114,116.70061288794369,Low,-177.63
16520,186.0,6.0,2465.92,3,4,4,344,11,Loyal Customers,0,1,5.0,461.0,648.0,440.15200000000004,1.3137583520482725,443.41231723233074,582.5366351650526,Medium,-265.15999999999985
16521,415.0,3.0,1148.01,1,3,3,133,7,At Risk,0,0,1.0,233.0,649.0,1052.8899999999999,0.32977846906691816,1075.744669970777,354.75743036986,Medium,-95.12000000000012
16522,436.0,2.0,433.36,1,2,2,122,5,Hibernating/Lost,0,3,1.0,15.0,451.0,304.56,0.23912556829542042,319.5782499256194,76.41933062831964,Low,-128.8
16523,2.0,28.0,11760.54,5,5,5,555,15,Champions,1,-1,23.0,683.0,685.0,499.5608695652174,5.621150616015233,500.2952645331471,2812.2350344200036,High,-270.64000000000124
16524,446.0,2.0,308.14,1,2,2,122,5,Hibernating/Lost,0,3,1.0,245.0,692.0,206.84,0.3091016332634543,220.83493806211962,68.26044003663495,Low,-101.29999999999998
16525,2.0,48.0,23350.74,5,5,5,555,15,Champions,2,-1,45.0,735.0,738.0,513.9566666666667,10.14980067353839,514.335257459436,5220.400342586325,High,-222.6899999999987
16526,172.0,2.0,717.21,3,2,3,323,8,Potential Loyalists,0,3,1.0,413.0,585.0,290.36,0.4153223635237467,305.22954926596225,126.76865781842731,Low,-426.85
16527,81.0,2.0,1272.44,3,2,4,324,9,Potential Loyalists,3,3,1.0,343.0,425.0,228.06,0.5592436583092091,242.2771513014101,135.49196041853435,Low,-1044.38
16528,4.0,1.0,244.41,5,1,1,511,7,New Customers,3,2,0.0,0.0,4.0,0.0,1.652714350685279,470.98914615257866,778.410520863373,Medium,-244.41
16529,190.0,4.0,2012.0,2,4,4,244,10,Can't Lose Them,0,1,3.0,340.0,531.0,539.1666666666666,1.0011440033129626,544.9512901497999,545.5747162311345,Medium,-394.5
16530,668.0,1.0,48.349999999999994,1,1,1,111,3,Hibernating/Lost,0,2,0.0,0.0,669.0,0.0,0.16265910480672102,470.98914615257866,76.61067288686034,Low,-48.349999999999994
16531,22.0,11.0,2263.58,4,5,4,454,13,Champions,1,1,10.0,419.0,442.0,190.852,3.704491334018765,192.2218410418074,712.0841443485082,Medium,-355.05999999999995
16532,18.0,5.0,8756.64,5,4,5,545,14,Champions,1,-1,4.0,603.0,621.0,1973.76,1.191270153823179,1981.8211652862065,2360.8844044205307,High,-861.5999999999995
16533,19.0,3.0,1026.94,5,3,3,533,11,Loyal Customers,3,0,2.0,49.0,69.0,359.295,3.3009025639115173,367.05010879425066,1211.5966452029434,High,-308.35
16534,642.0,1.0,635.9,1,1,3,113,5,Hibernating/Lost,0,2,0.0,0.0,643.0,0.0,0.16857966503442323,470.98914615257866,79.39919249325072,Low,-635.9
16535,5.0,3.0,1001.59,5,3,3,533,11,Loyal Customers,3,0,2.0,675.0,681.0,490.79499999999996,0.617712351612303,499.2350484339922,308.3836557754433,Medium,-20.000000000000114
16536,110.0,1.0,539.02,3,1,2,312,6,Potential Loyalists,0,2,0.0,0.0,111.0,0.0,0.6640709759190613,470.98914615257866,312.7702219328283,Medium,-539.02
16537,641.0,1.0,23.35,1,1,1,111,3,Hibernating/Lost,0,2,0.0,0.0,642.0,0.0,0.16881600513569917,470.98914615257866,79.51050611575228,Low,-23.35
16538,541.0,3.0,399.62,1,3,2,132,6,At Risk,0,0,1.0,54.0,596.0,169.51,0.21556665644380643,183.11402287726034,39.473277659625694,Low,-230.11
16539,3.0,10.0,3732.01,5,5,5,555,15,Champions,1,1,9.0,530.0,533.0,394.49,2.860270289498283,396.2469772291315,1133.3734562719876,High,-181.60000000000036
16540,414.0,1.0,226.70000000000002,1,1,1,111,3,Hibernating/Lost,0,2,0.0,0.0,415.0,0.0,0.24766020398417288,470.98914615257866,116.64526801047904,Low,-226.70000000000002
16541,735.0,1.0,419.78,1,1,2,112,4,Hibernating/Lost,0,2,0.0,0.0,736.0,0.0,0.14916093243425163,470.98914615257866,70.25318020653066,Low,-419.78
16542,54.0,2.0,257.32,4,2,1,421,7,New Customers,3,3,1.0,348.0,402.0,119.62,0.5908535111126009,132.7015809117466,78.40719501189837,Low,-137.7
16543,592.0,1.0,277.80999999999995,1,1,2,112,4,Hibernating/Lost,0,2,0.0,0.0,592.0,0.0,0.1815424447981936,470.98914615257866,85.50452106595284,Low,-277.80999999999995
16544,520.0,4.0,110.3,1,4,1,141,6,Can't Lose Them,0,1,1.0,143.0,663.0,110.3,0.27271972920493864,123.28398301399979,33.621974462884275,Low,0.0
16545,165.0,2.0,689.82,3,2,3,323,8,Potential Loyalists,0,3,1.0,211.0,376.0,339.3,0.5926406848235457,354.6820429479074,210.1990088272621,Low,-350.52000000000004
16546,291.0,5.0,3837.36,2,4,5,245,11,Can't Lose Them,0,1,3.0,152.0,443.0,1087.256666666667,0.838160290450901,1094.9412034789275,917.736237134557,High,-575.5899999999997
16547,546.0,1.0,111.71,1,1,1,111,3,Hibernating/Lost,0,2,0.0,0.0,547.0,0.0,0.19475806030282042,470.98914615257866,91.72893252835782,Low,-111.71
16548,599.0,1.0,30.15,1,1,1,111,3,Hibernating/Lost,0,2,0.0,0.0,600.0,0.0,0.1793786941094612,470.98914615257866,84.48541797657973,Low,-30.15
16549,10.0,34.0,13159.64,5,5,5,555,15,Champions,1,6,30.0,611.0,622.0,433.1986666666666,7.94196088876157,433.7387111720258,3444.73588007008,High,-163.6800000000003
16550,109.0,18.0,9169.32,3,5,5,355,13,Loyal Customers,1,-1,17.0,629.0,738.0,523.3152941176471,3.7196959664181364,524.3235351605297,1950.32413883472,High,-272.9599999999991
16551,96.0,7.0,2237.12,3,4,4,344,11,Loyal Customers,3,1,6.0,631.0,727.0,324.0233333333333,1.463299173037449,326.53839673142863,477.82336590207393,Medium,-292.98
16552,243.0,2.0,475.02000000000004,2,2,2,222,6,Hibernating/Lost,0,3,1.0,131.0,374.0,284.44000000000005,0.5459031435624111,299.2475557515137,163.3601813881192,Low,-190.57999999999998
16553,163.0,33.0,16555.87,3,5,5,355,13,Loyal Customers,1,-1,15.0,503.0,667.0,1071.3446666666666,3.0244013614385072,1072.8663227093414,3244.778367043657,High,-485.6999999999989
16554,42.0,8.0,2407.17,4,5,4,454,13,Champions,1,1,7.0,682.0,725.0,346.6042857142857,1.70800087673679,348.79300181884344,595.7387529062414,Medium,19.059999999999945
16555,35.0,6.0,285.89,4,4,2,442,10,Champions,3,1,1.0,74.0,110.0,133.91,1.5317435094068634,147.1412240403734,225.3826148900231,Low,-151.98
16556,67.0,17.0,7610.2300000000005,3,5,5,355,13,Loyal Customers,1,1,16.0,666.0,733.0,489.086875,3.661396761827882,490.135987505094,1794.5823175064625,High,215.15999999999985
16557,24.0,2.0,281.85,4,2,2,422,8,New Customers,3,3,1.0,113.0,138.0,180.7,1.3413492423418871,194.42120318582116,260.7867335884993,Low,-101.15000000000003
16558,1.0,38.0,13718.960000000001,5,5,5,555,15,Champions,1,-1,35.0,736.0,737.0,387.8988571428572,7.935002129858684,388.3483125258951,3081.5446870200035,High,-142.49999999999818
16559,397.0,1.0,185.20000000000002,2,1,1,211,4,Hibernating/Lost,0,2,0.0,0.0,398.0,0.0,0.2566416587623721,470.98914615257866,120.87543572767109,Low,-185.20000000000002
16560,27.0,8.0,3010.73,4,5,5,455,14,Champions,1,1,7.0,705.0,732.0,365.8985714285714,1.697165077122268,368.11589467207017,624.7534407710566,Medium,-449.44000000000005
16561,6.0,2.0,511.12,5,2,2,522,9,New Customers,3,3,1.0,54.0,60.0,246.16000000000003,2.176304988263835,260.5666922830858,567.0725921910872,Medium,-264.96
16562,477.0,1.0,223.85999999999999,1,1,1,111,3,Hibernating/Lost,0,2,0.0,0.0,477.0,0.0,0.2196340368122636,470.98914615257866,103.44524746425206,Low,-223.85999999999999
16563,54.0,6.0,4412.56,4,4,5,445,13,Champions,1,1,5.0,685.0,739.0,776.86,1.234111092323352,780.8196515396625,963.618193069152,High,-528.2600000000002
16564,569.0,1.0,87.8,1,1,1,111,3,Hibernating/Lost,0,2,0.0,0.0,570.0,0.0,0.18777142096889785,470.98914615257866,88.4383012339976,Low,-87.8
16565,364.0,4.0,700.45,2,4,3,243,9,Can't Lose Them,0,1,3.0,191.0,556.0,152.6833333333333,0.6553788865496323,157.12824100978233,102.97853163849341,Low,-242.4000000000001
16566,15.0,5.0,614.01,5,4,3,543,12,Champions,3,1,4.0,277.0,293.0,129.94,2.2642551129255146,133.2117169078737,301.62531111023924,Medium,-94.25
16567,194.0,2.0,865.6,2,2,3,223,7,Hibernating/Lost,0,3,1.0,142.0,337.0,308.03999999999996,0.620859250430354,323.0946920591128,200.59632832984678,Low,-557.5600000000001
16568,428.0,2.0,1020.9000000000001,1,2,3,123,6,Hibernating/Lost,0,3,1.0,214.0,642.0,543.6,0.32627983020345336,561.1214475090311,183.08261061676262,Low,-477.30000000000007
16569,3.0,5.0,1455.23,5,4,4,544,13,Champions,3,1,4.0,720.0,724.0,258.27,1.0387337318458918,261.87506284749435,272.01846130895524,Low,-422.1500000000001
16570,15.0,20.0,6841.82,5,5,5,555,15,Champions,1,1,16.0,604.0,620.0,425.2475,4.3167820350274875,426.2552363290181,1840.0509465215014,High,-37.85999999999967
16571,27.0,10.0,4025.05,4,5,5,455,14,Champions,1,1,9.0,605.0,632.0,426.75888888888886,2.448591804606939,428.5530660540452,1049.351525379111,High,-184.22000000000025
16572,127.0,3.0,999.7,3,3,3,333,9,Loyal Customers,0,0,2.0,148.0,276.0,333.51,1.2392642117846466,341.1308033295302,422.7511961036335,Medium,-332.68000000000006
16573,85.0,2.0,648.41,3,2,3,323,8,Potential Loyalists,3,3,1.0,206.0,291.0,370.98,0.7573508088998897,386.693792025227,292.8628561868714,Medium,-277.42999999999995
16574,71.0,3.0,1301.78,3,3,4,334,10,Loyal Customers,3,0,2.0,587.0,659.0,355.435,0.6301337582915582,363.1700033417077,228.845679104468,Low,-590.91
16576,420.0,2.0,513.1700000000001,1,2,2,122,5,Hibernating/Lost,0,3,1.0,101.0,522.0,313.47,0.33549999324034613,328.58155435361556,110.23910926454045,Low,-199.70000000000005
16577,667.0,1.0,380.0,1,1,2,112,4,Hibernating/Lost,0,2,0.0,0.0,667.0,0.0,0.16309971699718828,470.98914615257866,76.81819644623293,Low,-380.0
16578,626.0,1.0,156.6,1,1,1,111,3,Hibernating/Lost,0,2,0.0,0.0,627.0,0.0,0.17244240341964145,470.98914615257866,81.21850034711544,Low,-156.6
16579,426.0,1.0,233.85,1,1,1,111,3,Hibernating/Lost,0,2,0.0,0.0,426.0,0.0,0.2421767050038508,470.98914615257866,114.06259950780861,Low,-233.85
16581,183.0,1.0,70.44,3,1,1,311,5,Potential Loyalists,0,2,0.0,0.0,183.0,0.0,0.4745800948408416,470.98914615257866,223.5220736500978,Low,-70.44
16582,113.0,1.0,313.62,3,1,2,312,6,Potential Loyalists,0,2,0.0,0.0,114.0,0.0,0.6531853826149943,470.98914615257866,307.64322563718156,Medium,-313.62
16583,374.0,2.0,531.4,2,2,2,222,6,Hibernating/Lost,0,3,1.0,300.0,674.0,466.9,0.3360299426913853,483.6182545093336,162.51021434727917,Low,-64.5
16584,80.0,5.0,3085.4700000000003,3,4,5,345,12,Loyal Customers,3,1,4.0,581.0,662.0,557.9875,1.1128038503600952,562.3710995237062,625.8087248812205,Medium,-853.5200000000004
16585,594.0,2.0,341.59,1,2,2,122,5,Hibernating/Lost,0,3,1.0,102.0,696.0,252.27,0.2200731287786089,266.7406754542481,58.702455019735865,Low,-89.31999999999996
16586,249.0,3.0,1462.78,2,3,4,234,9,At Risk,0,0,2.0,387.0,636.0,567.365,0.6127421169536954,576.2038760249809,353.06438279247146,Medium,-328.04999999999995
16587,232.0,1.0,225.15,2,1,1,211,4,Hibernating/Lost,0,2,0.0,0.0,233.0,0.0,0.3962272512063683,470.98914615257866,186.6187347280707,Low,-225.15
16588,386.0,4.0,1361.28,2,4,4,244,10,Can't Lose Them,0,1,3.0,188.0,575.0,381.49333333333334,0.5983432091434311,386.7313939022592,231.3981033039901,Low,-216.79999999999995
16589,71.0,4.0,612.36,3,4,3,343,10,Loyal Customers,3,1,3.0,379.0,451.0,153.08,1.2170973537147123,157.52628269202535,191.72482180497974,Low,-153.12
16590,401.0,2.0,563.6,2,2,2,222,6,Hibernating/Lost,0,3,1.0,14.0,415.0,289.15,0.2719571162138461,304.006878294259,82.67683393008038,Low,-274.45000000000005
16591,69.0,1.0,213.5,3,1,1,311,5,Potential Loyalists,3,2,0.0,0.0,69.0,0.0,0.8666209246357447,470.98914615257866,408.1690493321476,Medium,-213.5
16592,4.0,28.0,7624.46,5,5,5,555,15,Champions,1,4,17.0,717.0,722.0,440.90058823529415,3.994315359842697,441.8585578825878,1764.9224246283636,High,-129.14999999999964
16593,51.0,8.0,1051.24,4,5,3,453,12,Champions,3,1,7.0,684.0,735.0,141.64857142857142,1.6846888393329442,143.53340499079738,241.80912545945185,Low,-59.700000000000045
16594,75.0,1.0,181.09,3,1,1,311,5,Potential Loyalists,0,2,0.0,0.0,76.0,0.0,0.8246330158471796,470.98914615257866,388.393200023089,Medium,-181.09
16595,61.0,5.0,1810.18,3,4,4,344,11,Loyal Customers,3,1,4.0,630.0,692.0,322.75,1.073570463303958,326.5225540513185,350.54496963206566,Medium,-519.1800000000001
16596,16.0,4.0,579.63,5,4,2,542,11,Champions,3,1,3.0,714.0,730.0,161.36,0.8046092768816766,165.83498469783675,133.43236711941032,Low,-95.54999999999995
16597,4.0,1.0,90.04,5,1,1,511,7,New Customers,3,2,0.0,0.0,5.0,0.0,1.6297824722868715,470.98914615257866,767.6098550368323,Medium,-90.04
16598,286.0,1.0,140.7,2,1,1,211,4,Hibernating/Lost,0,2,0.0,0.0,286.0,0.0,0.3372651824397936,470.98914615257866,158.84824030431204,Low,-140.7
16599,386.0,1.0,172.8,2,1,1,211,4,Hibernating/Lost,0,2,0.0,0.0,386.0,0.0,0.26338469505257933,470.98914615257866,124.05133263247164,Low,-172.8
16600,4.0,13.0,2093.56,5,5,4,554,14,Champions,1,1,12.0,717.0,722.0,153.61666666666667,2.858797516324439,154.72581882321353,442.32978656306796,Medium,-250.15999999999985
16601,41.0,3.0,684.25,4,3,3,433,10,Loyal Customers,3,0,2.0,583.0,624.0,308.5,0.6650175309260243,315.9905345813178,210.13924510326245,Low,-67.25
16602,36.0,2.0,711.63,4,2,3,423,9,New Customers,3,3,1.0,352.0,389.0,528.08,0.6102144156079227,545.4389239711523,332.8346942408709,Medium,-183.54999999999995
16603,75.0,2.0,482.47,3,2,2,322,7,Potential Loyalists,3,3,1.0,17.0,92.0,185.85,1.569432105161702,199.6251333546405,313.2980932839589,Medium,-296.62
16604,563.0,2.0,326.25,1,2,2,122,5,Hibernating/Lost,0,3,1.0,6.0,569.0,125.75,0.13681744057013057,138.89577352045774,19.00336423907754,Low,-200.5
16605,724.0,1.0,60.48,1,1,1,111,3,Hibernating/Lost,0,2,0.0,0.0,725.0,0.0,0.15122111405164462,470.98914615257866,71.22350338742582,Low,-60.48
16606,404.0,2.0,357.66,2,2,2,222,6,Hibernating/Lost,0,3,1.0,30.0,435.0,119.7,0.2971606892796264,132.78241866194185,39.457715053798566,Low,-237.96000000000004
16607,18.0,25.0,5375.18,5,5,5,555,15,Champions,1,1,22.0,572.0,590.0,245.70590909090907,6.140849034333728,246.35406371757563,1512.823114284264,High,30.349999999999454
16608,454.0,2.0,1288.72,1,2,4,124,7,Hibernating/Lost,0,3,1.0,210.0,664.0,601.32,0.3110087367156302,619.4458842749052,192.65308193203472,Low,-687.4
16609,15.0,7.0,5450.96,5,4,5,545,14,Champions,1,1,6.0,237.0,253.0,822.6550000000001,3.6543537495898994,826.0328029294587,3018.616070669522,High,-515.0299999999997
16610,219.0,1.0,75.66,2,1,1,211,4,Hibernating/Lost,0,2,0.0,0.0,220.0,0.0,0.4139903150086649,470.98914615257866,194.98494498136816,Low,-75.66
16611,186.0,6.0,1776.63,3,4,4,344,11,Loyal Customers,0,1,5.0,453.0,640.0,299.61800000000005,1.3262467906336688,302.5864315404358,401.3042837197973,Medium,-278.53999999999996
16612,33.0,9.0,3243.48,4,5,5,455,14,Champions,1,1,8.0,704.0,737.0,341.82,1.9073778948815636,343.7285660240772,655.620268673663,Medium,-508.9200000000001
16613,70.0,1.0,618.59,3,1,3,313,7,Potential Loyalists,3,2,0.0,0.0,71.0,0.0,0.854190966359199,470.98914615257866,402.31467389676516,Medium,-618.59
16614,183.0,3.0,1179.79,3,3,3,333,9,Loyal Customers,0,0,2.0,396.0,579.0,443.32,0.6829545345251277,451.5127669937129,308.3626916143436,Medium,-293.15
16615,626.0,1.0,264.5,1,1,1,111,3,Hibernating/Lost,0,2,0.0,0.0,627.0,0.0,0.17244240341964145,470.98914615257866,81.21850034711544,Low,-264.5
16616,15.0,2.0,500.42,5,2,2,522,9,New Customers,3,3,1.0,142.0,158.0,290.32,1.2311374514083677,305.1891303908646,375.7297681869451,Medium,-210.10000000000002
16617,236.0,1.0,151.85,2,1,1,211,4,Hibernating/Lost,0,2,0.0,0.0,236.0,0.0,0.3923430605094748,470.98914615257866,184.78932306824706,Low,-151.85
16618,31.0,5.0,2630.64,4,4,4,444,12,Champions,3,1,3.0,291.0,323.0,634.16,1.627101144989266,640.273910826778,1041.7904134130056,High,-728.1599999999999
16619,264.0,4.0,1916.53,2,4,4,244,10,Can't Lose Them,0,1,3.0,392.0,656.0,314.37333333333333,0.8080858374470697,319.378727401044,258.085426394652,Low,-973.41
16620,4.0,6.0,1758.93,5,4,4,544,13,Champions,3,1,5.0,735.0,739.0,187.312,1.2420831422810095,190.04717471636502,236.05439195333068,Low,-822.37
16621,52.0,4.0,813.48,4,4,3,443,11,Champions,3,1,3.0,226.0,278.0,216.8766666666667,1.8189302323557583,221.54409577142331,402.97325359856137,Medium,-162.8499999999999
16622,544.0,1.0,205.6,1,1,1,111,3,Hibernating/Lost,0,2,0.0,0.0,544.0,0.0,0.19570791834587162,470.98914615257866,92.17630535702065,Low,-205.6
16623,246.0,4.0,1002.49,2,4,3,243,9,Can't Lose Them,0,1,3.0,347.0,593.0,262.33,0.8803272878855813,267.15498971314804,235.183827539276,Low,-215.5
16624,81.0,2.0,810.5699999999999,3,2,3,323,8,Potential Loyalists,3,3,1.0,117.0,198.0,384.14,1.0051239009441206,399.9916019323459,402.0411192791273,Medium,-426.42999999999995
16625,275.0,5.0,1651.08,2,4,4,244,10,Can't Lose Them,0,1,4.0,269.0,544.0,346.0075,1.055089793434879,349.84046699599804,369.1131060579692,Medium,-267.04999999999995
16626,1.0,17.0,4379.65,5,5,5,555,15,Champions,1,-1,15.0,266.0,267.0,240.27666666666667,8.32897725118434,241.22374896803152,2009.1471176001362,High,-775.4999999999995
16627,79.0,1.0,322.8,3,1,2,312,6,Potential Loyalists,0,2,0.0,0.0,80.0,0.0,0.8024299461987893,470.98914615257866,377.93579520742736,Medium,-322.8
16628,30.0,7.0,2313.09,4,4,4,444,12,Champions,3,1,6.0,612.0,642.0,373.34999999999997,1.6581206303926663,375.9504090913767,623.3711293189743,Medium,-72.99000000000024
16629,74.0,2.0,417.73,3,2,2,322,7,Potential Loyalists,3,3,1.0,23.0,97.0,180.95,1.537388048091128,194.67382115518132,299.2892059202055,Medium,-236.78000000000003
16630,407.0,1.0,104.30000000000001,2,1,1,211,4,Hibernating/Lost,0,2,0.0,0.0,408.0,0.0,0.2512810869167688,470.98914615257866,118.35066457122085,Low,-104.30000000000001
16631,482.0,7.0,1867.02,1,4,4,144,9,Can't Lose Them,0,1,5.0,170.0,652.0,305.438,0.15395210264073908,308.4185195385488,47.481679576303456,Low,-339.8299999999999
16632,486.0,2.0,406.4,1,2,2,122,5,Hibernating/Lost,0,3,1.0,96.0,582.0,202.0,0.28189987896246543,215.9442541753069,60.87465911465888,Low,-204.39999999999998
16633,17.0,6.0,2878.15,5,4,4,544,13,Champions,3,1,5.0,217.0,235.0,487.116,3.278889403157367,490.4738603153864,1608.209543113807,High,-442.57000000000016
16634,223.0,6.0,1363.1,2,4,4,244,10,Can't Lose Them,0,1,4.0,398.0,621.0,298.8525,1.0928334250873504,302.5629786629285,330.6509362768391,Medium,-167.68999999999983
16635,407.0,1.0,473.0,2,1,2,212,5,Hibernating/Lost,0,2,0.0,0.0,407.0,0.0,0.25180703038366353,470.98914615257866,118.59837823561811,Low,-473.0
16636,438.0,4.0,3802.04,1,4,5,145,10,Can't Lose Them,0,1,3.0,208.0,647.0,830.1966666666667,0.513146080794441,836.9901240569611,429.4982018234826,Medium,-1311.4499999999998
16637,32.0,4.0,1124.59,4,4,3,443,11,Champions,3,1,3.0,193.0,226.0,283.6166666666667,2.152437917697989,288.5154450308259,621.0115837258595,Medium,-273.7399999999999
16638,23.0,15.0,2426.28,4,5,4,454,13,Champions,1,1,13.0,456.0,479.0,177.16,4.434275760175344,178.20254796351398,790.1992388360942,Medium,-123.20000000000027
16639,31.0,4.0,1659.85,4,4,4,444,12,Champions,3,1,3.0,378.0,410.0,419.1700000000001,1.3344187271187156,424.53866393917,566.5123435463875,Medium,-402.3399999999997
16640,398.0,1.0,179.4,2,1,1,211,4,Hibernating/Lost,0,2,0.0,0.0,398.0,0.0,0.2566416587623721,470.98914615257866,120.87543572767109,Low,-179.4
16641,106.0,2.0,554.5,3,2,2,322,7,Potential Loyalists,0,3,1.0,596.0,702.0,231.10000000000002,0.3602587421271785,245.3489858088297,88.38911700966796,Low,-323.4
16642,5.0,3.0,1051.46,5,3,3,533,11,Loyal Customers,3,0,2.0,411.0,416.0,344.165,0.954205040429204,351.8413016706819,335.7287434853368,Medium,-363.13
16643,246.0,2.0,915.5600000000001,2,2,3,223,7,Hibernating/Lost,0,3,1.0,177.0,423.0,487.51,0.5074260082718638,504.44407990338533,255.96804586174792,Low,-428.05000000000007
16644,178.0,2.0,833.78,3,2,3,323,8,Potential Loyalists,0,3,1.0,35.0,213.0,111.37,0.7895762273645562,124.36518792286128,98.19579589561688,Low,-722.41
16645,736.0,1.0,160.39,1,1,1,111,3,Hibernating/Lost,0,2,0.0,0.0,736.0,0.0,0.14916093243425163,470.98914615257866,70.25318020653066,Low,-160.39
16646,449.0,1.0,675.05,1,1,3,113,5,Hibernating/Lost,0,2,0.0,0.0,450.0,0.0,0.23101778310009466,470.98914615257866,108.8068684083752,Low,-675.05
16647,170.0,4.0,541.9,3,4,2,342,9,Loyal Customers,0,1,3.0,375.0,545.0,132.59,0.9956495057655237,136.96525562691957,136.3693890719911,Low,-144.13
16648,43.0,3.0,653.0,4,3,3,433,10,Loyal Customers,3,0,2.0,548.0,591.0,209.98,0.6977370247089955,216.95737676149005,151.37919455023064,Low,-233.04000000000002
16649,520.0,1.0,306.58000000000004,1,1,2,112,4,Hibernating/Lost,0,2,0.0,0.0,521.0,0.0,0.2033102804979677,470.98914615257866,95.75693541577907,Low,-306.58000000000004
16650,72.0,7.0,1916.11,3,4,4,344,11,Loyal Customers,3,1,5.0,448.0,520.0,255.74200000000002,1.6773879962702232,258.61930215809707,433.80491304377387,Medium,-637.3999999999999
16651,587.0,1.0,136.2,1,1,1,111,3,Hibernating/Lost,0,2,0.0,0.0,587.0,0.0,0.1829215228901007,470.98914615257866,86.15405187893789,Low,-136.2
16652,59.0,16.0,17312.83,4,5,5,455,14,Champions,1,-1,10.0,574.0,633.0,1607.625,2.6796445831026676,1610.4646161888445,4315.4727850489535,High,-1236.5800000000017
16653,16.0,2.0,1166.92,5,2,3,523,10,New Customers,3,3,1.0,55.0,72.0,94.80000000000001,1.9712434144310733,107.62166891366981,212.14850609615297,Low,-1072.1200000000001
16654,141.0,8.0,1705.17,3,5,4,354,12,Loyal Customers,3,1,7.0,471.0,613.0,205.96714285714285,1.899553538468216,207.94733990349013,395.00710532872756,Medium,-263.4000000000001
16655,18.0,13.0,6513.27,5,5,5,555,15,Champions,1,1,12.0,660.0,678.0,519.4483333333334,3.0217788931437743,520.8736954850285,1573.9651390104568,High,-279.8899999999994
16656,22.0,30.0,16307.72,4,5,5,455,14,Champions,1,-1,27.0,713.0,736.0,609.6085185185185,6.138580549313498,610.2763280340952,3746.2303969765603,High,151.71000000000095
16657,10.0,4.0,933.62,5,4,3,543,12,Champions,3,1,3.0,245.0,255.0,230.35666666666668,1.9792623681138386,235.0708231915124,465.2668341845023,Medium,-242.54999999999995
16658,368.0,6.0,696.72,2,4,3,243,9,Can't Lose Them,0,1,4.0,251.0,620.0,170.3875,0.7306500040922607,173.7642820515876,126.96087339208121,Low,-15.170000000000073
16659,189.0,1.0,39.12,2,1,1,211,4,Hibernating/Lost,0,2,0.0,0.0,190.0,0.0,0.4617885391868162,470.98914615257866,217.49738977464517,Low,-39.12
16660,16.0,7.0,1422.35,5,4,4,544,13,Champions,3,1,5.0,678.0,695.0,256.15,1.3114916975053195,259.02814956415034,339.71326757354933,Medium,-141.5999999999999
16661,540.0,4.0,842.1800000000001,1,4,3,143,8,Can't Lose Them,0,1,3.0,182.0,723.0,234.77666666666667,0.3121952876560278,239.50614479364845,74.77268976923932,Low,-137.85000000000002
16662,394.0,1.0,163.8,2,1,1,211,4,Hibernating/Lost,0,2,0.0,0.0,395.0,0.0,0.2582947889087922,470.98914615257866,121.65404208381258,Low,-163.8
16663,729.0,1.0,165.0,1,2,1,121,4,Hibernating/Lost,0,2,0.0,0.0,730.0,0.0,0.15027765235295168,470.98914615257866,70.77914316753076,Low,-165.0
16664,569.0,1.0,109.2,1,2,1,121,4,Hibernating/Lost,0,2,0.0,0.0,570.0,0.0,0.18777142096889785,470.98914615257866,88.4383012339976,Low,-109.2
16665,362.0,1.0,135.39999999999998,2,2,1,221,5,Hibernating/Lost,0,2,0.0,0.0,363.0,0.0,0.2773536826122713,470.98914615257866,130.63057415582696,Low,-135.39999999999998
16666,19.0,2.0,225.94,5,2,1,521,8,New Customers,3,3,1.0,602.0,622.0,118.98,0.4072457040166602,132.05487891018458,53.77878213061294,Low,-106.96
16667,68.0,2.0,570.13,3,2,2,322,7,Potential Loyalists,3,3,1.0,216.0,285.0,366.78,0.7760206555857876,382.4498101399763,296.7889523934844,Medium,-203.35000000000002
16668,15.0,13.0,862.42,5,5,3,553,13,Champions,1,1,11.0,616.0,632.0,65.80727272727273,2.964459735719105,66.93454671604343,198.42476866832018,Low,-138.53999999999985
16669,24.0,3.0,226.14000000000001,4,3,1,431,8,Loyal Customers,3,0,1.0,55.0,79.0,645.38,1.8658431897102643,663.9672751949399,1238.8588186129596,High,419.24
16670,17.0,20.0,7786.66,5,5,5,555,15,Champions,1,1,16.0,713.0,730.0,458.77125,3.7240120881038026,459.8007140571283,1712.3034172675057,High,-446.3199999999997
16671,28.0,3.0,1692.27,4,3,4,434,11,Loyal Customers,3,0,2.0,136.0,165.0,154.695,1.950063718647318,161.38441563614316,314.7098936871417,Medium,-1382.88
16672,2.0,20.0,8093.59,5,5,5,555,15,Champions,1,4,17.0,264.0,267.0,409.38235294117646,9.392888953298556,410.3210970672749,3854.100499948551,High,-1134.0900000000001
16673,679.0,1.0,188.83,1,2,1,121,4,Hibernating/Lost,0,2,0.0,0.0,680.0,0.0,0.16027769896648442,470.98914615257866,75.48905658352453,Low,-188.83
16674,55.0,2.0,319.61,4,2,2,422,8,New Customers,3,3,1.0,44.0,99.0,197.41,1.5861796570910696,211.30618825785433,335.1695772320644,Medium,-122.20000000000002
16675,442.0,2.0,608.86,1,2,3,123,6,Hibernating/Lost,0,3,1.0,37.0,479.0,301.79999999999995,0.270472856053589,316.7893475438832,85.6829195975471,Low,-307.06000000000006
16676,34.0,6.0,2328.5,4,4,4,444,12,Champions,3,1,5.0,385.0,419.0,388.904,2.0409789120318136,392.0578763857154,800.1818579992207,Medium,-383.98
16677,411.0,2.0,849.77,1,2,3,123,6,Hibernating/Lost,0,3,1.0,241.0,653.0,617.39,0.33034113148751065,635.6841673453763,209.99262710956768,Low,-232.38
16678,3.0,12.0,3013.83,5,5,5,555,15,Champions,1,1,10.0,280.0,283.0,275.881,5.397272375682653,277.3390510168545,1496.8743987513108,High,-255.02000000000044
16679,366.0,3.0,793.06,2,3,3,233,8,At Risk,0,0,2.0,181.0,548.0,302.955,0.5587387102049994,310.41665252578645,173.4418000584114,Low,-187.14999999999998
16680,43.0,3.0,821.45,4,3,3,433,10,Loyal Customers,3,0,2.0,491.0,535.0,140.6,0.7616223673023309,147.2159994823625,112.12299803053564,Low,-540.25
16681,73.0,7.0,1921.84,3,4,4,344,11,Loyal Customers,3,1,6.0,569.0,642.0,295.0566666666667,1.6437506256582575,297.52161153018875,489.0513350996008,Medium,-151.49999999999977
16682,5.0,5.0,1028.0,5,4,3,543,12,Champions,3,1,4.0,183.0,188.0,125.625,3.1966795065977593,128.8855084006699,412.0056634018548,Medium,-525.5
16683,534.0,1.0,309.35,1,2,2,122,5,Hibernating/Lost,0,2,0.0,0.0,534.0,0.0,0.19894220446329702,470.98914615257866,93.69961901387998,Low,-309.35
16684,4.0,55.0,141502.25,5,5,5,555,15,Champions,2,-1,31.0,728.0,733.0,4575.597741935484,7.075203711045726,4577.505634106899,32386.784849765856,High,341.27999999999884
16685,61.0,2.0,324.24,3,2,2,322,7,Potential Loyalists,3,3,0.0,0.0,62.0,0.0,0.9131534603832515,470.98914615257866,430.0853686121802,Medium,-324.24
16686,47.0,16.0,5051.57,4,5,5,455,14,Champions,1,1,13.0,686.0,734.0,377.21384615384613,3.0186260724261644,378.41600048799313,1142.2964052962882,High,-147.78999999999996
16687,391.0,1.0,157.63,2,2,1,221,5,Hibernating/Lost,0,2,0.0,0.0,391.0,0.0,0.2605324323206955,470.98914615257866,122.70794784377887,Low,-157.63
16688,1.0,4.0,1260.86,5,4,4,544,13,Champions,3,7,3.0,59.0,61.0,359.03666666666663,4.952335141206281,364.19688286636887,1803.6250213369062,High,-183.75
16689,76.0,2.0,303.26,3,2,2,322,7,Potential Loyalists,3,3,1.0,7.0,83.0,128.44,1.6302500709795282,141.6139428707731,230.86614041676867,Low,-174.82
16690,72.0,4.0,336.08,3,4,2,342,9,Loyal Customers,3,1,3.0,379.0,452.0,102.41000000000001,1.2144271948588292,106.68063889559248,129.5558690397221,Low,-28.849999999999966
16691,418.0,2.0,178.83,1,2,1,121,4,Hibernating/Lost,0,3,1.0,143.0,562.0,142.95,0.34144702497804685,156.27588981243682,53.35993765225361,Low,-35.880000000000024
16692,256.0,4.0,1914.6999999999998,2,4,4,244,10,Can't Lose Them,0,1,3.0,185.0,442.0,447.8333333333333,0.9800657089081264,453.3013565913327,444.26511539669985,Medium,-571.1999999999998
16693,69.0,5.0,1199.46,3,4,3,343,10,Loyal Customers,3,1,4.0,588.0,657.0,244.725,1.123130703143358,248.29487878490448,278.8676017965846,Low,-220.56000000000006
16694,723.0,1.0,98.30000000000001,1,2,1,121,4,Hibernating/Lost,0,2,0.0,0.0,724.0,0.0,0.1514112306876721,470.98914615257866,71.3130462594978,Low,-98.30000000000001
16695,562.0,2.0,193.15,1,2,1,121,4,Hibernating/Lost,0,3,0.0,0.0,562.0,0.0,0.1901439270762651,470.98914615257866,89.55572585974828,Low,-193.15
16696,135.0,4.0,657.9000000000001,3,4,3,343,10,Loyal Customers,0,1,3.0,113.0,249.0,207.5,1.7403651473563155,212.13492558529308,369.1922310256696,Medium,-35.40000000000009
16697,241.0,1.0,112.75,2,2,1,221,5,Hibernating/Lost,0,2,0.0,0.0,242.0,0.0,0.38479938691407733,470.98914615257866,181.23633468269702,Low,-112.75
16698,227.0,2.0,1998.0,2,2,4,224,8,Hibernating/Lost,0,3,1.0,27.0,254.0,816.0,0.6185211140170727,836.3739869238627,517.3149701270481,Medium,-1182.0
16699,380.0,7.0,964.9,2,4,3,243,9,Can't Lose Them,0,1,6.0,355.0,736.0,142.86666666666667,0.782063421432616,145.06829024905971,113.45260341355944,Low,-107.69999999999993
16700,9.0,25.0,9084.06,5,5,5,555,15,Champions,1,10,21.0,729.0,738.0,416.6195238095238,4.803397441034475,417.3829445031536,2004.8561675578824,High,-335.0499999999993
16701,9.0,26.0,9614.59,5,5,5,555,15,Champions,1,10,24.0,730.0,739.0,397.44208333333336,5.464027465140769,398.101750697317,2175.2388997307635,High,-75.97999999999956
16702,415.0,4.0,1100.8799999999999,1,4,3,143,8,Can't Lose Them,0,1,3.0,317.0,733.0,296.43666666666667,0.6086152493511521,301.379884609872,183.4243936212587,Low,-211.56999999999994
16704,618.0,2.0,695.66,1,2,3,123,6,Hibernating/Lost,0,3,1.0,54.0,673.0,121.85,0.17480350607290307,134.95493319843922,23.5905954849216,Low,-573.81
16705,1.0,42.0,42653.141,5,5,5,555,15,Champions,2,-1,25.0,730.0,731.0,1610.62924,5.7481701370910345,1611.7656257884419,9264.703038146965,High,-2387.4100000000035
16706,37.0,3.0,531.35,4,3,2,432,9,Loyal Customers,3,0,2.0,77.0,115.0,119.91,2.4449339633305924,126.41823217326551,309.08422942462903,Medium,-291.53000000000003
16707,400.0,4.0,551.11,2,4,2,242,8,Can't Lose Them,0,1,3.0,240.0,641.0,121.70666666666666,0.6140598096626448,126.04419602588322,77.39867502073494,Low,-185.99
16708,46.0,1.0,656.63,4,2,3,423,9,New Customers,3,2,0.0,0.0,46.0,0.0,1.04112876043265,470.98914615257866,490.3603459110665,Medium,-656.63
16709,85.0,14.0,9087.460000000001,3,5,5,355,13,Loyal Customers,1,-1,11.0,646.0,731.0,710.36,2.5567749415862155,712.095094619005,1820.666893948337,High,-1273.500000000001
16710,19.0,22.0,6336.34,5,5,5,555,15,Champions,1,1,20.0,716.0,736.0,298.5065,4.585083210980245,299.2468774360945,1372.0718336705,High,-366.21000000000004
16711,3.0,9.0,2751.48,5,5,4,554,14,Champions,1,1,8.0,734.0,738.0,316.035,1.9118500115593193,317.9101203135601,607.7964671963045,Medium,-223.19999999999982
16712,9.0,13.0,4266.99,5,5,5,555,15,Champions,1,1,9.0,392.0,402.0,405.0477777777778,3.6492281383430223,406.8169261312158,1484.5677739922473,High,-621.5599999999995
16713,19.0,32.0,14380.54,5,5,5,555,15,Champions,1,-1,29.0,706.0,725.0,480.1748275862069,6.679310099564975,480.7502942352654,3211.0802956544417,High,-455.47000000000116
16714,219.0,4.0,1254.71,2,4,4,244,10,Can't Lose Them,0,1,2.0,452.0,671.0,580.765,0.5958509224063782,589.6736721555706,351.35760147265296,Medium,-93.18000000000006
16715,78.0,2.0,625.52,3,2,3,323,8,Potential Loyalists,3,3,1.0,484.0,563.0,301.71999999999997,0.440050097475951,316.70850979368794,139.36761060617556,Low,-323.8
16716,267.0,3.0,1568.2800000000002,2,3,4,234,9,At Risk,0,0,2.0,364.0,631.0,450.6,0.6094067602182585,458.83068608555567,279.61452189611924,Low,-667.0800000000002
16717,24.0,14.0,6309.96,4,5,5,455,14,Champions,1,1,10.0,709.0,733.0,606.937,2.366163410497046,608.7384919781641,1440.3747462798815,High,-240.59000000000015
16718,369.0,5.0,3647.53,2,4,5,245,11,Can't Lose Them,0,1,4.0,364.0,734.0,749.9275,0.7873072631467842,754.8096767827323,594.2671408245218,Medium,-647.8200000000002
16719,15.0,14.0,3828.55,5,5,5,555,15,Champions,1,1,13.0,712.0,727.0,279.1269230769231,3.062949852354556,280.2508219908428,858.3942138390948,High,-199.89999999999964
16720,26.0,3.0,593.43,4,3,2,432,9,Loyal Customers,3,0,2.0,696.0,723.0,311.13,0.5835665942230188,318.63423337411257,185.94429437299343,Low,28.83000000000004
16721,262.0,1.0,292.47,2,2,2,222,6,Hibernating/Lost,0,2,0.0,0.0,263.0,0.0,0.36054241492655426,470.98914615257866,169.8115641580465,Low,-292.47
16722,17.0,22.0,8967.83,5,5,5,555,15,Champions,1,1,21.0,719.0,737.0,411.8714285714285,4.803259363932619,412.63250495624317,1981.9809432940478,High,-318.53000000000065
16723,91.0,4.0,1301.63,3,4,4,344,11,Loyal Customers,3,1,3.0,644.0,736.0,280.35999999999996,0.7898461525745405,285.24748937073014,225.30163201101834,Low,-460.5500000000002
16724,405.0,1.0,147.35,2,2,1,221,5,Hibernating/Lost,0,2,0.0,0.0,405.0,0.0,0.25286556030762813,470.98914615257866,119.09693434068316,Low,-147.35
16725,302.0,14.0,1870.71,2,5,4,254,11,Can't Lose Them,1,-1,11.0,424.0,727.0,151.65727272727273,0.914590323482041,152.8655042527936,139.80931098380782,Low,-202.48000000000002
16726,26.0,7.0,2088.41,4,4,4,444,12,Champions,3,1,5.0,385.0,412.0,353.236,2.0741509155070648,356.3157948192723,739.0527320340211,Medium,-322.23
16727,364.0,4.0,1437.42,2,4,4,244,10,Can't Lose Them,0,1,3.0,324.0,689.0,294.16,0.6867394566138548,299.09532604708255,205.4005616853172,Low,-554.94
16728,46.0,4.0,1054.67,4,4,3,443,11,Champions,3,1,3.0,218.0,265.0,276.7266666666667,1.8926565288712447,281.60156135690795,532.9750336424883,Medium,-224.49
16729,38.0,21.0,7076.28,4,5,5,455,14,Champions,1,1,18.0,203.0,242.0,374.2027777777778,10.238390642189751,375.0690733863691,3840.1036911337824,High,-340.6300000000001
16730,52.0,3.0,702.79,4,3,3,433,10,Loyal Customers,3,0,2.0,267.0,320.0,278.045,1.1716447292239776,285.3769046442202,334.36034616865425,Medium,-146.69999999999993
16731,648.0,1.0,174.05,1,2,1,121,4,Hibernating/Lost,0,2,0.0,0.0,649.0,0.0,0.16717541616890327,470.98914615257866,78.73780651909374,Low,-174.05
16732,32.0,4.0,3966.79,4,4,5,445,13,Champions,3,-1,3.0,700.0,732.0,1198.2666666666667,0.8010548571473479,1206.3360114094978,966.3413212913367,High,-371.9899999999998
16733,530.0,1.0,259.68,1,2,1,121,4,Hibernating/Lost,0,2,0.0,0.0,530.0,0.0,0.20026608232353524,470.98914615257866,94.32315111688389,Low,-259.68
16734,52.0,3.0,650.51,4,3,3,433,10,Loyal Customers,3,0,1.0,62.0,115.0,344.35,1.4632424458009652,359.78492592898266,526.4525749786437,Medium,-306.15999999999997
16735,79.0,14.0,5632.01,3,5,5,355,13,Loyal Customers,1,1,10.0,653.0,732.0,560.429,2.3407345501045547,562.1822440919195,1315.9194022012682,High,-27.720000000000255
16736,506.0,5.0,2904.51,1,4,5,145,10,Can't Lose Them,0,1,4.0,231.0,737.0,432.645,0.3600161961111641,436.70301381937435,157.2201578655323,Low,-1173.9300000000003
16737,53.0,2.0,835.1999999999999,4,2,3,423,9,New Customers,3,3,1.0,524.0,578.0,417.59999999999997,0.43219452169315653,433.8019909515098,187.4868439888268,Low,-417.59999999999997
16738,298.0,1.0,3.75,2,2,1,221,5,Hibernating/Lost,0,2,0.0,0.0,298.0,0.0,0.3262773901172908,470.98914615257866,153.6731093802346,Low,-3.75
16739,177.0,2.0,772.23,3,2,3,323,8,Potential Loyalists,0,3,1.0,360.0,537.0,323.0,0.4452012363167396,338.2113513456249,150.5721117554274,Low,-449.23
16740,395.0,1.0,236.81,2,2,1,221,5,Hibernating/Lost,0,2,0.0,0.0,396.0,0.0,0.2577413805074567,470.98914615257866,121.39339273339391,Low,-236.81
16741,625.0,1.0,173.06,1,2,1,121,4,Hibernating/Lost,0,2,0.0,0.0,626.0,0.0,0.17268971543298167,470.98914615257866,81.33498162111182,Low,-173.06
16742,47.0,14.0,2387.71,4,5,4,454,13,Champions,1,1,12.0,231.0,724.0,180.63666666666666,0.0018272643502063183,181.76917381089612,0.3321403312711064,Low,-220.07000000000016
16743,29.0,14.0,4207.01,4,5,5,455,14,Champions,1,1,12.0,567.0,597.0,328.73333333333335,3.3797899612990183,329.9938492053879,1115.309898834792,High,-262.21000000000004
16744,11.0,7.0,1304.76,5,4,4,544,13,Champions,3,1,6.0,162.0,174.0,199.13333333333333,4.842687706231616,201.43231029473634,975.4737727021519,High,-109.96000000000004
16745,87.0,17.0,7170.7,3,5,5,355,13,Loyal Customers,1,1,16.0,225.0,312.0,434.6875,5.721387052397348,435.70135467059265,2492.8160893243135,High,-215.69999999999982
16746,5.0,42.0,18031.85,5,5,5,555,15,Champions,2,-1,40.0,731.0,736.0,442.48249999999996,9.056973349845455,442.889904305293,4011.242060208642,High,-332.5499999999993
16747,38.0,2.0,826.96,4,2,3,423,9,New Customers,3,3,1.0,30.0,68.0,355.86,1.9714042060665693,371.4154572383245,732.2099945977709,Medium,-471.1
16748,18.0,14.0,3632.29,5,5,5,555,15,Champions,1,1,12.0,712.0,730.0,294.56583333333333,2.8258408930126135,295.79681620976817,835.8747392684992,Medium,-97.5
16749,591.0,2.0,4387.08,1,2,5,125,8,Hibernating/Lost,0,-1,1.0,133.0,725.0,2043.3600000000001,0.23244440784373704,2076.5867504194125,482.6909775373905,Medium,-2343.72
16750,45.0,5.0,623.93,4,4,3,443,11,Champions,3,1,4.0,188.0,233.0,126.3075,2.6711120493767817,129.56978124103296,346.0954039080368,Medium,-118.69999999999993
16751,31.0,1.0,1764.72,4,2,4,424,10,New Customers,3,2,0.0,0.0,31.0,0.0,1.1990808315035197,470.98914615257866,564.7540569977668,Medium,-1764.72
16752,373.0,1.0,415.0,2,2,2,222,6,Hibernating/Lost,0,2,0.0,0.0,373.0,0.0,0.27110194122884895,470.98914615257866,127.68607181968213,Low,-415.0
16753,58.0,1.0,223.92000000000002,4,2,1,421,7,New Customers,3,2,0.0,0.0,59.0,0.0,0.9346755101752721,470.98914615257866,440.22202046717723,Medium,-223.92000000000002
16754,372.0,29.0,56560.58,2,5,5,255,12,Can't Lose Them,2,-1,18.0,269.0,642.0,3103.772777777778,0.0009210062286109626,3106.2115064397003,2.860840144814005,Low,-692.6699999999983
16755,114.0,7.0,2882.03,3,4,5,345,12,Loyal Customers,3,1,6.0,616.0,731.0,448.0,1.448079259975527,450.7295695725928,652.692141555768,Medium,-194.0300000000002
16756,215.0,7.0,1287.42,2,4,4,244,10,Can't Lose Them,0,1,5.0,426.0,641.0,205.156,1.2882427596496906,207.92823626934273,267.86204490071094,Low,-261.6400000000001
16757,319.0,2.0,270.48,2,2,1,221,5,Hibernating/Lost,0,3,1.0,91.0,410.0,106.83000000000001,0.44712640088484984,119.77764559928076,53.55574758326748,Low,-163.65
16758,65.0,1.0,369.34000000000003,3,2,2,322,7,Potential Loyalists,3,2,0.0,0.0,66.0,0.0,0.8859649921801986,470.98914615257866,417.2798951880278,Medium,-369.34000000000003
16759,8.0,3.0,772.84,5,3,3,533,11,Loyal Customers,3,0,1.0,23.0,31.0,370.94,2.8041572918132256,386.65337315012937,1084.2368757231154,High,-401.90000000000003
16760,430.0,1.0,228.0,1,2,1,121,4,Hibernating/Lost,0,2,0.0,0.0,431.0,0.0,0.23976378997776246,470.98914615257866,112.92614271993254,Low,-228.0
16761,97.0,1.0,316.62,3,2,2,322,7,Potential Loyalists,0,2,0.0,0.0,97.0,0.0,0.7201075895252524,470.98914615257866,339.1628587284902,Medium,-316.62
16762,20.0,3.0,1501.38,4,3,4,434,11,Loyal Customers,3,0,2.0,125.0,145.0,593.615,2.141267534476398,602.5906035196061,1290.3076958970717,High,-314.1500000000001
16763,199.0,2.0,947.75,2,2,3,223,7,Hibernating/Lost,0,3,1.0,540.0,739.0,611.85,0.3375171896133707,630.0861531443551,212.66490762358262,Low,-335.9
16764,4.0,13.0,2758.25,5,5,4,554,14,Champions,1,1,12.0,140.0,144.0,218.5475,10.598034733209563,219.71277572474528,2328.5236284607336,High,-135.67999999999984
16765,294.0,2.0,454.75,2,2,2,222,6,Hibernating/Lost,0,3,1.0,88.0,383.0,34.0,0.4824422282766103,46.18497876527859,22.281584068428934,Low,-420.75
16766,273.0,2.0,1145.6,2,2,3,223,7,Hibernating/Lost,0,3,0.0,0.0,274.0,0.0,0.3490207829840967,470.98914615257866,164.38500056718416,Low,-1145.6
16767,31.0,15.0,7971.8,4,5,5,455,14,Champions,1,1,11.0,560.0,591.0,661.5127272727273,3.1390005286081313,663.2017583521053,2081.790670041101,High,-695.1600000000008
16768,48.0,9.0,1647.07,4,5,4,454,13,Champions,1,1,8.0,685.0,733.0,185.39249999999998,1.9121595010914059,187.09816399258935,357.7615319151877,Medium,-163.93000000000006
16769,260.0,4.0,1141.75,2,4,3,243,9,Can't Lose Them,0,1,2.0,465.0,726.0,373.645,0.5487936845545395,381.47485315797906,209.35099022946923,Low,-394.46000000000004
16770,58.0,9.0,1900.03,4,5,4,454,13,Champions,1,1,8.0,417.0,475.0,219.70875,2.793125914310205,221.45892558318593,618.5626640016919,Medium,-142.3599999999999
16771,33.0,10.0,3967.6,4,5,5,455,14,Champions,1,1,9.0,697.0,731.0,418.2555555555556,2.1449230906198,420.0399299829391,900.9533448027302,High,-203.29999999999973
16772,423.0,3.0,2785.6,1,3,4,134,8,At Risk,0,0,1.0,277.0,701.0,1722.45,0.31461432212627227,1752.3162202299352,551.3037797785126,Medium,-1063.1499999999999
16773,57.0,3.0,421.24,4,3,2,432,9,Loyal Customers,3,0,2.0,676.0,734.0,141.745,0.5732404911997188,148.3669634054614,85.0499509803574,Low,-137.75
16774,68.0,8.0,1587.85,3,5,4,354,12,Loyal Customers,3,1,7.0,594.0,662.0,177.10714285714286,1.843854261993842,179.04454992711766,330.13205646988513,Medium,-348.0999999999999
16775,10.0,16.0,2975.29,5,5,5,555,15,Champions,1,1,15.0,432.0,443.0,196.58266666666665,5.458087583792541,197.49954033883054,1077.9697889281051,High,-26.550000000000182
16776,60.0,2.0,619.85,3,2,3,323,8,Potential Loyalists,3,3,1.0,355.0,416.0,388.28,0.5729730493994487,404.17495550495016,231.5813567465578,Low,-231.57000000000005
16777,80.0,5.0,1277.01,3,4,4,344,11,Loyal Customers,3,1,4.0,552.0,633.0,274.47,1.1578386851062912,278.11714345391425,322.01478768219783,Medium,-179.12999999999988
16778,74.0,2.0,245.94,3,2,1,321,6,Potential Loyalists,3,3,1.0,200.0,275.0,152.76,0.7952253852944884,166.18861893012956,132.1574085202712,Low,-93.18
16779,2.0,53.0,32981.61,5,5,5,555,15,Champions,2,-1,50.0,734.0,737.0,642.4306,11.276870655713694,642.7979578014363,7248.749427883706,High,-860.0799999999981
16780,100.0,3.0,605.55,3,3,3,333,9,Loyal Customers,3,0,2.0,307.0,408.0,212.595,0.9432397401748448,219.58599742428797,207.12223915651953,Low,-180.35999999999996
16781,372.0,2.0,901.05,2,2,3,223,7,Hibernating/Lost,0,3,1.0,297.0,670.0,622.5,0.3375769740146262,640.8476786390979,216.3354201592843,Low,-278.54999999999995
16782,10.0,38.0,10348.960000000001,5,5,5,555,15,Champions,1,6,35.0,720.0,731.0,292.92885714285717,7.984268742231712,293.35018397720233,2342.1867044570986,High,-96.45000000000073
16783,437.0,1.0,391.95,1,2,2,122,5,Hibernating/Lost,0,2,0.0,0.0,437.0,0.0,0.23693109732714998,470.98914615257866,111.59197522710788,Low,-391.95
16784,20.0,5.0,896.53,4,4,3,443,11,Champions,3,1,4.0,602.0,622.0,171.515,1.189221810694429,174.89471080984305,207.98860467016007,Low,-210.47000000000003
16785,410.0,1.0,533.78,2,2,2,222,6,Hibernating/Lost,0,2,0.0,0.0,410.0,0.0,0.25023577369087,470.98914615257866,117.85833338749278,Low,-533.78
16786,394.0,1.0,51.839999999999996,2,2,1,221,5,Hibernating/Lost,0,2,0.0,0.0,394.0,0.0,0.25885058274552675,470.98914615257866,121.91581494841306,Low,-51.839999999999996
16787,398.0,4.0,1035.43,2,4,3,243,9,Can't Lose Them,0,1,3.0,301.0,699.0,264.63,0.63593123252748,269.46296249254016,171.35991385838716,Low,-241.54000000000008
16788,123.0,5.0,1950.3,3,4,4,344,11,Loyal Customers,3,1,4.0,547.0,671.0,382.9125,1.0874102688962233,386.84133025401803,420.65523495169447,Medium,-418.64999999999986
16789,8.0,1.0,80.8,5,2,1,521,8,New Customers,3,2,0.0,0.0,9.0,0.0,1.5441607156329216,470.98914615257866,727.2829369783045,Medium,-80.8
16790,4.0,6.0,1520.1200000000001,5,4,4,544,13,Champions,3,1,5.0,34.0,38.0,176.282,9.387742359065513,178.99426567526748,1680.3520499095348,High,-638.71
16791,29.0,15.0,3946.12,4,5,5,455,14,Champions,1,1,12.0,707.0,737.0,309.9016666666667,2.796468236977758,311.145905212924,870.1096409936341,High,-227.29999999999927
16792,282.0,5.0,623.46,2,4,3,243,9,Can't Lose Them,0,1,3.0,422.0,705.0,137.39000000000001,0.7563562548466424,141.78189447086822,107.23762270704776,Low,-211.28999999999996
16793,57.0,1.0,243.84,4,2,1,421,7,New Customers,3,2,0.0,0.0,58.0,0.0,0.9420787360010973,470.98914615257866,443.70885947765737,Medium,-243.84
16794,1.0,15.0,2069.71,5,5,4,554,14,Champions,1,-1,13.0,623.0,625.0,142.14461538461538,3.517647463641289,143.15922747705153,503.58369343149667,Medium,-221.83000000000015
16795,365.0,3.0,2465.19,2,3,4,234,9,At Risk,0,0,2.0,318.0,684.0,937.21,0.5289161458095376,947.9752752725873,501.39942891991234,Medium,-590.77
16796,89.0,1.0,305.62,3,2,2,322,7,Potential Loyalists,0,2,0.0,0.0,90.0,0.0,0.751854825076943,470.98914615257866,354.1154620936858,Medium,-305.62
16797,393.0,5.0,1786.77,2,4,4,244,10,Can't Lose Them,0,1,4.0,344.0,738.0,412.72249999999997,0.7328812567927442,416.728763764967,305.41270012975565,Medium,-135.8800000000001
16798,554.0,3.0,837.56,1,3,3,133,7,At Risk,0,0,2.0,175.0,730.0,319.905,0.32702563364075127,327.4549394223159,107.08615905337668,Low,-197.75
16799,432.0,2.0,491.03000000000003,1,2,2,122,5,Hibernating/Lost,0,3,1.0,21.0,454.0,247.19,0.25354320431682076,261.6074783168496,66.32879832569725,Low,-243.84000000000003
16800,11.0,1.0,1201.49,5,2,3,523,10,New Customers,3,2,0.0,0.0,12.0,0.0,1.485694288265705,470.98914615257866,699.7458842740274,Medium,-1201.49
16801,163.0,4.0,867.83,3,4,3,343,10,Loyal Customers,0,1,2.0,38.0,202.0,176.95,1.2282640335119743,183.75533450825304,225.70006834244896,Low,-513.9300000000001
16802,679.0,2.0,582.61,1,2,2,122,5,Hibernating/Lost,0,3,1.0,51.0,731.0,323.5,0.14678097895265288,338.7165872843452,49.71715226909789,Low,-259.11
16803,65.0,1.0,332.3,3,2,2,322,7,Potential Loyalists,3,2,0.0,0.0,66.0,0.0,0.8859649921801986,470.98914615257866,417.2798951880278,Medium,-332.3
16804,23.0,3.0,536.99,4,3,2,432,9,Loyal Customers,3,0,1.0,247.0,271.0,418.94,0.8224166526216419,435.1560232672803,357.879560023622,Medium,-118.05000000000001
16805,174.0,5.0,1097.24,3,4,3,343,10,Loyal Customers,0,1,4.0,558.0,732.0,270.56,0.9912713468979788,274.1969869618709,271.8036165810613,Low,-15.0
16806,103.0,4.0,801.49,3,4,3,343,10,Loyal Customers,3,1,3.0,136.0,240.0,186.73333333333335,1.9212344104128132,191.29627280904305,367.5249819044505,Medium,-241.28999999999996
16807,143.0,6.0,2064.88,3,4,4,344,11,Loyal Customers,3,1,5.0,481.0,624.0,369.966,1.394081933563398,373.0805426214085,520.1048442325349,Medium,-215.05000000000018
16808,99.0,2.0,288.42,3,2,2,322,7,Potential Loyalists,0,3,1.0,175.0,275.0,121.92,0.7831415294674497,135.02566622986006,105.74420676861399,Low,-166.5
16809,23.0,9.0,1725.48,4,5,4,454,13,Champions,1,1,8.0,582.0,606.0,183.2525,2.2783985153367694,184.95538819966686,421.4020818776568,Medium,-259.46000000000004
16810,192.0,2.0,786.14,2,2,3,223,7,Hibernating/Lost,0,3,1.0,228.0,421.0,309.54,0.5342532355155711,324.61039987527386,173.4241564153684,Low,-476.59999999999997
16811,5.0,2.0,547.07,5,2,2,522,9,New Customers,3,3,1.0,13.0,18.0,232.3,3.240256627267836,246.56155206175845,798.9227030975563,Medium,-314.77000000000004
16812,361.0,4.0,2216.8,2,4,4,244,10,Can't Lose Them,0,1,3.0,22.0,383.0,427.4166666666667,0.13367143328043607,432.81391706412063,57.85485663768079,Low,-934.5500000000002
16813,8.0,10.0,1692.98,5,5,4,554,14,Champions,1,1,9.0,196.0,205.0,165.19222222222223,6.263094474289636,166.68486240853392,1043.963040698617,High,-206.25
16814,14.0,36.0,12491.210000000001,5,5,5,555,15,Champions,1,6,35.0,593.0,608.0,332.67085714285713,9.42114851472513,333.10395490256974,3138.2218299794117,High,-847.7300000000014
16815,454.0,2.0,410.97,1,2,2,122,5,Hibernating/Lost,0,3,1.0,83.0,537.0,177.85,0.3003165476807897,191.54135833511532,57.523039473290886,Low,-233.12000000000003
16816,103.0,4.0,417.06,3,4,2,342,9,Loyal Customers,3,1,3.0,255.0,359.0,113.76,1.4433108184447054,118.06998282867937,170.41168355021355,Low,-75.77999999999997
16817,3.0,13.0,2594.55,5,5,4,554,14,Champions,1,1,11.0,429.0,432.0,230.25181818181818,4.152662941063476,231.53416526705954,961.4833476945845,High,-61.7800000000002
16818,11.0,11.0,3317.97,5,5,5,555,15,Champions,1,1,10.0,195.0,206.0,279.515,6.88513751157257,280.9768209665108,1934.5640499189337,High,-522.8200000000002
16819,465.0,2.0,182.59,1,2,1,121,4,Hibernating/Lost,0,3,0.0,0.0,466.0,0.0,0.2241334800431882,470.98914615257866,105.56443638974724,Low,-182.59
16820,96.0,1.0,497.61,3,2,2,322,7,Potential Loyalists,0,2,0.0,0.0,96.0,0.0,0.7244767043350695,470.98914615257866,341.22066438220855,Medium,-497.61
16821,382.0,1.0,113.35,2,2,1,221,5,Hibernating/Lost,0,2,0.0,0.0,382.0,0.0,0.2657119441891347,470.98914615257866,125.14744171618219,Low,-113.35
16822,686.0,1.0,144.84,1,2,1,121,4,Hibernating/Lost,0,2,0.0,0.0,687.0,0.0,0.1587982552533611,470.98914615257866,74.79225465229979,Low,-144.84
16823,227.0,7.0,2253.14,2,4,4,244,10,Can't Lose Them,0,1,6.0,510.0,738.0,345.13166666666666,1.33457579749225,347.6832520003414,464.00965331305457,Medium,-182.3499999999999
16824,16.0,3.0,686.24,5,3,3,533,11,Loyal Customers,3,0,2.0,378.0,394.0,230.32,0.9971325378148369,237.40332103732536,236.7225759916187,Low,-225.60000000000002
16825,39.0,5.0,1826.89,4,4,4,444,12,Champions,3,1,4.0,496.0,535.0,365.8975,1.3549872216156889,369.7821326294357,501.0500644946832,Medium,-363.3000000000002
16826,51.0,1.0,341.7,4,2,2,422,8,New Customers,3,2,0.0,0.0,52.0,0.0,0.9891079619975823,470.98914615257866,465.8591144739585,Medium,-341.7
16827,393.0,5.0,392.13,2,4,2,242,8,Can't Lose Them,0,1,4.0,196.0,590.0,85.92,0.5477346959782194,89.07737195141688,48.790767244348096,Low,-48.44999999999999
16828,93.0,2.0,128.5,3,2,1,321,6,Potential Loyalists,0,3,1.0,19.0,113.0,15.0,1.3489978700252956,26.986013093906344,36.404074184154396,Low,-113.5
16829,157.0,2.0,513.32,3,2,2,322,7,Potential Loyalists,0,3,1.0,232.0,389.0,197.22,0.5807961380155409,211.11419860114063,122.61431122778838,Low,-316.1
16830,39.0,4.0,1183.7,4,4,3,443,11,Champions,3,1,3.0,688.0,727.0,302.36000000000007,0.8053212284150134,307.32375073882815,247.49434046610247,Low,-276.6199999999999
16831,565.0,1.0,91.8,1,2,1,121,4,Hibernating/Lost,0,2,0.0,0.0,565.0,0.0,0.18924723782550548,470.98914615257866,89.13339495516881,Low,-91.8
16832,184.0,5.0,417.61,3,4,2,342,9,Loyal Customers,0,1,4.0,274.0,459.0,76.6525,1.396464212475626,79.78579898721962,111.41801294942624,Low,-111.0
16833,1.0,6.0,2409.04,5,4,4,544,13,Champions,1,7,4.0,622.0,624.0,524.04,1.188584987916623,528.3354185739262,627.971547101614,Medium,-312.8800000000001
16834,228.0,2.0,898.96,2,3,3,233,8,At Risk,0,3,1.0,447.0,675.0,413.46,0.3615748081926698,429.6186373789056,155.33927640627394,Low,-485.50000000000006
16835,128.0,6.0,1471.51,3,4,4,344,11,Loyal Customers,3,1,5.0,441.0,570.0,247.356,1.514088529752855,250.21588464054093,378.8490008962066,Medium,-234.73000000000002
16836,40.0,4.0,782.37,4,4,3,443,11,Champions,3,1,3.0,535.0,575.0,187.20666666666668,0.9935958360884285,191.77124691726576,190.54311241848114,Low,-220.75
16837,31.0,11.0,3167.73,4,5,5,455,14,Champions,1,1,8.0,214.0,246.0,377.78,4.825935432760004,379.73520972197116,1832.5776036638117,High,-145.49000000000024
16838,197.0,4.0,1126.66,2,4,3,243,9,Can't Lose Them,0,1,3.0,466.0,664.0,272.79333333333335,0.8364146736103432,277.6545934153389,232.23437612790323,Low,-308.28
16839,9.0,44.0,20968.27,5,5,5,555,15,Champions,2,-1,41.0,658.0,667.0,536.2358536585366,10.14208779722932,536.6570222931256,5442.822637096532,High,1017.4000000000015
16840,603.0,2.0,126.71000000000001,1,3,1,131,5,At Risk,0,3,1.0,71.0,675.0,32.1,0.19634996998630144,44.26508219814137,8.691447561046225,Low,-94.61000000000001
16841,37.0,12.0,3841.16,4,5,5,455,14,Champions,1,1,11.0,660.0,697.0,337.5190909090909,2.7046463198289925,338.90259226543196,916.6116489512061,High,-128.44999999999982
16842,101.0,3.0,1260.44,3,3,4,334,10,Loyal Customers,3,0,2.0,202.0,303.0,371.81,1.1915138077997027,379.6302952550215,452.33473865543607,Medium,-516.82
16843,43.0,35.0,19528.78,4,5,5,455,14,Champions,2,-1,26.0,687.0,730.0,723.7476923076922,5.922999888700218,724.4867099808307,4291.134702581247,High,-711.3400000000001
16844,563.0,2.0,614.34,1,3,3,133,7,At Risk,0,3,1.0,20.0,583.0,311.99,0.16065618249209998,327.0860559750034,52.54839709934137,Low,-302.35
16845,618.0,1.0,253.88,1,2,1,121,4,Hibernating/Lost,0,2,0.0,0.0,619.0,0.0,0.17444098049665588,470.98914615257866,82.15980845813858,Low,-253.88
16846,50.0,3.0,842.41,4,3,3,433,10,Loyal Customers,3,0,2.0,589.0,640.0,243.275,0.6491076164271808,250.42579931133946,162.5532936828551,Low,-355.85999999999996
16847,43.0,2.0,614.89,4,3,3,433,10,Loyal Customers,3,3,1.0,575.0,619.0,193.44,0.40744180466494967,207.294614904415,84.46049199398063,Low,-421.45
16848,53.0,4.0,1411.62,4,4,4,444,12,Champions,3,1,2.0,380.0,433.0,329.83500000000004,0.9123215918168697,337.43666148028274,307.85075213906174,Medium,-751.9499999999998
16849,187.0,1.0,124.57,3,2,1,321,6,Potential Loyalists,0,2,0.0,0.0,187.0,0.0,0.46718489057148954,470.98914615257866,220.03901270565174,Low,-124.57
16850,334.0,1.0,332.41,2,2,2,222,6,Hibernating/Lost,0,2,0.0,0.0,334.0,0.0,0.29723468882660037,470.98914615257866,139.9943122973679,Low,-332.41
16851,4.0,3.0,342.45,5,3,2,532,10,Loyal Customers,3,0,2.0,47.0,52.0,115.68,3.820815465606879,122.16619951413162,466.77450447800965,Medium,-111.08999999999997
16852,10.0,2.0,144.91000000000003,5,3,1,531,9,Loyal Customers,3,3,1.0,166.0,177.0,31.85,1.139484393763695,44.01246422878121,50.15151611977907,Low,-113.06000000000003
16854,417.0,2.0,1408.96,1,3,4,134,8,At Risk,0,3,1.0,223.0,641.0,118.15,0.33077377434852584,131.21618725190885,43.40287351293681,Low,-1290.81
16855,24.0,2.0,328.4,4,3,2,432,9,Loyal Customers,3,3,1.0,20.0,44.0,177.2,2.426814847776506,190.8845516147789,463.24146406990627,Medium,-151.2
16856,15.0,3.0,358.49,5,3,2,532,10,Loyal Customers,3,0,2.0,428.0,443.0,87.355,0.9023558351830455,93.69366403659792,84.545024463104,Low,-183.78
16857,443.0,1.0,352.8,1,2,2,122,5,Hibernating/Lost,0,2,0.0,0.0,443.0,0.0,0.23416464708034065,470.98914615257866,110.28900718748956,Low,-352.8
16858,369.0,10.0,4431.63,2,5,5,255,12,Can't Lose Them,1,1,9.0,356.0,725.0,485.6022222222222,0.4729502079180495,487.4642346401827,230.54631112568728,Low,-61.210000000000036
16859,145.0,7.0,1657.74,3,4,4,344,11,Loyal Customers,3,1,5.0,501.0,646.0,334.928,1.3530213651816985,337.96976954960655,457.2803189861527,Medium,16.899999999999864
16860,453.0,3.0,1593.67,1,3,4,134,8,At Risk,0,0,2.0,210.0,663.0,546.75,0.44910933517364326,555.4814993658686,249.47192688146376,Low,-500.1700000000001
16861,60.0,5.0,902.37,3,4,3,343,10,Loyal Customers,3,1,4.0,449.0,509.0,202.2975,1.4083252025467072,205.75717045596147,289.7730087578293,Medium,-93.17999999999995
16862,547.0,4.0,662.33,1,4,3,143,8,Can't Lose Them,0,1,3.0,154.0,702.0,165.57666666666668,0.255165023952096,170.0662681267222,43.39496337999865,Low,-165.60000000000002
16863,31.0,3.0,977.07,4,3,3,433,10,Loyal Customers,3,0,2.0,378.0,410.0,333.525,0.9605813538980499,341.1458814595271,327.6983726891362,Medium,-310.0200000000001
16864,434.0,2.0,409.25,1,3,2,132,6,At Risk,0,3,1.0,164.0,599.0,297.53,0.3284204430794759,312.47463262721163,102.6230572985253,Low,-111.72000000000003
16865,402.0,1.0,130.95,2,2,1,221,5,Hibernating/Lost,0,2,0.0,0.0,402.0,0.0,0.2544701740471112,470.98914615257866,119.85268999574699,Low,-130.95
16866,141.0,3.0,207.73999999999998,3,3,1,331,7,Loyal Customers,0,0,2.0,21.0,162.0,49.394999999999996,1.4179705498539619,55.53594305770369,78.74833171419041,Low,-108.94999999999999
16867,690.0,1.0,76.74000000000001,1,2,1,121,4,Hibernating/Lost,0,2,0.0,0.0,690.0,0.0,0.15817254178903753,470.98914615257866,74.49755040200185,Low,-76.74000000000001
16868,394.0,3.0,393.39,2,3,2,232,7,At Risk,0,0,2.0,199.0,594.0,104.745,0.5194348541815254,111.1742427463706,57.74777656970251,Low,-183.89999999999998
16869,23.0,4.0,805.62,4,4,3,443,11,Champions,3,1,3.0,153.0,176.0,197.29666666666665,2.5981383744602784,201.89622315381612,524.5543250345254,Medium,-213.73000000000002
16870,469.0,1.0,450.15999999999997,1,2,2,122,5,Hibernating/Lost,0,2,0.0,0.0,470.0,0.0,0.2224761198605523,470.98914615257866,104.78383773246027,Low,-450.15999999999997
16871,22.0,6.0,2761.4900000000002,4,4,4,444,12,Champions,3,1,4.0,248.0,271.0,569.33,2.4041131880832483,573.743062442121,1379.3432629883737,High,-484.1700000000001
16872,77.0,6.0,1213.13,3,4,4,344,11,Loyal Customers,3,1,5.0,386.0,464.0,219.536,1.8438930301114624,222.33810317876998,409.96767877953715,Medium,-115.45000000000005
16873,5.0,12.0,14547.03,5,5,5,555,15,Champions,1,-1,11.0,664.0,669.0,1196.0627272727272,2.820309112530144,1198.2558451461625,3379.4518792082313,High,-1390.340000000002
16874,379.0,1.0,217.74,2,2,1,221,5,Hibernating/Lost,0,2,0.0,0.0,380.0,0.0,0.26689108588693405,470.98914615257866,125.70280465762161,Low,-217.74
16875,67.0,11.0,4053.2,3,5,5,355,13,Loyal Customers,1,1,8.0,636.0,704.0,448.74375000000003,1.974542076932691,450.79100676636557,890.1058107630382,High,-463.24999999999955
16876,404.0,1.0,136.01,2,2,1,221,5,Hibernating/Lost,0,2,0.0,0.0,404.0,0.0,0.25339817482924165,470.98914615257866,119.34778999944638,Low,-136.01
16877,12.0,6.0,853.72,5,4,3,543,12,Champions,3,1,5.0,196.0,209.0,155.19400000000002,3.5907349997696496,157.86246641337584,566.8422833004694,Medium,-77.75
16878,84.0,1.0,0.0,3,2,1,321,6,Potential Loyalists,0,2,,,,,,,0.0,Low,
16880,31.0,8.0,1840.86,4,5,4,454,13,Champions,3,1,6.0,463.0,494.0,253.17999999999998,2.0900977546769295,255.57248926515106,534.1714859702859,Medium,-321.78
16881,67.0,1.0,432.0,3,2,2,322,7,Potential Loyalists,3,2,0.0,0.0,67.0,0.0,0.8794209617072207,470.98914615257866,414.19772786316344,Medium,-432.0
16882,67.0,3.0,705.12,3,3,3,333,9,Loyal Customers,3,0,2.0,251.0,318.0,347.61,1.1706466851430852,355.3042455266432,415.9357372430297,Medium,-9.899999999999977
16883,187.0,19.0,2386.64,3,5,4,354,12,Loyal Customers,1,-1,17.0,548.0,736.0,134.5670588235294,2.6354061229622183,135.3381708721171,356.6710441868844,Medium,-99.0
16884,38.0,4.0,1073.92,4,4,3,443,11,Champions,3,1,2.0,533.0,571.0,326.535,0.7199582197270985,334.11947288095837,240.55206087153135,Low,-420.85
16885,15.0,4.0,710.74,5,4,3,543,12,Champions,3,1,3.0,370.0,386.0,157.17,1.4094841335024868,161.6304603736399,227.81556938734786,Low,-239.23000000000002
16886,456.0,1.0,0.0,1,2,1,121,4,Hibernating/Lost,0,2,,,,,,,0.0,Low,
16887,35.0,3.0,660.72,4,3,3,433,10,Loyal Customers,3,0,2.0,703.0,739.0,220.45,0.5714243906656491,227.48191149934627,129.98871266597106,Low,-219.82000000000005
16888,401.0,3.0,437.15,2,3,2,232,7,At Risk,0,0,2.0,301.0,702.0,118.53,0.4994296794503565,125.03104421354807,62.444214332915664,Low,-200.08999999999997
16889,195.0,6.0,2530.9,2,4,4,244,10,Can't Lose Them,0,1,5.0,371.0,566.0,434.78000000000003,1.4345968321210918,438.0291597192957,628.3952449099654,Medium,-357.0
16890,477.0,3.0,285.41,1,3,2,132,6,At Risk,0,0,2.0,106.0,583.0,58.56,0.3340773021547205,64.74868048582714,21.631064494783125,Low,-168.29000000000002
16891,2.0,11.0,2056.82,5,5,4,554,14,Champions,1,1,10.0,734.0,736.0,173.899,2.3635312052512303,175.2512538220709,414.2118071678685,Medium,-317.83000000000015
16892,1.0,7.0,733.4,5,4,3,543,12,Champions,3,-1,5.0,730.0,732.0,132.91,1.2531769840049316,135.5321830886417,169.84581243862817,Low,-68.85000000000002
16893,367.0,2.0,401.77,2,3,2,232,7,At Risk,0,3,1.0,10.0,377.0,291.86,0.3033689336247632,306.7452570821232,93.05698153545755,Low,-109.90999999999997
16894,502.0,3.0,1282.36,1,3,4,134,8,At Risk,0,0,1.0,33.0,536.0,17.0,0.2162360415326179,29.00695684878763,6.272349525889298,Low,-1265.36
16895,65.0,5.0,1121.42,3,4,3,343,10,Loyal Customers,3,1,4.0,601.0,666.0,242.7575,1.1104358670904126,246.32226806927912,273.525081327187,Low,-150.3900000000001
16896,555.0,1.0,103.95,1,2,1,121,4,Hibernating/Lost,0,2,0.0,0.0,556.0,0.0,0.19196306717883657,470.98914615257866,90.41252110339033,Low,-103.95
16897,299.0,2.0,213.03,2,3,1,231,6,At Risk,0,3,0.0,0.0,314.0,0.0,0.3126965660627465,470.98914615257866,147.27668865473638,Low,-213.03
16898,26.0,5.0,887.67,4,4,3,443,11,Champions,3,1,4.0,550.0,577.0,205.9325,1.2702740488843487,209.40161261672296,265.9974343015566,Low,-63.93999999999994
16899,8.0,8.0,1721.02,5,5,4,554,14,Champions,1,1,7.0,390.0,398.0,205.80142857142854,2.9135762428880922,207.7813799174858,605.3868922420916,Medium,-280.4100000000001
16900,17.0,3.0,187.6900000000001,5,3,1,531,9,Loyal Customers,3,0,2.0,47.0,64.0,67.215,3.4350813937930624,73.44876149405499,252.30247400537263,Low,-53.260000000000105
16901,729.0,1.0,204.26,1,2,1,121,4,Hibernating/Lost,0,2,0.0,0.0,730.0,0.0,0.15027765235295168,470.98914615257866,70.77914316753076,Low,-204.26
16902,116.0,1.0,1706.88,3,2,4,324,9,Potential Loyalists,0,2,0.0,0.0,117.0,0.0,0.6426528665207559,470.98914615257866,302.68252487511796,Medium,-1706.88
16903,29.0,3.0,1029.98,4,3,3,433,10,Loyal Customers,3,0,2.0,386.0,416.0,310.115,0.9492492481842554,317.61394657765373,301.49480000167205,Medium,-409.75
16904,4.0,21.0,5132.37,5,5,5,555,15,Champions,1,1,18.0,407.0,412.0,274.305,6.935335265057198,275.1137471420812,1908.0060724565046,High,-194.8800000000001
16905,5.0,17.0,5004.5,5,5,5,555,15,Champions,1,1,14.0,724.0,730.0,343.1535714285714,3.279550949668521,344.2445625462194,1128.9675820166785,High,-200.35000000000036
16906,82.0,7.0,1448.8,3,4,4,344,11,Loyal Customers,3,1,5.0,494.0,576.0,220.248,1.5305313498240787,223.051581985412,341.3874388565288,Medium,-347.55999999999995
16907,29.0,9.0,1707.9,4,5,4,454,13,Champions,1,1,8.0,497.0,527.0,200.40625,2.5753268962204725,202.13138832015485,520.5544009112795,Medium,-104.65000000000009
16908,722.0,1.0,153.59,1,2,1,121,4,Hibernating/Lost,0,2,0.0,0.0,723.0,0.0,0.151601826277843,470.98914615257866,71.40281471377283,Low,-153.59
16909,72.0,1.0,364.14,3,2,2,322,7,Potential Loyalists,3,2,0.0,0.0,73.0,0.0,0.842115185657118,470.98914615257866,396.62711225476625,Medium,-364.14
16910,4.0,8.0,1510.06,5,5,4,554,14,Champions,1,1,7.0,87.0,92.0,199.75428571428571,8.447793440548883,201.72527111786277,1704.1334221424263,High,-111.77999999999997
16911,636.0,2.0,251.35,1,3,1,131,5,At Risk,0,3,1.0,26.0,662.0,115.9,0.13623121997012916,128.9426255276674,17.566011181785647,Low,-135.45
16912,29.0,15.0,4433.6,4,5,5,455,14,Champions,1,1,9.0,702.0,731.0,455.1677777777778,2.1465421753098215,456.99470502778655,980.9584082354152,High,-337.09000000000015
16913,290.0,3.0,423.90999999999997,2,3,2,232,7,At Risk,0,0,1.0,361.0,652.0,113.44,0.3623309285966059,126.45686470916341,45.819233217486534,Low,-310.46999999999997
16914,36.0,1.0,208.46,4,2,1,421,7,New Customers,3,2,0.0,0.0,37.0,0.0,1.130421845773504,470.98914615257866,532.4164199330846,Medium,-208.46
16915,9.0,11.0,1543.18,5,5,4,554,14,Champions,1,1,10.0,560.0,570.0,124.343,2.9731938384773566,125.64384390870684,373.56350255197793,Medium,-299.75
16916,24.0,4.0,1123.4,4,4,3,443,11,Champions,3,1,3.0,392.0,416.0,335.27000000000004,1.3204897414275618,340.347830812651,449.4258191052291,Medium,-117.58999999999992
16917,277.0,2.0,1848.88,2,3,4,234,9,At Risk,0,3,1.0,356.0,633.0,391.52,0.3733022176406608,407.44888438785785,152.10157211720056,Low,-1457.3600000000001
16918,50.0,16.0,3138.06,4,5,5,455,14,Champions,1,1,13.0,687.0,737.0,230.12307692307692,3.006079236589587,231.20787973271243,695.0292066004092,Medium,-146.46000000000004
16919,156.0,24.0,5053.81,3,5,5,355,13,Loyal Customers,1,-1,21.0,321.0,478.0,236.01428571428573,1.0357096020543768,236.68853497590004,245.14058837072287,Low,-97.51000000000022
16920,411.0,1.0,355.45,1,2,2,122,5,Hibernating/Lost,0,2,0.0,0.0,412.0,0.0,0.24919913437712668,470.98914615257866,117.3700875222446,Low,-355.45
16921,61.0,3.0,446.67,3,3,2,332,8,Loyal Customers,3,0,2.0,539.0,601.0,141.63,0.6851191572911202,148.2513644088183,101.56984985102835,Low,-163.41000000000003
16922,573.0,1.0,611.08,1,2,3,123,6,Hibernating/Lost,0,2,0.0,0.0,573.0,0.0,0.186896938405689,470.98914615257866,88.02642943822654,Low,-611.08
16923,12.0,32.0,12793.380000000001,5,5,5,555,15,Champions,1,6,27.0,665.0,678.0,470.53444444444443,6.6257331755935205,471.14885295151555,3121.70658564369,High,-88.95000000000073
16924,21.0,3.0,739.5,4,3,3,433,10,Loyal Customers,3,0,2.0,63.0,85.0,287.82,2.9570996995699175,295.2028193588854,872.9441684383526,High,-163.86
16925,540.0,1.0,125.65,1,2,1,121,4,Hibernating/Lost,0,2,0.0,0.0,541.0,0.0,0.19666709657151574,470.98914615257866,92.62806789052493,Low,-125.65
16926,371.0,5.0,1410.4,2,4,4,244,10,Can't Lose Them,0,1,4.0,155.0,527.0,249.825,0.49574072924076557,253.40812638322183,125.62472936875447,Low,-411.10000000000014
16927,116.0,3.0,543.05,3,3,2,332,8,Loyal Customers,0,0,2.0,246.0,362.0,162.475,1.029483888924117,169.20493906121686,174.19375868990974,Low,-218.09999999999997
16928,80.0,29.0,3993.58,3,5,5,355,13,Loyal Customers,1,-1,27.0,594.0,675.0,148.1862962962963,6.25321940531024,148.67693107835333,929.7094705411322,High,7.449999999999818
16929,4.0,7.0,1295.39,5,4,4,544,13,Champions,3,1,6.0,152.0,156.0,177.70833333333334,5.248227238831933,179.970240458031,944.524718150971,High,-229.1400000000001
16930,26.0,3.0,380.55,4,3,2,432,9,Loyal Customers,3,0,1.0,42.0,69.0,173.44,1.9903997132980595,187.0851773556021,372.37428337090705,Medium,-207.11
16931,5.0,23.0,5233.62,5,5,5,555,15,Champions,1,1,21.0,392.0,398.0,238.88904761904763,8.29374584882782,239.56471625608233,1986.8888709744974,High,-216.94999999999982
16932,53.0,3.0,440.71,4,3,2,432,9,Loyal Customers,3,0,2.0,518.0,572.0,159.615,0.7167805402957437,166.3300422751358,119.22213756938574,Low,-121.47999999999996
16933,1.0,9.0,3099.6,5,5,5,555,15,Champions,1,5,7.0,729.0,731.0,371.4942857142857,1.7042473530727853,373.7199055787849,636.9111598732554,Medium,-499.1399999999999
16934,55.0,6.0,2090.7400000000002,4,4,4,444,12,Champions,3,1,4.0,567.0,622.0,432.1975,1.1824280962442175,436.2543514075612,515.8394022130985,Medium,-361.9500000000003
16935,382.0,3.0,535.1,2,3,2,232,7,At Risk,0,0,2.0,40.0,422.0,133.425,0.317042552436233,140.0036273004983,44.38710734968106,Low,-268.25
16936,26.0,2.0,551.17,4,3,2,432,9,Loyal Customers,3,3,1.0,360.0,386.0,262.68,0.6159400989160084,277.25968769840523,170.77535946637732,Low,-288.48999999999995
16937,499.0,1.0,202.1,1,2,1,121,4,Hibernating/Lost,0,2,0.0,0.0,500.0,0.0,0.2107869908778219,470.98914615257866,99.27838485361673,Low,-202.1
16938,9.0,9.0,6209.93,5,5,5,555,15,Champions,1,1,8.0,652.0,661.0,771.67,2.1118813622148864,774.1361242426453,1634.8836526053103,High,-36.57000000000062
16939,489.0,3.0,449.0,1,3,2,132,6,At Risk,0,0,2.0,161.0,650.0,139.325,0.38342737170713226,145.93435843262355,55.95522749558742,Low,-170.35000000000002
16940,52.0,8.0,6245.41,4,5,5,455,14,Champions,1,1,7.0,679.0,732.0,824.4014285714285,1.6903342129239187,827.2985621553245,1398.41106391391,High,-474.60000000000036
16941,612.0,1.0,33.0,1,2,1,121,4,Hibernating/Lost,0,2,0.0,0.0,612.0,0.0,0.17622815999322694,470.98914615257866,83.00155060324998,Low,-33.0
16942,13.0,9.0,1894.11,5,5,4,554,14,Champions,1,1,7.0,215.0,228.0,233.65,4.566704241625825,235.6712417034182,1076.2408591162248,High,-258.55999999999995
16943,212.0,5.0,816.73,2,4,3,243,9,Can't Lose Them,0,1,2.0,107.0,319.0,182.85,0.9554001560058434,189.68606564037833,181.2260967049521,Low,-451.03000000000003
16944,610.0,1.0,101.36,1,2,1,121,4,Hibernating/Lost,0,2,0.0,0.0,610.0,0.0,0.17674553441455482,470.98914615257866,83.24522834019238,Low,-101.36
16945,22.0,33.0,8530.66,4,5,5,455,14,Champions,1,-1,22.0,709.0,731.0,374.55500000000006,5.05959492074805,375.2638790815892,1898.6832165414191,High,-290.4499999999989
16946,383.0,5.0,1199.54,2,4,3,243,9,Can't Lose Them,0,1,4.0,264.0,648.0,140.675,0.7025871462855555,143.97460180354759,101.1547046187537,Low,-636.8399999999999
16947,236.0,5.0,896.73,2,4,3,243,9,Can't Lose Them,0,1,1.0,411.0,647.0,406.48,0.3734237611805615,422.5655436743699,157.79601466419203,Low,-490.25
16948,139.0,7.0,868.77,3,4,3,343,10,Loyal Customers,3,1,6.0,518.0,657.0,126.31166666666667,1.5709110596886224,128.48464655493333,201.83795227332843,Low,-110.89999999999998
16949,4.0,6.0,1161.27,5,4,3,543,12,Champions,3,1,5.0,313.0,317.0,242.36999999999998,2.596015598348861,245.21952884009556,636.5937218886464,Medium,50.57999999999993
16950,57.0,10.0,3725.19,4,5,5,455,14,Champions,1,1,9.0,628.0,685.0,376.6411111111111,2.26422281170771,378.37751194149934,856.7309939751493,High,-335.4200000000001
16951,135.0,3.0,1262.75,3,3,4,334,10,Loyal Customers,0,0,1.0,168.0,305.0,208.96,0.7056876012603271,222.9771384422938,157.3522019632342,Low,-1053.79
16952,109.0,5.0,798.78,3,4,3,343,10,Loyal Customers,3,1,3.0,619.0,729.0,182.24666666666667,0.7938304308407849,186.79405344518548,148.28280392488819,Low,-252.03999999999996
16953,30.0,1.0,20.8,4,2,1,421,7,New Customers,3,2,0.0,0.0,31.0,0.0,1.1990808315035197,470.98914615257866,564.7540569977668,Medium,-20.8
16954,1.0,20.0,6037.33,5,5,5,555,15,Champions,1,9,18.0,690.0,691.0,313.2638888888889,4.395214535565269,314.0950792160175,1380.5152577197646,High,-398.5799999999999
16955,185.0,6.0,1261.16,3,4,4,344,11,Loyal Customers,0,1,5.0,493.0,678.0,199.804,1.2702625116124666,202.56512029582018,257.31087847205,Low,-262.1400000000001
16956,18.0,1.0,292.34,5,2,2,522,9,New Customers,3,2,0.0,0.0,18.0,0.0,1.3812487825271869,470.98914615257866,650.5531847067685,Medium,-292.34
16957,239.0,2.0,416.64,2,3,2,232,7,At Risk,0,3,1.0,42.0,282.0,301.8,0.5903847900187537,316.78934754388325,187.0276124298735,Low,-114.83999999999997
16958,435.0,1.0,809.44,1,2,3,123,6,Hibernating/Lost,0,2,0.0,0.0,436.0,0.0,0.23739854890552198,470.98914615257866,111.81213984687298,Low,-809.44
16959,87.0,1.0,117.35000000000001,3,2,1,321,6,Potential Loyalists,0,2,0.0,0.0,88.0,0.0,0.7614498189468767,470.98914615257866,358.6346000638251,Medium,-117.35000000000001
16960,39.0,8.0,2021.98,4,5,4,454,13,Champions,3,1,7.0,609.0,648.0,228.49285714285716,1.8910893666495034,230.5064524838011,435.90830123621527,Medium,-422.53
16961,116.0,3.0,773.01,3,3,3,333,9,Loyal Customers,0,0,2.0,416.0,533.0,316.255,0.7503915286499714,323.7859277897299,242.96621730948468,Low,-140.5
16962,410.0,1.0,251.04,2,2,1,221,5,Hibernating/Lost,0,2,0.0,0.0,410.0,0.0,0.25023577369087,470.98914615257866,117.85833338749278,Low,-251.04
16963,187.0,1.0,110.55000000000001,3,2,1,321,6,Potential Loyalists,0,2,0.0,0.0,188.0,0.0,0.4653720952392876,470.98914615257866,219.18520577998856,Low,-110.55000000000001
16964,733.0,2.0,207.85,1,3,1,131,5,At Risk,0,3,0.0,0.0,734.0,0.0,0.14953132253563808,470.98914615257866,70.42762992412602,Low,-207.85
16965,227.0,1.0,201.19,2,2,1,221,5,Hibernating/Lost,0,2,0.0,0.0,227.0,0.0,0.40423175080341356,470.98914615257866,190.3887671586617,Low,-201.19
16966,8.0,7.0,2148.47,5,4,4,544,13,Champions,1,1,5.0,232.0,241.0,348.504,3.2262367547404334,351.5739665706347,1134.2608529600661,High,-405.9499999999998
16967,189.0,1.0,319.02,3,2,2,322,7,Potential Loyalists,0,2,0.0,0.0,190.0,0.0,0.4617885391868162,470.98914615257866,217.49738977464517,Low,-319.02
16968,4.0,2.0,439.43,5,3,2,532,10,Loyal Customers,3,3,1.0,103.0,108.0,186.12,1.5868703215813547,199.89796076154948,317.21214127713705,Medium,-253.31
16969,39.0,3.0,650.41,4,3,3,433,10,Loyal Customers,3,0,2.0,152.0,192.0,126.52499999999999,1.740546672034872,133.06768750191105,231.6105206368276,Low,-397.36
16970,626.0,1.0,71.4,1,2,1,121,4,Hibernating/Lost,0,2,0.0,0.0,627.0,0.0,0.17244240341964145,470.98914615257866,81.21850034711544,Low,-71.4
16971,38.0,1.0,232.20999999999998,4,2,1,421,7,New Customers,3,2,0.0,0.0,39.0,0.0,1.1092667469559951,470.98914615257866,522.4525980042526,Medium,-232.20999999999998
16972,383.0,2.0,786.25,2,3,3,233,8,At Risk,0,3,1.0,74.0,457.0,493.45,0.3636394089134664,510.4462828553828,185.61838457960746,Low,-292.8
16973,386.0,1.0,127.0,2,2,1,221,5,Hibernating/Lost,0,2,0.0,0.0,387.0,0.0,0.2628092490546711,470.98914615257866,123.78030381325995,Low,-127.0
16974,523.0,2.0,365.5,1,3,2,132,6,At Risk,0,3,1.0,42.0,565.0,276.25,0.2144665706096762,290.9717910752747,62.40372217606936,Low,-89.25
16975,423.0,3.0,902.4200000000001,1,3,3,133,7,At Risk,0,0,2.0,82.0,506.0,305.56,0.36469530338518147,313.0352211019197,114.16247493001197,Low,-291.30000000000007
16976,267.0,1.0,251.51999999999998,2,2,1,221,5,Hibernating/Lost,0,2,0.0,0.0,268.0,0.0,0.3552121634942718,470.98914615257866,167.30107358717726,Low,-251.51999999999998
16977,395.0,4.0,496.0,2,4,2,242,8,Can't Lose Them,0,1,2.0,236.0,632.0,177.89999999999998,0.5179273592540181,184.71028274139186,95.66650896731213,Low,-140.20000000000005
16978,78.0,3.0,768.88,3,3,3,333,9,Loyal Customers,3,0,1.0,589.0,667.0,344.33,0.3789719357377944,359.76471649143383,136.3407310189175,Low,-424.55
16979,4.0,9.0,2787.09,5,5,4,554,14,Champions,1,1,8.0,447.0,451.0,319.26125,2.9645672824272813,321.1405550808107,952.0427826531077,High,-233.0
16980,255.0,3.0,1473.3300000000002,2,3,4,234,9,At Risk,0,0,2.0,173.0,429.0,539.48,0.7760946602225749,548.1736323606905,425.43462894994474,Medium,-394.3700000000001
16982,61.0,1.0,384.06,3,2,2,322,7,Potential Loyalists,3,2,0.0,0.0,61.0,0.0,0.9202155691366966,470.98914615257866,433.4115451840019,Medium,-384.06
16983,13.0,11.0,3699.17,5,5,5,555,15,Champions,1,1,10.0,434.0,447.0,354.06,3.677362251924021,355.59915473016656,1307.6669084208038,High,-158.57000000000016
16984,88.0,9.0,10599.42,3,5,5,355,13,Loyal Customers,1,-1,8.0,554.0,643.0,1117.2275,2.124864346934512,1120.1418467019053,2380.149473566262,High,-1661.6000000000004
16985,17.0,23.0,10545.76,5,5,5,555,15,Champions,1,-1,16.0,712.0,730.0,646.438125,3.723478245696903,647.5892214769887,2411.2843783173607,High,-202.75
16986,30.0,11.0,4888.75,4,5,5,455,14,Champions,1,1,5.0,644.0,674.0,459.38,1.3460574534182157,462.6802533195676,622.7942035302322,Medium,-2591.85
16987,3.0,11.0,2524.0,5,5,4,554,14,Champions,1,1,9.0,734.0,738.0,264.2211111111111,2.134534623123879,265.8279129081297,567.4188838951619,Medium,-146.01000000000022
16988,5.0,2.0,382.67,5,3,2,532,10,Loyal Customers,3,3,1.0,374.0,380.0,126.12,0.627093394163689,139.26964811511078,87.33507634048743,Low,-256.55
16989,7.0,6.0,1133.25,5,4,3,543,12,Champions,3,1,5.0,143.0,151.0,55.10999999999999,4.543333655336274,57.570594385342616,261.56241902864065,Low,-857.7
16990,219.0,2.0,344.0,2,3,2,232,7,At Risk,0,3,1.0,204.0,423.0,179.0,0.5214918950160691,192.70340099417209,100.49326176049225,Low,-165.0
16991,421.0,1.0,1041.21,1,2,3,123,6,Hibernating/Lost,0,2,0.0,0.0,422.0,0.0,0.24414233998531915,470.98914615257866,114.98839224937802,Low,-1041.21
16992,11.0,13.0,5460.1,5,5,5,555,15,Champions,1,1,12.0,656.0,667.0,446.8016666666667,3.06975245495519,448.16423599803676,1375.7532636780904,High,-98.48000000000047
16993,464.0,2.0,1688.15,1,3,4,134,8,At Risk,0,3,1.0,113.0,577.0,1231.15,0.3036073346351584,1255.8713868433465,381.2917644040683,Medium,-457.0
16996,30.0,9.0,2044.16,4,5,4,454,13,Champions,1,1,7.0,387.0,418.0,246.13000000000002,2.7791522583919877,248.16974547698467,689.7015086069267,Medium,-321.25
16997,288.0,3.0,702.0,2,3,3,233,8,At Risk,0,0,2.0,37.0,326.0,156.0,0.539183534174469,162.69621294587597,87.7231190929594,Low,-390.0
16998,150.0,5.0,394.02000000000004,3,4,2,342,9,Loyal Customers,0,1,3.0,295.0,445.0,95.83333333333333,1.1818923266914791,100.0811747017656,118.28517242628615,Low,-106.52000000000004
16999,23.0,2.0,484.82,4,3,2,432,9,Loyal Customers,3,3,1.0,51.0,75.0,238.99,1.9165190289134668,253.32160892183637,485.49568393367485,Medium,-245.82999999999998
17000,396.0,2.0,406.3,2,3,2,232,7,At Risk,0,3,1.0,12.0,409.0,214.58,0.2719191079510364,228.65599039351022,62.17593293546405,Low,-191.72
17001,1.0,19.0,6640.8,5,5,5,555,15,Champions,1,9,17.0,624.0,625.0,356.68,4.553711039462742,357.58659669798095,1628.3460329475072,High,-577.2399999999998
17002,86.0,7.0,2565.6,3,4,4,344,11,Loyal Customers,3,1,5.0,556.0,642.0,471.038,1.3903567710679716,474.36246670135506,659.5330675187342,Medium,-210.40999999999985
17003,402.0,4.0,830.16,2,4,3,243,9,Can't Lose Them,0,1,2.0,176.0,579.0,342.9,0.5030522185748568,350.56971270760755,176.35487174271216,Low,-144.36
17004,46.0,4.0,2425.16,4,4,4,444,12,Champions,3,1,3.0,378.0,425.0,618.51,1.2893957363064834,624.5696612626538,805.3174582584504,Medium,-569.6299999999999
17005,471.0,2.0,732.41,1,3,3,133,7,At Risk,0,3,1.0,118.0,589.0,288.61,0.2996799783883945,303.4612234804411,90.94125289433434,Low,-443.79999999999995
17006,5.0,8.0,1636.32,5,5,4,554,14,Champions,1,1,7.0,640.0,645.0,207.93,1.9085036265702544,209.9131073239206,400.6199265923335,Medium,-180.80999999999995
17007,51.0,7.0,1107.6,4,4,3,443,11,Champions,3,1,5.0,387.0,438.0,177.98600000000002,1.9556979206148755,180.70180484172533,353.3981439803173,Medium,-217.66999999999985
17008,429.0,1.0,81.36,1,2,1,121,4,Hibernating/Lost,0,2,0.0,0.0,430.0,0.0,0.24024251325531712,470.98914615257866,113.15161618767137,Low,-81.36
17009,551.0,1.0,242.06,1,2,1,121,4,Hibernating/Lost,0,2,0.0,0.0,552.0,0.0,0.19319530876338442,470.98914615257866,90.99289351515023,Low,-242.06
17010,18.0,1.0,185.46,5,2,1,521,8,New Customers,3,2,0.0,0.0,19.0,0.0,1.3652688327800393,470.98914615257866,643.0268018197984,Medium,-185.46
17011,30.0,3.0,536.7,4,3,2,432,9,Loyal Customers,3,0,2.0,621.0,652.0,169.58999999999997,0.6403405778350368,176.35699872309334,112.92854246759845,Low,-197.5200000000001
17012,725.0,1.0,384.16,1,2,2,122,5,Hibernating/Lost,0,2,0.0,0.0,726.0,0.0,0.15103147456557572,470.98914615257866,71.1341852478054,Low,-384.16
17014,8.0,3.0,565.58,5,3,2,532,10,Loyal Customers,3,0,2.0,58.0,67.0,199.14,3.3863988599828776,206.0609148170429,697.804447023463,Medium,-167.30000000000007
17015,29.0,3.0,1842.56,4,3,4,434,11,Loyal Customers,3,0,2.0,157.0,186.0,659.03,1.792091941933115,668.3463284362122,1197.7380696111188,High,-524.5
17016,577.0,1.0,552.4,1,2,2,122,5,Hibernating/Lost,0,2,0.0,0.0,577.0,0.0,0.18574356561772112,470.98914615257866,87.48320337362594,Low,-552.4
17017,3.0,29.0,8087.41,5,5,5,555,15,Champions,1,4,21.0,734.0,737.0,658.7195238095238,4.812615803454083,659.6024781552153,3174.4133103672657,High,5745.700000000001
17018,41.0,6.0,2287.7,4,4,4,444,12,Champions,3,1,5.0,694.0,735.0,387.21999999999997,1.2426225426332924,390.3703787587699,485.0830326219441,Medium,-351.5999999999999
17019,11.0,11.0,3951.5,5,5,5,555,15,Champions,1,1,9.0,726.0,738.0,421.70444444444445,2.1326824660619184,423.4927947895134,903.1756579511534,High,-156.15999999999985
17020,542.0,2.0,935.62,1,3,3,133,7,At Risk,0,3,1.0,104.0,647.0,618.76,0.24849459329353496,637.0685138174699,158.30808124118894,Low,-316.86
17021,442.0,6.0,1182.22,1,4,3,143,8,Can't Lose Them,0,1,5.0,147.0,590.0,176.098,0.15774173432310856,178.80988351175324,28.20578113925697,Low,-301.73
17022,31.0,2.0,260.0,4,3,1,431,8,Loyal Customers,3,3,1.0,401.0,433.0,71.0,0.5579867767619422,83.57243823058245,46.63231543441921,Low,-189.0
17023,417.0,3.0,800.18,1,3,3,133,7,At Risk,0,0,2.0,280.0,698.0,328.91499999999996,0.48716484119332104,336.5118695071377,163.9367514681123,Low,-142.35000000000002
17024,45.0,3.0,95.85,4,3,1,431,8,Loyal Customers,3,0,2.0,112.0,158.0,32.3,1.9831413724435982,38.35190090453729,76.05724139564495,Low,-31.25
17025,61.0,5.0,1510.6399999999999,3,4,4,344,11,Loyal Customers,3,1,3.0,581.0,642.0,220.64666666666668,0.8975677743759981,225.32716419677465,202.2464012745541,Low,-848.6999999999998
17026,185.0,3.0,208.98,3,3,1,331,7,Loyal Customers,0,0,2.0,232.0,418.0,93.99,0.8745915233721498,100.36322353857271,87.77682456513992,Low,-21.0
17027,79.0,9.0,1285.41,3,5,4,354,12,Loyal Customers,3,1,7.0,651.0,730.0,169.60857142857142,1.6852871771447495,171.5348605604223,289.0855009357923,Medium,-98.15000000000009
17028,581.0,3.0,1593.83,1,3,4,134,8,At Risk,0,0,2.0,140.0,722.0,642.96,0.2705660074597642,652.1926251661694,176.461154685913,Low,-307.90999999999985
17029,111.0,7.0,2137.3,3,4,4,344,11,Loyal Customers,3,1,6.0,553.0,664.0,311.05,1.5769418265257826,313.5426167540724,494.4384667578404,Medium,-271.0
17030,64.0,1.0,146.87,3,2,1,321,6,Potential Loyalists,3,2,0.0,0.0,64.0,0.0,0.8993521048130465,470.98914615257866,423.5850799364212,Medium,-146.87
17031,12.0,6.0,2773.85,5,4,4,544,13,Champions,3,1,5.0,570.0,582.0,183.37,1.5393074714332409,186.09698727846776,286.4604829289622,Medium,-1857.0
17032,548.0,8.0,2150.06,1,5,4,154,10,Can't Lose Them,0,1,3.0,126.0,730.0,710.0500000000001,0.15162405292272849,716.4269778824578,108.62756200972021,Low,-19.909999999999854
17033,86.0,4.0,1332.79,3,4,4,344,11,Loyal Customers,3,1,3.0,311.0,398.0,343.37999999999994,1.3425540037173531,348.4859435260725,467.861198720148,Medium,-302.6500000000001
17034,16.0,5.0,1239.32,5,4,4,544,13,Champions,3,1,4.0,497.0,514.0,271.49249999999995,1.4090994235358438,275.1319091943083,387.68821464201596,Medium,-153.35000000000014
17035,246.0,4.0,568.39,2,4,2,242,8,Can't Lose Them,0,1,3.0,491.0,737.0,186.33,0.7503857200519272,190.89154135062793,143.24228670821316,Low,-9.399999999999977
17036,383.0,1.0,176.9,2,2,1,221,5,Hibernating/Lost,0,2,0.0,0.0,384.0,0.0,0.2645431928862236,470.98914615257866,124.59697253795936,Low,-176.9
17037,88.0,1.0,1253.22,3,2,4,324,9,Potential Loyalists,0,2,0.0,0.0,88.0,0.0,0.7614498189468767,470.98914615257866,358.6346000638251,Medium,-1253.22
17038,30.0,2.0,743.17,4,3,3,433,10,Loyal Customers,3,3,1.0,385.0,416.0,112.4,0.5774833633215607,125.40597395662515,72.41986362108794,Low,-630.77
17039,604.0,1.0,1954.99,1,2,4,124,7,Hibernating/Lost,0,2,0.0,0.0,605.0,0.0,0.17805237102771918,470.98914615257866,83.86073420078759,Low,-1954.99
17040,138.0,2.0,463.25,3,3,2,332,8,Loyal Customers,0,3,1.0,413.0,551.0,449.73,0.44158033756069126,466.2684523736778,205.89498059306973,Low,-13.519999999999982
17041,27.0,6.0,1670.48,4,4,4,444,12,Champions,3,1,4.0,574.0,601.0,366.4675,1.22503677773034,370.35361324336526,453.6967969884407,Medium,-204.61000000000013
17042,3.0,5.0,1044.3799999999999,5,4,3,543,12,Champions,3,1,4.0,245.0,248.0,192.79250000000002,2.594083219736468,196.22748056929356,509.03041459596824,Medium,-273.2099999999998
17043,32.0,8.0,2616.55,4,5,4,454,13,Champions,1,1,7.0,698.0,731.0,319.4557142857143,1.6978661778185653,321.60417790482586,546.0408563097486,Medium,-380.3600000000001
17044,25.0,12.0,11867.6,4,5,5,455,14,Champions,1,-1,10.0,707.0,733.0,1097.182,2.36549426133446,1099.4920772751448,2600.8421991770592,High,-895.7800000000007
17045,113.0,5.0,827.6800000000001,3,4,3,343,10,Loyal Customers,3,1,4.0,316.0,430.0,116.76,1.583556979956658,119.99748095771238,190.0228485478016,Low,-360.64000000000004
17046,157.0,5.0,1906.07,3,4,4,344,11,Loyal Customers,0,1,3.0,463.0,621.0,515.5433333333334,0.8999328319499201,521.2460682837833,469.0864503733865,Medium,-359.4399999999998
17047,85.0,6.0,2289.23,3,4,4,344,11,Loyal Customers,3,1,4.0,646.0,732.0,491.64500000000004,1.016260627706579,495.8562703489281,503.91920455704485,Medium,-322.64999999999986
17048,118.0,7.0,1991.45,3,4,4,344,11,Loyal Customers,3,1,6.0,573.0,691.0,309.69166666666666,1.5193653317825453,312.1819332132778,474.3184065331082,Medium,-133.29999999999995
17049,3.0,19.0,9593.78,5,5,5,555,15,Champions,1,-1,15.0,643.0,646.0,621.796,3.9166235898678283,623.0068525232185,2440.083335241745,High,-266.84000000000015
17050,96.0,11.0,4391.66,3,5,5,355,13,Loyal Customers,1,1,9.0,586.0,683.0,454.4577777777778,2.2399248524053292,456.28388653184544,1022.0416171947738,High,-301.53999999999996
17051,194.0,4.0,714.39,2,4,3,243,9,Can't Lose Them,0,1,3.0,434.0,629.0,182.24666666666667,0.8753029944257789,186.79405344518548,163.50139432149982,Low,-167.64999999999998
17052,28.0,1.0,413.75,4,2,2,422,8,New Customers,3,2,0.0,0.0,29.0,0.0,1.2238805039598608,470.98914615257866,576.4344335528425,Medium,-413.75
17053,131.0,1.0,496.38,3,2,2,322,7,Potential Loyalists,0,2,0.0,0.0,131.0,0.0,0.5976986954073057,470.98914615257866,281.5095982063971,Medium,-496.38
17054,28.0,5.0,1353.83,4,4,4,444,12,Champions,3,1,4.0,217.0,246.0,260.565,2.586311265466857,264.1760242667372,683.2414276273083,Medium,-311.56999999999994
17055,446.0,1.0,239.55,1,2,1,121,4,Hibernating/Lost,0,2,0.0,0.0,446.0,0.0,0.23280554011040677,470.98914615257866,109.64888255619039,Low,-239.55
17056,738.0,1.0,128.60000000000002,1,2,1,121,4,Hibernating/Lost,0,2,0.0,0.0,739.0,0.0,0.1486087772250233,470.98914615257866,69.9931210959925,Low,-128.60000000000002
17057,596.0,1.0,294.74,1,2,2,122,5,Hibernating/Lost,0,2,0.0,0.0,597.0,0.0,0.1801840237365208,470.98914615257866,84.86471948999989,Low,-294.74
17058,82.0,3.0,1179.89,3,3,3,333,9,Loyal Customers,3,0,2.0,158.0,240.0,298.58500000000004,1.4361797731645298,306.0238906533479,439.50532186145205,Medium,-582.72
17059,30.0,9.0,5584.83,4,5,5,455,14,Champions,1,1,8.0,653.0,683.0,646.52875,2.044399510972089,648.8325535902796,1326.4729552627393,High,-412.60000000000036
17060,266.0,1.0,234.24,2,2,1,221,5,Hibernating/Lost,0,2,0.0,0.0,267.0,0.0,0.35626553529821753,470.98914615257866,167.79720027369885,Low,-234.24
17061,74.0,11.0,5116.13,3,5,5,355,13,Loyal Customers,1,1,8.0,159.0,233.0,411.685,4.6425204698466365,413.6841878803998,1920.5373102866379,High,-1822.65
17062,314.0,6.0,1204.32,2,4,3,243,9,Can't Lose Them,0,1,5.0,126.0,440.0,202.51000000000002,0.431124122466275,205.27674059185009,88.49975465039854,Low,-191.76999999999987
17063,21.0,13.0,3576.88,4,5,5,455,14,Champions,1,1,9.0,717.0,739.0,373.32444444444445,2.1274473286283144,375.05702178440384,797.9140590785215,Medium,-216.96000000000004
17064,59.0,3.0,859.35,4,3,3,433,10,Loyal Customers,3,0,2.0,269.0,328.0,355.75,1.1458949783920425,363.4866440716432,416.5175201542716,Medium,-147.85000000000002
17065,638.0,2.0,82.35,1,3,1,131,5,At Risk,0,3,0.0,0.0,638.0,0.0,0.16976803504368818,470.98914615257866,79.95890186922774,Low,-82.35
17066,726.0,1.0,228.34,1,2,1,121,4,Hibernating/Lost,0,2,0.0,0.0,727.0,0.0,0.15084231043433738,470.98914615257866,71.04509099515077,Low,-228.34
17067,725.0,3.0,454.54,1,3,2,132,6,At Risk,0,0,1.0,7.0,732.0,227.72,0.08349138704832784,241.9335908630803,20.19937107474123,Low,-226.82000000000002
17068,12.0,47.0,9126.43,5,5,5,555,15,Champions,1,-1,46.0,609.0,622.0,193.6441304347826,12.086952576859854,193.94230957047643,2344.1714984250216,High,-218.8000000000011
17069,28.0,14.0,5718.4,4,5,5,455,14,Champions,1,1,9.0,708.0,737.0,584.7655555555556,2.130651355735655,586.7418845732822,1250.142391832957,High,-455.5099999999993
17070,114.0,2.0,445.32,3,3,2,332,8,Loyal Customers,0,3,1.0,296.0,411.0,312.14,0.5681001843541027,327.2376267566195,185.90375608803458,Low,-133.18
17071,28.0,13.0,3738.45,4,5,5,455,14,Champions,1,1,11.0,656.0,685.0,317.5627272727273,2.7513449173451803,318.92740954878303,877.4793072641089,High,-245.25999999999976
17072,625.0,1.0,282.05,1,2,2,122,5,Hibernating/Lost,0,2,0.0,0.0,626.0,0.0,0.17268971543298167,470.98914615257866,81.33498162111182,Low,-282.05
17073,18.0,4.0,1446.09,5,4,4,544,13,Champions,3,1,3.0,92.0,110.0,330.76666666666665,3.554535694800102,335.82888700836304,1193.7157662162167,High,-453.78999999999996
17074,563.0,1.0,203.05,1,2,1,121,4,Hibernating/Lost,0,2,0.0,0.0,563.0,0.0,0.1898440870774547,470.98914615257866,89.41450447472619,Low,-203.05
17075,18.0,10.0,2221.38,5,5,4,554,14,Champions,1,1,9.0,708.0,726.0,228.2255555555556,2.1632105330501155,229.79086127353483,497.0860115055684,Medium,-167.3499999999999
17076,36.0,6.0,1242.75,4,4,4,444,12,Champions,3,1,5.0,699.0,736.0,235.01399999999998,1.2417843115752907,237.84825060742887,295.35622613993326,Medium,-67.68000000000006
17077,578.0,1.0,306.0,1,2,2,122,5,Hibernating/Lost,0,2,0.0,0.0,579.0,0.0,0.18517220601708279,470.98914615257866,87.21409920317521,Low,-306.0
17078,36.0,2.0,378.2,4,3,2,432,9,Loyal Customers,3,3,0.0,0.0,37.0,0.0,1.130421845773504,470.98914615257866,532.4164199330846,Medium,-378.2
17079,78.0,1.0,118.80000000000001,3,2,1,321,6,Potential Loyalists,0,2,0.0,0.0,79.0,0.0,0.8078670417070272,470.98914615257866,380.49660817840237,Medium,-118.80000000000001
17080,22.0,7.0,955.41,4,4,3,443,11,Champions,3,1,6.0,504.0,527.0,112.41333333333334,1.9783181175177764,114.56226612955129,226.64060666798443,Low,-280.92999999999995
17081,25.0,6.0,964.39,4,4,3,443,11,Champions,3,1,5.0,630.0,656.0,170.302,1.3800779384761104,173.00184536105502,238.75603009844764,Low,-112.88
17082,33.0,6.0,4732.03,4,4,5,445,13,Champions,1,1,4.0,691.0,725.0,955.9575,1.0337330539445804,961.3748537790702,993.8049635825627,High,-908.1999999999998
17083,109.0,9.0,4035.08,3,5,5,355,13,Loyal Customers,1,1,8.0,559.0,669.0,437.61125,2.034123723589307,439.6440668062208,894.2904262258158,High,-534.19
17084,35.0,3.0,5199.72,4,3,5,435,12,Loyal Customers,3,-1,1.0,361.0,397.0,2949.75,0.6000215293561426,2992.4683554128383,1795.5454391646722,High,-2249.9700000000003
17085,123.0,28.0,7757.41,3,5,5,355,13,Loyal Customers,1,-1,23.0,610.0,734.0,332.8526086956522,4.502500543097674,333.5118542954615,1501.6373050948278,High,-101.79999999999927
17086,7.0,6.0,2050.08,5,4,4,544,13,Champions,3,1,5.0,56.0,64.0,327.522,7.51264010347336,330.5483874681588,2483.2910718317407,High,-412.47
17087,738.0,1.0,221.53,1,2,1,121,4,Hibernating/Lost,0,2,0.0,0.0,738.0,0.0,0.14879237389849828,470.98914615257866,70.07959313646893,Low,-221.53
17088,28.0,4.0,1991.01,4,4,4,444,12,Champions,3,1,3.0,225.0,254.0,325.06,1.9720918489614774,330.1024386050019,650.9923284952308,Medium,-1015.8299999999999
17089,386.0,1.0,128.45,2,2,1,221,5,Hibernating/Lost,0,2,0.0,0.0,387.0,0.0,0.2628092490546711,470.98914615257866,123.78030381325995,Low,-128.45
17090,4.0,13.0,3055.94,5,5,5,555,15,Champions,1,1,11.0,504.0,509.0,235.33818181818185,3.5992768144010525,236.62532540279437,851.6800474223821,High,-467.2199999999998
17091,3.0,19.0,7777.5,5,5,5,555,15,Champions,1,4,16.0,721.0,724.0,470.9125,3.758538555901831,471.9498331582557,1773.8416443767403,High,-242.89999999999964
17092,50.0,11.0,5563.31,4,5,5,455,14,Champions,1,1,9.0,625.0,676.0,589.7444444444444,2.2943912640412507,591.7265131809688,1357.6521425440048,High,-255.61000000000058
17093,593.0,1.0,235.88,1,2,1,121,4,Hibernating/Lost,0,2,0.0,0.0,593.0,0.0,0.1812691229770377,470.98914615257866,85.37578945478177,Low,-235.88
17094,322.0,2.0,370.40000000000003,2,3,2,232,7,At Risk,0,3,1.0,101.0,424.0,302.0,0.4412739557524588,316.99144191937137,139.8800675154368,Low,-68.40000000000003
17095,23.0,7.0,2312.59,4,4,4,444,12,Champions,3,1,6.0,702.0,725.0,378.39166666666665,1.4871107712012952,381.0007989207064,566.5903919112814,Medium,-42.24000000000024
17096,15.0,11.0,3690.83,5,5,5,555,15,Champions,1,1,10.0,540.0,556.0,312.32800000000003,3.0366714149921212,313.8238615163376,952.9799496091084,High,-567.5499999999997
17097,2.0,9.0,1323.95,5,5,4,554,14,Champions,1,1,7.0,428.0,431.0,161.30571428571426,2.7242038255201706,163.2196929857922,444.64371203212283,Medium,-194.81000000000017
17098,382.0,3.0,591.0699999999999,2,3,2,232,7,At Risk,0,0,2.0,159.0,541.0,145.8,0.5285631486419309,152.44308454796447,80.57579675736018,Low,-299.4699999999999
17099,533.0,1.0,582.17,1,2,2,122,5,Hibernating/Lost,0,2,0.0,0.0,534.0,0.0,0.19894220446329702,470.98914615257866,93.69961901387998,Low,-582.17
17100,18.0,2.0,971.74,5,3,3,533,11,Loyal Customers,3,3,0.0,0.0,19.0,0.0,1.3652688327800393,470.98914615257866,643.0268018197984,Medium,-971.74
17101,10.0,7.0,2507.05,5,4,4,544,13,Champions,1,1,6.0,540.0,551.0,389.77500000000003,1.9058216892794215,392.40382785767247,747.8517260874206,Medium,-168.4000000000001
17102,262.0,1.0,25.5,2,2,1,221,5,Hibernating/Lost,0,2,0.0,0.0,262.0,0.0,0.36162777054291173,470.98914615257866,170.32275487306663,Low,-25.5
17103,722.0,1.0,424.3,1,2,2,122,5,Hibernating/Lost,0,2,0.0,0.0,723.0,0.0,0.151601826277843,470.98914615257866,71.40281471377283,Low,-424.3
17104,424.0,1.0,474.03,1,2,2,122,5,Hibernating/Lost,0,2,0.0,0.0,424.0,0.0,0.2431555443037791,470.98914615257866,114.52362219390243,Low,-474.03
17105,159.0,2.0,665.78,3,3,3,333,9,Loyal Customers,0,3,1.0,147.0,307.0,346.38,0.6871923829586174,361.8361838401872,248.6510694137906,Low,-319.4
17106,389.0,1.0,491.23,2,2,2,222,6,Hibernating/Lost,0,2,0.0,0.0,390.0,0.0,0.2610979240292292,470.98914615257866,122.97428830073751,Low,-491.23
17107,33.0,10.0,15616.82,4,5,5,455,14,Champions,1,-1,8.0,644.0,678.0,1807.62875,2.056670453699367,1811.4386158156597,3725.532279838146,High,-1155.789999999999
17108,664.0,1.0,174.95,1,2,1,121,4,Hibernating/Lost,0,2,0.0,0.0,664.0,0.0,0.1637651327175319,470.98914615257866,77.13160002819407,Low,-174.95
17109,29.0,8.0,1280.1,4,5,4,454,13,Champions,3,1,5.0,468.0,498.0,222.154,1.7606721722024465,224.96154070094528,396.0835245279424,Medium,-169.32999999999993
17110,165.0,3.0,510.7,3,3,2,332,8,Loyal Customers,0,0,2.0,445.0,611.0,156.8,0.6574644729865493,163.5003798790455,107.49569109027726,Low,-197.09999999999997
17111,47.0,2.0,476.58,4,3,2,432,9,Loyal Customers,3,3,1.0,378.0,426.0,248.61,0.5635783333955937,263.04234838281536,148.24496831405023,Low,-227.96999999999997
17112,503.0,1.0,205.17,1,2,1,121,4,Hibernating/Lost,0,2,0.0,0.0,503.0,0.0,0.20968535883570338,470.98914615257866,98.759528118725,Low,-205.17
17113,574.0,6.0,2109.16,1,4,4,144,9,Can't Lose Them,0,1,3.0,123.0,698.0,545.13,0.17021949524730745,550.9352949357889,93.77992781789645,Low,-473.77
17114,6.0,8.0,747.22,5,5,3,553,13,Champions,3,1,6.0,329.0,335.0,103.48,2.9238233970683782,105.61347621708603,308.79515280924085,Medium,-126.34000000000003
17115,8.0,7.0,2616.29,5,4,4,544,13,Champions,1,1,6.0,726.0,735.0,387.89000000000004,1.471087480319306,390.51556640412804,574.4825606069153,Medium,-288.9499999999998
17116,648.0,1.0,389.78,1,2,2,122,5,Hibernating/Lost,0,2,0.0,0.0,649.0,0.0,0.16717541616890327,470.98914615257866,78.73780651909374,Low,-389.78
17117,288.0,1.0,116.19999999999999,2,2,1,221,5,Hibernating/Lost,0,2,0.0,0.0,289.0,0.0,0.3344492703279168,470.98914615257866,157.5219762630985,Low,-116.19999999999999
17118,318.0,1.0,157.02,2,2,1,221,5,Hibernating/Lost,0,2,0.0,0.0,318.0,0.0,0.3094765558997118,470.98914615257866,145.76009881744602,Low,-157.02
17119,3.0,2.0,593.61,5,3,2,532,10,Loyal Customers,3,3,1.0,56.0,60.0,59.66,2.1800835970537635,72.11368714040553,157.213866457865,Low,-533.95
17120,233.0,1.0,307.46,2,2,2,222,6,Hibernating/Lost,0,2,0.0,0.0,234.0,0.0,0.3949239782997329,470.98914615257866,186.0049073345707,Low,-307.46
17121,403.0,1.0,314.74,2,2,2,222,6,Hibernating/Lost,0,2,0.0,0.0,403.0,0.0,0.2539330412985549,470.98914615257866,119.59970630113385,Low,-314.74
17122,119.0,4.0,570.5,3,4,2,342,9,Loyal Customers,3,1,3.0,380.0,500.0,156.16,1.0960413698224751,160.61695928355905,176.0428320698728,Low,-102.01999999999998
17123,162.0,3.0,977.17,3,3,3,333,9,Loyal Customers,0,0,2.0,411.0,573.0,379.905,0.6948884159754986,387.76745941003065,269.45511563627963,Low,-217.36
17124,185.0,1.0,298.89,3,2,2,322,7,Potential Loyalists,0,2,0.0,0.0,186.0,0.0,0.4690119180872667,470.98914615257866,220.8995228353049,Low,-298.89
17125,50.0,1.0,259.35,4,2,1,421,7,New Customers,3,2,0.0,0.0,51.0,0.0,0.9974107826435347,470.98914615257866,469.7696528806536,Medium,-259.35
17126,152.0,9.0,2057.54,3,5,4,354,12,Loyal Customers,3,1,6.0,313.0,466.0,298.065,2.003375250100147,300.53514992421856,602.0846811433165,Medium,-269.1500000000001
17127,429.0,5.0,1155.0300000000002,1,4,3,143,8,Can't Lose Them,0,1,4.0,307.0,736.0,254.27000000000004,0.6336500006476373,257.86467257430434,163.39594994371072,Low,-137.95000000000005
17128,335.0,1.0,157.09,2,2,1,221,5,Hibernating/Lost,0,2,0.0,0.0,335.0,0.0,0.2965017128129783,470.98914615257866,139.64908855056174,Low,-157.09
17129,520.0,1.0,31.85,1,2,1,121,4,Hibernating/Lost,0,2,0.0,0.0,521.0,0.0,0.2033102804979677,470.98914615257866,95.75693541577907,Low,-31.85
17131,5.0,5.0,2463.17,5,4,4,544,13,Champions,3,1,3.0,70.0,76.0,557.8000000000001,4.424624532558495,563.6492145509618,2493.936142459512,High,-789.77
17132,452.0,2.0,1272.8,1,3,4,134,8,At Risk,0,3,1.0,36.0,489.0,596.63,0.2593230137010784,614.7067711697085,159.407612442188,Low,-676.17
17133,16.0,12.0,12972.09,5,5,5,555,15,Champions,1,-1,9.0,613.0,629.0,1150.9411111111112,2.4633232970863173,1153.5701336417137,2841.61618502261,High,-2613.619999999999
17134,107.0,3.0,637.1,3,3,3,333,9,Loyal Customers,3,0,2.0,336.0,443.0,212.5,0.8794101456551352,219.49050260097408,193.02217486224146,Low,-212.10000000000002
17135,16.0,10.0,1943.24,5,5,4,554,14,Champions,1,1,7.0,563.0,580.0,254.35142857142858,2.0956507433258023,256.4033637481471,537.3318998300406,Medium,-162.77999999999997
17136,662.0,1.0,231.68,1,2,1,121,4,Hibernating/Lost,0,2,0.0,0.0,663.0,0.0,0.16398814708697973,470.98914615257866,77.23663737564006,Low,-231.68
17137,416.0,6.0,1133.63,1,4,3,143,8,Can't Lose Them,0,1,4.0,261.0,678.0,183.3275,0.6097212848183547,186.7378945853575,113.85806901085867,Low,-400.32000000000016
17138,276.0,7.0,4417.27,2,4,5,245,11,Can't Lose Them,0,1,6.0,398.0,674.0,448.115,1.2648020954593309,450.84476854721225,570.229407985391,Medium,-1728.5800000000004
17139,16.0,25.0,19491.61,5,5,5,555,15,Champions,2,-1,17.0,682.0,698.0,1117.0270588235294,4.113145910028077,1118.3974526966601,4600.131908345087,High,-502.15000000000146
17140,247.0,1.0,465.32,2,2,2,222,6,Hibernating/Lost,0,2,0.0,0.0,248.0,0.0,0.37754112140522084,470.98914615257866,177.817770408132,Low,-465.32
17141,418.0,4.0,754.33,1,4,3,143,8,Can't Lose Them,0,1,1.0,266.0,685.0,347.89,0.3200705864853959,363.36199637512254,116.30148728628977,Low,-406.44000000000005
17142,239.0,4.0,1283.75,2,4,4,244,10,Can't Lose Them,0,1,3.0,445.0,685.0,352.75,0.797204916446041,357.8884239360306,285.3104111009286,Medium,-225.5
17143,417.0,2.0,924.11,1,3,3,133,7,At Risk,0,3,1.0,98.0,516.0,262.6,0.33738770405307805,277.17884994821,93.5167357960992,Low,-661.51
17144,1.0,2.0,984.57,5,3,3,533,11,Loyal Customers,3,-1,1.0,83.0,85.0,388.68,1.8276750073627224,404.57914425592645,739.4391904567543,Medium,-595.8900000000001
17145,513.0,4.0,3014.64,1,4,5,145,10,Can't Lose Them,0,1,2.0,146.0,659.0,1111.94,0.3432413427624284,1123.6153855634775,385.6712536893317,Medium,-790.7599999999998
17146,106.0,13.0,5795.99,3,5,5,355,13,Loyal Customers,1,1,12.0,570.0,676.0,403.05333333333334,2.9275813695361945,404.3780883869042,1183.8497578101612,High,-959.3499999999995
17147,23.0,9.0,3069.15,4,5,5,455,14,Champions,1,1,8.0,675.0,698.0,368.79375,2.0066885332319093,370.7373036616208,743.9542960990908,Medium,-118.80000000000018
17148,52.0,1.0,124.88,4,2,1,421,7,New Customers,3,2,0.0,0.0,52.0,0.0,0.9891079619975823,470.98914615257866,465.8591144739585,Medium,-124.88
17149,451.0,1.0,143.10000000000002,1,2,1,121,4,Hibernating/Lost,0,2,0.0,0.0,452.0,0.0,0.23013417524101215,470.98914615257866,108.39069869729222,Low,-143.10000000000002
17150,377.0,6.0,1375.65,2,4,4,244,10,Can't Lose Them,0,1,5.0,357.0,734.0,247.28000000000003,0.8231407281553675,250.13972679039378,205.90019685082945,Low,-139.25
17151,735.0,1.0,231.90000000000003,1,2,1,121,4,Hibernating/Lost,0,2,0.0,0.0,736.0,0.0,0.14916093243425163,470.98914615257866,70.25318020653066,Low,-231.90000000000003
17152,195.0,4.0,1830.5,2,4,4,244,10,Can't Lose Them,0,1,2.0,231.0,426.0,844.75,0.8553365759228573,855.0336819715187,731.3415818362321,Medium,-141.0
17153,24.0,1.0,213.78,4,2,1,421,7,New Customers,3,2,0.0,0.0,25.0,0.0,1.2767283230446989,470.98914615257866,601.3251827396364,Medium,-213.78
17154,75.0,1.0,329.34,3,2,2,322,7,Potential Loyalists,0,2,0.0,0.0,76.0,0.0,0.8246330158471796,470.98914615257866,388.393200023089,Medium,-329.34
17155,18.0,7.0,892.46,5,4,3,543,12,Champions,3,1,6.0,719.0,737.0,124.89999999999999,1.4659520973264397,127.07053740272099,186.27932081391663,Low,-143.06000000000006
17156,492.0,1.0,572.07,1,2,2,122,5,Hibernating/Lost,0,2,0.0,0.0,492.0,0.0,0.21378213936205745,470.98914615257866,100.68906728080701,Low,-572.07
17157,8.0,19.0,5139.45,5,5,5,555,15,Champions,1,1,17.0,728.0,736.0,283.5141176470588,3.9236546576650353,284.3760845550526,1115.793548692978,High,-319.71000000000004
17158,32.0,5.0,1962.3,4,4,4,444,12,Champions,3,1,4.0,610.0,643.0,420.375,1.1521523712639876,424.4011416563638,488.9747817265231,Medium,-280.79999999999995
17159,22.0,5.0,2095.44,4,4,4,444,12,Champions,3,1,4.0,624.0,646.0,459.57250000000005,1.1491628869845527,463.7004598397059,532.8673591254611,Medium,-257.14999999999986
17160,31.0,17.0,10201.36,4,5,5,455,14,Champions,1,1,16.0,704.0,736.0,586.45125,3.687111969025805,587.5634672194419,2166.4122925471056,High,-818.1400000000012
17161,444.0,1.0,856.01,1,2,3,123,6,Hibernating/Lost,0,2,0.0,0.0,445.0,0.0,0.23325681701251125,470.98914615257866,109.86142907899095,Low,-856.01
17162,29.0,10.0,1707.21,4,5,4,454,13,Champions,1,1,5.0,277.0,306.0,258.21,2.6522626556707274,261.0924281339292,692.4856968180136,Medium,-416.1600000000001
17163,22.0,4.0,699.78,4,4,3,443,11,Champions,3,1,3.0,654.0,676.0,186.17999999999998,0.8620524661979206,190.74102138675448,164.42876789156202,Low,-141.24
17164,33.0,7.0,2466.4,4,4,4,444,12,Champions,3,1,4.0,241.0,274.0,460.055,2.3739573890163994,464.1842131664094,1101.953542711161,High,-626.1800000000001
17165,284.0,6.0,1783.63,2,4,4,244,10,Can't Lose Them,0,1,5.0,444.0,729.0,283.73199999999997,1.0816764962752135,286.6674367057235,310.0814285320435,Medium,-364.97000000000025
17166,39.0,2.0,189.49,4,3,1,431,8,Loyal Customers,3,3,1.0,165.0,204.0,78.75,1.0140761401207454,91.40359528074745,92.69020509545916,Low,-110.74000000000001
17167,380.0,3.0,867.11,2,3,3,233,8,At Risk,0,0,2.0,66.0,446.0,304.71000000000004,0.40411492665974363,312.18079373542713,126.15691856497268,Low,-257.68999999999994
17168,499.0,1.0,400.2,1,2,2,122,5,Hibernating/Lost,0,2,0.0,0.0,499.0,0.0,0.21115678136924676,470.98914615257866,99.45255216142826,Low,-400.2
17169,58.0,3.0,1129.8799999999999,4,3,3,433,10,Loyal Customers,3,0,2.0,521.0,579.0,417.89,0.7085976855869391,425.9503106055864,301.8274042701564,Medium,-294.0999999999999
17170,374.0,2.0,118.98,2,3,1,231,6,At Risk,0,3,1.0,15.0,390.0,106.2,0.3046312534109519,119.14104831649314,36.294086881348086,Low,-12.780000000000001
17171,289.0,2.0,384.59,2,3,2,232,7,At Risk,0,3,1.0,372.0,662.0,224.91,0.3582719222260246,239.09416488747206,85.6607260472607,Low,-159.67999999999998
17172,79.0,3.0,910.99,3,3,3,333,9,Loyal Customers,3,0,2.0,648.0,727.0,309.875,0.5763782583472039,317.37269649770286,182.9267220543017,Low,-291.24
17173,5.0,8.0,3755.65,5,5,5,555,15,Champions,1,1,6.0,126.0,132.0,550.6366666666667,5.869312932098077,553.5438196452486,3248.921899126823,High,-451.8300000000004
17174,218.0,1.0,59.9,2,2,1,221,5,Hibernating/Lost,0,2,0.0,0.0,218.0,0.0,0.41686590155552616,470.98914615257866,196.33931503376218,Low,-59.9
17175,44.0,4.0,1430.94,4,4,4,444,12,Champions,3,1,3.0,252.0,297.0,308.2033333333333,1.7324402095301816,313.18733955371835,542.578340158644,Medium,-506.33000000000015
17176,202.0,3.0,902.3199999999999,2,3,3,233,8,At Risk,0,0,2.0,476.0,678.0,307.99,0.5946369311413998,315.4778781614222,187.59479731290855,Low,-286.3399999999999
17177,505.0,1.0,119.5,1,2,1,121,4,Hibernating/Lost,0,2,0.0,0.0,506.0,0.0,0.20859519480703037,470.98914615257866,98.24607269369405,Low,-119.5
17178,731.0,1.0,436.71,1,2,2,122,5,Hibernating/Lost,0,2,0.0,0.0,732.0,0.0,0.14990355789782986,470.98914615257866,70.60294873953252,Low,-436.71
17179,178.0,6.0,1507.26,3,4,4,344,11,Loyal Customers,0,1,5.0,384.0,563.0,262.818,1.4686527423946185,265.70999883758986,390.2357184744973,Medium,-193.17000000000007
17180,56.0,11.0,2236.33,4,5,4,454,13,Champions,1,1,9.0,631.0,688.0,231.48000000000002,2.2553849560090256,233.04905747793438,525.6153382478159,Medium,-153.00999999999976
17181,57.0,3.0,465.37,4,3,2,432,9,Loyal Customers,3,0,2.0,538.0,596.0,197.72,0.690713676923094,204.633518510667,141.34316999221284,Low,-69.93
17182,423.0,2.0,321.3,1,3,2,132,6,At Risk,0,3,1.0,296.0,719.0,142.8,0.3104402412406655,156.12431903082074,48.467271263462614,Low,-178.5
17183,8.0,6.0,3286.9100000000003,5,4,5,545,14,Champions,1,1,5.0,98.0,106.0,603.528,5.7094610439847635,607.1276452013561,3466.371639003346,High,-269.27
17184,569.0,2.0,198.41000000000003,1,3,1,131,5,At Risk,0,3,1.0,161.0,731.0,147.86,0.2487489566283525,161.2373067306704,40.107611818819905,Low,-50.55000000000001
17185,592.0,3.0,229.46,1,3,1,131,5,At Risk,0,0,1.0,7.0,599.0,105.71000000000001,0.12577824154660744,118.64591709654724,14.92307481908828,Low,-123.75
17186,47.0,2.0,144.0,4,3,1,431,8,Loyal Customers,3,3,1.0,14.0,61.0,72.0,2.029349510377376,84.5829101080231,171.6482872140103,Low,-72.0
17187,227.0,2.0,467.71,2,3,2,232,7,At Risk,0,3,1.0,300.0,527.0,203.95,0.44150870967119005,217.91467433631615,96.21122668464454,Low,-263.76
17188,11.0,13.0,4361.83,5,5,5,555,15,Champions,1,1,11.0,720.0,732.0,387.7190909090909,2.596848424020234,389.14993144242504,1010.5633861738436,High,-96.92000000000007
17189,106.0,5.0,957.63,3,4,3,343,10,Loyal Customers,3,1,4.0,631.0,738.0,181.79250000000002,1.0044437450197155,185.19890731802084,186.02188404007205,Low,-230.45999999999992
17190,59.0,7.0,1548.04,4,4,4,444,12,Champions,3,1,3.0,586.0,645.0,380.8733333333333,0.8941604035636724,386.1092447182491,345.2435980769344,Medium,-405.4200000000001
17191,28.0,15.0,4810.55,4,5,5,455,14,Champions,1,1,11.0,710.0,739.0,415.8463636363636,2.568536445066473,417.3037285111713,1071.8598353430684,High,-236.2400000000007
17192,536.0,1.0,77.83,1,2,1,121,4,Hibernating/Lost,0,2,0.0,0.0,537.0,0.0,0.1979607378114362,470.98914615257866,93.23735887354283,Low,-77.83
17193,36.0,9.0,2254.6,4,5,4,454,13,Champions,1,1,5.0,692.0,738.0,449.7,1.23714077231069,452.9801481955582,560.4002103800636,Medium,-6.099999999999909
17194,274.0,3.0,812.5,2,3,3,233,8,At Risk,0,0,2.0,257.0,531.0,131.31,0.6791372113039322,137.87761097093133,93.63781621604676,Low,-549.88
17195,655.0,1.0,562.98,1,2,2,122,5,Hibernating/Lost,0,2,0.0,0.0,656.0,0.0,0.16556643187312434,470.98914615257866,77.97999237945191,Low,-562.98
17196,428.0,1.0,352.9,1,2,2,122,5,Hibernating/Lost,0,2,0.0,0.0,428.0,0.0,0.24120572612752977,470.98914615257866,113.60527899591798,Low,-352.9
17197,30.0,1.0,1013.01,4,2,3,423,9,New Customers,3,2,0.0,0.0,30.0,0.0,1.2113523663161674,470.98914615257866,570.5338167011573,Medium,-1013.01
17198,24.0,3.0,1213.88,4,3,4,434,11,Loyal Customers,3,0,2.0,348.0,372.0,334.93,1.044611727163222,342.55819963590613,357.84031257558775,Medium,-544.0200000000001
17199,582.0,1.0,145.12,1,2,1,121,4,Hibernating/Lost,0,2,0.0,0.0,583.0,0.0,0.18403997726286894,470.98914615257866,86.68083174897863,Low,-145.12
17200,387.0,4.0,356.71,2,4,2,242,8,Can't Lose Them,0,1,1.0,265.0,653.0,191.65,0.33854492410133863,205.48587024379623,69.56619834558352,Low,-165.05999999999997
17201,54.0,4.0,1226.44,4,4,4,444,12,Champions,3,1,3.0,614.0,668.0,253.74,0.8672985324257492,258.53521311533166,224.22721091530545,Low,-465.22
17202,421.0,1.0,160.65,1,2,1,121,4,Hibernating/Lost,0,2,0.0,0.0,421.0,0.0,0.24463875188449014,470.98914615257866,115.22219686590856,Low,-160.65
17203,36.0,10.0,5575.88,4,5,5,455,14,Champions,1,1,3.0,353.0,389.0,1187.95,1.393519507019421,1195.9835827830943,1666.6264526832185,High,-2012.0299999999997
17204,175.0,9.0,5263.69,3,5,5,355,13,Loyal Customers,1,1,6.0,372.0,548.0,867.56,1.7393604150854958,871.0154981928077,1515.009878482542,High,-58.32999999999993
17205,54.0,3.0,999.35,4,3,3,433,10,Loyal Customers,3,0,2.0,511.0,565.0,362.2,0.7245966017194729,369.9702399703225,268.0791786198336,Low,-274.95000000000005
17206,53.0,1.0,204.24,4,2,1,421,7,New Customers,3,2,0.0,0.0,54.0,0.0,0.9729137947226096,470.98914615257866,458.2318374564671,Medium,-204.24
17207,652.0,1.0,303.21999999999997,1,2,2,122,5,Hibernating/Lost,0,2,0.0,0.0,653.0,0.0,0.16625218547183784,470.98914615257866,78.30297488138105,Low,-303.21999999999997
17208,396.0,1.0,115.35,2,2,1,221,5,Hibernating/Lost,0,2,0.0,0.0,396.0,0.0,0.2577413805074567,470.98914615257866,121.39339273339391,Low,-115.35
17209,649.0,3.0,611.6,1,3,3,133,7,At Risk,0,0,2.0,87.0,737.0,145.6,0.15204171989784396,152.24204281467206,23.147142030303936,Low,-320.40000000000003
17210,393.0,1.0,253.37,2,2,1,221,5,Hibernating/Lost,0,2,0.0,0.0,393.0,0.0,0.259408777495595,470.98914615257866,122.17871861713455,Low,-253.37
17211,27.0,13.0,4002.1,4,5,5,455,14,Champions,1,1,12.0,700.0,727.0,304.99333333333334,2.83274962939835,306.23332931613606,867.4823501297074,High,-342.17999999999984
17212,253.0,3.0,794.41,2,3,3,233,8,At Risk,0,0,2.0,233.0,487.0,172.945,0.7325107584091859,179.72947379907308,131.65377316104292,Low,-448.52
17213,40.0,13.0,5078.93,4,5,5,455,14,Champions,1,1,11.0,684.0,725.0,443.41818181818184,2.608093153037394,444.9015472344423,1160.3446791178917,High,-201.32999999999993
17214,60.0,6.0,984.12,3,4,3,343,10,Loyal Customers,3,1,5.0,299.0,360.0,179.614,2.292183750241629,182.333186158036,417.94116644123204,Medium,-86.04999999999995
17215,464.0,1.0,186.15,1,2,1,121,4,Hibernating/Lost,0,2,0.0,0.0,465.0,0.0,0.22455169058741292,470.98914615257866,105.76140901688365,Low,-186.15
17216,554.0,1.0,65.05,1,2,1,121,4,Hibernating/Lost,0,2,0.0,0.0,555.0,0.0,0.19226965009598102,470.98914615257866,90.55691832976116,Low,-65.05
17217,234.0,2.0,218.0,2,3,1,231,6,At Risk,0,3,1.0,385.0,620.0,113.5,0.3867834296992672,126.51749302180986,48.934869867928725,Low,-104.5
17218,4.0,18.0,4192.68,5,5,5,555,15,Champions,1,1,17.0,679.0,684.0,223.82,4.195516352725957,224.6455546370229,942.5040980468222,High,-387.74000000000024
17219,32.0,2.0,259.13,4,3,1,431,8,Loyal Customers,3,3,1.0,385.0,417.0,114.23,0.5761690343749811,127.25513749234152,73.32046968821787,Low,-144.89999999999998
17220,24.0,21.0,4481.75,4,5,5,455,14,Champions,1,1,13.0,664.0,689.0,318.20384615384614,3.211091681590476,319.35892130350294,1025.490775639386,High,-345.10000000000036
17221,7.0,5.0,978.52,5,4,3,543,12,Champions,3,1,3.0,600.0,608.0,192.14333333333335,0.9500434019047476,196.7250261727435,186.89731310495372,Low,-402.0899999999999
17222,65.0,6.0,1605.01,3,4,4,344,11,Loyal Customers,3,1,5.0,633.0,699.0,282.152,1.2948891501032724,285.08415508424264,369.15237928494446,Medium,-194.25
17223,310.0,3.0,873.53,2,3,3,233,8,At Risk,0,0,2.0,65.0,376.0,359.81500000000005,0.5675955315864578,367.57281730081087,208.63268863258568,Low,-153.89999999999986
17224,501.0,1.0,100.86,1,2,1,121,4,Hibernating/Lost,0,2,0.0,0.0,502.0,0.0,0.2100512863788108,470.98914615257866,98.93187601980686,Low,-100.86
17225,582.0,1.0,131.15,1,2,1,121,4,Hibernating/Lost,0,2,0.0,0.0,582.0,0.0,0.18432173320092607,470.98914615257866,86.81353573766758,Low,-131.15
17226,309.0,3.0,900.12,2,3,3,233,8,At Risk,0,0,2.0,357.0,666.0,237.245,0.5684818858451729,244.36439105257412,138.91672985897463,Low,-425.63
17227,19.0,12.0,2022.03,5,5,4,554,14,Champions,1,1,11.0,675.0,694.0,164.90272727272728,2.7232778624242524,166.1234494141263,452.4003122190453,Medium,-208.0999999999999
17228,16.0,13.0,3177.24,5,5,5,555,15,Champions,1,1,12.0,622.0,638.0,254.09833333333336,3.1930166399890965,255.29433775069913,815.1590685329788,Medium,-128.0599999999995
17229,96.0,2.0,318.76,3,3,2,332,8,Loyal Customers,0,3,1.0,46.0,143.0,161.05,1.1983055034871803,174.56543079411253,209.18271643919556,Low,-157.70999999999998
17230,264.0,18.0,9695.91,2,5,5,255,12,Can't Lose Them,1,-1,13.0,467.0,732.0,740.0576923076923,1.2564203667816713,741.5493296510616,931.6976807468893,High,-75.15999999999985
17231,12.0,25.0,7091.07,5,5,5,555,15,Champions,1,-1,21.0,720.0,733.0,328.7233333333333,4.830732693418216,329.4433564530271,1591.4527926470691,High,-187.8800000000001
17232,3.0,2.0,421.52,5,3,2,532,10,Loyal Customers,3,3,1.0,12.0,15.0,213.48,3.367110377901581,227.5444713283255,766.1673508437335,Medium,-208.04
17233,35.0,3.0,560.86,4,3,2,432,9,Loyal Customers,3,0,2.0,689.0,725.0,190.75,0.5814335850697778,197.62721410542747,114.90709960467126,Low,-179.36
17234,183.0,1.0,149.89000000000001,3,2,1,321,6,Potential Loyalists,0,2,0.0,0.0,183.0,0.0,0.4745800948408416,470.98914615257866,223.5220736500978,Low,-149.89000000000001
17235,25.0,8.0,1904.8799999999999,4,5,4,454,13,Champions,1,1,7.0,528.0,554.0,255.3642857142857,2.1793353695259827,257.41772262812174,560.9995476662946,Medium,-117.32999999999993
17236,13.0,12.0,1929.26,5,5,4,554,14,Champions,1,1,11.0,630.0,643.0,154.31545454545451,2.9200778954904987,155.5261927669828,454.1485976686608,Medium,-231.79000000000042
17237,11.0,4.0,1002.08,5,4,3,543,12,Champions,3,1,3.0,370.0,382.0,139.99333333333334,1.4231553113282747,144.39425206609315,205.49544675313416,Low,-582.1
17238,3.0,32.0,7783.1,5,5,5,555,15,Champions,1,4,28.0,736.0,739.0,269.0,6.357252258017797,269.51783772032184,1713.3928824235902,High,-251.10000000000036
17239,313.0,4.0,1174.15,2,4,3,243,9,Can't Lose Them,0,1,3.0,214.0,527.0,293.6666666666667,0.8057811325587388,298.60028261034336,240.60647390412197,Low,-293.1500000000001
17240,596.0,1.0,130.6,1,2,1,121,4,Hibernating/Lost,0,2,0.0,0.0,597.0,0.0,0.1801840237365208,470.98914615257866,84.86471948999989,Low,-130.6
17241,385.0,12.0,2744.14,2,5,4,254,11,Can't Lose Them,1,1,10.0,277.0,663.0,220.234,0.10594615946484714,221.6343222363038,23.48130524653076,Low,-541.7999999999997
17242,108.0,5.0,2889.28,3,4,5,345,12,Loyal Customers,3,1,4.0,576.0,685.0,612.005,1.072486423477053,616.5289136692176,661.2188895912919,Medium,-441.2600000000002
17243,1.0,69.0,20709.21,5,5,5,555,15,Champions,2,-1,65.0,737.0,739.0,313.1378461538461,14.58585934930246,313.3679059990014,4570.7402014868685,High,-355.25
17244,53.0,5.0,1826.04,4,4,4,444,12,Champions,3,1,2.0,680.0,734.0,782.6949999999999,0.5735661540469911,792.6554581742247,454.64034262934564,Medium,-260.6500000000001
17245,205.0,2.0,371.63,2,3,2,232,7,At Risk,0,3,1.0,485.0,690.0,171.45,0.3574626157784047,185.0743383194952,66.1571570891442,Low,-200.18
17246,547.0,2.0,38.92,1,3,1,131,5,At Risk,0,3,1.0,192.0,739.0,15.44,0.26217372022870594,27.430620719980226,7.1915878823398405,Low,-23.480000000000004
17247,15.0,1.0,282.19,5,2,2,522,9,New Customers,3,2,0.0,0.0,16.0,0.0,1.4143724889872349,470.98914615257866,666.1540909297952,Medium,-282.19
17248,120.0,2.0,546.16,3,3,2,332,8,Loyal Customers,0,3,1.0,361.0,482.0,318.65,0.4969908045910557,333.8157986787581,165.90338237056184,Low,-227.51
17249,429.0,1.0,68.03,1,2,1,121,4,Hibernating/Lost,0,2,0.0,0.0,429.0,0.0,0.24072315478287643,470.98914615257866,113.37799313034199,Low,-68.03
17250,4.0,2.0,384.52,5,3,2,532,10,Loyal Customers,3,3,1.0,258.0,262.0,221.87,0.8501742094468749,236.02233038005252,200.66009814267028,Low,-162.64999999999998
17251,363.0,3.0,803.73,2,3,3,233,8,At Risk,0,0,2.0,362.0,725.0,253.01500000000001,0.5136447265755105,260.2165317226785,133.65884928712285,Low,-297.7
17252,117.0,2.0,353.86,3,3,2,332,8,Loyal Customers,0,3,1.0,70.0,187.0,11.9,0.9935529599522419,23.853550273840348,23.69976547994369,Low,-341.96000000000004
17253,18.0,1.0,178.26,5,2,1,521,8,New Customers,3,2,0.0,0.0,19.0,0.0,1.3652688327800393,470.98914615257866,643.0268018197984,Medium,-178.26
17254,5.0,3.0,470.73,5,3,2,532,10,Loyal Customers,3,0,2.0,397.0,402.0,136.22,0.9824837087262821,142.81318552325934,140.3116281679064,Low,-198.29000000000002
17255,41.0,4.0,799.13,4,4,3,443,11,Champions,3,1,3.0,406.0,447.0,139.32666666666668,1.2370195880967485,143.72527444887805,177.79097979784325,Low,-381.15
17256,107.0,5.0,498.93,3,4,2,342,9,Loyal Customers,3,1,3.0,493.0,601.0,115.10000000000001,0.9412692088521315,119.41462783928169,112.4013122716524,Low,-153.63
17257,436.0,2.0,192.73,1,3,1,131,5,At Risk,0,3,0.0,0.0,437.0,0.0,0.23693109732714998,470.98914615257866,111.59197522710788,Low,-192.73
17258,397.0,2.0,417.3,2,3,2,232,7,At Risk,0,3,1.0,269.0,666.0,133.45000000000002,0.331966874381808,146.67640697675074,48.69170836962596,Low,-283.85
17259,148.0,6.0,1889.34,3,4,4,344,11,Loyal Customers,3,1,4.0,507.0,656.0,394.8675,1.0989260312841473,398.82738418301483,438.2817944676784,Medium,-309.8699999999999
17260,411.0,1.0,120.95,1,2,1,121,4,Hibernating/Lost,0,2,0.0,0.0,412.0,0.0,0.24919913437712668,470.98914615257866,117.3700875222446,Low,-120.95
17261,510.0,1.0,230.44,1,2,1,121,4,Hibernating/Lost,0,2,0.0,0.0,510.0,0.0,0.20715917422341865,470.98914615257866,97.56972258516123,Low,-230.44
17262,52.0,11.0,2757.62,4,5,4,454,13,Champions,1,1,8.0,672.0,725.0,323.515,1.9294209953567958,325.39982261779386,627.8332496441486,Medium,-169.5
17263,208.0,1.0,63.440000000000005,2,2,1,221,5,Hibernating/Lost,0,2,0.0,0.0,209.0,0.0,0.43031809564522433,470.98914615257866,202.6751524419479,Low,-63.440000000000005
17264,424.0,1.0,279.59,1,2,2,122,5,Hibernating/Lost,0,2,0.0,0.0,425.0,0.0,0.24266513613991259,470.98914615257866,114.29264527153668,Low,-279.59
17265,139.0,2.0,562.9,3,3,2,332,8,Loyal Customers,0,3,1.0,42.0,181.0,178.81,0.9572942810950864,192.51141133745836,184.29007311889265,Low,-384.09
17266,2.0,5.0,517.73,5,4,2,542,11,Champions,3,1,4.0,638.0,641.0,100.2625,1.1600406283504834,103.45712757472405,120.01447127911901,Low,-116.68
17267,127.0,2.0,317.62,3,3,2,332,8,Loyal Customers,0,3,0.0,0.0,128.0,0.0,0.6067914308252615,470.98914615257866,285.79217789709145,Medium,-317.62
17268,108.0,11.0,1733.8899999999999,3,5,4,354,12,Loyal Customers,1,1,10.0,624.0,732.0,157.81900000000002,2.312634293068406,159.15457226167675,368.0663217109874,Medium,-155.69999999999982
17269,386.0,1.0,537.46,2,2,2,222,6,Hibernating/Lost,0,2,0.0,0.0,386.0,0.0,0.26338469505257933,470.98914615257866,124.05133263247164,Low,-537.46
17270,469.0,2.0,604.4,1,3,3,133,7,At Risk,0,3,1.0,263.0,733.0,214.78,0.2937339332263197,228.85808476899834,67.22338538984037,Low,-389.62
17271,736.0,1.0,210.39,1,2,1,121,4,Hibernating/Lost,0,2,0.0,0.0,737.0,0.0,0.14897642507131617,470.98914615257866,70.16627924120282,Low,-210.39
17272,42.0,4.0,2144.53,4,4,4,444,12,Champions,3,1,3.0,220.0,263.0,496.98333333333335,1.907597303525364,502.6217314205152,958.7998595510245,High,-653.5800000000002
17273,424.0,1.0,141.12,1,2,1,121,4,Hibernating/Lost,0,2,0.0,0.0,425.0,0.0,0.24266513613991259,470.98914615257866,114.29264527153668,Low,-141.12
17274,35.0,2.0,577.38,4,3,2,432,9,Loyal Customers,3,3,1.0,360.0,396.0,111.97999999999999,0.6012965893006228,124.98157576810006,75.15099523477593,Low,-465.4
17275,383.0,1.0,114.52,2,2,1,221,5,Hibernating/Lost,0,2,0.0,0.0,384.0,0.0,0.2645431928862236,470.98914615257866,124.59697253795936,Low,-114.52
17276,402.0,1.0,451.34000000000003,2,2,2,222,6,Hibernating/Lost,0,2,0.0,0.0,403.0,0.0,0.2539330412985549,470.98914615257866,119.59970630113385,Low,-451.34000000000003
17277,228.0,2.0,1065.3500000000001,2,3,3,233,8,At Risk,0,3,1.0,95.0,323.0,348.33000000000004,0.6002130961743959,363.80660400119643,218.36148819625046,Low,-717.0200000000001
17278,241.0,2.0,271.24,2,3,1,231,6,At Risk,0,3,1.0,324.0,566.0,246.04,0.41445090997746203,260.44543565779287,107.94184780784879,Low,-25.200000000000017
17279,58.0,1.0,187.82999999999998,4,2,1,421,7,New Customers,3,2,0.0,0.0,58.0,0.0,0.9420787360010973,470.98914615257866,443.70885947765737,Medium,-187.82999999999998
17280,438.0,1.0,118.85999999999999,1,2,1,121,4,Hibernating/Lost,0,2,0.0,0.0,439.0,0.0,0.23600170276351695,470.98914615257866,111.15424047514351,Low,-118.85999999999999
17281,374.0,6.0,797.8499999999999,2,4,3,243,9,Can't Lose Them,0,1,5.0,299.0,674.0,137.07,0.7594657183828508,139.70082330722425,106.09798613169677,Low,-112.5
17282,130.0,5.0,2339.66,3,4,4,344,11,Loyal Customers,3,1,4.0,418.0,549.0,495.815,1.2862388559582436,500.0371022087287,643.1671502816305,Medium,-356.39999999999986
17283,379.0,1.0,188.46,2,2,1,221,5,Hibernating/Lost,0,2,0.0,0.0,379.0,0.0,0.2674845965921218,470.98914615257866,125.98234175789041,Low,-188.46
17284,60.0,8.0,2328.22,3,5,4,354,12,Loyal Customers,1,1,6.0,329.0,390.0,275.43,2.5282899477442418,277.86098652847403,702.5131391102391,Medium,-675.6399999999999
17285,628.0,2.0,428.34,1,3,2,132,6,At Risk,0,3,1.0,35.0,664.0,215.44,0.1502293126418169,229.52499620810917,34.48138241445987,Low,-212.89999999999998
17286,22.0,3.0,395.48,4,3,2,432,9,Loyal Customers,3,0,1.0,379.0,401.0,153.92,0.5970232510355302,167.3607663079607,99.91826879697632,Low,-241.56000000000003
17287,26.0,21.0,4095.71,4,5,5,455,14,Champions,1,1,17.0,710.0,737.0,227.16176470588235,3.9079509034123503,227.98935775551254,890.9712166090568,High,-233.96000000000004
17288,9.0,11.0,2499.98,5,5,4,554,14,Champions,1,1,8.0,385.0,395.0,282.4225,3.3176555429039887,284.2540215567342,943.0569302104491,High,-240.5999999999999
17289,32.0,9.0,2069.89,4,5,4,454,13,Champions,1,1,8.0,610.0,642.0,253.95,2.1607904248825327,255.74458989132026,552.610461052675,Medium,-38.289999999999964
17290,4.0,8.0,1501.44,5,5,4,554,14,Champions,1,1,6.0,723.0,727.0,240.83166666666668,1.486633201968142,243.20279067159606,361.55334342370264,Medium,-56.450000000000045
17291,308.0,1.0,550.8000000000001,2,2,2,222,6,Hibernating/Lost,0,2,0.0,0.0,309.0,0.0,0.3168172579428408,470.98914615257866,149.21748980489986,Low,-550.8000000000001
17292,472.0,2.0,271.75,1,3,2,132,6,At Risk,0,3,1.0,107.0,580.0,130.39999999999998,0.29531773627155355,143.59446775055673,42.40599315721302,Low,-141.35000000000002
17293,8.0,17.0,3774.23,5,5,5,555,15,Champions,1,1,15.0,728.0,737.0,243.91466666666668,3.4728081585859667,244.86426416446656,850.3666143365089,High,-115.50999999999976
17294,669.0,2.0,467.78999999999996,1,3,2,132,6,At Risk,0,3,0.0,0.0,670.0,0.0,0.1624396909079833,470.98914615257866,76.50733132203985,Low,-467.78999999999996
17295,29.0,3.0,556.95,4,3,2,432,9,Loyal Customers,3,0,1.0,36.0,65.0,277.59000000000003,2.0422543324926954,292.3258233910452,597.0036793198566,Medium,-279.36
17296,730.0,1.0,338.13,1,2,2,122,5,Hibernating/Lost,0,2,0.0,0.0,731.0,0.0,0.15009037186887023,470.98914615257866,70.6909360922422,Low,-338.13
17297,17.0,1.0,131.78,5,2,1,521,8,New Customers,3,2,0.0,0.0,18.0,0.0,1.3812487825271869,470.98914615257866,650.5531847067685,Medium,-131.78
17298,101.0,5.0,952.52,3,4,3,343,10,Loyal Customers,3,1,4.0,540.0,642.0,208.885,1.1374753570006213,212.36178193712138,241.55629372221523,Low,-116.98000000000002
17299,12.0,6.0,1016.08,5,4,3,543,12,Champions,3,1,5.0,470.0,482.0,157.672,1.8176382349374238,160.34561315896417,291.4503172822186,Medium,-227.72000000000003
17300,391.0,2.0,393.64,2,3,2,232,7,At Risk,0,3,1.0,91.0,482.0,237.84,0.36144858236765,252.1595662627796,91.14271775612319,Low,-155.79999999999998
17301,21.0,2.0,330.43,4,3,2,432,9,Loyal Customers,3,3,1.0,603.0,625.0,197.63,0.4053714396302616,211.52849207089128,85.74760935359558,Low,-132.8
17302,15.0,5.0,1119.93,5,4,3,543,12,Champions,3,1,4.0,291.0,306.0,238.195,2.1868227043454986,241.74791666392167,528.6598328888874,Medium,-167.1500000000001
17303,361.0,1.0,250.04,2,2,1,221,5,Hibernating/Lost,0,2,0.0,0.0,362.0,0.0,0.2779947804995644,470.98914615257866,130.93252430236336,Low,-250.04
17304,534.0,1.0,111.5,1,2,1,121,4,Hibernating/Lost,0,2,0.0,0.0,535.0,0.0,0.19861396823004804,470.98914615257866,93.5450233106457,Low,-111.5
17305,649.0,1.0,2135.46,1,2,4,124,7,Hibernating/Lost,0,2,0.0,0.0,649.0,0.0,0.16717541616890327,470.98914615257866,78.73780651909374,Low,-2135.46
17306,11.0,21.0,9751.77,5,5,5,555,15,Champions,1,10,16.0,393.0,404.0,561.9568750000001,6.285173049901885,563.0532166947698,3538.8869032305333,High,-760.4599999999991
17307,395.0,11.0,3225.67,2,5,5,255,12,Can't Lose Them,0,1,9.0,293.0,689.0,402.03222222222223,0.18916706256842503,403.79789420948805,76.3852615189245,Low,392.6199999999999
17308,393.0,2.0,4511.76,2,3,5,235,10,At Risk,0,-1,1.0,59.0,453.0,666.72,0.34215105513359906,685.5307450595233,234.55506774863818,Low,-3845.04
17309,95.0,3.0,330.59000000000003,3,3,2,332,8,Loyal Customers,3,0,2.0,578.0,674.0,55.25,0.6148976753223209,61.4214397998382,37.76790054787038,Low,-220.09000000000003
17310,387.0,2.0,1025.1,2,3,3,233,8,At Risk,0,3,1.0,147.0,535.0,260.09999999999997,0.36699404630584515,274.6526702546083,100.79589478544375,Low,-765.0
17311,78.0,6.0,3490.66,3,4,5,345,12,Loyal Customers,3,1,5.0,596.0,675.0,611.42,1.3323210621475814,615.0360366929556,819.4254656657974,Medium,-433.55999999999995
17312,139.0,3.0,644.3,3,3,3,333,9,Loyal Customers,0,0,2.0,21.0,160.0,249.24999999999997,1.4410233096490215,256.4319210934494,369.52437563373917,Medium,-145.8
17313,31.0,1.0,2288.13,4,2,4,424,10,New Customers,3,-1,0.0,0.0,32.0,0.0,1.18705804464975,470.98914615257866,559.0914548831354,Medium,-2288.13
17314,25.0,17.0,4514.7,4,5,5,455,14,Champions,1,1,15.0,712.0,737.0,291.66066666666666,3.46515102175657,292.6432742164149,1014.0531406611982,High,-139.78999999999996
17315,2.0,43.0,9558.55,5,5,5,555,15,Champions,1,-1,39.0,437.0,439.0,227.82102564102564,13.994222241069403,228.18182247240097,3193.2271350510237,High,-673.5299999999988
17316,420.0,1.0,124.45,1,2,1,121,4,Hibernating/Lost,0,2,0.0,0.0,421.0,0.0,0.24463875188449014,470.98914615257866,115.22219686590856,Low,-124.45
17317,46.0,3.0,2524.02,4,3,4,434,11,Loyal Customers,3,0,1.0,37.0,90.0,534.24,1.6731571410038062,551.6634307361867,923.0196085669094,High,-1989.78
17318,725.0,1.0,164.28,1,2,1,121,4,Hibernating/Lost,0,2,0.0,0.0,726.0,0.0,0.15103147456557572,470.98914615257866,71.1341852478054,Low,-164.28
17319,669.0,1.0,29.1,1,2,1,121,4,Hibernating/Lost,0,2,0.0,0.0,670.0,0.0,0.1624396909079833,470.98914615257866,76.50733132203985,Low,-29.1
17320,100.0,6.0,2895.77,3,4,5,345,12,Loyal Customers,3,1,5.0,587.0,688.0,514.422,1.3027739079990996,517.8365742116882,674.6239774906269,Medium,-323.65999999999985
17321,8.0,6.0,1741.18,5,4,4,544,13,Champions,3,1,4.0,569.0,578.0,331.38,1.2717371507529758,335.174971065726,426.2544627068375,Medium,-415.6600000000001
17322,376.0,5.0,900.64,2,4,3,243,9,Can't Lose Them,0,1,4.0,360.0,737.0,202.01,0.7723426945245201,205.4689236550759,158.69242213681423,Low,-92.60000000000002
17323,15.0,12.0,1553.51,5,5,4,554,14,Champions,1,1,11.0,683.0,699.0,128.90818181818182,2.7067255843863434,130.09496068949997,352.13135849800517,Medium,-135.51999999999998
17324,18.0,12.0,2148.87,5,5,4,554,14,Champions,1,1,10.0,704.0,722.0,220.083,2.400866863689043,221.48316558732247,531.751593123556,Medium,51.960000000000036
17325,280.0,3.0,609.5699999999999,2,3,3,233,8,At Risk,0,0,2.0,361.0,642.0,253.835,0.5958990952668156,261.04080282917727,155.55397823362995,Low,-101.89999999999992
17326,408.0,2.0,321.95,2,3,2,232,7,At Risk,0,3,1.0,121.0,530.0,149.35,0.349327532930423,162.74290982805695,56.850579192153425,Low,-172.6
17327,410.0,2.0,152.35,2,3,1,231,6,At Risk,0,3,1.0,153.0,563.0,148.1,0.34806877270244774,161.47981998125616,56.206082757088026,Low,-4.25
17328,673.0,1.0,104.7,1,2,1,121,4,Hibernating/Lost,0,2,0.0,0.0,674.0,0.0,0.1615679273486299,470.98914615257866,76.09674014757306,Low,-104.7
17329,14.0,5.0,1004.4300000000001,5,4,3,543,12,Champions,3,1,3.0,722.0,737.0,241.67,0.7977369082447291,246.42337335565244,196.58101997997474,Low,-279.4200000000001
17330,23.0,4.0,423.8,4,4,2,442,10,Champions,3,1,3.0,625.0,648.0,124.61666666666666,0.8954356197655001,128.96428332502708,115.47921296675918,Low,-49.950000000000045
17331,124.0,1.0,175.2,3,2,1,321,6,Potential Loyalists,0,2,0.0,0.0,124.0,0.0,0.6193567458925777,470.98914615257866,291.7103049117848,Medium,-175.2
17332,528.0,5.0,838.27,1,4,3,143,8,Can't Lose Them,0,1,4.0,128.0,657.0,142.3525,0.12036104233404299,145.65645922436664,17.5313632549308,Low,-268.86
17333,86.0,1.0,494.25,3,2,2,322,7,Potential Loyalists,0,2,0.0,0.0,86.0,0.0,0.7712946225764735,470.98914615257866,363.2713957193687,Medium,-494.25
17334,302.0,3.0,634.73,2,3,3,233,8,At Risk,0,0,2.0,104.0,407.0,153.51,0.657299513829465,160.19324336638581,105.29494098349058,Low,-327.71000000000004
17335,384.0,2.0,508.0,2,3,2,232,7,At Risk,0,3,1.0,301.0,685.0,353.23,0.33001994278825264,368.7579162006556,121.69746640725562,Low,-154.76999999999998
17336,472.0,1.0,81.12,1,2,1,121,4,Hibernating/Lost,0,2,0.0,0.0,473.0,0.0,0.22124911617030357,470.98914615257866,104.20593231206396,Low,-81.12
17337,151.0,4.0,1944.32,3,4,4,344,11,Loyal Customers,0,1,3.0,159.0,311.0,333.71666666666664,1.4968545939274638,338.7891129645398,507.1180401135819,Medium,-943.1700000000001
17338,17.0,17.0,12036.57,5,5,5,555,15,Champions,1,11,16.0,622.0,640.0,741.900625,4.194075385045203,743.1135935302261,3116.6744309176074,High,-166.15999999999985
17339,94.0,3.0,303.36,3,3,2,332,8,Loyal Customers,3,0,1.0,271.0,366.0,183.36,0.6292373962839296,197.1090583798133,124.02839067889079,Low,-120.0
17340,30.0,18.0,21411.64,4,5,5,455,14,Champions,2,-1,14.0,634.0,664.0,1538.4164285714285,3.560674247561329,1540.3928559610604,5484.837173347995,High,126.18999999999869
17341,157.0,5.0,1889.83,3,4,4,344,11,Loyal Customers,0,1,2.0,384.0,541.0,647.48,0.7303203969428838,656.7361683385772,479.6278191477782,Medium,-594.8699999999999
17342,380.0,4.0,1155.8400000000001,2,4,3,243,9,Can't Lose Them,0,1,3.0,290.0,670.0,304.98333333333335,0.6659212186030845,309.9561776625695,206.40639554261242,Low,-240.8900000000001
17343,355.0,6.0,1259.94,2,4,4,244,10,Can't Lose Them,0,1,5.0,381.0,737.0,212.52799999999996,0.9003673457882515,215.31554773361933,193.8630882198624,Low,-197.30000000000018
17344,46.0,2.0,454.61,4,3,2,432,9,Loyal Customers,3,3,1.0,682.0,729.0,160.57,0.3516011132347676,174.08040429294098,61.20686394175647,Low,-294.04
17345,15.0,10.0,1484.3799999999999,5,5,4,554,14,Champions,1,1,6.0,723.0,739.0,212.46166666666667,1.4626776467808016,214.78370449809168,314.1593234621318,Medium,-209.6099999999999
17346,4.0,26.0,5258.02,5,5,5,555,15,Champions,1,1,24.0,597.0,601.0,214.51625,6.591241781053061,215.09689469538867,1417.7556392910162,High,-109.63000000000011
17347,86.0,1.0,228.96,3,2,1,321,6,Potential Loyalists,0,2,0.0,0.0,87.0,0.0,0.7663403858190339,470.98914615257866,360.93800397914447,Medium,-228.96
17348,15.0,9.0,2476.41,5,5,4,554,14,Champions,1,1,8.0,625.0,640.0,255.82500000000002,2.172557585055327,257.6220219528762,559.6986778710112,Medium,-429.8099999999997
17349,179.0,5.0,852.25,3,4,3,343,10,Loyal Customers,0,1,4.0,452.0,632.0,179.03750000000002,1.115871223754245,182.4367510173612,203.57592061549133,Low,-136.0999999999999
17350,8.0,7.0,1876.161,5,4,4,544,13,Champions,3,1,5.0,668.0,677.0,312.758,1.3443321349498587,315.75372300009315,424.47787655908155,Medium,-312.3710000000001
17351,36.0,12.0,1988.23,4,5,4,454,13,Champions,1,1,10.0,693.0,730.0,185.448,2.3702340662218435,186.81223487561525,442.7887230892196,Medium,-133.75
17352,696.0,1.0,36.25,1,2,1,121,4,Hibernating/Lost,0,2,0.0,0.0,697.0,0.0,0.1567315585192785,470.98914615257866,73.81886292215789,Low,-36.25
17353,129.0,4.0,3155.55,3,4,5,345,12,Loyal Customers,3,1,3.0,495.0,625.0,966.6666666666666,0.9039731302970266,973.9331871889758,880.4094319233785,High,-255.55000000000018
17354,51.0,4.0,3143.46,4,4,5,445,13,Champions,3,1,1.0,378.0,429.0,1393.06,0.5598012604043717,1419.4768885197611,794.6249513082381,Medium,-1750.4
17355,386.0,1.0,285.11,2,2,2,222,6,Hibernating/Lost,0,2,0.0,0.0,387.0,0.0,0.2628092490546711,470.98914615257866,123.78030381325995,Low,-285.11
17356,312.0,5.0,946.47,2,4,3,243,9,Can't Lose Them,0,1,4.0,377.0,689.0,161.2225,0.9094148444929726,164.57547533814085,149.66738031199242,Low,-301.58000000000004
17357,24.0,2.0,388.14,4,3,2,432,9,Loyal Customers,3,3,0.0,0.0,25.0,0.0,1.2767283230446989,470.98914615257866,601.3251827396364,Medium,-388.14
17358,303.0,5.0,866.05,2,4,3,243,9,Can't Lose Them,0,1,4.0,350.0,654.0,187.20749999999998,0.9407200272787912,190.6279731503519,179.3275521020997,Low,-117.22000000000003
17359,11.0,2.0,284.46,5,3,2,532,10,Loyal Customers,3,3,1.0,637.0,649.0,127.86,0.3924620696504357,141.0278691818575,55.34808941750269,Low,-156.59999999999997
17360,17.0,6.0,1201.43,5,4,3,543,12,Champions,3,1,3.0,417.0,435.0,327.71,1.2726067479505678,332.76162463343184,423.4746889674993,Medium,-218.30000000000018
17361,49.0,5.0,880.64,4,4,3,443,11,Champions,3,1,3.0,627.0,677.0,162.73333333333332,0.8574839921997439,167.2130785892998,143.38253817676232,Low,-392.44000000000005
17362,239.0,7.0,1010.54,2,4,3,243,9,Can't Lose Them,0,1,6.0,463.0,703.0,145.49,1.3522099642994105,147.69616251066796,199.71622263571027,Low,-137.5999999999999
17363,395.0,3.0,940.86,2,3,3,233,8,At Risk,0,0,1.0,7.0,403.0,197.64,0.26107124507945745,211.5385967896657,55.22664484623934,Low,-743.22
17364,1.0,28.0,11684.55,5,5,5,555,15,Champions,1,-1,24.0,732.0,733.0,469.25,5.509783254517118,469.94068787704,2589.2713326811704,High,-422.5499999999993
17365,13.0,15.0,8205.83,5,5,5,555,15,Champions,1,1,13.0,664.0,677.0,597.8523076923077,3.2684420814248103,599.2304911543381,1958.5501537616963,High,-433.75
17366,432.0,2.0,1094.59,1,3,3,133,7,At Risk,0,3,1.0,24.0,457.0,610.25,0.25890186911315943,628.46939814045,162.71190185898487,Low,-484.3399999999999
17367,238.0,1.0,168.4,2,2,1,221,5,Hibernating/Lost,0,2,0.0,0.0,239.0,0.0,0.3885345033549189,470.98914615257866,182.99553398594946,Low,-168.4
17368,23.0,14.0,2213.24,4,5,4,454,13,Champions,1,1,11.0,701.0,725.0,187.0609090909091,2.6155379695747256,188.3025266524463,492.51240822633,Medium,-155.5699999999997
17369,456.0,1.0,979.1999999999999,1,2,3,123,6,Hibernating/Lost,0,2,0.0,0.0,456.0,0.0,0.2283871099981759,470.98914615257866,107.56784993029594,Low,-979.1999999999999
17370,73.0,4.0,446.18,3,4,2,342,9,Loyal Customers,3,1,3.0,97.0,170.0,111.82666666666667,2.521252850212111,116.1299477387556,292.79296173132104,Medium,-110.69999999999999
17371,17.0,6.0,662.55,5,4,3,543,12,Champions,3,1,3.0,714.0,732.0,169.42,0.8024210431771548,173.92292408996715,139.55941418069256,Low,-154.28999999999996
17372,41.0,28.0,4325.43,4,5,5,455,14,Champions,1,-1,26.0,696.0,737.0,161.28384615384616,5.877515827662541,161.7985816700528,950.9737246590856,High,-132.05000000000018
17373,40.0,7.0,1167.5,4,4,3,443,11,Champions,3,1,6.0,609.0,650.0,167.3,1.6368239381070846,169.54389847979488,277.5135115917256,Low,-163.69999999999993
17374,219.0,3.0,711.21,2,3,3,233,8,At Risk,0,0,2.0,177.0,396.0,247.885,0.8653268594522285,255.05981126372888,220.71010545332066,Low,-215.44000000000005
17375,199.0,4.0,632.95,2,4,3,243,9,Can't Lose Them,0,1,3.0,232.0,432.0,133.36666666666667,1.137845450418504,137.74461455097514,156.73208298647754,Low,-232.85000000000002
17376,71.0,4.0,453.64,3,4,2,342,9,Loyal Customers,3,1,3.0,452.0,523.0,104.13,1.0725130029937309,108.4066011480074,116.26748934159305,Low,-141.25
17377,24.0,78.0,17851.41,4,5,5,455,14,Champions,2,-1,68.0,714.0,738.0,253.93191176470586,15.157212252891396,254.1427958701854,3852.096299547651,High,-584.0400000000009
17378,374.0,1.0,0.0,2,2,1,221,5,Hibernating/Lost,0,2,,,,,,,0.0,Low,
17379,11.0,1.0,404.66,5,2,2,522,9,New Customers,3,2,0.0,0.0,12.0,0.0,1.485694288265705,470.98914615257866,699.7458842740274,Medium,-404.66
17380,434.0,3.0,643.75,1,3,3,133,7,At Risk,0,0,2.0,100.0,535.0,150.89999999999998,0.38226168439791297,157.5696487469202,60.23283933998521,Low,-341.95000000000005
17381,9.0,38.0,39999.19,5,5,5,555,15,Champions,2,-1,27.0,540.0,549.0,1180.0455555555554,8.009729308838876,1180.9323988002404,9458.948846427686,High,-8137.960000000006
17382,65.0,8.0,902.28,3,5,3,353,11,Loyal Customers,3,1,6.0,504.0,570.0,113.48000000000002,1.8284408462610078,115.63077835790536,211.42403823454748,Low,-221.39999999999986
17383,4.0,2.0,309.99,5,3,2,532,10,Loyal Customers,3,3,1.0,449.0,454.0,199.29,0.5387726371470961,213.20587538744275,114.86949173774768,Low,-110.70000000000002
17384,19.0,3.0,507.55,5,3,2,532,10,Loyal Customers,3,0,2.0,448.0,468.0,168.2,0.8597482305670004,174.95975867671132,150.42134294273197,Low,-171.15000000000003
17385,15.0,1.0,261.11,5,2,1,521,8,New Customers,3,2,0.0,0.0,15.0,0.0,1.4315450678082657,470.98914615257866,674.2421891659504,Medium,-261.11
17386,8.0,7.0,2812.77,5,4,4,544,13,Champions,1,1,4.0,378.0,386.0,671.605,1.8067603367242173,676.2837287397498,1221.8826174589396,High,-126.34999999999991
17387,20.0,2.0,784.11,4,3,3,433,10,Loyal Customers,3,3,1.0,14.0,34.0,437.67,2.6743071381498775,454.0821615317436,1214.3551658908677,High,-346.44
17388,78.0,11.0,2691.57,3,5,4,354,12,Loyal Customers,1,1,10.0,652.0,730.0,246.26100000000002,2.347198151868206,247.68832291866573,581.3735737940276,Medium,-228.96000000000004
17389,1.0,61.0,54587.03,5,5,5,555,15,Champions,2,-1,52.0,735.0,736.0,1083.0123076923078,11.739751219066418,1083.4533568811455,12719.472867247032,High,1729.6100000000079
17390,421.0,1.0,149.3,1,2,1,121,4,Hibernating/Lost,0,2,0.0,0.0,421.0,0.0,0.24463875188449014,470.98914615257866,115.22219686590856,Low,-149.3
17391,164.0,2.0,508.8,3,3,2,332,8,Loyal Customers,0,3,1.0,1.0,165.0,101.76,0.8494955195474982,114.65455318065669,97.39852922268823,Low,-407.04
17392,307.0,3.0,626.56,2,3,3,233,8,At Risk,0,0,2.0,144.0,451.0,228.955,0.6670947491552441,236.03121120760488,157.45518163334563,Low,-168.64999999999992
17393,411.0,2.0,381.15,1,3,2,132,6,At Risk,0,3,1.0,78.0,489.0,186.55,0.3363760341288907,200.33246366884896,67.3870396361975,Low,-194.59999999999997
17394,219.0,1.0,203.86999999999998,2,2,1,221,5,Hibernating/Lost,0,2,0.0,0.0,220.0,0.0,0.4139903150086649,470.98914615257866,194.98494498136816,Low,-203.86999999999998
17395,508.0,1.0,97.5,1,2,1,121,4,Hibernating/Lost,0,2,0.0,0.0,509.0,0.0,0.20751632047062482,470.98914615257866,97.73793459118447,Low,-97.5
17396,39.0,14.0,8529.6,4,5,5,455,14,Champions,1,1,8.0,402.0,442.0,1037.9624999999999,2.9903766306684365,1040.7740321103156,3112.3063434292485,High,-225.90000000000146
17397,22.0,3.0,1233.18,4,3,4,434,11,Loyal Customers,3,0,1.0,394.0,417.0,696.41,0.5773833466149366,715.531655100736,413.1360616309875,Medium,-536.7700000000001
17398,115.0,3.0,653.38,3,3,3,333,9,Loyal Customers,0,0,2.0,141.0,256.0,173.85,1.325267450836646,180.63918764222112,239.39523572780894,Low,-305.68
17400,126.0,8.0,4677.05,3,5,5,355,13,Loyal Customers,1,1,7.0,596.0,723.0,553.9642857142857,1.672542328330346,556.4604491334865,930.7036552174715,High,-799.3000000000006
17401,541.0,1.0,114.85,1,2,1,121,4,Hibernating/Lost,0,2,0.0,0.0,542.0,0.0,0.19634632645889166,470.98914615257866,92.47698864906884,Low,-114.85
17402,5.0,23.0,5047.08,5,5,5,555,15,Champions,1,1,20.0,719.0,724.0,248.32399999999998,4.663812102973353,249.03836100544078,1161.4681221618216,High,-80.60000000000036
17403,36.0,2.0,400.57,4,3,2,432,9,Loyal Customers,3,3,1.0,414.0,451.0,281.62,0.5382527156219756,296.398025057131,159.53704189199115,Low,-118.94999999999999
17404,4.0,23.0,46006.82,5,5,5,555,15,Champions,2,-1,20.0,676.0,702.0,2316.4535,4.78077316927214,2318.240054453746,11082.979852264454,High,322.25
17405,1.0,3.0,967.22,5,3,3,533,11,Loyal Customers,3,8,2.0,149.0,151.0,319.05,2.1020708628644775,326.59548601249094,686.5268550899202,Medium,-329.12
17406,333.0,13.0,4592.1,2,5,5,255,12,Can't Lose Them,1,1,10.0,400.0,734.0,449.83500000000004,0.7030115159476953,451.47351271814875,317.39107858621685,Medium,-93.75
17407,412.0,1.0,552.9,1,2,2,122,5,Hibernating/Lost,0,2,0.0,0.0,412.0,0.0,0.24919913437712668,470.98914615257866,117.3700875222446,Low,-552.9
17408,163.0,3.0,164.89000000000001,3,3,1,331,7,Loyal Customers,0,0,2.0,351.0,515.0,22.7,0.7579347257483784,28.70189770650292,21.7541649666363,Low,-119.49000000000001
17409,185.0,10.0,7793.51,3,5,5,355,13,Loyal Customers,1,-1,7.0,544.0,729.0,984.8385714285714,1.598919313819357,987.9735810191246,1579.6900402347515,High,-899.6400000000003
17410,16.0,5.0,1214.72,5,4,4,544,13,Champions,3,1,4.0,199.0,216.0,228.07999999999998,2.8704755599847203,231.60664226059225,664.8212061391544,Medium,-302.4000000000001
17411,12.0,5.0,1286.53,5,4,4,544,13,Champions,3,1,4.0,724.0,737.0,270.245,1.0210171138203292,273.8811687278572,279.63736042425535,Low,-205.54999999999995
17412,3.0,16.0,4384.98,5,5,5,555,15,Champions,1,1,15.0,735.0,738.0,264.788,3.4707813630232724,265.75202865051784,922.3671882258441,High,-413.1599999999994
17413,405.0,2.0,560.14,2,3,2,232,7,At Risk,0,3,1.0,165.0,570.0,340.29999999999995,0.3506777435641339,355.692514825348,124.73344850160527,Low,-219.84000000000003
17414,44.0,6.0,2249.52,4,4,4,444,12,Champions,3,1,5.0,693.0,737.0,401.96799999999996,1.239027022599211,405.14900999522564,501.9905715634024,Medium,-239.6800000000003
17415,80.0,1.0,507.84,3,2,2,322,7,Potential Loyalists,0,2,0.0,0.0,80.0,0.0,0.8024299461987893,470.98914615257866,377.93579520742736,Medium,-507.84
17416,30.0,22.0,17221.47,4,5,5,455,14,Champions,1,-1,14.0,696.0,726.0,1188.5035714285714,3.284859026137999,1190.2207876046227,3909.707497260123,High,-582.4200000000019
17417,549.0,1.0,164.18,1,2,1,121,4,Hibernating/Lost,0,2,0.0,0.0,549.0,0.0,0.19412993256033761,470.98914615257866,91.4330911792511,Low,-164.18
17418,42.0,3.0,670.0600000000001,4,3,3,433,10,Loyal Customers,3,0,2.0,345.0,388.0,231.73000000000002,1.0034460224388864,238.8206652570367,239.6436466283822,Low,-206.60000000000002
17419,11.0,18.0,6474.92,5,5,5,555,15,Champions,1,1,16.0,672.0,684.0,392.80125,3.9534953589096506,393.78795696034075,1556.8388602372204,High,-190.10000000000036
17420,50.0,6.0,1074.53,4,4,3,443,11,Champions,3,1,4.0,351.0,402.0,218.42000000000002,1.726446692429388,221.92154975083824,383.13572554613853,Medium,-200.8499999999999
17421,386.0,3.0,1059.41,2,3,3,233,8,At Risk,0,0,2.0,349.0,736.0,464.305,0.49720539798678,472.6070708594162,234.98278675802234,Low,-130.80000000000007
17422,16.0,11.0,3341.65,5,5,5,555,15,Champions,1,1,10.0,518.0,535.0,328.752,3.141241846650654,330.26489994593425,1037.44192419006,High,-54.13000000000011
17423,46.0,3.0,1084.17,4,3,3,433,10,Loyal Customers,3,0,2.0,347.0,394.0,349.20500000000004,0.9895281826356027,356.90755334964996,353.17008263499855,Medium,-385.76
17425,19.0,2.0,759.17,5,3,3,533,11,Loyal Customers,3,3,1.0,41.0,61.0,70.2,2.1285518272978017,82.76406072862994,176.1675926985115,Low,-688.9699999999999
17426,8.0,13.0,7606.37,5,5,5,555,15,Champions,1,1,6.0,652.0,661.0,1259.3016666666665,1.6198242193963954,1263.43496180762,2046.542550768143,High,-50.5600000000004
17427,72.0,1.0,100.8,3,2,1,321,6,Potential Loyalists,0,2,0.0,0.0,72.0,0.0,0.8481097616671857,470.98914615257866,399.45049249129477,Medium,-100.8
17428,1.0,45.0,31238.06,5,5,5,555,15,Champions,2,-1,32.0,738.0,739.0,953.9768750000001,7.248173415092138,954.6518669508139,6919.482282700966,High,-710.7999999999993
17429,128.0,5.0,1342.16,3,4,4,344,11,Loyal Customers,3,1,4.0,301.0,430.0,207.115,1.5650395353117956,210.58718424123478,329.57726896752155,Medium,-513.7
17430,33.0,4.0,735.17,4,4,3,443,11,Champions,3,1,3.0,447.0,480.0,174.79,1.1654541102988865,179.3115387966347,208.97936991455614,Low,-210.79999999999995
17431,313.0,1.0,403.3,2,2,2,222,6,Hibernating/Lost,0,2,0.0,0.0,314.0,0.0,0.3126965660627465,470.98914615257866,147.27668865473638,Low,-403.3
17432,18.0,9.0,1751.39,5,5,4,554,14,Champions,1,1,6.0,718.0,737.0,262.75666666666666,1.4657780706042123,265.16572561534235,388.67410568282247,Medium,-174.85000000000014
17433,88.0,2.0,569.96,3,3,2,332,8,Loyal Customers,3,3,1.0,297.0,386.0,303.15999999999997,0.6041038016308489,318.16358929720246,192.20383383495607,Low,-266.80000000000007
17434,2.0,7.0,2333.42,5,4,4,544,13,Champions,1,1,6.0,83.0,86.0,312.37666666666667,7.62778736696482,314.87157883808777,2401.773451277433,High,-459.1600000000001
17435,411.0,1.0,331.35,1,2,2,122,5,Hibernating/Lost,0,2,0.0,0.0,412.0,0.0,0.24919913437712668,470.98914615257866,117.3700875222446,Low,-331.35
17436,2.0,5.0,521.31,5,4,2,542,11,Champions,3,1,4.0,731.0,733.0,114.39,1.0273151427619691,117.62132472084726,120.83416799744913,Low,-63.74999999999994
17437,530.0,1.0,373.17,1,2,2,122,5,Hibernating/Lost,0,2,0.0,0.0,530.0,0.0,0.20026608232353524,470.98914615257866,94.32315111688389,Low,-373.17
17438,254.0,5.0,1412.6200000000001,2,4,4,244,10,Can't Lose Them,0,1,4.0,388.0,642.0,289.76,1.0319747164414448,293.4468602731833,302.8297404210506,Medium,-253.58000000000015
17439,656.0,1.0,325.74,1,2,2,122,5,Hibernating/Lost,0,2,0.0,0.0,656.0,0.0,0.16556643187312434,470.98914615257866,77.97999237945191,Low,-325.74
17440,157.0,4.0,314.26,3,4,2,342,9,Loyal Customers,0,1,2.0,393.0,550.0,93.21,0.720409420193687,99.57916077873242,71.73776547998057,Low,-127.84
17441,732.0,1.0,293.35,1,2,2,122,5,Hibernating/Lost,0,2,0.0,0.0,733.0,0.0,0.14971720869785526,470.98914615257866,70.51518028895028,Low,-293.35
17442,37.0,15.0,4500.7,4,5,5,455,14,Champions,1,1,13.0,626.0,663.0,315.5946153846154,3.3164786394587606,316.7476088454608,1050.4866788356094,High,-397.96999999999935
17443,220.0,1.0,534.24,2,2,2,222,6,Hibernating/Lost,0,2,0.0,0.0,220.0,0.0,0.4139903150086649,470.98914615257866,194.98494498136816,Low,-534.24
17444,148.0,3.0,2940.04,3,3,5,335,11,Loyal Customers,0,0,2.0,25.0,173.0,884.2900000000001,1.3517582820144387,894.7796326434229,1209.525779003584,High,-1171.4599999999998
17446,177.0,2.0,120.9,3,3,1,331,7,Loyal Customers,0,3,1.0,134.0,311.0,52.800000000000004,0.6679477452347858,65.18185006116272,43.53806977858552,Low,-68.1
17447,40.0,2.0,541.53,4,3,2,432,9,Loyal Customers,3,3,1.0,31.0,72.0,169.05,1.909011808119407,182.64920581363768,348.67949064186615,Medium,-372.47999999999996
17448,497.0,46.0,10192.73,1,5,5,155,11,Can't Lose Them,1,-1,17.0,148.0,646.0,830.904705882353,5.378678769059404e-07,832.100570588176,0.0004475601672744838,Low,3932.6500000000015
17449,2.0,13.0,4935.15,5,5,5,555,15,Champions,1,1,11.0,728.0,731.0,422.9518181818182,2.6026659481642467,424.41588358193155,1104.6127680587344,High,-282.6799999999994
17450,8.0,51.0,233579.38999999998,5,5,5,555,15,Champions,2,-1,29.0,430.0,439.0,6912.162413793103,10.443755041618536,6915.037218063304,72218.95480912844,High,-33126.67999999999
17451,1.0,7.0,1648.95,5,4,4,544,13,Champions,1,-1,4.0,104.0,106.0,343.8475,4.701620173002395,347.6748562484754,1634.6351177835397,High,-273.55999999999995
17453,18.0,2.0,486.71999999999997,5,3,2,532,10,Loyal Customers,3,3,1.0,47.0,65.0,144.72,2.07073875129162,158.0644250355068,327.3101301216532,Medium,-342.0
17454,192.0,10.0,1532.64,2,5,4,254,11,Can't Lose Them,3,1,9.0,501.0,694.0,154.33777777777777,1.9974990967265058,155.81790483913161,311.24612416998207,Medium,-143.60000000000014
17455,204.0,1.0,131.7,2,2,1,221,5,Hibernating/Lost,0,2,0.0,0.0,204.0,0.0,0.43817487562556184,470.98914615257866,206.37561053639573,Low,-131.7
17456,365.0,2.0,1225.42,2,3,4,234,9,At Risk,0,3,1.0,91.0,457.0,499.72,0.3883744523408188,516.7819415269357,200.70490352014872,Low,-725.7
17457,127.0,14.0,5799.01,3,5,5,355,13,Loyal Customers,1,1,13.0,606.0,733.0,433.03307692307686,2.8863907259307213,434.2797647915991,1253.5010855538467,High,-169.58000000000084
17458,15.0,2.0,529.58,5,3,2,532,10,Loyal Customers,3,3,1.0,366.0,382.0,316.5,0.6228807430203935,331.6432841422607,206.57421524425484,Low,-213.08000000000004
17459,43.0,2.0,657.3,4,3,3,433,10,Loyal Customers,3,3,1.0,17.0,61.0,356.91,2.0442239265166875,372.47645270963716,761.4252766931018,Medium,-300.38999999999993
17460,94.0,16.0,2007.4,3,5,4,354,12,Loyal Customers,1,1,14.0,461.0,687.0,130.68857142857144,1.734471664353566,131.62217104325185,228.2949260752188,Low,-177.76
17461,23.0,3.0,757.46,4,3,3,433,10,Loyal Customers,3,0,1.0,7.0,30.0,374.9,2.763185413428277,390.6548417847943,1079.451760504875,High,-382.56000000000006
17462,60.0,2.0,662.94,3,3,3,333,9,Loyal Customers,3,3,1.0,224.0,285.0,212.28,0.7789405106470446,226.33190507539675,176.29908971514797,Low,-450.6600000000001
17463,16.0,7.0,2537.91,5,4,4,544,13,Champions,1,1,6.0,573.0,590.0,351.385,1.791825527667976,353.9474049390671,634.2119956216546,Medium,-429.5999999999999
17464,158.0,3.0,879.74,3,3,3,333,9,Loyal Customers,0,0,2.0,461.0,620.0,337.32500000000005,0.6509080969511556,344.96567439208246,224.54095063202237,Low,-205.08999999999992
17465,426.0,7.0,2533.64,1,4,4,144,9,Can't Lose Them,0,1,5.0,311.0,737.0,426.884,0.611995688986493,430.11675991979376,263.2296028317522,Low,-399.2199999999998
17466,10.0,2.0,763.28,5,3,3,533,11,Loyal Customers,3,3,1.0,68.0,79.0,302.87,1.889007214688581,317.87055245274473,600.4597669202798,Medium,-460.40999999999997
17467,395.0,1.0,102.6,2,2,1,221,5,Hibernating/Lost,0,2,0.0,0.0,396.0,0.0,0.2577413805074567,470.98914615257866,121.39339273339391,Low,-102.6
17468,10.0,3.0,194.8,5,3,1,531,9,Loyal Customers,3,0,2.0,365.0,376.0,68.5,1.0383916381783163,74.74045463045854,77.60986312191397,Low,-57.80000000000001
17469,16.0,17.0,4958.34,5,5,5,555,15,Champions,1,1,13.0,707.0,724.0,362.5338461538462,3.0736863424438137,363.7242885336072,1117.9743780808415,High,-245.39999999999964
17470,45.0,11.0,2804.87,4,5,4,454,13,Champions,1,1,10.0,464.0,509.0,248.791,3.257818770651412,250.22094756716058,815.1744997944785,Medium,-316.96000000000004
17471,475.0,1.0,321.65000000000003,1,2,2,122,5,Hibernating/Lost,0,2,0.0,0.0,475.0,0.0,0.22043861456635944,470.98914615257866,103.82419485366702,Low,-321.65000000000003
17472,191.0,4.0,935.1,2,4,3,243,9,Can't Lose Them,0,1,3.0,437.0,629.0,236.76333333333332,0.8766934498248413,241.4996980929494,211.72120345276545,Low,-224.81000000000006
17473,409.0,2.0,592.15,2,3,2,232,7,At Risk,0,3,1.0,48.0,457.0,308.9,0.3160273704911734,323.9636978737118,102.38139557362608,Low,-283.25
17474,600.0,1.0,1047.0,1,2,3,123,6,Hibernating/Lost,0,2,0.0,0.0,600.0,0.0,0.1793786941094612,470.98914615257866,84.48541797657973,Low,-1047.0
17475,79.0,1.0,194.37,3,2,1,321,6,Potential Loyalists,0,2,0.0,0.0,80.0,0.0,0.8024299461987893,470.98914615257866,377.93579520742736,Medium,-194.37
17476,396.0,2.0,446.51,2,3,2,232,7,At Risk,0,3,1.0,342.0,738.0,229.5,0.31164807295442803,243.73223080492463,75.95868004723864,Low,-217.01
17477,613.0,2.0,1079.0,1,3,3,133,7,At Risk,0,3,1.0,35.0,648.0,412.58,0.1571956337417704,428.7294221267578,67.3943932149587,Low,-666.4200000000001
17478,408.0,2.0,1272.8,2,3,4,234,9,At Risk,0,3,1.0,225.0,634.0,566.6,0.3360837233702266,584.362300690166,196.39465781314289,Low,-706.1999999999999
17479,633.0,1.0,389.26000000000005,1,2,2,122,5,Hibernating/Lost,0,2,0.0,0.0,633.0,0.0,0.17097329221055604,470.98914615257866,80.52656491314512,Low,-389.26000000000005
17480,78.0,2.0,896.72,3,3,3,333,9,Loyal Customers,3,3,1.0,367.0,445.0,511.82,0.5387118742639821,529.0086512439674,284.98324201349897,Medium,-384.90000000000003
17481,4.0,4.0,1249.34,5,4,4,544,13,Champions,3,1,3.0,90.0,94.0,331.65333333333336,3.940044361517457,336.71862723925915,1326.6863286719415,High,-254.37999999999988
17482,487.0,2.0,778.19,1,3,3,133,7,At Risk,0,3,1.0,91.0,579.0,525.35,0.27821326248137024,542.6803357457394,150.98086669230753,Low,-252.84000000000003
17483,65.0,4.0,591.73,3,4,2,342,9,Loyal Customers,3,1,3.0,349.0,415.0,138.01333333333335,1.3078996704041665,142.40738854296433,186.25457653846112,Low,-177.68999999999994
17484,576.0,2.0,209.57,1,3,1,131,5,At Risk,0,3,1.0,48.0,625.0,75.72,0.1895488122442199,88.34186549210229,16.745095675466626,Low,-133.85
17486,261.0,1.0,396.87,2,2,2,222,6,Hibernating/Lost,0,2,0.0,0.0,262.0,0.0,0.36162777054291173,470.98914615257866,170.32275487306663,Low,-396.87
17487,728.0,1.0,160.55,1,2,1,121,4,Hibernating/Lost,0,2,0.0,0.0,729.0,0.0,0.15046540110077067,470.98914615257866,70.86757078995724,Low,-160.55
17488,641.0,1.0,336.5,1,2,2,122,5,Hibernating/Lost,0,2,0.0,0.0,642.0,0.0,0.16881600513569917,470.98914615257866,79.51050611575228,Low,-336.5
17489,59.0,2.0,376.64,4,3,2,432,9,Loyal Customers,3,3,1.0,154.0,213.0,168.07999999999998,0.9711675866031021,181.66904809252023,176.43109099649575,Low,-208.56
17490,1.0,9.0,2585.06,5,5,4,554,14,Champions,1,5,6.0,569.0,570.0,392.82666666666665,1.8518274214985084,395.4607745609791,732.3251064590609,Medium,-228.0999999999999
17491,1.0,17.0,5964.12,5,5,5,555,15,Champions,1,9,15.0,589.0,591.0,371.238,4.242987792505413,372.2756247639074,1579.5609313205848,High,-395.5500000000002
17492,248.0,3.0,1122.42,2,3,3,233,8,At Risk,0,0,2.0,270.0,519.0,383.90999999999997,0.7086663896989468,391.7933201192106,277.6507576770447,Low,-354.60000000000014
17493,385.0,1.0,100.91000000000001,2,2,1,221,5,Hibernating/Lost,0,2,0.0,0.0,386.0,0.0,0.26338469505257933,470.98914615257866,124.05133263247164,Low,-100.91000000000001
17494,502.0,1.0,54.699999999999996,1,2,1,121,4,Hibernating/Lost,0,2,0.0,0.0,502.0,0.0,0.2100512863788108,470.98914615257866,98.93187601980686,Low,-54.699999999999996
17495,8.0,3.0,759.07,5,3,3,533,11,Loyal Customers,3,0,2.0,383.0,391.0,248.78000000000003,1.0052982376584243,255.95947302021233,257.31560713919845,Low,-261.51
17496,359.0,4.0,1385.89,2,4,4,244,10,Can't Lose Them,0,1,3.0,336.0,695.0,352.74333333333334,0.692904086569361,357.88173415985847,247.97771610789562,Low,-327.6600000000001
17497,390.0,2.0,287.25,2,3,2,232,7,At Risk,0,3,1.0,220.0,611.0,82.65,0.3493778069162554,95.34443560276597,33.311229812562516,Low,-204.6
17498,76.0,1.0,272.22,3,2,2,322,7,Potential Loyalists,0,2,0.0,0.0,76.0,0.0,0.8246330158471796,470.98914615257866,388.393200023089,Medium,-272.22
17499,290.0,2.0,1296.84,2,3,4,234,9,At Risk,0,3,1.0,272.0,562.0,622.88,0.40440283349589284,641.2316579525254,259.31589940327046,Low,-673.9599999999999
17500,17.0,3.0,1138.0,5,3,3,533,11,Loyal Customers,3,0,2.0,12.0,30.0,425.0,4.587153015340695,433.09734422413067,1986.683788493768,High,-288.0
17501,221.0,2.0,288.6,2,3,2,232,7,At Risk,0,3,0.0,0.0,221.0,0.0,0.4125673948254212,470.98914615257866,194.31476501921892,Low,-288.6
17502,9.0,4.0,689.1,5,4,3,543,12,Champions,3,1,3.0,20.0,30.0,154.16666666666666,6.46021988739715,158.61671620808593,1024.6988645211065,High,-226.60000000000002
17503,3.0,2.0,558.96,5,3,2,532,10,Loyal Customers,3,3,1.0,36.0,39.0,218.53,2.609706901217335,232.64735430940075,607.1414060911976,Medium,-340.43000000000006
17504,206.0,18.0,9313.37,2,5,5,255,12,Can't Lose Them,1,-1,13.0,463.0,670.0,691.1246153846155,2.176034939952401,692.5772130846001,1507.0722142869488,High,-328.75
17505,162.0,5.0,2435.48,3,4,4,344,11,Loyal Customers,0,1,3.0,444.0,606.0,503.77,0.9169949976490775,509.43192356376477,467.1465255507195,Medium,-924.1700000000001
17506,76.0,1.0,294.29,3,2,2,322,7,Potential Loyalists,0,2,0.0,0.0,76.0,0.0,0.8246330158471796,470.98914615257866,388.393200023089,Medium,-294.29
17507,262.0,2.0,605.58,2,3,3,233,8,At Risk,0,3,1.0,48.0,310.0,265.02,0.5404346635397604,279.6241918916163,151.11860606252307,Low,-340.56000000000006
17508,281.0,8.0,4546.78,2,5,5,255,12,Can't Lose Them,0,1,7.0,452.0,733.0,566.8971428571429,1.3294934741121338,569.4124814894958,757.0301782182809,Medium,-578.5
17509,58.0,8.0,6100.74,4,5,5,455,14,Champions,1,1,2.0,6.0,64.0,898.14,3.0823462674811712,908.7017726739203,2800.9335172549822,High,-4304.46
17510,25.0,2.0,514.56,4,3,2,432,9,Loyal Customers,3,3,1.0,396.0,421.0,308.48,0.5724460855549329,323.53929968518673,185.2088056279695,Low,-206.07999999999993
17511,3.0,60.0,171885.98,5,5,5,555,15,Champions,2,-1,50.0,735.0,738.0,3399.7782,11.262917491646313,3400.717183648113,38301.997051852515,High,-1897.070000000007
17512,29.0,18.0,5432.27,4,5,5,455,14,Champions,1,1,16.0,701.0,730.0,285.770625,3.7167377356630977,286.68796226514064,1065.5439677112065,High,-859.9400000000005
17513,72.0,3.0,1158.8,3,3,3,333,9,Loyal Customers,3,0,2.0,407.0,480.0,385.90000000000003,0.8311963571602207,393.79368536546986,327.31987674847664,Medium,-386.9999999999999
17514,128.0,2.0,542.83,3,3,2,332,8,Loyal Customers,0,3,1.0,541.0,670.0,208.65,0.3737245133219445,222.6638921602872,83.21495473197326,Low,-334.18000000000006
17515,31.0,9.0,1617.46,4,5,4,454,13,Champions,1,1,8.0,519.0,551.0,181.755,2.475362523032234,183.45594579317086,454.1199728438482,Medium,-163.42000000000007
17516,15.0,6.0,957.55,5,4,3,543,12,Champions,3,1,4.0,363.0,379.0,192.02,1.8317468475827803,195.45297394778373,358.02036887953216,Medium,-189.4699999999999
17517,309.0,1.0,153.94,2,2,1,221,5,Hibernating/Lost,0,2,0.0,0.0,309.0,0.0,0.3168172579428408,470.98914615257866,149.21748980489986,Low,-153.94
17518,426.0,2.0,329.42,1,3,2,132,6,At Risk,0,3,1.0,196.0,622.0,175.87,0.3307833873234912,189.54062401778287,62.6968896480105,Low,-153.55
17519,17.0,15.0,5102.8,5,5,5,555,15,Champions,1,1,14.0,721.0,739.0,342.93071428571426,3.238352922584622,344.0215403134855,1114.063160506239,High,-301.77000000000044
17520,54.0,1.0,546.81,4,2,2,422,8,New Customers,3,2,0.0,0.0,54.0,0.0,0.9729137947226096,470.98914615257866,458.2318374564671,Medium,-546.81
17521,30.0,5.0,1276.81,4,4,4,444,12,Champions,3,1,4.0,405.0,435.0,258.24,1.6243088308226268,261.8449849204455,425.31712131289714,Medium,-243.8499999999999
17522,2.0,5.0,1070.71,5,4,3,543,12,Champions,3,1,4.0,217.0,219.0,230.8175,2.855788978235307,234.35125310380673,669.257725649484,Medium,-147.44000000000005
17523,11.0,4.0,652.74,5,4,3,543,12,Champions,3,1,2.0,8.0,20.0,201.76500000000001,5.154900692413644,208.69958756650544,1075.825648453021,High,-249.20999999999998
17524,361.0,3.0,508.9,2,3,2,232,7,At Risk,0,0,1.0,77.0,439.0,145.0,0.3891814593014089,158.34735716119016,61.62585553651339,Low,-363.9
17525,360.0,3.0,1161.9,2,3,3,233,8,At Risk,0,0,2.0,69.0,429.0,364.80000000000007,0.45395645994818357,372.58378250312353,169.13681493922192,Low,-432.29999999999995
17526,5.0,12.0,3676.84,5,5,5,555,15,Champions,1,1,10.0,718.0,723.0,343.692,2.4015162288505567,345.22039885839,829.0523903886858,Medium,-239.92000000000007
17527,54.0,4.0,888.86,4,4,3,443,11,Champions,3,1,3.0,165.0,219.0,215.75333333333333,2.174508832739901,220.41686848641586,479.29842740858044,Medium,-241.60000000000002
17528,1.0,8.0,3540.1,5,5,5,555,15,Champions,1,5,6.0,70.0,72.0,420.2366666666667,8.39499245012591,422.91819972896485,3550.3950937455015,High,-1018.6799999999998
17529,610.0,2.0,1240.25,1,3,4,134,8,At Risk,0,3,1.0,87.0,698.0,381.98,0.2037419159075222,397.80898267707414,81.05036429584939,Low,-858.27
17530,1.0,12.0,3140.56,5,5,5,555,15,Champions,1,5,10.0,732.0,734.0,287.783,2.369409104193349,289.25339827629557,685.3596352947195,Medium,-262.73
17531,190.0,3.0,1191.22,2,3,3,233,8,At Risk,0,0,2.0,428.0,619.0,353.34000000000003,0.6442217898741097,361.06409118547,232.60535508277223,Low,-484.53999999999996
17532,386.0,1.0,65.34,2,2,1,221,5,Hibernating/Lost,0,2,0.0,0.0,386.0,0.0,0.26338469505257933,470.98914615257866,124.05133263247164,Low,-65.34
17533,435.0,1.0,34.8,1,2,1,121,4,Hibernating/Lost,0,2,0.0,0.0,435.0,0.0,0.23786785123896945,470.98914615257866,112.03317615219082,Low,-34.8
17534,54.0,5.0,1668.83,4,4,4,444,12,Champions,3,1,4.0,599.0,653.0,291.6575,1.1324445457589434,295.3492891590279,334.46669160192215,Medium,-502.1999999999998
17535,280.0,1.0,164.4,2,2,1,221,5,Hibernating/Lost,0,2,0.0,0.0,281.0,0.0,0.3420655038889677,470.98914615257866,161.1091396049165,Low,-164.4
17536,177.0,3.0,364.83,3,3,2,332,8,Loyal Customers,0,0,2.0,505.0,683.0,165.025,0.5956907870118435,171.76822116069474,102.32074684683865,Low,-34.77999999999997
17537,30.0,2.0,897.62,4,3,3,433,10,Loyal Customers,3,3,1.0,274.0,304.0,266.92,0.7489250538400666,281.54408845875355,210.85542160732447,Low,-630.7
17538,26.0,1.0,98.42,4,2,1,421,7,New Customers,3,2,0.0,0.0,26.0,0.0,1.2630882296182389,470.98914615257866,594.9008467832665,Medium,-98.42
17539,618.0,4.0,1047.07,1,4,3,143,8,Can't Lose Them,0,1,2.0,98.0,727.0,425.01,0.18064469226027094,433.10739631079525,78.23855232221081,Low,-197.04999999999995
17540,25.0,6.0,1582.1000000000001,4,4,4,444,12,Champions,3,1,5.0,575.0,600.0,253.89000000000001,1.4951795768055902,256.7634555992473,383.90747488202356,Medium,-312.6500000000001
17541,510.0,1.0,124.46,1,2,1,121,4,Hibernating/Lost,0,2,0.0,0.0,510.0,0.0,0.20715917422341865,470.98914615257866,97.56972258516123,Low,-124.46
17542,270.0,3.0,341.7,2,3,2,232,7,At Risk,0,0,1.0,372.0,642.0,170.75,0.3704524287701753,184.36700800528675,68.29920590064883,Low,-170.95
17543,550.0,1.0,120.05,1,2,1,121,4,Hibernating/Lost,0,2,0.0,0.0,550.0,0.0,0.1938173871353207,470.98914615257866,91.28588567638849,Low,-120.05
17544,390.0,3.0,960.69,2,3,3,233,8,At Risk,0,0,0.0,0.0,391.0,0.0,0.2605324323206955,470.98914615257866,122.70794784377887,Low,-960.69
17545,43.0,6.0,1448.54,4,4,4,444,12,Champions,3,1,2.0,534.0,578.0,554.37,0.7114987314195544,563.1411894043084,400.6742418712645,Medium,-339.79999999999995
17547,376.0,2.0,680.5500000000001,2,3,3,233,8,At Risk,0,3,1.0,290.0,666.0,323.3,0.3380600597857061,338.5144929088571,114.43822971109621,Low,-357.25000000000006
17548,234.0,4.0,345.0,2,4,2,242,8,Can't Lose Them,0,1,2.0,18.0,397.0,222.02999999999997,0.23340982698584956,229.0701411923561,53.46722202333196,Low,99.05999999999995
17549,24.0,2.0,148.86,4,3,1,431,8,Loyal Customers,3,3,1.0,28.0,52.0,120.66,2.2709390584726563,133.75247166428485,303.7437120696817,Medium,-28.200000000000017
17550,197.0,9.0,2206.54,2,5,4,254,11,Can't Lose Them,0,1,6.0,473.0,671.0,317.49666666666667,1.4743749960310482,320.00043753418726,471.800643819401,Medium,-301.55999999999995
17551,359.0,1.0,306.84,2,2,2,222,6,Hibernating/Lost,0,2,0.0,0.0,360.0,0.0,0.2792859250293975,470.98914615257866,131.54063936202903,Low,-306.84
17552,60.0,12.0,3039.2,3,5,5,355,13,Loyal Customers,1,1,7.0,556.0,628.0,378.9814285714286,1.9298058726372773,381.2181494292041,735.6770235243932,Medium,-386.3299999999999
17553,130.0,4.0,3757.6,3,4,5,345,12,Loyal Customers,3,1,3.0,481.0,611.0,980.5333333333333,0.9217619356315843,987.8479216270497,910.5606123485869,High,-816.0
17554,1.0,5.0,1952.45,5,4,4,544,13,Champions,3,7,4.0,147.0,149.0,295.005,3.7726711066460217,298.70548451890375,1126.9175508411686,High,-772.4300000000001
17555,20.0,5.0,1057.74,4,4,3,443,11,Champions,3,1,4.0,567.0,587.0,225.2725,1.2523757943788716,228.791849587597,286.5333743746781,Medium,-156.64999999999998
17556,206.0,2.0,300.67,2,3,2,232,7,At Risk,0,3,1.0,174.0,380.0,157.9,0.5676678935178477,171.3824443801745,97.28831118723336,Low,-142.77
17557,14.0,4.0,575.46,5,4,2,542,11,Champions,3,1,3.0,718.0,733.0,180.48666666666668,0.8017021733090038,185.02795253573765,148.3373116708161,Low,-34.0
17558,393.0,1.0,259.17,2,2,1,221,5,Hibernating/Lost,0,2,0.0,0.0,394.0,0.0,0.25885058274552675,470.98914615257866,121.91581494841306,Low,-259.17
17559,513.0,1.0,167.62,1,2,1,121,4,Hibernating/Lost,0,2,0.0,0.0,513.0,0.0,0.20609508177030963,470.98914615257866,97.06854658924401,Low,-167.62
17560,95.0,8.0,1895.8,3,5,4,354,12,Loyal Customers,3,1,7.0,566.0,661.0,238.94285714285715,1.831255581524484,240.97194642881468,441.28122188858583,Medium,-223.19999999999982
17561,19.0,4.0,722.34,5,4,3,543,12,Champions,3,1,3.0,714.0,734.0,176.68999999999997,0.800242555035419,181.2181250056977,145.01845537328745,Low,-192.2700000000001
17562,14.0,7.0,1107.38,5,4,3,543,12,Champions,3,1,6.0,159.0,174.0,137.04666666666668,4.835122130347189,139.23822040310287,673.2338008612022,Medium,-285.1
17563,578.0,2.0,309.28000000000003,1,3,2,132,6,At Risk,0,3,0.0,0.0,612.0,0.0,0.17622815999322694,470.98914615257866,83.00155060324998,Low,-309.28000000000003
17564,24.0,3.0,454.01,4,3,2,432,9,Loyal Customers,3,0,2.0,56.0,81.0,167.445,3.024201789980863,174.20082613353256,526.8184502091743,Medium,-119.12
17565,587.0,1.0,131.83,1,2,1,121,4,Hibernating/Lost,0,2,0.0,0.0,587.0,0.0,0.1829215228901007,470.98914615257866,86.15405187893789,Low,-131.83
17566,8.0,2.0,901.21,5,3,3,533,11,Loyal Customers,3,3,1.0,17.0,26.0,486.95,2.9484826253275953,503.8782156520186,1485.676164131048,High,-414.26000000000005
17567,7.0,9.0,5037.11,5,5,5,555,15,Champions,1,1,8.0,434.0,442.0,606.17875,3.0145752359217646,608.4302156255962,1834.158660811462,High,-187.67999999999938
17568,633.0,1.0,382.79,1,2,2,122,5,Hibernating/Lost,0,2,0.0,0.0,634.0,0.0,0.17073087253847158,470.98914615257866,80.41238787877947,Low,-382.79
17569,332.0,1.0,344.14,2,2,2,222,6,Hibernating/Lost,0,2,0.0,0.0,333.0,0.0,0.29797130501368135,470.98914615257866,140.34125052636335,Low,-344.14
17570,382.0,1.0,0.0,2,2,1,221,5,Hibernating/Lost,0,2,,,,,,,0.0,Low,
17571,50.0,5.0,1703.75,4,4,4,444,12,Champions,3,1,4.0,492.0,543.0,374.6275,1.3341230065161196,378.53480940067305,505.01199798863223,Medium,-205.24
17572,71.0,10.0,723.01,3,5,3,353,11,Loyal Customers,3,1,9.0,653.0,725.0,73.41111111111111,2.1438984489775237,74.79794500600147,160.35919828507267,Low,-62.309999999999945
17573,29.0,3.0,362.9,4,3,2,432,9,Loyal Customers,3,0,2.0,64.0,94.0,102.94500000000001,2.7731764996042725,109.36486714673916,303.2880794536804,Medium,-157.00999999999996
17574,243.0,1.0,185.65,2,2,1,221,5,Hibernating/Lost,0,2,0.0,0.0,243.0,0.0,0.3835703014442145,470.98914615257866,180.6574487666978,Low,-185.65
17575,667.0,1.0,171.7,1,2,1,121,4,Hibernating/Lost,0,2,0.0,0.0,668.0,0.0,0.16287911269746594,470.98914615257866,76.71429421546911,Low,-171.7
17576,8.0,41.0,8885.66,5,5,5,555,15,Champions,1,-1,38.0,728.0,737.0,229.8842105263158,8.595450623817367,230.25506742616685,1979.1460629453557,High,-150.0599999999995
17577,645.0,2.0,348.75,1,3,2,132,6,At Risk,0,3,1.0,23.0,669.0,236.35,0.12847771564804372,250.65396316539304,32.20344860561859,Low,-112.4
17578,218.0,7.0,1003.73,2,4,3,243,9,Can't Lose Them,0,1,4.0,311.0,530.0,222.72499999999997,1.2143103533344328,226.23773228235902,274.7228206253722,Low,-112.83000000000015
17579,5.0,4.0,744.58,5,4,3,543,12,Champions,3,1,3.0,574.0,579.0,149.63333333333333,0.9928437816989371,154.0676684110233,152.96512654273823,Low,-295.68000000000006
17580,253.0,5.0,545.27,2,4,2,242,8,Can't Lose Them,0,1,4.0,170.0,423.0,96.965,1.1017695004179584,100.15106209326298,110.34338564882228,Low,-157.40999999999997
17581,1.0,43.0,18247.47,5,5,5,555,15,Champions,2,-1,19.0,736.0,737.0,955.8184210526315,4.367659591689992,956.9565066432775,4179.660265070658,High,-86.92000000000189
17582,236.0,5.0,1433.7,2,4,4,244,10,Can't Lose Them,0,1,4.0,387.0,624.0,286.78749999999997,1.0727400231885216,290.46663900141886,311.595189057874,Medium,-286.5500000000002
17583,560.0,1.0,135.95,1,2,1,121,4,Hibernating/Lost,0,2,0.0,0.0,561.0,0.0,0.1904447166385695,470.98914615257866,89.69739447886964,Low,-135.95
17584,7.0,6.0,5294.42,5,4,5,545,14,Champions,1,1,5.0,676.0,684.0,969.4739999999999,1.3320214321111785,973.8337061218891,1297.1673678666152,High,-447.0500000000002
17585,109.0,7.0,2093.3,3,4,4,344,11,Loyal Customers,3,1,6.0,369.0,479.0,290.98333333333335,2.0718721630862613,293.44123045816167,607.9727168880455,Medium,-347.4000000000001
17586,619.0,1.0,167.4,1,2,1,121,4,Hibernating/Lost,0,2,0.0,0.0,620.0,0.0,0.17418862641869573,470.98914615257866,82.040952426432,Low,-167.4
17587,628.0,1.0,181.66,1,2,1,121,4,Hibernating/Lost,0,2,0.0,0.0,629.0,0.0,0.17194990015269698,470.98914615257866,80.98653665393991,Low,-181.66
17588,100.0,7.0,2901.65,3,4,5,345,12,Loyal Customers,3,1,6.0,537.0,638.0,422.8416666666667,1.6385981740332953,425.5277069366483,697.2689235869672,Medium,-364.5999999999999
17589,60.0,18.0,13904.82,3,5,5,355,13,Loyal Customers,1,-1,15.0,582.0,643.0,895.3886666666666,3.875135483730267,896.7886723784106,3475.1776057409365,High,-473.9899999999998
17590,2.0,3.0,1479.22,5,3,4,534,12,Loyal Customers,3,0,2.0,38.0,41.0,564.92,4.213826850848573,573.7461408354816,2417.6668938232992,High,-349.3800000000001
17591,73.0,8.0,2765.7200000000003,3,5,4,354,12,Loyal Customers,1,1,7.0,618.0,692.0,376.0814285714286,1.7698693029784618,378.31384967412856,669.5660694298485,Medium,-133.1500000000001
17592,739.0,1.0,0.0,1,2,1,121,4,Hibernating/Lost,0,2,,,,,,,0.0,Low,
17593,4.0,11.0,8044.0,5,5,5,555,15,Champions,1,-1,10.0,732.0,736.0,725.279,2.3630502668841604,727.2032612082742,1718.4178604772442,High,-791.21
17594,85.0,4.0,2497.88,3,4,4,344,11,Loyal Customers,3,1,3.0,519.0,605.0,628.7266666666666,0.9411445801648785,634.821743246475,597.45904302724,Medium,-611.7000000000003
17595,12.0,2.0,388.79,5,3,2,532,10,Loyal Customers,3,3,1.0,25.0,38.0,230.89,2.6035729646850023,245.1367867145671,638.2315105398005,Medium,-157.90000000000003
17596,23.0,13.0,4907.32,4,5,5,455,14,Champions,1,1,12.0,701.0,725.0,370.27583333333337,2.841152830920242,371.5722568506805,1055.6935694427343,High,-464.0099999999993
17597,214.0,5.0,3425.29,2,4,5,245,11,Can't Lose Them,0,1,4.0,370.0,584.0,792.0675,1.1508017118431848,797.0591383107896,917.2570208083106,High,-257.02
17598,381.0,1.0,409.98,2,2,2,222,6,Hibernating/Lost,0,2,0.0,0.0,382.0,0.0,0.2657119441891347,470.98914615257866,125.14744171618219,Low,-409.98
17599,478.0,1.0,44.55,1,2,1,121,4,Hibernating/Lost,0,2,0.0,0.0,478.0,0.0,0.2192339490989718,470.98914615257866,103.25681049378261,Low,-44.55
17600,18.0,1.0,161.67000000000002,5,2,1,521,8,New Customers,3,2,0.0,0.0,18.0,0.0,1.3812487825271869,470.98914615257866,650.5531847067685,Medium,-161.67000000000002
17601,239.0,2.0,421.48,2,3,2,232,7,At Risk,0,3,1.0,141.0,381.0,116.00999999999999,0.5432115965959485,129.05377743418586,70.1035084867623,Low,-305.47
17602,2.0,14.0,7337.43,5,5,5,555,15,Champions,1,-1,12.0,617.0,620.0,586.7116666666667,3.2819725108953737,588.1951685045753,1930.4403740734886,High,-296.8899999999994
17603,78.0,4.0,120.01000000000002,3,4,1,341,8,Loyal Customers,3,1,3.0,651.0,730.0,501.21000000000004,0.7975031676989055,506.8630495136589,404.22488757667014,Medium,1383.6200000000001
17604,217.0,6.0,945.9300000000001,2,4,3,243,9,Can't Lose Them,0,1,5.0,464.0,682.0,157.77,1.2302687117792444,160.44381670257502,197.38900768762218,Low,-157.08000000000004
17605,590.0,1.0,160.75,1,2,1,121,4,Hibernating/Lost,0,2,0.0,0.0,591.0,0.0,0.18181659285528617,470.98914615257866,85.63364182528227,Low,-160.75
17606,737.0,1.0,87.30000000000001,1,2,1,121,4,Hibernating/Lost,0,2,0.0,0.0,738.0,0.0,0.14879237389849828,470.98914615257866,70.07959313646893,Low,-87.30000000000001
17607,376.0,1.0,333.81,2,2,2,222,6,Hibernating/Lost,0,2,0.0,0.0,377.0,0.0,0.26867958599642533,470.98914615257866,126.5451687970847,Low,-333.81
17608,33.0,4.0,498.53,4,4,2,442,10,Champions,3,1,2.0,574.0,608.0,166.805,0.681359229581593,173.55749258699694,118.25499943718928,Low,-164.91999999999996
17609,41.0,11.0,1758.99,4,5,4,454,13,Champions,1,1,7.0,569.0,610.0,217.01,1.9951773624357942,219.0065700053295,436.95695069934345,Medium,-239.92000000000007
17610,540.0,5.0,1427.84,1,4,4,144,9,Can't Lose Them,0,1,4.0,193.0,734.0,287.86,0.2302022382602628,291.541924893418,67.11360365717026,Low,-276.39999999999986
17611,7.0,28.0,8205.38,5,5,5,555,15,Champions,1,10,25.0,731.0,739.0,314.57959999999997,5.686924397373493,315.1785061529935,1792.3963361691904,High,-340.8900000000003
17612,53.0,18.0,5156.14,4,5,5,455,14,Champions,1,1,16.0,669.0,723.0,322.59125,3.7253810190909493,323.53245179487993,1205.2816549766032,High,5.319999999999709
17613,23.0,14.0,4509.37,4,5,5,455,14,Champions,1,1,10.0,283.0,306.0,397.235,5.033888764650193,398.8189449273071,2007.6102059992152,High,-537.0199999999995
17614,57.0,1.0,390.07,4,2,2,422,8,New Customers,3,2,0.0,0.0,58.0,0.0,0.9420787360010973,470.98914615257866,443.70885947765737,Medium,-390.07
17615,130.0,6.0,725.7,3,4,3,343,10,Loyal Customers,3,1,5.0,355.0,486.0,122.1,1.7183188696840141,124.69973098218071,214.27390079120138,Low,-115.20000000000005
17616,174.0,4.0,1060.8,3,4,3,343,10,Loyal Customers,0,1,3.0,278.0,452.0,299.2,1.1433241679459816,304.1527968332286,347.7452433677943,Medium,-163.20000000000005
17617,559.0,1.0,237.28,1,2,1,121,4,Hibernating/Lost,0,2,0.0,0.0,559.0,0.0,0.1910491625697824,470.98914615257866,89.982081951907,Low,-237.28
17618,6.0,11.0,4047.94,5,5,5,555,15,Champions,1,1,10.0,679.0,685.0,363.68899999999996,2.5220305978463116,365.2381439556041,921.1417745566293,High,-411.05000000000064
17619,312.0,1.0,218.52,2,2,1,221,5,Hibernating/Lost,0,2,0.0,0.0,313.0,0.0,0.3135120882833042,470.98914615257866,147.6607907690653,Low,-218.52
17620,60.0,1.0,81.44,3,2,1,321,6,Potential Loyalists,3,2,0.0,0.0,60.0,0.0,0.9273887010786552,470.98914615257866,436.7900124725848,Medium,-81.44
17621,21.0,6.0,3029.32,4,4,5,445,13,Champions,3,1,5.0,410.0,432.0,378.65999999999997,1.9942597274197094,381.7925998474558,761.3936061026493,Medium,-1136.0200000000004
17622,598.0,2.0,1125.17,1,3,3,133,7,At Risk,0,3,1.0,1.0,599.0,393.33,0.11286847729597227,409.2778384860254,46.194566420904565,Low,-731.8400000000001
17623,33.0,7.0,2383.67,4,4,4,444,12,Champions,3,1,6.0,693.0,726.0,364.43666666666667,1.483280105981183,367.0216537831931,544.3959175209237,Medium,-197.05000000000018
17624,15.0,4.0,1568.63,5,4,4,544,13,Champions,3,1,3.0,705.0,720.0,417.26666666666665,0.8148661208005069,422.62873284202084,344.3858360698113,Medium,-316.83000000000015
17625,18.0,8.0,6067.8,5,5,5,555,15,Champions,1,1,7.0,706.0,725.0,770.3828571428572,1.7138221682713042,773.1998987865209,1325.1271270454681,High,-675.1199999999999
17626,603.0,1.0,254.0,1,2,1,121,4,Hibernating/Lost,0,2,0.0,0.0,603.0,0.0,0.17858053756629405,470.98914615257866,84.10949490781734,Low,-254.0
17627,479.0,1.0,285.11,1,2,2,122,5,Hibernating/Lost,0,2,0.0,0.0,479.0,0.0,0.2188353181305998,470.98914615257866,103.06905963435912,Low,-285.11
17628,81.0,1.0,75.75,3,2,1,321,6,Potential Loyalists,0,2,0.0,0.0,82.0,0.0,0.7917739303878477,470.98914615257866,372.9169274192436,Medium,-75.75
17629,6.0,10.0,2425.52,5,5,4,554,14,Champions,1,1,9.0,416.0,422.0,235.06333333333336,3.5037526557397753,236.63652171801243,829.1158414145091,Medium,-309.9499999999998
17630,170.0,2.0,503.59999999999997,3,3,2,332,8,Loyal Customers,0,3,1.0,63.0,233.0,168.1,0.7895480010992701,181.68925753006906,143.45239010407653,Low,-335.5
17631,2.0,7.0,998.49,5,4,3,543,12,Champions,3,1,6.0,729.0,731.0,155.83166666666668,1.4795187590826056,158.05572247463195,233.84640638157214,Low,-63.5
17633,31.0,7.0,1974.89,4,4,4,444,12,Champions,3,1,5.0,358.0,390.0,325.098,2.169714853897099,328.119352879254,711.9254337932213,Medium,-349.4000000000001
17634,36.0,9.0,2361.9700000000003,4,5,4,454,13,Champions,1,1,8.0,301.0,338.0,197.04,3.744490788101838,198.76077195897477,744.2578796363911,Medium,-785.6500000000003
17635,424.0,3.0,1256.83,1,3,4,134,8,At Risk,0,0,2.0,166.0,591.0,363.39,0.46746472392879096,371.16643828341216,173.5072166037879,Low,-530.05
17636,19.0,1.0,265.93,5,2,1,521,8,New Customers,3,2,0.0,0.0,20.0,0.0,1.349658729187219,470.98914615257866,635.6746124572627,Medium,-265.93
17637,31.0,2.0,547.0600000000001,4,3,2,432,9,Loyal Customers,3,3,1.0,84.0,116.0,208.11,1.4891889210322473,222.11823734646927,330.7760182155732,Medium,-338.95000000000005
17638,647.0,2.0,842.4,1,3,3,133,7,At Risk,0,3,1.0,74.0,722.0,234.0,0.17844546374485423,248.27935425340755,44.304324508022255,Low,-608.4
17639,276.0,6.0,615.17,2,4,3,243,9,Can't Lose Them,0,1,3.0,207.0,484.0,144.79666666666665,0.9096668714417052,149.21423579812785,135.73524705304786,Low,-180.77999999999997
17640,87.0,6.0,3107.59,3,4,5,345,12,Loyal Customers,3,1,5.0,540.0,627.0,538.992,1.4191633712547864,542.4576055026915,769.8359641879987,Medium,-412.6300000000001
17642,120.0,5.0,1824.49,3,4,4,344,11,Loyal Customers,3,1,4.0,615.0,735.0,385.8675,1.0049599916213483,389.8040060683372,391.7374306724041,Medium,-281.02
17643,373.0,2.0,541.25,2,3,2,232,7,At Risk,0,3,1.0,132.0,506.0,203.1,0.381382956203705,217.05577324049162,82.78137245953974,Low,-338.15
17644,1.0,20.0,5864.54,5,5,5,555,15,Champions,1,9,15.0,660.0,662.0,358.1413333333333,3.8314637896897024,359.16990348225687,1376.1464795386125,High,-492.4200000000001
17646,219.0,12.0,4094.1600000000003,2,5,5,255,12,Can't Lose Them,1,1,11.0,504.0,724.0,337.6627272727273,2.0247771887499617,339.0463640798102,686.4933439174141,Medium,-379.8699999999999
17647,65.0,3.0,331.65999999999997,3,3,2,332,8,Loyal Customers,3,0,1.0,604.0,670.0,133.06,0.378236800669521,146.28232294454887,55.32935782505182,Low,-198.59999999999997
17648,61.0,5.0,2208.42,3,4,4,344,11,Loyal Customers,3,1,3.0,325.0,386.0,599.1666666666666,1.3916233939110925,605.1592756991579,842.1538051052406,High,-410.9200000000001
17649,138.0,3.0,1542.44,3,3,4,334,10,Loyal Customers,0,0,2.0,334.0,473.0,441.67,0.8218901669868991,449.85417269405076,369.7307211152667,Medium,-659.1
17650,21.0,1.0,166.08,4,2,1,421,7,New Customers,3,2,0.0,0.0,22.0,0.0,1.319497517373435,470.98914615257866,621.4690090581614,Medium,-166.08
17651,12.0,16.0,5632.59,5,5,5,555,15,Champions,1,1,13.0,515.0,527.0,414.66692307692307,4.088707454373862,415.8989581146489,1700.4891703096878,High,-241.92000000000007
17652,25.0,12.0,4737.13,4,5,5,455,14,Champions,1,1,11.0,256.0,282.0,422.3109090909091,5.870053574562536,423.7743701063832,2487.5782560509615,High,-91.71000000000004
17653,37.0,4.0,1175.88,4,4,3,443,11,Champions,3,1,3.0,84.0,121.0,348.10666666666674,3.2905725537082486,353.2289948321276,1162.325635568552,High,-131.55999999999995
17654,277.0,1.0,117.55,2,2,1,221,5,Hibernating/Lost,0,2,0.0,0.0,278.0,0.0,0.3450120167350719,470.98914615257866,162.4969151744307,Low,-117.55
17655,11.0,9.0,3585.28,5,5,5,555,15,Champions,1,1,8.0,406.0,417.0,417.355,3.167321291108619,419.36154243454496,1328.2527420250847,High,-246.44000000000005
17656,73.0,5.0,1674.69,3,4,4,344,11,Loyal Customers,3,1,4.0,55.0,129.0,333.27750000000003,3.6155677642638975,337.0773999515706,1218.7261813267878,High,-341.5799999999999
17657,430.0,1.0,126.0,1,2,1,121,4,Hibernating/Lost,0,2,0.0,0.0,431.0,0.0,0.23976378997776246,470.98914615257866,112.92614271993254,Low,-126.0
17658,26.0,2.0,485.88,4,3,2,432,9,Loyal Customers,3,3,1.0,186.0,212.0,277.82,0.992058704934848,292.5582319228566,290.234940679418,Medium,-208.06
17659,17.0,14.0,3784.13,5,5,5,555,15,Champions,1,1,13.0,369.0,387.0,251.52,5.3296352531048425,252.62187363981786,1346.3824434561702,High,-514.3699999999999
17660,141.0,2.0,359.47,3,3,2,332,8,Loyal Customers,0,3,1.0,596.0,738.0,196.0,0.3422286481450224,209.88142291066305,71.82743563346995,Low,-163.47000000000003
17662,662.0,2.0,412.92,1,3,2,132,6,At Risk,0,3,1.0,61.0,723.0,59.92,0.1625534012444136,72.3764098285401,11.7650315874888,Low,-353.0
17663,26.0,17.0,5081.04,4,5,5,455,14,Champions,1,1,16.0,620.0,646.0,289.289375,4.152758436456793,290.20899287048127,1205.1678434785204,High,-452.40999999999985
17664,19.0,4.0,1166.23,5,4,3,543,12,Champions,3,1,3.0,602.0,621.0,285.79333333333335,0.9308217169244274,290.69965695103315,270.5895537925027,Low,-308.8499999999999
17665,493.0,1.0,563.1,1,2,2,122,5,Hibernating/Lost,0,2,0.0,0.0,494.0,0.0,0.2130253912813785,470.98914615257866,100.33264714843544,Low,-563.1
17666,4.0,5.0,2047.8,5,4,4,544,13,Champions,3,1,4.0,524.0,528.0,434.09999999999997,1.3789344374771142,438.16179328124724,604.1963859422402,Medium,-311.4000000000001
17667,66.0,9.0,3883.8,3,5,5,355,13,Loyal Customers,1,1,7.0,588.0,655.0,499.42857142857144,1.8618193553404814,501.8438761531866,934.3426419810943,High,-387.8000000000002
17668,1.0,2.0,347.75,5,3,2,532,10,Loyal Customers,3,-1,1.0,37.0,39.0,185.89999999999998,2.612319691844765,199.6756569485125,521.6166506286391,Medium,-161.85000000000002
17669,43.0,10.0,6142.35,4,5,5,455,14,Champions,1,1,9.0,575.0,618.0,515.1622222222222,2.490172446470869,517.0583117387987,1287.5643611107016,High,-1505.8900000000003
17670,228.0,1.0,205.7,2,2,1,221,5,Hibernating/Lost,0,2,0.0,0.0,228.0,0.0,0.4028752145957359,470.98914615257866,189.74985332848254,Low,-205.7
17671,16.0,5.0,2114.71,5,4,4,544,13,Champions,3,1,4.0,360.0,376.0,491.72249999999997,1.8440318973407488,495.93397166047106,914.5180627167916,High,-147.82000000000016
17672,50.0,7.0,5707.08,4,4,5,445,13,Champions,1,1,5.0,632.0,683.0,1132.748,1.3256979666973168,1137.4468222394016,1507.910939469099,High,-43.340000000000146
17673,2.0,13.0,4216.33,5,5,5,555,15,Champions,1,1,11.0,629.0,631.0,330.88545454545454,2.9741743683941717,332.26270030645844,988.207206824903,High,-576.5900000000001
17674,74.0,2.0,851.7,3,3,3,333,9,Loyal Customers,3,3,1.0,294.0,369.0,250.38,0.6300178477337227,264.8308836058853,166.84818330279987,Low,-601.32
17675,1.0,70.0,37605.840000000004,5,5,5,555,15,Champions,2,-1,61.0,728.0,730.0,621.8180327868853,13.850434147338982,622.1156319969632,8616.571593004111,High,325.0599999999977
17676,4.0,10.0,2722.52,5,5,4,554,14,Champions,1,1,9.0,615.0,620.0,266.28222222222223,2.4990856034685733,267.8914000911824,669.4835412609135,Medium,-325.98
17677,2.0,54.0,35866.63,5,5,5,555,15,Champions,2,-1,32.0,722.0,724.0,1106.058125,7.384341730691523,1106.7823851496971,8172.8593534552065,High,-472.7699999999968
17678,264.0,2.0,579.81,2,3,2,232,7,At Risk,0,3,1.0,340.0,604.0,298.11,0.3896472705513354,313.06070631612727,121.9832497329522,Low,-281.69999999999993
17679,53.0,7.0,3166.56,4,4,5,445,13,Champions,1,1,4.0,684.0,737.0,680.8025,1.0157405985384267,685.5051198741662,696.2953807621416,Medium,-443.3499999999999
17680,24.0,3.0,462.5,4,3,2,432,9,Loyal Customers,3,0,2.0,488.0,512.0,135.7,0.7944361951123583,142.29047701669913,113.04070516186893,Low,-191.10000000000002
17681,597.0,5.0,529.6,1,4,2,142,7,Can't Lose Them,0,1,3.0,96.0,694.0,128.06666666666666,0.1074633694931302,132.42624249411517,14.230970227731959,Low,-145.40000000000003
17682,10.0,11.0,4441.78,5,5,5,555,15,Champions,1,1,10.0,631.0,642.0,408.32800000000003,2.6725399996977264,409.923452921676,1095.536824747387,High,-358.49999999999955
17683,386.0,3.0,819.01,2,3,3,233,8,At Risk,0,0,2.0,169.0,555.0,156.41,0.5261068817043141,163.10834849912536,85.81242460881538,Low,-506.19
17684,44.0,1.0,239.41,4,2,1,421,7,New Customers,3,2,0.0,0.0,44.0,0.0,1.0597190186051295,470.98914615257866,499.1161557344786,Medium,-239.41
17685,17.0,12.0,5928.17,5,5,5,555,15,Champions,1,1,11.0,650.0,667.0,482.38818181818186,2.8235883579849816,483.90829639235915,1366.3578320258111,High,-621.8999999999996
17686,7.0,9.0,8296.81,5,5,5,555,15,Champions,1,-1,6.0,526.0,534.0,1166.99,1.9602641583556806,1170.9635761953602,2295.3979291557557,High,-1294.869999999999
17687,421.0,1.0,432.68,1,2,2,122,5,Hibernating/Lost,0,2,0.0,0.0,421.0,0.0,0.24463875188449014,470.98914615257866,115.22219686590856,Low,-432.68
17688,394.0,1.0,286.5,2,2,2,222,6,Hibernating/Lost,0,2,0.0,0.0,394.0,0.0,0.25885058274552675,470.98914615257866,121.91581494841306,Low,-286.5
17689,388.0,2.0,317.08,2,3,2,232,7,At Risk,0,3,1.0,86.0,475.0,151.08,0.3619938339170032,164.4910261760293,59.54473721040297,Low,-165.99999999999997
17690,30.0,20.0,7438.6,4,5,5,455,14,Champions,1,1,18.0,644.0,675.0,397.4138888888889,4.467570132112011,398.2935558044317,1779.4043937245679,High,-285.15000000000055
17691,358.0,4.0,769.85,2,4,3,243,9,Can't Lose Them,0,1,3.0,188.0,547.0,202.46666666666667,0.6675058829943785,207.08414457531916,138.22988477888396,Low,-162.45000000000005
17692,127.0,12.0,2962.4,3,5,5,355,13,Loyal Customers,1,1,10.0,413.0,541.0,263.21999999999997,2.874292570513914,264.66491636286503,760.7244027774693,Medium,-330.2000000000003
17693,137.0,1.0,187.02,3,2,1,321,6,Potential Loyalists,0,2,0.0,0.0,138.0,0.0,0.5775112308375357,470.98914615257866,272.00152150569573,Low,-187.02
17694,142.0,3.0,1695.97,3,3,4,334,10,Loyal Customers,0,0,2.0,421.0,563.0,542.55,0.7104285126198584,551.2596229667286,391.6305540116369,Medium,-610.8700000000001
17695,132.0,5.0,1720.54,3,4,4,344,11,Loyal Customers,3,1,4.0,549.0,681.0,360.53499999999997,1.070808901710923,364.4057031694402,390.20887078806487,Medium,-278.4000000000001
17696,38.0,27.0,7380.89,4,5,5,455,14,Champions,1,1,22.0,691.0,730.0,328.4327272727273,5.044827557575393,329.11986968662717,1660.3529883407189,High,-155.3699999999999
17697,236.0,1.0,338.95,2,2,2,222,6,Hibernating/Lost,0,2,0.0,0.0,237.0,0.0,0.39106524779499247,470.98914615257866,184.1874871489101,Low,-338.95
17698,261.0,1.0,154.95,2,2,1,221,5,Hibernating/Lost,0,2,0.0,0.0,261.0,0.0,0.3627196979328441,470.98914615257866,170.83704082211148,Low,-154.95
17699,477.0,2.0,442.0,1,3,2,132,6,At Risk,0,3,1.0,85.0,562.0,259.3,0.2832746362921307,273.8442927526558,77.57314243018433,Low,-182.7
17700,17.0,14.0,6630.87,5,5,5,555,15,Champions,1,1,12.0,722.0,739.0,498.6033333333333,2.79484339027177,500.0106779158854,1397.4515382385193,High,-647.6300000000001
17701,253.0,1.0,417.95,2,2,2,222,6,Hibernating/Lost,0,2,0.0,0.0,253.0,0.0,0.3716990577251108,470.98914615257866,175.06622182366797,Low,-417.95
17702,30.0,6.0,2911.79,4,4,5,445,13,Champions,3,1,5.0,370.0,401.0,462.97200000000004,2.1200436365288,466.27971381599764,988.5333401180757,High,-596.9299999999998
17703,35.0,4.0,1094.84,4,4,3,443,11,Champions,3,1,3.0,383.0,419.0,266.24666666666667,1.3087721193153297,271.08523321428675,354.78879518895246,Medium,-296.0999999999999
17704,169.0,2.0,885.19,3,3,3,333,9,Loyal Customers,0,3,1.0,71.0,240.0,497.90000000000003,0.7813763522601733,514.9428827099937,402.3641913142731,Medium,-387.29
17705,3.0,11.0,2041.5,5,5,4,554,14,Champions,1,1,10.0,573.0,577.0,199.52,2.9435056329153166,200.8988333157811,591.346847511117,Medium,-46.299999999999955
17706,4.0,31.0,19543.9,5,5,5,555,15,Champions,2,-1,22.0,685.0,690.0,839.6322727272727,5.345631416732643,840.5603350695584,4493.325734807148,High,-1071.9900000000016
17707,185.0,8.0,605.0500000000001,3,5,3,353,11,Loyal Customers,0,1,7.0,547.0,733.0,79.75714285714287,1.5908569481481283,81.5502115972541,129.73472074244177,Low,-46.75
17708,188.0,4.0,887.9300000000001,3,4,3,343,10,Loyal Customers,0,1,3.0,236.0,424.0,193.79333333333332,1.172533837462398,198.38074577535082,232.60813712262447,Low,-306.55000000000007
17709,170.0,5.0,671.01,3,4,3,343,10,Loyal Customers,0,1,4.0,434.0,604.0,104.88499999999999,1.164223372574072,108.09163483417933,125.84280765369331,Low,-251.47000000000003
17710,424.0,1.0,293.5,1,2,2,122,5,Hibernating/Lost,0,2,0.0,0.0,424.0,0.0,0.2431555443037791,470.98914615257866,114.52362219390243,Low,-293.5
17711,11.0,2.0,385.1,5,3,2,532,10,Loyal Customers,3,3,1.0,279.0,290.0,164.57,0.7824889770155184,178.12229180270356,139.37872989635719,Low,-220.53000000000003
17712,45.0,1.0,522.91,4,2,2,422,8,New Customers,3,2,0.0,0.0,45.0,0.0,1.0503408506142657,470.98914615257866,494.6991403999862,Medium,-522.91
17713,382.0,4.0,1198.09,2,4,3,243,9,Can't Lose Them,0,1,3.0,166.0,549.0,298.3866666666667,0.5755396751368032,303.3366441402262,174.58227362555385,Low,-302.92999999999984
17714,321.0,5.0,1376.58,2,4,4,244,10,Can't Lose Them,0,1,4.0,193.0,514.0,266.64250000000004,0.8058379822956796,270.2693109880654,217.79327624306617,Low,-310.00999999999976
17715,201.0,2.0,489.59999999999997,2,3,2,232,7,At Risk,0,3,1.0,392.0,593.0,326.4,0.4065117486763786,341.64695572892305,138.88350140332582,Low,-163.2
17716,23.0,24.0,15671.32,4,5,5,455,14,Champions,1,-1,18.0,715.0,738.0,851.9316666666667,4.127720462892261,853.0731692475723,3521.247577047557,High,-336.5499999999993
17717,421.0,1.0,376.92,1,2,2,122,5,Hibernating/Lost,0,2,0.0,0.0,422.0,0.0,0.24414233998531915,470.98914615257866,114.98839224937802,Low,-376.92
17718,232.0,2.0,386.98,2,3,2,232,7,At Risk,0,3,1.0,412.0,645.0,139.35,0.37479732056476256,152.6381910536505,57.20838502276052,Low,-247.63000000000002
17719,38.0,15.0,5367.8,4,5,5,455,14,Champions,1,1,14.0,218.0,256.0,344.015,7.837996741133402,345.10662925351767,2704.9446354326046,High,-551.5900000000001
17720,26.0,10.0,2715.06,4,5,4,454,13,Champions,1,1,9.0,552.0,579.0,292.9211111111111,2.647554863207227,294.56099858912694,779.8664043258202,Medium,-78.76999999999998
17721,659.0,1.0,307.21000000000004,1,2,2,122,5,Hibernating/Lost,0,2,0.0,0.0,660.0,0.0,0.16466085235388223,470.98914615257866,77.55347425491081,Low,-307.21000000000004
17722,96.0,5.0,4386.96,3,4,5,345,12,Loyal Customers,3,1,4.0,279.0,376.0,833.5450000000001,1.7815509338774842,838.6443789498502,1494.0876765092084,High,-1052.7799999999997
17723,127.0,7.0,3378.4000000000005,3,4,5,345,12,Loyal Customers,3,1,6.0,248.0,376.0,546.0666666666667,2.402595762672598,548.9659125668942,1318.9431753849158,High,-102.0
17724,71.0,3.0,995.6500000000001,3,3,3,333,9,Loyal Customers,3,0,2.0,67.0,139.0,329.95,2.074560680670998,337.55226047692577,700.2726472570452,Medium,-335.7500000000001
17725,16.0,11.0,3371.13,5,5,5,555,15,Champions,1,1,10.0,251.0,268.0,310.137,5.610554772437186,311.6305885499928,1748.4204858265712,High,-269.7600000000002
17726,395.0,7.0,1089.56,2,4,3,243,9,Can't Lose Them,0,1,6.0,287.0,683.0,163.87000000000003,0.5564565888268669,166.10796384549388,92.43187093844006,Low,-106.33999999999969
17727,15.0,1.0,1042.55,5,2,3,523,10,New Customers,3,2,0.0,0.0,16.0,0.0,1.4143724889872349,470.98914615257866,666.1540909297952,Medium,-1042.55
17728,4.0,5.0,3861.13,5,4,5,545,14,Champions,3,-1,3.0,450.0,454.0,967.8433333333332,1.229680805126008,975.1139326833604,1199.0788858316625,High,-957.6000000000004
17729,596.0,1.0,438.65000000000003,1,2,2,122,5,Hibernating/Lost,0,2,0.0,0.0,597.0,0.0,0.1801840237365208,470.98914615257866,84.86471948999989,Low,-438.65000000000003
17730,3.0,20.0,7757.35,5,5,5,555,15,Champions,1,4,18.0,586.0,590.0,412.5811111111111,5.065940299330331,413.4695154620556,2094.611880923813,High,-330.8900000000003
17731,79.0,6.0,1347.08,3,4,4,344,11,Loyal Customers,3,1,4.0,589.0,669.0,333.97249999999997,1.1026849418987874,337.77420526153736,372.4585299037274,Medium,-11.190000000000055
17732,373.0,8.0,2448.14,2,5,4,254,11,Can't Lose Them,0,1,6.0,115.0,488.0,347.91,0.0929762466043488,350.4663924451324,32.58504973051512,Low,-360.67999999999984
17733,39.0,2.0,692.19,4,3,3,433,10,Loyal Customers,3,3,1.0,223.0,262.0,475.24,0.8396689226650521,492.0455899671886,413.15539042983926,Medium,-216.95000000000005
17734,54.0,6.0,1442.32,4,4,4,444,12,Champions,3,1,5.0,589.0,643.0,224.12400000000002,1.3985644497466836,226.9356323429183,317.3841077755892,Medium,-321.6999999999998
17735,2.0,26.0,17162.58,5,5,5,555,15,Champions,2,-1,24.0,495.0,498.0,707.24625,7.787519627147328,708.0397505768534,5513.873454417745,High,-188.6700000000019
17736,9.0,3.0,337.49,5,3,2,532,10,Loyal Customers,3,0,1.0,104.0,114.0,30.0,1.5302300860874278,42.14309125551601,64.4886261599186,Low,-307.49
17737,9.0,2.0,168.24,5,3,1,531,9,Loyal Customers,3,3,1.0,49.0,59.0,80.85000000000001,2.1851631463398733,93.52558622337281,204.36866425514646,Low,-87.39
17738,19.0,13.0,4145.36,5,5,5,555,15,Champions,1,1,8.0,611.0,631.0,466.29875,2.198804696310803,468.36877734802647,1029.8514672381896,High,-414.9699999999998
17739,12.0,18.0,7718.14,5,5,5,555,15,Champions,1,1,17.0,721.0,733.0,430.5523529411765,3.936379433116471,431.5040103627023,1698.563511699018,High,-398.75
17740,389.0,6.0,426.9,2,4,2,242,8,Can't Lose Them,0,1,5.0,308.0,698.0,73.32000000000001,0.7217376713251806,75.8184161113976,54.721007087803656,Low,-60.299999999999955
17741,407.0,2.0,101.1,2,3,1,231,6,At Risk,0,3,1.0,154.0,561.0,59.7,0.35037407989855635,72.15410601550316,25.28092850608481,Low,-41.39999999999999
17742,113.0,11.0,2098.48,3,5,4,354,12,Loyal Customers,1,1,10.0,625.0,739.0,187.993,2.286382154075119,189.35987508526716,432.9490390928486,Medium,-218.55000000000018
17743,448.0,1.0,208.85,1,2,1,121,4,Hibernating/Lost,0,2,0.0,0.0,449.0,0.0,0.23146213983750413,470.98914615257866,109.01615560871483,Low,-208.85
17744,4.0,7.0,2617.82,5,4,4,544,13,Champions,1,1,6.0,377.0,381.0,387.06666666666666,2.626672097109872,389.6908085278672,1023.5899732603344,High,-295.4200000000001
17745,478.0,2.0,600.34,1,3,2,132,6,At Risk,0,3,1.0,78.0,556.0,111.11,0.2785303115857757,124.10246523472671,34.566298310391325,Low,-489.23
17746,240.0,4.0,873.4300000000001,2,4,3,243,9,Can't Lose Them,0,1,2.0,370.0,611.0,249.8,0.6348804715236074,256.98478586000346,163.15462202119227,Low,-373.83000000000004
17747,113.0,1.0,64.65,3,2,1,321,6,Potential Loyalists,0,2,0.0,0.0,113.0,0.0,0.6567738122284743,470.98914615257866,309.33333703686316,Medium,-64.65
17748,527.0,1.0,358.15,1,2,2,122,5,Hibernating/Lost,0,2,0.0,0.0,528.0,0.0,0.20093465781041323,470.98914615257866,94.63804291458709,Low,-358.15
17749,178.0,3.0,1026.18,3,3,3,333,9,Loyal Customers,0,0,2.0,368.0,547.0,337.26,0.7166154800990925,344.90033582876237,247.16091974626679,Low,-351.6600000000001
17750,5.0,9.0,1797.57,5,5,4,554,14,Champions,1,1,8.0,159.0,165.0,184.32125,6.574594868411882,186.02552447475372,1223.0424586053448,High,-323.0
17751,421.0,1.0,157.85999999999999,1,2,1,121,4,Hibernating/Lost,0,2,0.0,0.0,422.0,0.0,0.24414233998531915,470.98914615257866,114.98839224937802,Low,-157.85999999999999
17752,359.0,1.0,80.64,2,2,1,221,5,Hibernating/Lost,0,2,0.0,0.0,360.0,0.0,0.2792859250293975,470.98914615257866,131.54063936202903,Low,-80.64
17753,464.0,4.0,388.06,1,4,2,142,7,Can't Lose Them,0,1,2.0,238.0,703.0,180.055,0.44115610174656655,186.87650741761732,82.44171152036938,Low,-27.94999999999999
17754,1.0,13.0,4509.39,5,5,5,555,15,Champions,1,5,11.0,728.0,729.0,390.18636363636364,2.609706342279222,391.6195308362382,1022.0119733837441,High,-217.34000000000015
17756,376.0,3.0,733.7,2,3,3,233,8,At Risk,0,0,2.0,19.0,395.0,278.9,0.2424786710680913,286.2363580540451,69.40621171231521,Low,-175.9000000000001
17757,1.0,56.0,9342.84,5,5,5,555,15,Champions,1,-1,54.0,694.0,696.0,172.27907407407406,12.821158731051153,172.52896900408047,2212.02129730592,High,-39.77000000000044
17758,19.0,12.0,5012.53,5,5,5,555,15,Champions,1,1,9.0,549.0,569.0,508.6188888888889,2.6922499554613544,510.5074351776143,1374.4136196196223,High,-434.96000000000004
17759,17.0,5.0,1276.91,5,4,4,544,13,Champions,3,1,3.0,566.0,584.0,381.58666666666664,0.9834653178446492,386.82505076866926,380.42902150448185,Medium,-132.1500000000001
17760,22.0,6.0,911.68,4,4,3,443,11,Champions,3,1,4.0,628.0,650.0,194.3475,1.1427992678968257,197.78651978799618,226.03029001358308,Low,-134.28999999999996
17761,33.0,1.0,712.78,4,2,3,423,9,New Customers,3,2,0.0,0.0,33.0,0.0,1.1752764695789877,470.98914615257866,553.5424609002245,Medium,-712.78
17762,456.0,1.0,129.75,1,2,1,121,4,Hibernating/Lost,0,2,0.0,0.0,457.0,0.0,0.2279544859007413,470.98914615257866,107.36408867604017,Low,-129.75
17763,263.0,4.0,51.15,2,4,1,241,7,Can't Lose Them,0,1,2.0,396.0,660.0,16.55,0.5903979698780049,22.519864407762153,13.295682228270714,Low,-18.049999999999997
17764,51.0,5.0,1623.64,4,4,4,444,12,Champions,3,1,4.0,686.0,737.0,357.2475,1.0160419199203026,361.10966366366216,366.902555970602,Medium,-194.6500000000001
17765,159.0,4.0,530.8,3,4,2,342,9,Loyal Customers,0,1,3.0,290.0,449.0,123.96,1.1652384261554873,128.30534037207022,149.50631288249522,Low,-158.91999999999996
17766,381.0,2.0,299.61,2,3,2,232,7,At Risk,0,3,0.0,0.0,382.0,0.0,0.2657119441891347,470.98914615257866,125.14744171618219,Low,-299.61
17767,15.0,2.0,413.05,5,3,2,532,10,Loyal Customers,3,3,1.0,395.0,411.0,271.2,0.5854728538310754,285.86890809419947,167.36848544348436,Low,-141.85000000000002
17768,8.0,7.0,3504.56,5,4,5,545,14,Champions,1,1,5.0,729.0,738.0,620.288,1.2429610940939875,623.9224553127609,775.5113376853564,Medium,-403.1199999999999
17769,13.0,17.0,6994.66,5,5,5,555,15,Champions,1,1,16.0,677.0,690.0,427.0175,3.9217952618377048,428.0263835180633,1678.631842822669,High,-162.3800000000001
17770,199.0,5.0,1143.27,2,4,3,243,9,Can't Lose Them,0,1,3.0,84.0,283.0,180.03333333333333,1.2200819247090604,184.5730477560314,225.19423935559612,Low,-603.17
17771,57.0,4.0,387.41,4,4,2,442,10,Champions,3,1,3.0,533.0,590.0,123.80333333333333,0.9681724549739723,128.14813063202467,124.06949023433263,Low,-16.000000000000057
17772,11.0,3.0,384.77,5,3,2,532,10,Loyal Customers,3,0,1.0,382.0,393.0,182.77,0.6088369909326274,196.51287997212333,119.64431052173215,Low,-201.99999999999997
17773,514.0,2.0,585.27,1,3,2,132,6,At Risk,0,3,1.0,176.0,691.0,209.02,0.27829728504534135,223.03776675494024,62.07080495047596,Low,-376.25
17774,97.0,9.0,2945.7,3,5,5,355,13,Loyal Customers,1,1,8.0,573.0,670.0,347.7375,2.0435817042485493,349.6537416103477,714.5459891769563,Medium,-163.79999999999973
17775,255.0,1.0,56.4,2,2,1,221,5,Hibernating/Lost,0,2,0.0,0.0,255.0,0.0,0.36941268144408845,470.98914615257866,173.98936341128575,Low,-56.4
17776,387.0,2.0,331.81,2,3,2,232,7,At Risk,0,3,1.0,337.0,724.0,122.81,0.31758101659808863,135.92498620078226,43.167195298725595,Low,-209.0
17777,25.0,3.0,665.86,4,3,3,433,10,Loyal Customers,3,0,2.0,76.0,101.0,235.57999999999998,2.675946069553068,242.69071862291503,649.4272746159991,Medium,-194.70000000000005
17778,662.0,1.0,197.70000000000002,1,2,1,121,4,Hibernating/Lost,0,2,0.0,0.0,662.0,0.0,0.16421177014913377,470.98914615257866,77.34196141074402,Low,-197.70000000000002
17779,21.0,3.0,642.17,4,3,3,433,10,Loyal Customers,3,0,2.0,122.0,144.0,167.74,2.1485671575279026,174.49736269013886,374.91930255126715,Medium,-306.68999999999994
17780,667.0,3.0,352.91,1,3,2,132,6,At Risk,0,0,1.0,17.0,685.0,193.81,0.11279183348994713,207.66848949906802,23.423309688687713,Low,-159.10000000000002
17781,159.0,2.0,188.02,3,3,1,331,7,Loyal Customers,0,3,1.0,94.0,254.0,86.02,0.7730294299466596,98.74972582974092,76.33644426555355,Low,-102.00000000000001
17782,383.0,2.0,679.02,2,3,3,233,8,At Risk,0,3,0.0,0.0,383.0,0.0,0.26512627835299996,470.98914615257866,124.87159946409035,Low,-679.02
17783,72.0,3.0,379.91,3,3,2,332,8,Loyal Customers,3,0,2.0,440.0,513.0,141.735,0.7850234833892774,148.3569113187968,116.46365930835597,Low,-96.44
17784,550.0,1.0,112.86,1,2,1,121,4,Hibernating/Lost,0,2,0.0,0.0,551.0,0.0,0.1935058474867999,470.98914615257866,91.13915388333899,Low,-112.86
17785,53.0,3.0,403.38,4,3,2,432,9,Loyal Customers,3,0,2.0,512.0,566.0,144.065,0.7234696133157376,150.69904751165305,109.02618163030559,Low,-115.25
17786,85.0,2.0,278.74,3,3,2,332,8,Loyal Customers,3,3,1.0,232.0,318.0,163.89,0.7065415748681125,177.43517092604392,125.36532510307981,Low,-114.85000000000002
17787,153.0,4.0,2601.4700000000003,3,4,4,344,11,Loyal Customers,0,1,3.0,219.0,372.0,376.30333333333334,1.340141221921929,381.5234031522397,511.29523969225534,Medium,-1472.5600000000002
17788,74.0,2.0,1117.9,3,3,3,333,9,Loyal Customers,3,3,1.0,56.0,130.0,1101.2,1.3211059904315794,1124.5605663699348,1485.6637008344505,High,-16.700000000000045
17789,281.0,2.0,397.15,2,3,2,232,7,At Risk,0,3,1.0,380.0,662.0,225.9,0.3596260169971807,240.0945320461383,86.34424026255469,Low,-171.24999999999997
17790,27.0,20.0,2783.61,4,5,4,454,13,Champions,1,1,17.0,518.0,545.0,151.46588235294118,5.119481897247484,152.24730236093419,779.4273083415667,Medium,-208.69000000000005
17791,30.0,1.0,106.1,4,2,1,421,7,New Customers,3,2,0.0,0.0,30.0,0.0,1.2113523663161674,470.98914615257866,570.5338167011573,Medium,-106.1
17792,467.0,2.0,370.05,1,3,2,132,6,At Risk,0,3,1.0,11.0,479.0,119.00999999999999,0.20408679907108737,132.0851930665078,26.95684425763016,Low,-251.04000000000002
17793,25.0,1.0,323.04,4,2,2,422,8,New Customers,3,2,0.0,0.0,26.0,0.0,1.2630882296182389,470.98914615257866,594.9008467832665,Medium,-323.04
17794,687.0,2.0,147.3,1,3,1,131,5,At Risk,0,3,1.0,2.0,689.0,13.5,0.08622595105437672,25.470305277745375,2.1962012962189057,Low,-133.8
17795,180.0,2.0,350.39,3,3,2,332,8,Loyal Customers,0,3,1.0,85.0,265.0,187.14000000000001,0.7275203959225706,200.92864207653895,146.1796852357081,Low,-163.24999999999997
17796,40.0,7.0,1361.99,4,4,4,444,12,Champions,3,1,6.0,381.0,422.0,203.29166666666666,2.386597193921606,205.59783843496035,490.6792242852241,Medium,-142.24
17797,22.0,8.0,1985.87,4,5,4,454,13,Champions,1,1,6.0,702.0,725.0,296.1983333333333,1.4871107712012952,298.66525352459894,444.14831549999667,Medium,-208.67999999999984
17798,582.0,1.0,183.09,1,2,1,121,4,Hibernating/Lost,0,2,0.0,0.0,582.0,0.0,0.18432173320092607,470.98914615257866,86.81353573766758,Low,-183.09
17799,22.0,20.0,6216.74,4,5,5,455,14,Champions,1,1,16.0,704.0,727.0,374.58,3.734573314395177,375.5548972324366,1402.537297294681,High,-223.46000000000004
17800,37.0,9.0,1199.01,4,5,3,453,12,Champions,3,1,8.0,297.0,335.0,132.87,3.7698448160302034,134.50753708428473,507.07254139418114,Medium,-136.04999999999995
17801,451.0,3.0,795.78,1,3,3,133,7,At Risk,0,0,2.0,240.0,692.0,194.32,0.4547131021298628,201.2158090446965,91.49546472828405,Low,-407.14
17802,82.0,10.0,4915.84,3,5,5,355,13,Loyal Customers,1,1,8.0,644.0,727.0,566.27125,1.9110454924633629,568.4709516274398,1086.3738497039774,High,-385.6700000000001
17803,392.0,1.0,184.66,2,2,1,221,5,Hibernating/Lost,0,2,0.0,0.0,393.0,0.0,0.259408777495595,470.98914615257866,122.17871861713455,Low,-184.66
17804,376.0,3.0,380.13,2,3,2,232,7,At Risk,0,0,2.0,362.0,739.0,130.14,0.5011663788600175,136.7015168311709,68.51020417494965,Low,-119.85000000000002
17805,74.0,2.0,927.03,3,3,3,333,9,Loyal Customers,3,3,1.0,537.0,611.0,512.31,0.409951746586799,529.5037824639132,217.07100044539771,Low,-414.72
17806,11.0,1.0,546.04,5,2,2,522,9,New Customers,3,2,0.0,0.0,12.0,0.0,1.485694288265705,470.98914615257866,699.7458842740274,Medium,-546.04
17807,395.0,3.0,437.87,2,3,2,232,7,At Risk,0,0,2.0,309.0,705.0,124.095,0.502073353369865,130.62503044240862,65.58334706826079,Low,-189.68
17808,549.0,4.0,262.64,1,4,1,141,6,Can't Lose Them,0,1,3.0,33.0,582.0,46.946666666666665,0.03957036271553159,51.02504603138312,2.0190795790385256,Low,-121.79999999999998
17809,16.0,20.0,10498.85,5,5,5,555,15,Champions,1,-1,15.0,721.0,738.0,659.0306666666668,3.4650166717580637,660.2672620433377,2287.8370707962154,High,-613.3899999999994
17810,669.0,2.0,344.86,1,3,2,132,6,At Risk,0,3,1.0,15.0,684.0,64.14,0.10977066785517271,76.64060115133962,8.41288997320447,Low,-280.72
17811,4.0,47.0,9448.53,5,5,5,555,15,Champions,1,-1,44.0,441.0,446.0,213.0965909090909,15.53814574016331,213.41290956717893,3316.0408916871193,High,-72.28000000000065
17812,13.0,7.0,1165.8899999999999,5,4,3,543,12,Champions,3,1,6.0,518.0,531.0,177.41499999999996,1.9685302349414595,179.67639959523356,353.69842510864066,Medium,-101.40000000000009
17813,14.0,5.0,1714.6,5,4,4,544,13,Champions,3,1,4.0,57.0,72.0,366.0675,5.775232210309367,369.9525742160463,2136.562022899377,High,-250.32999999999993
17814,375.0,2.0,1617.32,2,3,4,234,9,At Risk,0,3,1.0,47.0,423.0,814.2,0.35240088752268034,834.5551375444696,294.09797115728367,Medium,-803.1199999999999
17815,393.0,1.0,591.96,2,2,2,222,6,Hibernating/Lost,0,2,0.0,0.0,394.0,0.0,0.25885058274552675,470.98914615257866,121.91581494841306,Low,-591.96
17816,37.0,6.0,112.32,4,4,1,441,9,Champions,3,1,5.0,688.0,725.0,17.538,1.2588729194178758,19.92055825731754,25.077451329823205,Low,-24.629999999999995
17817,4.0,6.0,801.15,5,4,3,543,12,Champions,3,1,4.0,418.0,423.0,175.92499999999998,1.6721960507788756,179.3161660860351,299.8517847698769,Medium,-97.45000000000005
17818,738.0,1.0,130.18,1,2,1,121,4,Hibernating/Lost,0,2,0.0,0.0,738.0,0.0,0.14879237389849828,470.98914615257866,70.07959313646893,Low,-130.18
17819,72.0,12.0,6568.719999999999,3,5,5,355,13,Loyal Customers,1,1,11.0,655.0,727.0,551.5836363636364,2.581356891046824,553.1690030467747,1427.9266179282934,High,-501.2999999999993
17820,374.0,1.0,159.51,2,2,1,221,5,Hibernating/Lost,0,2,0.0,0.0,375.0,0.0,0.26988531895796886,470.98914615257866,127.1130559351301,Low,-159.51
17821,406.0,1.0,334.62,2,2,2,222,6,Hibernating/Lost,0,2,0.0,0.0,407.0,0.0,0.25180703038366353,470.98914615257866,118.59837823561811,Low,-334.62
17822,420.0,5.0,2188.5,1,4,4,144,9,Can't Lose Them,0,1,1.0,140.0,561.0,1088.01,0.33989388312157304,1111.2324423064927,377.7011098662232,Medium,-1100.49
17823,421.0,2.0,494.25,1,3,2,132,6,At Risk,0,3,0.0,0.0,422.0,0.0,0.24414233998531915,470.98914615257866,114.98839224937802,Low,-494.25
17824,51.0,1.0,298.4,4,2,2,422,8,New Customers,3,2,0.0,0.0,52.0,0.0,0.9891079619975823,470.98914615257866,465.8591144739585,Medium,-298.4
17825,599.0,4.0,731.96,1,4,3,143,8,Can't Lose Them,0,1,1.0,127.0,726.0,264.5,0.22732871005697078,279.09874651534716,63.44715802385134,Low,-467.46000000000004
17826,374.0,1.0,134.59,2,2,1,221,5,Hibernating/Lost,0,2,0.0,0.0,375.0,0.0,0.26988531895796886,470.98914615257866,127.1130559351301,Low,-134.59
17827,5.0,6.0,2381.3,5,4,4,544,13,Champions,3,1,3.0,616.0,622.0,665.1533333333333,0.9310861600928567,671.3746802511075,625.1076730185732,Medium,-385.84000000000015
17828,23.0,4.0,1599.97,4,4,4,444,12,Champions,3,1,3.0,162.0,185.0,328.97666666666663,2.5071879696093875,334.0326821061405,837.4827220328724,Medium,-613.0400000000002
17829,299.0,5.0,4680.42,2,4,5,245,11,Can't Lose Them,0,1,3.0,357.0,656.0,1123.3733333333332,0.7786762323730436,1131.1830658915546,880.8253678726242,High,-1310.3000000000002
17830,2.0,3.0,398.7,5,3,2,532,10,Loyal Customers,3,0,2.0,287.0,289.0,105.1,1.2925523107711505,111.53109182296457,144.15977045860222,Low,-188.5
17831,33.0,1.0,35.400000000000006,4,2,1,421,7,New Customers,3,2,0.0,0.0,34.0,0.0,1.163728872765088,470.98914615257866,548.1036681367317,Medium,-35.400000000000006
17832,50.0,1.0,155.37,4,2,1,421,7,New Customers,3,2,0.0,0.0,50.0,0.0,1.005855476197769,470.98914615257866,473.7470118872826,Medium,-155.37
17833,723.0,1.0,342.36,1,2,2,122,5,Hibernating/Lost,0,2,0.0,0.0,724.0,0.0,0.1514112306876721,470.98914615257866,71.3130462594978,Low,-342.36
17834,415.0,2.0,730.47,1,3,3,133,7,At Risk,0,3,1.0,31.0,446.0,317.79,0.28810691574888625,332.94679286415914,95.92427360057617,Low,-412.68
17835,3.0,3.0,350.64,5,3,2,532,10,Loyal Customers,3,0,2.0,21.0,24.0,120.4,4.99507873542226,126.91078441983186,633.9293605512609,Medium,-109.83999999999997
17836,47.0,1.0,110.21000000000001,4,2,1,421,7,New Customers,3,2,0.0,0.0,48.0,0.0,1.023185371985427,470.98914615257866,481.9092047072248,Medium,-110.21000000000001
17837,42.0,8.0,1560.53,4,5,4,454,13,Champions,3,1,7.0,121.0,164.0,210.51142857142855,5.617268901007841,212.49836331279815,1193.6604477520466,High,-86.95000000000005
17838,27.0,13.0,6239.55,4,5,5,455,14,Champions,1,1,10.0,541.0,631.0,579.938,2.652386313207843,581.7114829328232,1542.923575566858,High,-440.1700000000001
17839,42.0,1.0,338.8,4,2,2,422,8,New Customers,3,2,0.0,0.0,43.0,0.0,1.0692678251740813,470.98914615257866,503.61353998716527,Medium,-338.8
17840,444.0,1.0,185.72,1,2,1,121,4,Hibernating/Lost,0,2,0.0,0.0,444.0,0.0,0.23370984924460841,470.98914615257866,110.074802343166,Low,-185.72
17841,2.0,211.0,69516.19,5,5,5,555,15,Champions,2,-1,192.0,736.0,738.0,366.37557291666667,42.87899727988913,366.45632324989,15713.279687830203,High,827.9199999999983
17842,602.0,1.0,430.69,1,2,2,122,5,Hibernating/Lost,0,2,0.0,0.0,603.0,0.0,0.17858053756629405,470.98914615257866,84.10949490781734,Low,-430.69
17843,303.0,2.0,326.23,2,3,2,232,7,At Risk,0,3,1.0,108.0,412.0,205.48,0.46561830348496963,219.46069630880035,102.18491709693376,Low,-120.75000000000003
17844,107.0,1.0,51.559999999999995,3,2,1,321,6,Potential Loyalists,0,2,0.0,0.0,107.0,0.0,0.6791658584450884,470.98914615257866,319.8797477650353,Medium,-51.559999999999995
17845,555.0,4.0,598.19,1,4,2,142,7,Can't Lose Them,0,1,1.0,21.0,577.0,144.9,0.1658893950288165,158.2463099734461,26.251384627037545,Low,-453.2900000000001
17846,85.0,1.0,2033.1,3,2,4,324,9,Potential Loyalists,0,2,0.0,0.0,86.0,0.0,0.7712946225764735,470.98914615257866,363.2713957193687,Medium,-2033.1
17847,516.0,2.0,129.69,1,3,1,131,5,At Risk,0,3,1.0,130.0,646.0,89.04,0.2727061929059963,101.80135089961169,27.761858836520524,Low,-40.64999999999999
17848,81.0,30.0,3638.15,3,5,5,355,13,Loyal Customers,1,-1,27.0,652.0,734.0,128.7296296296296,5.8662967911169766,129.21279353237952,758.0005960702584,Medium,-162.45000000000073
17849,218.0,8.0,1063.76,2,5,3,253,10,Can't Lose Them,0,1,6.0,417.0,636.0,145.4466666666667,1.4806120905444697,147.6527542013911,218.6164530727704,Low,-191.07999999999993
17850,372.0,155.0,55703.130000000005,2,5,5,255,12,Can't Lose Them,2,-1,22.0,362.0,735.0,2468.0763636363636,0.0009608664657242985,2469.7718848648133,2.3731209821552923,Low,-1405.4500000000044
17851,422.0,6.0,1563.34,1,4,4,144,9,Can't Lose Them,0,1,5.0,314.0,737.0,249.26,0.6262625647793656,252.12383920212295,157.89572218074187,Low,-317.03999999999996
17852,12.0,5.0,663.21,5,4,3,543,12,Champions,3,1,3.0,720.0,732.0,191.72,0.8029735103959748,196.3002253858119,157.6238810695664,Low,-88.05000000000007
17853,407.0,3.0,1608.19,2,3,4,234,9,At Risk,0,0,2.0,329.0,737.0,511.9200000000001,0.484942747019472,520.4700815130002,252.39819107036283,Low,-584.3499999999999
17854,185.0,6.0,1071.45,3,4,3,343,10,Loyal Customers,0,1,4.0,546.0,732.0,233.8775,0.986260410837656,237.41920166279715,234.15715937269863,Low,-135.94000000000005
17855,373.0,1.0,417.94,2,2,2,222,6,Hibernating/Lost,0,2,0.0,0.0,373.0,0.0,0.27110194122884895,470.98914615257866,127.68607181968213,Low,-417.94
17856,2.0,4.0,1393.79,5,4,4,544,13,Champions,3,1,3.0,280.0,282.0,311.74,1.8314365963713968,316.73626581304444,580.082388608028,Medium,-458.56999999999994
17857,4.0,24.0,28566.54,5,5,5,555,15,Champions,2,-1,20.0,637.0,642.0,1410.712,5.200663510095728,1412.028985163158,7343.487618335538,High,-352.3000000000029
17858,6.0,30.0,12723.3,5,5,5,555,15,Champions,1,12,27.0,728.0,734.0,454.21037037037036,6.1709557852078545,454.81851083629664,2806.664920664866,High,-459.619999999999
17859,305.0,1.0,148.21,2,2,1,221,5,Hibernating/Lost,0,2,0.0,0.0,305.0,0.0,0.3201930159645665,470.98914615257866,150.80743519317016,Low,-148.21
17860,369.0,4.0,1015.54,2,4,3,243,9,Can't Lose Them,0,1,2.0,360.0,729.0,379.425,0.5090691284220565,387.28495925012896,197.15481665643483,Low,-256.68999999999994
17861,3.0,18.0,5064.59,5,5,5,555,15,Champions,1,1,16.0,726.0,730.0,299.91875,3.72996696645234,300.8452570809658,1122.1428709258644,High,-265.8900000000003
17862,324.0,4.0,1279.09,2,4,4,244,10,Can't Lose Them,0,1,3.0,240.0,564.0,376.08666666666664,0.7798791632325651,381.3059854266448,297.3725928501004,Medium,-150.82999999999993
17863,59.0,12.0,5745.2,4,5,5,455,14,Champions,1,1,11.0,593.0,653.0,491.78363636363633,2.850677228987255,493.3126109594403,1406.275026834325,High,-335.5799999999999
17864,13.0,5.0,924.32,5,4,3,543,12,Champions,3,1,4.0,415.0,428.0,178.0525,1.6529766204018939,181.4491924125881,299.93127284881285,Medium,-212.11
17865,31.0,46.0,25649.05,4,5,5,455,14,Champions,2,-1,33.0,708.0,739.0,778.2745454545455,7.424932886425881,778.8738816059492,5783.086297914191,High,34.01000000000204
17866,143.0,3.0,1131.0,3,3,3,333,9,Loyal Customers,0,0,2.0,583.0,726.0,492.725,0.5700894390602461,501.17510116026375,285.7146322914169,Medium,-145.54999999999995
17867,30.0,15.0,895.78,4,5,3,453,12,Champions,1,-1,11.0,707.0,738.0,139.57545454545456,2.570896327675976,140.77229277756297,361.91097054036396,Medium,639.5500000000002
17868,386.0,1.0,234.65,2,2,1,221,5,Hibernating/Lost,0,2,0.0,0.0,387.0,0.0,0.2628092490546711,470.98914615257866,123.78030381325995,Low,-234.65
17869,107.0,7.0,1036.16,3,4,3,343,10,Loyal Customers,3,1,5.0,440.0,548.0,176.19400000000002,1.5815293339964627,178.90608290141284,282.9452181389874,Medium,-155.19000000000005
17870,2.0,13.0,3103.2,5,5,5,555,15,Champions,1,1,9.0,379.0,382.0,246.75,3.8159761939107084,248.33666090472278,947.6467860876983,High,-882.4499999999998
17871,205.0,5.0,1118.99,2,4,3,243,9,Can't Lose Them,0,1,4.0,489.0,694.0,220.8675,1.019990433185134,224.3754072992464,228.8607688872492,Low,-235.51999999999998
17872,382.0,1.0,235.87,2,2,1,221,5,Hibernating/Lost,0,2,0.0,0.0,382.0,0.0,0.2657119441891347,470.98914615257866,125.14744171618219,Low,-235.87
17873,80.0,18.0,6229.56,3,5,5,355,13,Loyal Customers,1,1,13.0,643.0,724.0,440.8923076923077,3.021530477091629,442.1452657891868,1335.9553958838067,High,-497.96000000000004
17874,185.0,6.0,658.26,3,4,3,343,10,Loyal Customers,0,1,2.0,70.0,256.0,309.15000000000003,1.0941693391541814,316.64392021451806,346.46206892830855,Medium,-39.95999999999992
17875,688.0,1.0,167.1,1,2,1,121,4,Hibernating/Lost,0,2,0.0,0.0,689.0,0.0,0.15838056393963323,470.98914615257866,74.59552657709175,Low,-167.1
17876,400.0,3.0,3424.02,2,3,5,235,10,At Risk,0,0,2.0,276.0,676.0,1323.31,0.5066500088938855,1336.086341393532,676.9281567500318,Medium,-777.4000000000001
17877,170.0,1.0,237.61,3,2,1,321,6,Potential Loyalists,0,2,0.0,0.0,171.0,0.0,0.49824669090635954,470.98914615257866,234.66878352333404,Low,-237.61
17878,44.0,3.0,1412.33,4,3,4,434,11,Loyal Customers,3,0,1.0,352.0,396.0,379.45,0.6000204832166399,395.25248882714925,237.15958933864567,Low,-1032.8799999999999
17879,174.0,1.0,178.51999999999998,3,2,1,321,6,Potential Loyalists,0,2,0.0,0.0,174.0,0.0,0.492110587433571,470.98914615257866,231.7787453879815,Low,-178.51999999999998
17880,365.0,3.0,824.9200000000001,2,3,3,233,8,At Risk,0,0,2.0,366.0,731.0,326.66,0.5101583727181526,334.2451239642661,170.51794853058718,Low,-171.60000000000002
17881,304.0,1.0,133.35000000000002,2,2,1,221,5,Hibernating/Lost,0,2,0.0,0.0,305.0,0.0,0.3201930159645665,470.98914615257866,150.80743519317016,Low,-133.35000000000002
17882,379.0,2.0,313.46,2,3,2,232,7,At Risk,0,3,0.0,0.0,380.0,0.0,0.26689108588693405,470.98914615257866,125.70280465762161,Low,-313.46
17883,3.0,7.0,979.95,5,4,3,543,12,Champions,3,1,5.0,649.0,653.0,165.474,1.3897292877552578,168.16381772275773,233.7021826300531,Low,-152.58000000000015
17884,4.0,20.0,3028.89,5,5,5,555,15,Champions,1,1,15.0,732.0,736.0,194.90066666666664,3.4790307488972663,195.81637745801584,681.2511983141106,Medium,-105.38000000000011
17885,12.0,1.0,190.19,5,2,1,521,8,New Customers,3,2,0.0,0.0,13.0,0.0,1.4671892492562184,470.98914615257866,691.0302117514292,Medium,-190.19
17886,32.0,6.0,1598.43,4,4,4,444,12,Champions,3,1,5.0,558.0,590.0,292.836,1.5159900709333438,295.7903454917754,448.41522684347484,Medium,-134.25
17887,129.0,1.0,111.35,3,2,1,321,6,Potential Loyalists,0,2,0.0,0.0,130.0,0.0,0.6006990184031485,470.98914615257866,282.9227177723911,Medium,-111.35
17888,21.0,25.0,1318.9,4,5,4,454,13,Champions,1,-1,19.0,680.0,719.0,73.61736842105263,4.437783728673957,74.27400396145612,329.611966243615,Medium,79.82999999999993
17889,212.0,7.0,774.87,2,4,3,243,9,Can't Lose Them,0,1,4.0,406.0,619.0,189.6075,1.1059866445413733,193.03420731426593,213.49325522920878,Low,-16.440000000000055
17890,323.0,2.0,602.09,2,3,3,233,8,At Risk,0,3,1.0,39.0,362.0,125.13,0.41867472563810093,138.26928095644453,57.88985326861691,Low,-476.96000000000004
17891,162.0,1.0,203.85999999999999,3,2,1,321,6,Potential Loyalists,0,2,0.0,0.0,163.0,0.0,0.515386855296632,470.98914615257866,242.7416149144233,Low,-203.85999999999999
17892,56.0,3.0,244.1,4,3,1,431,8,Loyal Customers,3,0,2.0,99.0,156.0,51.0,1.9776010190494744,57.149302967375064,113.01851978624808,Low,-142.1
17893,225.0,1.0,112.25,2,2,1,221,5,Hibernating/Lost,0,2,0.0,0.0,226.0,0.0,0.40559748176909827,470.98914615257866,191.03201162006368,Low,-112.25
17894,72.0,18.0,2397.66,3,5,4,354,12,Loyal Customers,1,1,16.0,398.0,470.0,145.065,5.28057605748002,145.8911418122579,770.3892704522312,Medium,-76.61999999999989
17895,44.0,1.0,98.0,4,2,1,421,7,New Customers,3,2,0.0,0.0,45.0,0.0,1.0503408506142657,470.98914615257866,494.6991403999862,Medium,-98.0
17896,23.0,1.0,256.32,4,2,1,421,7,New Customers,3,2,0.0,0.0,24.0,0.0,1.2906697127470192,470.98914615257866,607.8914259717126,Medium,-256.32
17897,173.0,9.0,2534.0,3,5,4,354,12,Loyal Customers,1,1,7.0,404.0,577.0,331.0585714285714,1.9102069451331667,333.22423830419706,636.5272542953866,Medium,-216.59000000000015
17898,85.0,4.0,299.18,3,4,2,342,9,Loyal Customers,3,1,3.0,482.0,568.0,61.43333333333334,0.9945149719009176,65.56192965346702,65.20232062708769,Low,-114.88
17899,159.0,1.0,155.8,3,2,1,321,6,Potential Loyalists,0,2,0.0,0.0,160.0,0.0,0.5221237864542811,470.98914615257866,245.91463636805318,Low,-155.8
17900,190.0,2.0,15.0,2,3,1,231,6,At Risk,0,3,0.0,0.0,191.0,0.0,0.46001745390047855,470.98914615257866,216.6632278278696,Low,-15.0
17901,29.0,3.0,260.08,4,3,1,431,8,Loyal Customers,3,0,1.0,492.0,522.0,110.38,0.4748520184916965,123.36482076419503,58.58003415074436,Low,-149.7
17902,547.0,1.0,216.39999999999998,1,2,1,121,4,Hibernating/Lost,0,2,0.0,0.0,547.0,0.0,0.19475806030282042,470.98914615257866,91.72893252835782,Low,-216.39999999999998
17903,394.0,1.0,381.09000000000003,2,2,2,222,6,Hibernating/Lost,0,2,0.0,0.0,395.0,0.0,0.2582947889087922,470.98914615257866,121.65404208381258,Low,-381.09000000000003
17904,21.0,1.0,178.92,4,2,1,421,7,New Customers,3,2,0.0,0.0,22.0,0.0,1.319497517373435,470.98914615257866,621.4690090581614,Medium,-178.92
17905,71.0,13.0,2374.22,3,5,4,354,12,Loyal Customers,1,1,11.0,609.0,681.0,200.64454545454547,2.7353611801548743,201.89897254130236,552.2666118026334,Medium,-167.12999999999965
17906,247.0,1.0,72.9,2,2,1,221,5,Hibernating/Lost,0,2,0.0,0.0,248.0,0.0,0.37754112140522084,470.98914615257866,177.817770408132,Low,-72.9
17907,641.0,1.0,291.76,1,2,2,122,5,Hibernating/Lost,0,2,0.0,0.0,641.0,0.0,0.16905300937395157,470.98914615257866,79.62213253956132,Low,-291.76
17908,374.0,5.0,1357.89,2,4,4,244,10,Can't Lose Them,0,1,4.0,352.0,726.0,252.6575,0.7780611385215959,256.2479839954246,199.37659817134374,Low,-347.2600000000001
17909,737.0,1.0,132.55,1,2,1,121,4,Hibernating/Lost,0,2,0.0,0.0,738.0,0.0,0.14879237389849828,470.98914615257866,70.07959313646893,Low,-132.55
17910,726.0,1.0,261.7,1,2,1,121,4,Hibernating/Lost,0,2,0.0,0.0,727.0,0.0,0.15084231043433738,470.98914615257866,71.04509099515077,Low,-261.7
17911,9.0,1.0,366.23,5,2,2,522,9,New Customers,3,2,0.0,0.0,10.0,0.0,1.524160513486826,470.98914615257866,717.863058846636,Medium,-366.23
17912,310.0,6.0,360.1,2,4,2,242,8,Can't Lose Them,0,1,4.0,65.0,376.0,77.7525,0.2902007610360685,80.88865631234688,23.47394962102805,Low,-49.09000000000003
17913,59.0,14.0,3479.64,4,5,5,455,14,Champions,1,1,12.0,678.0,737.0,266.8575,2.779290409337188,268.0645329214494,745.0291854320374,Medium,-277.3499999999999
17914,4.0,1.0,336.43,5,2,2,522,9,New Customers,3,2,0.0,0.0,4.0,0.0,1.652714350685279,470.98914615257866,778.410520863373,Medium,-336.43
17915,551.0,1.0,242.13,1,2,1,121,4,Hibernating/Lost,0,2,0.0,0.0,552.0,0.0,0.19319530876338442,470.98914615257866,90.99289351515023,Low,-242.13
17916,629.0,2.0,43.87,1,3,1,131,5,At Risk,0,3,1.0,105.0,734.0,18.41,0.20493057026084696,30.431722195978942,6.236390183641639,Low,-25.459999999999997
17917,45.0,3.0,341.28,4,3,2,432,9,Loyal Customers,3,0,2.0,317.0,363.0,115.185,1.0596926054185223,121.66862122423298,128.93133822278676,Low,-110.90999999999997
17918,501.0,3.0,396.39,1,3,2,132,6,At Risk,0,0,2.0,5.0,506.0,135.23,0.07927527702908412,141.81802894346202,11.24266353221162,Low,-125.93
17919,88.0,2.0,1840.32,3,3,4,334,10,Loyal Customers,3,3,1.0,350.0,439.0,1304.04,0.5430800800781097,1329.524681989995,722.0383707609499,Medium,-536.28
17920,4.0,54.0,24509.91,5,5,5,555,15,Champions,2,-1,50.0,729.0,734.0,472.6402,11.316151052401237,472.9723585464864,5352.226652922517,High,-877.9000000000015
17921,64.0,10.0,2383.35,3,5,4,354,12,Loyal Customers,1,1,9.0,448.0,513.0,250.8777777777778,2.9084160269106394,252.46919723089022,734.2854595275843,Medium,-125.44999999999982
17922,543.0,1.0,170.4,1,2,1,121,4,Hibernating/Lost,0,2,0.0,0.0,544.0,0.0,0.19570791834587162,470.98914615257866,92.17630535702065,Low,-170.4
17923,282.0,3.0,497.0,2,3,2,232,7,At Risk,0,0,2.0,262.0,545.0,154.75,0.6616015757674902,161.43970211279859,106.80876130926177,Low,-187.5
17924,12.0,8.0,3445.28,5,5,5,555,15,Champions,1,1,5.0,403.0,415.0,648.3,2.0682558821780392,651.992635553851,1348.4876036210148,High,-203.7800000000002
17925,373.0,1.0,488.16,2,2,2,222,6,Hibernating/Lost,0,2,0.0,0.0,373.0,0.0,0.27110194122884895,470.98914615257866,127.68607181968213,Low,-488.16
17926,133.0,5.0,1035.49,3,4,3,343,10,Loyal Customers,3,1,4.0,446.0,580.0,214.2975,1.2269846068608636,217.7883412755317,267.2229422988379,Low,-178.29999999999995
17927,722.0,1.0,294.0,1,2,2,122,5,Hibernating/Lost,0,2,0.0,0.0,722.0,0.0,0.151792902635453,470.98914615257866,71.49280960429351,Low,-294.0
17928,45.0,3.0,341.24,4,3,2,432,9,Loyal Customers,3,0,2.0,526.0,572.0,106.27,0.7178367671264431,112.707185962725,80.90536200340134,Low,-128.70000000000002
17929,11.0,12.0,3073.6,5,5,5,555,15,Champions,1,1,10.0,719.0,731.0,268.96999999999997,2.375696975880763,270.4208814730806,642.4380703306078,Medium,-383.9000000000001
17930,36.0,13.0,4242.92,4,5,5,455,14,Champions,1,1,12.0,610.0,646.0,335.98833333333334,3.145928384225657,337.2551201319474,1060.9804551485272,High,-211.05999999999995
17931,134.0,14.0,3305.96,3,5,5,355,13,Loyal Customers,1,1,10.0,527.0,662.0,307.24,2.459586637161105,308.7305831718546,759.3496168524488,Medium,-233.55999999999995
17932,29.0,3.0,1331.57,4,3,4,434,11,Loyal Customers,3,0,2.0,182.0,212.0,371.28,1.6279342999228135,379.09753466179666,617.1458796921164,Medium,-589.01
17933,632.0,1.0,114.69,1,2,1,121,4,Hibernating/Lost,0,2,0.0,0.0,633.0,0.0,0.17097329221055604,470.98914615257866,80.52656491314512,Low,-114.69
17934,52.0,3.0,1049.15,4,3,3,433,10,Loyal Customers,3,0,2.0,355.0,407.0,352.125,0.9615771987646708,359.84276265571873,346.01659571022634,Medium,-344.9000000000001
17935,138.0,7.0,655.54,3,4,3,343,10,Loyal Customers,3,1,5.0,597.0,736.0,115.978,1.2136017477590555,118.56501573743012,143.89071032202511,Low,-75.64999999999998
17936,5.0,1.0,389.84,5,2,2,522,9,New Customers,3,2,0.0,0.0,6.0,0.0,1.607486771704494,470.98914615257866,757.1088220566647,Medium,-389.84
17937,9.0,7.0,4301.22,5,4,5,545,14,Champions,1,1,6.0,354.0,363.0,484.60999999999996,2.7330212592464926,487.4029127101323,1332.082522255454,High,-1393.5600000000004
17938,420.0,1.0,144.29,1,2,1,121,4,Hibernating/Lost,0,2,0.0,0.0,421.0,0.0,0.24463875188449014,470.98914615257866,115.22219686590856,Low,-144.29
17939,160.0,1.0,99.14,3,2,1,321,6,Potential Loyalists,0,2,0.0,0.0,160.0,0.0,0.5221237864542811,470.98914615257866,245.91463636805318,Low,-99.14
17940,49.0,16.0,26960.02,4,5,5,455,14,Champions,2,-1,11.0,687.0,737.0,2188.211818181818,2.5649389021050086,2191.3405440516303,5620.654609197981,High,-2889.6899999999987
17941,131.0,4.0,1433.28,3,4,4,344,11,Loyal Customers,0,1,3.0,572.0,703.0,339.52,0.8157891548532116,344.61256312239715,281.1311916214194,Medium,-414.72
17942,8.0,1.0,77.50000000000001,5,2,1,521,8,New Customers,3,2,0.0,0.0,8.0,0.0,1.5647000965030486,470.98914615257866,736.9567624368283,Medium,-77.50000000000001
17944,423.0,1.0,75.41,1,2,1,121,4,Hibernating/Lost,0,2,0.0,0.0,424.0,0.0,0.2431555443037791,470.98914615257866,114.52362219390243,Low,-75.41
17945,697.0,3.0,360.35,1,3,2,132,6,At Risk,0,0,0.0,0.0,697.0,0.0,0.1567315585192785,470.98914615257866,73.81886292215789,Low,-360.35
17946,233.0,2.0,149.57999999999998,2,3,1,231,6,At Risk,0,3,1.0,26.0,260.0,132.03,0.597167084566531,145.241536910785,86.73346515497568,Low,-17.549999999999983
17947,37.0,1.0,176.68,4,2,1,421,7,New Customers,3,2,0.0,0.0,38.0,0.0,1.1197433701259325,470.98914615257866,527.3869738056238,Medium,-176.68
17948,147.0,1.0,358.56000000000006,3,2,2,322,7,Potential Loyalists,0,2,0.0,0.0,148.0,0.0,0.5509388773509037,470.98914615257866,259.4862314257624,Low,-358.56000000000006
17949,1.0,118.0,98895.59,5,5,5,555,15,Champions,2,-1,66.0,736.0,738.0,1552.27,14.826557202920874,1552.691173261615,23021.06449883366,High,3554.229999999996
17950,72.0,7.0,1412.65,3,4,4,344,11,Loyal Customers,3,1,5.0,632.0,705.0,259.922,1.2832399087738624,262.8079839161921,337.245693305657,Medium,-113.03999999999996
17951,40.0,4.0,1618.38,4,4,4,444,12,Champions,3,1,3.0,365.0,405.0,434.68,1.345587490091732,440.10242820367904,592.1963217498651,Medium,-314.34000000000015
17952,378.0,4.0,819.61,2,4,3,243,9,Can't Lose Them,0,1,1.0,163.0,542.0,438.55,0.3722372874804068,454.9713767838914,169.35731117526186,Low,-381.06
17953,540.0,1.0,160.82,1,2,1,121,4,Hibernating/Lost,0,2,0.0,0.0,541.0,0.0,0.19666709657151574,470.98914615257866,92.62806789052493,Low,-160.82
17954,5.0,19.0,3831.56,5,5,5,555,15,Champions,1,1,16.0,725.0,731.0,225.204375,3.724506607745018,226.08245749762045,842.0456068451196,High,-228.28999999999996
17955,199.0,6.0,949.9,2,4,3,243,9,Can't Lose Them,0,1,4.0,467.0,666.0,231.225,1.0577244395825867,234.75981161288797,248.31119017475555,Low,-25.0
17956,249.0,1.0,12.75,2,2,1,221,5,Hibernating/Lost,0,2,0.0,0.0,250.0,0.0,0.3751823354581328,470.98914615257866,176.7068078289563,Low,-12.75
17957,66.0,1.0,111.68,3,2,1,321,6,Potential Loyalists,3,2,0.0,0.0,67.0,0.0,0.8794209617072207,470.98914615257866,414.19772786316344,Medium,-111.68
17958,117.0,2.0,973.88,3,3,3,333,9,Loyal Customers,0,3,1.0,612.0,729.0,508.4599999999999,0.34763827099843003,525.6134657357668,182.72335644187453,Low,-465.4200000000001
17959,592.0,1.0,140.75,1,2,1,121,4,Hibernating/Lost,0,2,0.0,0.0,593.0,0.0,0.1812691229770377,470.98914615257866,85.37578945478177,Low,-140.75
17960,171.0,3.0,135.08,3,3,1,331,7,Loyal Customers,0,0,2.0,470.0,642.0,62.09,0.6291943612046551,68.29706707843769,42.97212949256908,Low,-10.900000000000006
17961,21.0,100.0,2979.09,4,5,5,455,14,Champions,1,-1,82.0,717.0,739.0,36.459634146341465,18.22112464746701,36.60702096342844,667.0210919470675,Medium,10.599999999999909
17962,142.0,4.0,673.02,3,4,3,343,10,Loyal Customers,0,1,2.0,553.0,696.0,152.2,0.591640265467124,158.87642001332068,93.99768731314734,Low,-368.62
17963,471.0,4.0,651.51,1,4,3,143,8,Can't Lose Them,0,1,3.0,218.0,690.0,159.13,0.46627556836535333,163.59725456825225,76.28140285682322,Low,-174.12
17964,32.0,2.0,733.46,4,3,3,433,10,Loyal Customers,3,3,1.0,341.0,373.0,209.94,0.6328851858334589,223.96740088218561,141.7456501279588,Low,-523.52
17965,38.0,29.0,7117.78,4,5,5,455,14,Champions,1,-1,27.0,688.0,726.0,258.10962962962964,6.187321590257359,258.6424722559408,1600.3041527467226,High,-148.8199999999997
17966,38.0,10.0,1974.42,4,5,4,454,13,Champions,1,1,6.0,653.0,691.0,263.6666666666667,1.5499776014701807,266.07730011015695,412.4138554304025,Medium,-392.4200000000001
17967,372.0,2.0,357.28999999999996,2,3,2,232,7,At Risk,0,3,1.0,45.0,417.0,246.14,0.3552878663975156,260.54648284553696,92.56900398756773,Low,-111.14999999999998
17968,374.0,4.0,888.04,2,4,3,243,9,Can't Lose Them,0,1,3.0,139.0,513.0,252.4666666666667,0.5443421795850459,257.25746586645084,140.0360896842694,Low,-130.63999999999987
17969,166.0,20.0,2251.19,3,5,4,354,12,Loyal Customers,1,-1,19.0,567.0,734.0,119.39684210526316,3.151506331091464,120.07846121357284,378.42803074229556,Medium,17.34999999999991
17970,211.0,1.0,582.59,2,2,2,222,6,Hibernating/Lost,0,2,0.0,0.0,212.0,0.0,0.42573827237933004,470.98914615257866,200.5181053924146,Low,-582.59
17971,548.0,1.0,161.94,1,2,1,121,4,Hibernating/Lost,0,2,0.0,0.0,549.0,0.0,0.19412993256033761,470.98914615257866,91.4330911792511,Low,-161.94
17972,242.0,1.0,136.04,2,2,1,221,5,Hibernating/Lost,0,2,0.0,0.0,242.0,0.0,0.38479938691407733,470.98914615257866,181.23633468269702,Low,-136.04
17973,52.0,1.0,337.04,4,2,2,422,8,New Customers,3,2,0.0,0.0,52.0,0.0,0.9891079619975823,470.98914615257866,465.8591144739585,Medium,-337.04
17974,25.0,6.0,1858.06,4,4,4,444,12,Champions,3,1,5.0,383.0,408.0,327.452,2.0924357983450332,330.47824207986537,691.5045043020463,Medium,-220.79999999999995
17975,15.0,24.0,6927.68,5,5,5,555,15,Champions,1,1,23.0,475.0,491.0,300.4491304347826,7.543069569509679,301.0937690744838,2271.1712470747134,High,-17.350000000000364
17976,372.0,1.0,706.38,2,2,3,223,7,Hibernating/Lost,0,2,0.0,0.0,373.0,0.0,0.27110194122884895,470.98914615257866,127.68607181968213,Low,-706.38
17977,29.0,2.0,1507.73,4,3,4,434,11,Loyal Customers,3,3,1.0,371.0,401.0,288.14,0.5958726051499067,302.986301698044,180.54123691754907,Low,-1219.5900000000001
17978,365.0,4.0,1461.76,2,4,4,244,10,Can't Lose Them,0,1,3.0,366.0,732.0,446.21999999999997,0.6724230880625823,451.6824307576722,303.72169491368743,Medium,-123.10000000000014
17979,36.0,4.0,737.81,4,4,3,443,11,Champions,3,1,2.0,224.0,260.0,258.02,1.3902062987534938,265.24760109832033,368.74888577613905,Medium,-221.76999999999998
17980,166.0,4.0,1033.42,3,4,3,343,10,Loyal Customers,0,1,3.0,228.0,394.0,270.48333333333335,1.267747671130504,275.33658597168863,349.0573156426321,Medium,-221.97000000000003
17981,411.0,1.0,239.12,1,2,1,121,4,Hibernating/Lost,0,2,0.0,0.0,411.0,0.0,0.24971637656544896,470.98914615257866,117.6137029788766,Low,-239.12
17982,681.0,1.0,138.18,1,2,1,121,4,Hibernating/Lost,0,2,0.0,0.0,681.0,0.0,0.1600646631301428,470.98914615257866,75.3887190168661,Low,-138.18
17983,395.0,1.0,171.71,2,2,1,221,5,Hibernating/Lost,0,2,0.0,0.0,396.0,0.0,0.2577413805074567,470.98914615257866,121.39339273339391,Low,-171.71
17984,145.0,5.0,1191.27,3,4,3,343,10,Loyal Customers,0,1,4.0,593.0,739.0,240.4525,0.992933869827883,244.01128067435332,242.28706520164337,Low,-229.46000000000004
17985,22.0,1.0,634.95,4,2,3,423,9,New Customers,3,2,0.0,0.0,23.0,0.0,1.304922566593975,470.98914615257866,614.6043654353277,Medium,-634.95
17986,56.0,1.0,20.8,4,2,1,421,7,New Customers,3,2,0.0,0.0,57.0,0.0,0.9496012072289162,470.98914615257866,447.2518617782051,Medium,-20.8
17987,185.0,5.0,928.12,3,4,3,343,10,Loyal Customers,0,1,4.0,365.0,551.0,201.58,1.2341085502821794,205.03780670070802,253.0389103804485,Low,-121.79999999999995
17988,12.0,14.0,479.59,5,5,2,552,12,Champions,1,-1,10.0,721.0,733.0,32.479,2.369788586350607,33.68454323308172,79.82524609019063,Low,-154.8
17989,379.0,1.0,228.82999999999998,2,2,1,221,5,Hibernating/Lost,0,2,0.0,0.0,380.0,0.0,0.26689108588693405,470.98914615257866,125.70280465762161,Low,-228.82999999999998
17990,237.0,6.0,1522.5700000000002,2,4,4,244,10,Can't Lose Them,0,1,5.0,496.0,733.0,238.98200000000003,1.1476584150445404,241.82449204669228,277.5319132612579,Low,-327.6600000000001
17991,225.0,3.0,320.55,2,3,2,232,7,At Risk,0,0,2.0,366.0,592.0,46.675000000000004,0.656359179923021,52.80177548492729,34.656930055766345,Low,-227.2
17992,389.0,1.0,254.13,2,2,1,221,5,Hibernating/Lost,0,2,0.0,0.0,390.0,0.0,0.2610979240292292,470.98914615257866,122.97428830073751,Low,-254.13
17993,617.0,1.0,235.19,1,2,1,121,4,Hibernating/Lost,0,2,0.0,0.0,618.0,0.0,0.17469406744809832,470.98914615257866,82.2790096653008,Low,-235.19
17994,122.0,11.0,2262.87,3,5,4,354,12,Loyal Customers,1,1,10.0,499.0,621.0,173.913,2.621347433435738,175.26526834581753,459.4311613487347,Medium,-523.7399999999998
17995,282.0,3.0,495.48,2,3,2,232,7,At Risk,0,0,2.0,106.0,388.0,81.175,0.7173930528646769,87.4814744778633,62.758602044777675,Low,-333.13
17996,380.0,3.0,482.33,2,3,2,232,7,At Risk,0,0,1.0,167.0,547.0,219.43,0.3705901185224592,233.55677899909736,86.5538344109993,Low,-262.9
17997,74.0,8.0,1511.3,3,5,4,354,12,Loyal Customers,3,1,7.0,90.0,165.0,235.4485714285714,4.827630717484186,237.47247982737878,1146.4294381717975,High,136.83999999999992
17998,380.0,3.0,601.74,2,3,3,233,8,At Risk,0,0,2.0,358.0,739.0,204.82,0.4991895057565567,211.7705000425466,105.7136112500577,Low,-192.10000000000002
17999,37.0,3.0,730.9,4,3,3,433,10,Loyal Customers,3,0,2.0,341.0,379.0,286.2,1.024739812691528,293.5743813192171,300.8373565240857,Medium,-158.5
18000,564.0,1.0,124.25,1,2,1,121,4,Hibernating/Lost,0,2,0.0,0.0,565.0,0.0,0.18924723782550548,470.98914615257866,89.13339495516881,Low,-124.25
18001,12.0,6.0,953.84,5,4,3,543,12,Champions,3,1,4.0,725.0,738.0,194.31,1.0197557121406688,197.74892237918505,201.65559316583568,Low,-176.60000000000002
18002,376.0,4.0,249.92,2,4,1,241,7,Can't Lose Them,0,1,3.0,356.0,732.0,68.53333333333333,0.6615192016025281,72.6865412768077,48.08354275268303,Low,-44.31999999999999
18003,376.0,1.0,358.61,2,2,2,222,6,Hibernating/Lost,0,2,0.0,0.0,377.0,0.0,0.26867958599642533,470.98914615257866,126.5451687970847,Low,-358.61
18004,362.0,1.0,169.47,2,2,1,221,5,Hibernating/Lost,0,2,0.0,0.0,363.0,0.0,0.2773536826122713,470.98914615257866,130.63057415582696,Low,-169.47
18005,4.0,2.0,249.72,5,3,1,531,9,Loyal Customers,3,3,1.0,44.0,48.0,109.75,2.4050077369709517,122.72822348140743,295.16232701748487,Medium,-139.97
18006,23.0,4.0,997.86,4,4,3,443,11,Champions,3,1,3.0,699.0,723.0,308.82,0.8109188915777726,313.8061438496423,254.471330340847,Low,-71.39999999999998
18007,393.0,1.0,220.32,2,2,1,221,5,Hibernating/Lost,0,2,0.0,0.0,393.0,0.0,0.259408777495595,470.98914615257866,122.17871861713455,Low,-220.32
18008,70.0,23.0,19787.13,3,5,5,355,13,Loyal Customers,2,-1,20.0,632.0,703.0,986.4765,4.681175050577498,987.5735460715113,4623.004644480306,High,-57.60000000000218
18009,235.0,8.0,2077.08,2,5,4,254,11,Can't Lose Them,0,1,6.0,417.0,653.0,317.26166666666666,1.4142214180127375,319.765030933878,452.2185554781958,Medium,-173.51
18010,257.0,1.0,174.8,2,2,1,221,5,Hibernating/Lost,0,2,0.0,0.0,257.0,0.0,0.36715433627495986,470.98914615257866,172.92570734836008,Low,-174.8
18011,373.0,2.0,527.03,2,3,2,232,7,At Risk,0,3,1.0,194.0,568.0,205.57999999999998,0.3689559571873292,219.5617434965444,81.0086132334864,Low,-321.45
18012,723.0,1.0,115.3,1,2,1,121,4,Hibernating/Lost,0,2,0.0,0.0,724.0,0.0,0.1514112306876721,470.98914615257866,71.3130462594978,Low,-115.3
18013,155.0,2.0,187.29,3,3,1,331,7,Loyal Customers,0,3,0.0,0.0,156.0,0.0,0.5313864527716534,470.98914615257866,250.2772516679686,Low,-187.29
18014,28.0,1.0,166.42,4,2,1,421,7,New Customers,3,2,0.0,0.0,29.0,0.0,1.2238805039598608,470.98914615257866,576.4344335528425,Medium,-166.42
18015,4.0,1.0,120.03,5,2,1,521,8,New Customers,3,2,0.0,0.0,5.0,0.0,1.6297824722868715,470.98914615257866,767.6098550368323,Medium,-120.03
18016,32.0,7.0,1960.46,4,4,4,444,12,Champions,3,1,6.0,649.0,682.0,293.21,1.5696252344237236,295.6717497348507,464.0938394900376,Medium,-201.20000000000027
18017,81.0,4.0,688.0,3,4,3,343,10,Loyal Customers,3,1,3.0,350.0,432.0,174.33333333333334,1.2574464475502636,178.8532891288424,224.89843304774305,Low,-165.0
18018,108.0,4.0,156.69,3,4,1,341,8,Loyal Customers,3,1,2.0,291.0,400.0,61.07,0.9549837787967606,67.27175423864654,64.24343406910967,Low,-34.55
18019,52.0,1.0,38.45,4,2,1,421,7,New Customers,3,2,0.0,0.0,52.0,0.0,0.9891079619975823,470.98914615257866,465.8591144739585,Medium,-38.45
18020,544.0,1.0,129.28,1,2,1,121,4,Hibernating/Lost,0,2,0.0,0.0,544.0,0.0,0.19570791834587162,470.98914615257866,92.17630535702065,Low,-129.28
18021,510.0,2.0,227.06,1,3,1,131,5,At Risk,0,3,1.0,3.0,513.0,116.41,0.15875049755577708,129.45796618516212,20.551516544453452,Low,-110.65
18022,36.0,5.0,1651.79,4,4,4,444,12,Champions,3,1,4.0,511.0,547.0,363.245,1.329594494005557,367.1227425795265,488.12437715795795,Medium,-198.80999999999995
18024,153.0,2.0,236.77999999999997,3,3,1,331,7,Loyal Customers,0,3,0.0,0.0,153.0,0.0,0.5385530384111227,470.98914615257866,253.65263571913155,Low,-236.77999999999997
18025,380.0,6.0,1177.72,2,4,3,243,9,Can't Lose Them,0,1,4.0,240.0,620.0,229.8175,0.6814675252947572,233.3486555355092,159.0195308186422,Low,-258.45000000000005
18026,501.0,2.0,2074.07,1,3,4,134,8,At Risk,0,3,1.0,5.0,506.0,1328.65,0.16850430979765255,1354.3923948938095,228.22095569677106,Low,-745.4200000000001
18027,99.0,1.0,115.31,3,2,1,321,6,Potential Loyalists,0,2,0.0,0.0,99.0,0.0,0.7115265532150744,470.98914615257866,335.12128376365524,Medium,-115.31
18028,583.0,1.0,192.05,1,2,1,121,4,Hibernating/Lost,0,2,0.0,0.0,584.0,0.0,0.18375908219335077,470.98914615257866,86.5485332200278,Low,-192.05
18029,642.0,1.0,433.77,1,2,2,122,5,Hibernating/Lost,0,2,0.0,0.0,643.0,0.0,0.16857966503442323,470.98914615257866,79.39919249325072,Low,-433.77
18030,4.0,2.0,220.7,5,3,1,531,9,Loyal Customers,3,3,1.0,38.0,43.0,109.55,2.5106315627001177,122.5261291059193,307.61796698879056,Medium,-111.14999999999999
18031,379.0,1.0,462.09999999999997,2,2,2,222,6,Hibernating/Lost,0,2,0.0,0.0,379.0,0.0,0.2674845965921218,470.98914615257866,125.98234175789041,Low,-462.09999999999997
18032,334.0,1.0,73.5,2,2,1,221,5,Hibernating/Lost,0,2,0.0,0.0,335.0,0.0,0.2965017128129783,470.98914615257866,139.64908855056174,Low,-73.5
18033,65.0,1.0,97.97,3,2,1,321,6,Potential Loyalists,3,2,0.0,0.0,66.0,0.0,0.8859649921801986,470.98914615257866,417.2798951880278,Medium,-97.97
18034,22.0,3.0,793.7,4,3,3,433,10,Loyal Customers,3,0,1.0,354.0,376.0,422.88,0.6302940263661295,439.1372824643965,276.7856058919648,Low,-370.82000000000005
18035,36.0,5.0,1276.74,4,4,4,444,12,Champions,3,1,2.0,350.0,386.0,365.19999999999993,1.0096986944160626,372.9858659697082,376.6033419052589,Medium,-546.3400000000001
18036,32.0,11.0,1563.6399999999999,4,5,4,454,13,Champions,1,1,9.0,689.0,722.0,165.8711111111111,2.1695054124241078,167.364533928127,363.09826220490976,Medium,-70.79999999999995
18037,154.0,15.0,167.42,3,5,1,351,9,Loyal Customers,1,-1,13.0,584.0,739.0,11.19,2.7466875132990585,12.100134266685698,33.23528769954767,Low,-21.94999999999999
18038,556.0,1.0,149.41,1,2,1,121,4,Hibernating/Lost,0,2,0.0,0.0,557.0,0.0,0.19165746139250028,470.98914615257866,90.26858409502452,Low,-149.41
18039,374.0,4.0,579.17,2,4,2,242,8,Can't Lose Them,0,1,3.0,266.0,641.0,152.73333333333332,0.6733031608442344,157.17841433107347,105.82872318559647,Low,-120.97000000000003
18040,19.0,2.0,357.20000000000005,5,3,2,532,10,Loyal Customers,3,3,1.0,226.0,246.0,118.2,0.8882908856830313,131.26671084578086,116.60302283789706,Low,-239.00000000000006
18041,12.0,38.0,8669.65,5,5,5,555,15,Champions,1,-1,35.0,683.0,695.0,235.20399999999998,8.357878994287809,235.6082296830877,1969.185073749616,High,-437.5100000000002
18042,54.0,2.0,281.15,4,3,2,432,9,Loyal Customers,3,3,1.0,488.0,542.0,165.04999999999998,0.457318329594602,178.60731830387508,81.68040046009953,Low,-116.1
18043,25.0,3.0,875.97,4,3,3,433,10,Loyal Customers,3,0,2.0,342.0,367.0,121.525,1.0562322571910328,128.0416441696015,135.24171483570925,Low,-632.9200000000001
18044,4.0,18.0,3502.66,5,5,5,555,15,Champions,1,1,17.0,556.0,561.0,203.0441176470588,5.01295092663893,203.85699939288722,1021.9251340084057,High,-50.909999999999854
18045,45.0,1.0,189.4,4,2,1,421,7,New Customers,3,2,0.0,0.0,46.0,0.0,1.04112876043265,470.98914615257866,490.3603459110665,Medium,-189.4
18046,650.0,1.0,189.63,1,2,1,121,4,Hibernating/Lost,0,2,0.0,0.0,650.0,0.0,0.16694364778258103,470.98914615257866,78.62864612471466,Low,-189.63
18047,381.0,2.0,342.69,2,3,2,232,7,At Risk,0,3,0.0,0.0,382.0,0.0,0.2657119441891347,470.98914615257866,125.14744171618219,Low,-342.69
18048,203.0,3.0,401.73,2,3,2,232,7,At Risk,0,0,1.0,290.0,494.0,172.29000000000002,0.47007386163015613,185.92313469654536,87.39760589318874,Low,-229.44
18049,437.0,2.0,556.52,1,3,2,132,6,At Risk,0,3,1.0,153.0,591.0,283.97,0.32676930306812785,298.77263396911655,97.62972537791708,Low,-272.54999999999995
18050,359.0,2.0,412.06,2,3,2,232,7,At Risk,0,3,1.0,34.0,394.0,74.4,0.3576626638034206,87.00804261388065,31.119528293602087,Low,-337.65999999999997
18051,634.0,7.0,2275.98,1,4,4,144,9,Can't Lose Them,0,1,6.0,96.0,731.0,324.83,0.002804708513891565,327.3464591041214,0.9181114008415863,Low,-327.0
18052,565.0,1.0,10877.18,1,2,5,125,8,Hibernating/Lost,0,-1,0.0,0.0,565.0,0.0,0.18924723782550548,470.98914615257866,89.13339495516881,Low,-10877.18
18053,71.0,3.0,527.77,3,3,2,332,8,Loyal Customers,3,0,2.0,457.0,528.0,164.935,0.7660419700638152,171.67775238071317,131.51236364984936,Low,-197.89999999999998
18054,393.0,1.0,176.5,2,2,1,221,5,Hibernating/Lost,0,2,0.0,0.0,393.0,0.0,0.259408777495595,470.98914615257866,122.17871861713455,Low,-176.5
18055,7.0,14.0,11163.52,5,5,5,555,15,Champions,1,-1,12.0,406.0,414.0,817.005,4.674471369948946,818.6875580171605,3826.9315508846335,High,-1359.460000000001
18056,288.0,2.0,539.75,2,3,2,232,7,At Risk,0,3,1.0,330.0,619.0,363.65,0.3773095783694224,379.28703316358707,143.10863056394217,Low,-176.10000000000002
18057,393.0,3.0,1203.56,2,3,3,233,8,At Risk,0,0,2.0,297.0,691.0,453.12,0.5075583091588827,461.36381192503967,234.16903628776987,Low,-297.31999999999994
18058,10.0,3.0,774.06,5,3,3,533,11,Loyal Customers,3,0,2.0,658.0,668.0,236.43,0.6282673869194885,243.54514598940767,153.01147246769048,Low,-301.19999999999993
18059,23.0,3.0,296.71,4,3,2,432,9,Loyal Customers,3,0,2.0,44.0,68.0,91.19,3.3077689338733935,97.54863927247936,322.6683585271293,Medium,-114.32999999999998
18060,408.0,2.0,1185.46,2,3,3,233,8,At Risk,0,3,1.0,156.0,565.0,721.06,0.3485894459922106,740.4397868796478,258.10949509896693,Low,-464.4000000000001
18061,22.0,28.0,6480.47,4,5,5,455,14,Champions,1,-1,26.0,714.0,736.0,237.5676923076923,5.917643189667167,238.11284596663194,1409.0668613067066,High,-303.71000000000004
18062,173.0,6.0,1523.3700000000001,3,4,4,344,11,Loyal Customers,0,1,5.0,424.0,598.0,241.984,1.4119215196856343,244.83272712750596,345.68459615464644,Medium,-313.45000000000005
18063,391.0,2.0,186.60000000000002,2,3,1,231,6,At Risk,0,3,1.0,243.0,634.0,84.60000000000001,0.3430430061884109,97.31485576377523,33.38318066799706,Low,-102.00000000000001
18064,133.0,11.0,4441.18,3,5,5,355,13,Loyal Customers,1,1,8.0,543.0,677.0,501.07875,1.9853384688752342,503.19389046851455,999.010188050133,High,-432.5500000000002
18065,6.0,29.0,5836.88,5,5,5,555,15,Champions,1,-1,16.0,725.0,731.0,347.48312500000003,3.724506607745018,348.44045995099026,1297.7687954931766,High,-277.14999999999964
18066,75.0,3.0,1440.4,3,3,4,334,10,Loyal Customers,3,0,2.0,340.0,416.0,344.55,0.9371684693437393,352.22830700726973,330.0972633375397,Medium,-751.3000000000001
18067,40.0,1.0,396.33,4,2,2,422,8,New Customers,3,2,0.0,0.0,41.0,0.0,1.0888964513854604,470.98914615257866,512.8584098866108,Medium,-396.33
18068,289.0,1.0,101.69999999999999,2,2,1,221,5,Hibernating/Lost,0,2,0.0,0.0,290.0,0.0,0.3335210776577994,470.98914615257866,157.08480758993483,Low,-101.69999999999999
18069,26.0,11.0,4525.71,4,5,5,455,14,Champions,1,1,9.0,623.0,650.0,460.53666666666663,2.387649910135189,462.3697832318352,1103.977171382718,High,-380.8800000000001
18070,669.0,1.0,307.75,1,2,2,122,5,Hibernating/Lost,0,2,0.0,0.0,670.0,0.0,0.1624396909079833,470.98914615257866,76.50733132203985,Low,-307.75
18071,258.0,6.0,1428.63,2,4,4,244,10,Can't Lose Them,0,1,4.0,477.0,735.0,300.345,0.9398230279278663,304.0593555336126,285.7619841873954,Medium,-227.25
18072,186.0,1.0,-5.329070518200751e-15,3,2,1,321,6,Potential Loyalists,0,2,,,,,,,0.0,Low,
18073,114.0,12.0,3864.44,3,5,5,355,13,Loyal Customers,1,1,9.0,83.0,198.0,423.8355555555556,2.04236357049908,425.626362669349,869.2837777599079,High,-49.92000000000007
18074,374.0,2.0,1509.04,2,3,4,234,9,At Risk,0,3,1.0,132.0,506.0,979.2,0.381382956203705,1001.282997322176,381.8722695152379,Medium,-529.8399999999999
18075,23.0,20.0,5579.91,4,5,5,455,14,Champions,1,1,19.0,475.0,499.0,271.35105263157897,6.163160074563756,272.11559882558436,1677.0919943478495,High,-424.2399999999998
18076,380.0,1.0,151.49,2,2,1,221,5,Hibernating/Lost,0,2,0.0,0.0,381.0,0.0,0.2663002075856835,470.98914615257866,125.42450739103553,Low,-151.49
18077,8.0,18.0,4338.56,5,5,5,555,15,Champions,1,1,17.0,724.0,733.0,242.76117647058823,3.937836645734672,243.59828486327987,959.2502529727371,High,-211.6200000000008
18078,217.0,4.0,844.6,2,4,3,243,9,Can't Lose Them,0,1,3.0,411.0,629.0,157.28666666666666,0.8633997190944949,161.74753145665255,139.6527732239018,Low,-372.74
18079,45.0,5.0,4242.75,4,4,5,445,13,Champions,3,1,3.0,446.0,492.0,1217.3233333333333,1.1376094963467789,1225.458736597591,1394.0934961345456,High,-590.7800000000002
18080,19.0,2.0,1231.5,5,3,4,534,12,Loyal Customers,3,3,1.0,224.0,243.0,390.0,0.897086230700264,405.91296713414806,364.13893367873305,Medium,-841.5
18081,36.0,3.0,343.45,4,3,2,432,9,Loyal Customers,3,0,2.0,97.0,134.0,115.10000000000001,2.226502657210123,121.58317848758371,270.7052699746578,Low,-113.24999999999997
18082,26.0,1.0,703.37,4,2,3,423,9,New Customers,3,2,0.0,0.0,26.0,0.0,1.2630882296182389,470.98914615257866,594.9008467832665,Medium,-703.37
18083,398.0,1.0,470.72999999999996,2,2,2,222,6,Hibernating/Lost,0,2,0.0,0.0,398.0,0.0,0.2566416587623721,470.98914615257866,120.87543572767109,Low,-470.72999999999996
18084,16.0,3.0,193.72999999999996,5,3,1,531,9,Loyal Customers,3,0,1.0,367.0,384.0,90.47999999999999,0.6200004881595602,103.2564304031262,64.01903725555191,Low,-103.24999999999997
18085,330.0,4.0,1645.75,2,4,4,244,10,Can't Lose Them,0,1,3.0,298.0,629.0,462.3333333333333,0.7534104519716563,467.8516197657609,352.48430030339347,Medium,-258.75
18086,274.0,1.0,101.34,2,2,1,221,5,Hibernating/Lost,0,2,0.0,0.0,275.0,0.0,0.34800986137346357,470.98914615257866,163.90886746096487,Low,-101.34
18087,98.0,17.0,14411.619999999999,3,5,5,355,13,Loyal Customers,1,-1,12.0,640.0,739.0,1176.8316666666667,2.7284647459292684,1178.8252442015132,3216.3831204152893,High,-289.6399999999994
18088,61.0,1.0,167.67000000000002,3,2,1,321,6,Potential Loyalists,3,2,0.0,0.0,62.0,0.0,0.9131534603832515,470.98914615257866,430.0853686121802,Medium,-167.67000000000002
18089,447.0,1.0,428.45,1,2,2,122,5,Hibernating/Lost,0,2,0.0,0.0,447.0,0.0,0.23235600834428594,470.98914615257866,109.43715797349667,Low,-428.45
18090,422.0,1.0,349.4,1,2,2,122,5,Hibernating/Lost,0,2,0.0,0.0,422.0,0.0,0.24414233998531915,470.98914615257866,114.98839224937802,Low,-349.4
18091,593.0,1.0,360.85,1,2,2,122,5,Hibernating/Lost,0,2,0.0,0.0,594.0,0.0,0.1809966236592575,470.98914615257866,85.2474452337733,Low,-360.85
18092,2.0,18.0,16173.19,5,5,5,555,15,Champions,1,-1,16.0,733.0,736.0,943.865,3.7025962943103097,945.2088675802414,3499.726850451846,High,-1071.3500000000004
18093,93.0,8.0,4429.61,3,5,5,355,13,Loyal Customers,1,1,7.0,525.0,619.0,586.2157142857143,1.9394216902263153,588.7596960648094,1141.8533248791443,High,-326.09999999999945
18094,82.0,13.0,6322.62,3,5,5,355,13,Loyal Customers,1,1,9.0,620.0,702.0,615.2,2.1995745299041216,617.2114141856784,1357.6025062089218,High,-785.8199999999997
18095,313.0,5.0,2303.09,2,4,4,244,10,Can't Lose Them,0,1,4.0,287.0,600.0,320.5125,0.9286817899003352,324.27924199225276,301.15222688088926,Medium,-1021.0400000000002
18096,12.0,6.0,1805.28,5,4,4,544,13,Champions,3,1,5.0,502.0,514.0,308.036,1.7182130107257394,311.0219155212117,534.4019018693878,Medium,-265.0999999999999
18097,8.0,11.0,4652.17,5,5,5,555,15,Champions,1,1,9.0,715.0,723.0,499.1177777777778,2.1739527925541724,500.99537107934844,1089.1402860146634,High,-160.10999999999967
18098,396.0,1.0,550.84,2,2,2,222,6,Hibernating/Lost,0,2,0.0,0.0,397.0,0.0,0.25719034219649733,470.98914615257866,121.1338596698178,Low,-550.84
18099,127.0,1.0,168.31,3,2,1,321,6,Potential Loyalists,0,2,0.0,0.0,128.0,0.0,0.6067914308252615,470.98914615257866,285.79217789709145,Medium,-168.31
18100,550.0,1.0,451.56,1,2,2,122,5,Hibernating/Lost,0,2,0.0,0.0,551.0,0.0,0.1935058474867999,470.98914615257866,91.13915388333899,Low,-451.56
18101,11.0,5.0,629.16,5,4,3,543,12,Champions,3,1,4.0,663.0,675.0,129.165,1.1059625753415434,132.43470379244312,146.46782607088485,Low,-112.5
18102,1.0,145.0,598215.22,5,5,5,555,15,Champions,2,-1,66.0,738.0,739.0,9189.930454545454,14.80981556380981,9191.551085487594,136125.1763214071,High,8320.19000000006
18103,549.0,1.0,105.8,1,2,1,121,4,Hibernating/Lost,0,2,0.0,0.0,550.0,0.0,0.1938173871353207,470.98914615257866,91.28588567638849,Low,-105.8
18104,37.0,1.0,754.64,4,2,3,423,9,New Customers,3,2,0.0,0.0,38.0,0.0,1.1197433701259325,470.98914615257866,527.3869738056238,Medium,-754.64
18105,38.0,1.0,113.48000000000002,4,2,1,421,7,New Customers,3,2,0.0,0.0,38.0,0.0,1.1197433701259325,470.98914615257866,527.3869738056238,Medium,-113.48000000000002
18106,330.0,6.0,1461.46,2,4,4,244,10,Can't Lose Them,0,1,3.0,364.0,694.0,385.7166666666667,0.7257355499983366,390.9693671073168,283.7403686701301,Medium,-304.30999999999995
18107,442.0,1.0,167.13,1,2,1,121,4,Hibernating/Lost,0,2,0.0,0.0,443.0,0.0,0.23416464708034065,470.98914615257866,110.28900718748956,Low,-167.13
18108,254.0,3.0,842.46,2,3,3,233,8,At Risk,0,0,2.0,483.0,738.0,177.78,0.5429843983209445,184.58965770141646,100.2293042232727,Low,-486.90000000000003
18109,2.0,38.0,9754.66,5,5,5,555,15,Champions,1,-1,36.0,525.0,527.0,268.685,11.02659003384919,269.08763882960454,2967.119076550528,High,-82.0
18110,20.0,2.0,405.18,4,3,2,432,9,Loyal Customers,3,3,1.0,392.0,412.0,236.3,0.5837389090760755,250.60343957152102,146.2869784261919,Low,-168.88
18111,589.0,1.0,398.9,1,2,2,122,5,Hibernating/Lost,0,2,0.0,0.0,590.0,0.0,0.18209157090351197,470.98914615257866,85.76315350142684,Low,-398.9
18112,12.0,4.0,775.96,5,4,3,543,12,Champions,3,1,3.0,539.0,552.0,207.98666666666668,1.0346988846093896,212.6232792458601,220.00106987768223,Low,-152.0
18113,369.0,1.0,152.64000000000001,2,2,1,221,5,Hibernating/Lost,0,2,0.0,0.0,369.0,0.0,0.27356845002637,470.98914615257866,128.8477706922044,Low,-152.64000000000001
18114,290.0,1.0,220.1,2,2,1,221,5,Hibernating/Lost,0,2,0.0,0.0,291.0,0.0,0.332598034761011,470.98914615257866,156.65006440411426,Low,-220.1
18115,698.0,1.0,9.700000000000001,1,2,1,121,4,Hibernating/Lost,0,2,0.0,0.0,698.0,0.0,0.15652784577614928,470.98914615257866,73.72291643121106,Low,-9.700000000000001
18116,68.0,13.0,2154.3,3,5,4,354,12,Loyal Customers,1,1,12.0,344.0,412.0,160.65333333333334,4.532964203248545,161.76856769799738,733.291126585811,Medium,-226.46000000000004
18117,26.0,1.0,320.72,4,2,2,422,8,New Customers,3,2,0.0,0.0,26.0,0.0,1.2630882296182389,470.98914615257866,594.9008467832665,Medium,-320.72
18118,11.0,29.0,6670.07,5,5,5,555,15,Champions,1,-1,28.0,371.0,382.0,235.82392857142855,11.353882174022191,236.3294826252642,2683.2570999748746,High,-67.0
18119,368.0,1.0,362.24,2,2,2,222,6,Hibernating/Lost,0,2,0.0,0.0,368.0,0.0,0.27419211822492384,470.98914615257866,129.14151164452377,Low,-362.24
18120,214.0,1.0,111.15,2,2,1,221,5,Hibernating/Lost,0,2,0.0,0.0,215.0,0.0,0.42125522196033716,470.98914615257866,198.4066373034142,Low,-111.15
18121,149.0,2.0,673.1,3,3,3,333,9,Loyal Customers,0,3,1.0,5.0,155.0,23.25,0.9376783434882452,35.322406082791666,33.121055223731204,Low,-649.85
18122,8.0,6.0,1826.21,5,4,4,544,13,Champions,3,1,5.0,142.0,151.0,341.404,4.541115751300149,344.45922004372693,1564.2291898211322,High,-119.19000000000005
18123,24.0,3.0,684.59,4,3,3,433,10,Loyal Customers,3,0,2.0,489.0,514.0,294.71999999999997,0.7915881688950718,302.1387591574726,239.1694671136928,Low,-95.15000000000009
18124,472.0,1.0,111.53,1,2,1,121,4,Hibernating/Lost,0,2,0.0,0.0,473.0,0.0,0.22124911617030357,470.98914615257866,104.20593231206396,Low,-111.53
18125,30.0,4.0,1141.34,4,4,3,443,11,Champions,3,1,3.0,287.0,317.0,195.51,1.6531586101081408,200.1033631396797,330.80259768595744,Medium,-554.81
18126,61.0,1.0,206.82999999999998,3,2,1,321,6,Potential Loyalists,3,2,0.0,0.0,61.0,0.0,0.9202155691366966,470.98914615257866,433.4115451840019,Medium,-206.82999999999998
18127,19.0,4.0,561.53,5,4,2,542,11,Champions,3,1,2.0,384.0,404.0,174.365,0.9753257688652895,181.15687010544903,176.68696362082648,Low,-212.79999999999995
18128,537.0,1.0,420.04,1,2,2,122,5,Hibernating/Lost,0,2,0.0,0.0,538.0,0.0,0.1976357329597776,470.98914615257866,93.0842851159647,Low,-420.04
18129,243.0,1.0,112.55000000000001,2,2,1,221,5,Hibernating/Lost,0,2,0.0,0.0,244.0,0.0,0.38234906500145155,470.98914615257866,180.08225965727047,Low,-112.55000000000001
18130,15.0,3.0,1045.74,5,3,3,533,11,Loyal Customers,3,0,2.0,42.0,58.0,372.765,3.5997192930497737,380.5902695314926,1370.0181359795274,High,-300.21000000000004
18131,632.0,1.0,222.95999999999998,1,2,1,121,4,Hibernating/Lost,0,2,0.0,0.0,632.0,0.0,0.17121640184758077,470.98914615257866,80.64106691350887,Low,-222.95999999999998
18132,504.0,1.0,226.9,1,2,1,121,4,Hibernating/Lost,0,2,0.0,0.0,505.0,0.0,0.2089573196770195,470.98914615257866,98.41662957701084,Low,-226.9
18133,212.0,1.0,715.4999999999999,2,2,3,223,7,Hibernating/Lost,0,2,0.0,0.0,213.0,0.0,0.42423332264151875,470.98914615257866,199.80929040040033,Low,-715.4999999999999
18134,598.0,2.0,445.0,1,3,2,132,6,At Risk,0,3,1.0,96.0,695.0,142.85,0.2146169277617701,156.17484262469276,33.5177649177895,Low,-302.15
18135,29.0,10.0,1229.22,4,5,4,454,13,Champions,1,1,9.0,605.0,635.0,117.63555555555556,2.43694880355678,119.07337188463296,290.1757111497278,Medium,-170.5
18136,63.0,5.0,1531.71,3,4,4,344,11,Loyal Customers,3,1,4.0,388.0,452.0,237.145,1.5572994716581856,240.6951892172093,374.8344909986271,Medium,-583.13
18137,551.0,2.0,145.99,1,3,1,131,5,At Risk,0,3,0.0,0.0,552.0,0.0,0.19319530876338442,470.98914615257866,90.99289351515023,Low,-145.99
18138,295.0,1.0,152.65,2,2,1,221,5,Hibernating/Lost,0,2,0.0,0.0,296.0,0.0,0.32805858460761883,470.98914615257866,154.5120326523659,Low,-152.65
18139,18.0,6.0,8393.22,5,4,5,545,14,Champions,1,-1,1.0,1.0,19.0,1825.74,3.1317211839633474,1856.6878604507795,5814.62870458129,High,-6567.48
18140,474.0,1.0,536.41,1,2,2,122,5,Hibernating/Lost,0,2,0.0,0.0,474.0,0.0,0.22084312080124469,470.98914615257866,104.01471289984902,Low,-536.41
18141,402.0,2.0,838.57,2,3,3,233,8,At Risk,0,3,1.0,188.0,590.0,424.20000000000005,0.34905781418309323,440.47110534261816,153.74988124170528,Low,-414.37
18142,157.0,2.0,1014.9,3,3,3,333,9,Loyal Customers,0,3,1.0,58.0,216.0,737.04,0.8418300957226142,756.5871274811494,636.9178139499537,Medium,-277.86
18143,117.0,2.0,1000.16,3,3,3,333,9,Loyal Customers,0,3,1.0,25.0,142.0,519.98,1.1336472732152114,537.2541017638831,609.0566474883138,Medium,-480.17999999999995
18144,8.0,19.0,5058.0,5,5,5,555,15,Champions,1,1,17.0,716.0,724.0,262.38235294117646,3.982899779968909,263.2314298765416,1048.424404136179,High,-597.5
18145,13.0,11.0,5600.09,5,5,5,555,15,Champions,1,1,10.0,719.0,732.0,530.809,2.372460066641545,532.5315159937306,1263.409755923209,High,-292.0
18146,141.0,2.0,160.35000000000002,3,3,1,331,7,Loyal Customers,0,3,1.0,80.0,221.0,83.7,0.8647772192973607,96.40543107407863,83.36922060940509,Low,-76.65000000000002
18147,46.0,2.0,179.33999999999997,4,3,1,431,8,Loyal Customers,3,3,1.0,63.0,109.0,80.46,1.522941513562315,93.13150219117094,141.83383090735393,Low,-98.87999999999998
18148,647.0,1.0,114.10000000000001,1,2,1,121,4,Hibernating/Lost,0,2,0.0,0.0,647.0,0.0,0.16764089043935285,470.98914615257866,78.95703984828879,Low,-114.10000000000001
18149,51.0,7.0,1624.71,4,4,4,444,12,Champions,3,1,6.0,585.0,636.0,209.56999999999996,1.6658642460626973,211.88703462903806,352.97503519276313,Medium,-367.2900000000002
18150,32.0,3.0,566.58,4,3,2,432,9,Loyal Customers,3,0,2.0,169.0,202.0,169.5,1.68444814321413,176.2665299431118,296.9118290734725,Medium,-227.58000000000004
18151,135.0,6.0,1853.94,3,4,4,344,11,Loyal Customers,3,1,5.0,511.0,646.0,263.048,1.3594525449456878,265.9404765419827,361.53345763906736,Medium,-538.7
18152,646.0,1.0,426.69,1,2,2,122,5,Hibernating/Lost,0,2,0.0,0.0,647.0,0.0,0.16764089043935285,470.98914615257866,78.95703984828879,Low,-426.69
18153,659.0,1.0,246.22,1,2,1,121,4,Hibernating/Lost,0,2,0.0,0.0,660.0,0.0,0.16466085235388223,470.98914615257866,77.55347425491081,Low,-246.22
18154,3.0,5.0,932.6,5,4,3,543,12,Champions,3,1,4.0,487.0,491.0,185.825,1.469833324220945,189.24188201218055,278.15402451979116,Low,-189.30000000000007
18155,75.0,3.0,347.82,3,3,2,332,8,Loyal Customers,3,0,2.0,216.0,292.0,128.845,1.2458307852255028,135.39977160810272,168.68520378187637,Low,-90.13
18156,13.0,2.0,941.1700000000001,5,3,3,533,11,Loyal Customers,3,3,1.0,357.0,370.0,528.71,0.6402649332916216,546.07552125394,349.6330071878414,Medium,-412.46000000000004
18157,571.0,1.0,215.35,1,2,1,121,4,Hibernating/Lost,0,2,0.0,0.0,572.0,0.0,0.18718752529902458,470.98914615257866,88.1632927110018,Low,-215.35
18158,9.0,2.0,451.75,5,3,2,532,10,Loyal Customers,3,3,1.0,79.0,89.0,109.6,1.771299231862797,122.57665269979132,217.1199307714532,Low,-342.15
18159,301.0,1.0,530.15,2,2,2,222,6,Hibernating/Lost,0,2,0.0,0.0,302.0,0.0,0.3227725319651505,470.98914615257866,152.02235923177213,Low,-530.15
18160,57.0,3.0,1003.88,4,3,3,433,10,Loyal Customers,3,0,2.0,329.0,387.0,319.03,1.0011579156332044,326.57538183916165,326.9535285792129,Medium,-365.82000000000005
18161,15.0,6.0,1797.2,5,4,4,544,13,Champions,3,1,5.0,364.0,380.0,323.738,2.226826594500244,326.7565281924097,727.6301269054267,Medium,-178.51
18162,732.0,1.0,379.16,1,2,2,122,5,Hibernating/Lost,0,2,0.0,0.0,733.0,0.0,0.14971720869785526,470.98914615257866,70.51518028895028,Low,-379.16
18163,584.0,1.0,639.34,1,2,3,123,6,Hibernating/Lost,0,2,0.0,0.0,585.0,0.0,0.1834790440497688,470.98914615257866,86.41663829389198,Low,-639.34
18164,37.0,1.0,394.7,4,2,2,422,8,New Customers,3,2,0.0,0.0,38.0,0.0,1.1197433701259325,470.98914615257866,527.3869738056238,Medium,-394.7
18165,177.0,1.0,302.46000000000004,3,2,2,322,7,Potential Loyalists,0,2,0.0,0.0,178.0,0.0,0.48416132599924255,470.98914615257866,228.03472953248354,Low,-302.46000000000004
18166,624.0,1.0,175.5,1,2,1,121,4,Hibernating/Lost,0,2,0.0,0.0,624.0,0.0,0.17318647549489605,470.98914615257866,81.56895021851558,Low,-175.5
18167,23.0,3.0,1355.51,4,3,4,434,11,Loyal Customers,3,0,2.0,82.0,106.0,443.19000000000005,2.603344374786367,451.3820898670729,1175.1030245347588,High,-469.1299999999999
18168,176.0,16.0,3670.12,3,5,5,355,13,Loyal Customers,1,-1,15.0,560.0,737.0,234.17666666666668,2.800641549709982,235.1195316238166,658.4855294140109,Medium,-157.4699999999998
18169,61.0,1.0,202.65,3,2,1,321,6,Potential Loyalists,3,2,0.0,0.0,61.0,0.0,0.9202155691366966,470.98914615257866,433.4115451840019,Medium,-202.65
18170,33.0,9.0,2878.0,4,5,4,454,13,Champions,1,1,8.0,667.0,701.0,327.45125,1.9956562856367137,329.341178325687,657.2517926446591,Medium,-258.3899999999999
18171,59.0,9.0,2414.51,4,5,4,454,13,Champions,1,1,8.0,645.0,704.0,266.88875,1.9786964695053944,268.70012273743055,531.67598421622,Medium,-279.4000000000001
18172,15.0,52.0,17301.83,5,5,5,555,15,Champions,2,-1,34.0,714.0,729.0,507.25705882352946,7.774020944764484,507.75612952485244,3947.3067857587507,High,-55.090000000000146
18173,87.0,5.0,2696.36,3,4,4,344,11,Loyal Customers,3,1,4.0,526.0,613.0,526.71,1.1892658717368851,531.0123540812807,631.5148701795298,Medium,-589.52
18174,7.0,2.0,162.5,5,3,1,531,9,Loyal Customers,3,3,1.0,596.0,604.0,104.0,0.41884584934280134,116.91801018612372,48.97062327987729,Low,-58.5
18175,676.0,1.0,176.1,1,2,1,121,4,Hibernating/Lost,0,2,0.0,0.0,676.0,0.0,0.16113554763070734,470.98914615257866,75.89309399341502,Low,-176.1
18176,358.0,1.0,448.65,2,2,2,222,6,Hibernating/Lost,0,2,0.0,0.0,359.0,0.0,0.2799360134698105,470.98914615257866,131.84682396150282,Low,-448.65
18177,31.0,9.0,2189.62,4,5,4,454,13,Champions,1,1,8.0,693.0,725.0,235.29625000000001,1.9363110115523243,237.06664412158756,459.0347534843861,Medium,-307.2499999999998
18178,129.0,11.0,6054.49,3,5,5,355,13,Loyal Customers,1,1,10.0,531.0,660.0,561.807,2.4811583425766153,563.5616736435503,1398.2857481171347,High,-436.4200000000001
18179,9.0,8.0,2547.55,5,5,4,554,14,Champions,1,1,7.0,654.0,664.0,320.45285714285717,1.8580282149642597,322.6027991999208,599.4051031399024,Medium,-304.3800000000001
18180,5.0,6.0,1843.75,5,4,4,544,13,Champions,3,1,5.0,138.0,143.0,308.62,4.721203498434755,311.6071284749743,1471.1606650932567,High,-300.6500000000001
18181,24.0,5.0,1184.21,4,4,3,443,11,Champions,3,1,4.0,711.0,736.0,226.7375,1.0208491736898797,230.26065502515286,235.06139941571774,Low,-277.26
18182,463.0,1.0,291.13,1,2,2,122,5,Hibernating/Lost,0,2,0.0,0.0,464.0,0.0,0.22497146673768453,470.98914615257866,105.95911902747528,Low,-291.13
18183,227.0,2.0,600.52,2,3,2,232,7,At Risk,0,3,1.0,47.0,275.0,319.27000000000004,0.6224831518438273,334.4422912427713,208.18469156267153,Low,-281.24999999999994
18184,15.0,1.0,49.8,5,2,1,521,8,New Customers,3,2,0.0,0.0,16.0,0.0,1.4143724889872349,470.98914615257866,666.1540909297952,Medium,-49.8
18185,249.0,1.0,304.25,2,2,2,222,6,Hibernating/Lost,0,2,0.0,0.0,250.0,0.0,0.3751823354581328,470.98914615257866,176.7068078289563,Low,-304.25
18186,723.0,1.0,329.58,1,2,2,122,5,Hibernating/Lost,0,2,0.0,0.0,723.0,0.0,0.151601826277843,470.98914615257866,71.40281471377283,Low,-329.58
18187,632.0,1.0,682.19,1,2,3,123,6,Hibernating/Lost,0,2,0.0,0.0,632.0,0.0,0.17121640184758077,470.98914615257866,80.64106691350887,Low,-682.19
18188,15.0,6.0,3263.19,5,4,5,545,14,Champions,3,1,5.0,608.0,624.0,596.168,1.445528705815618,599.752358660787,866.9592508247918,High,-282.3499999999999
18189,78.0,3.0,1396.58,3,3,4,334,10,Loyal Customers,3,0,2.0,548.0,626.0,545.12,0.6588371444515974,553.8430092395357,364.8923466818554,Medium,-306.3399999999999
18190,192.0,5.0,735.6700000000001,2,4,3,243,9,Can't Lose Them,0,1,4.0,525.0,718.0,138.3,0.9988950054832587,141.59343257884098,141.43697261223477,Low,-182.47000000000003
18191,262.0,2.0,529.4,2,3,2,232,7,At Risk,0,3,1.0,216.0,478.0,207.79999999999998,0.4618351253279605,221.80499106446263,102.43733584662326,Low,-321.6
18192,72.0,1.0,957.97,3,2,3,323,8,Potential Loyalists,3,2,0.0,0.0,72.0,0.0,0.8481097616671857,470.98914615257866,399.45049249129477,Medium,-957.97
18193,165.0,3.0,1155.7,3,3,3,333,9,Loyal Customers,0,0,2.0,277.0,443.0,261.6,0.8522948622919287,268.84624812425403,229.1362760227628,Low,-632.5
18194,82.0,6.0,4084.2000000000003,3,4,5,345,12,Loyal Customers,3,1,5.0,598.0,681.0,706.344,1.3206554951739506,710.1571915267854,937.8729974271488,High,-552.48
18195,387.0,1.0,101.16,2,2,1,221,5,Hibernating/Lost,0,2,0.0,0.0,388.0,0.0,0.26223631616077103,470.98914615257866,123.51045863875922,Low,-101.16
18196,95.0,4.0,1464.31,3,4,4,344,11,Loyal Customers,3,1,3.0,537.0,633.0,390.46,0.9023382892006654,395.7291428538021,357.0815577495455,Medium,-292.93000000000006
18197,576.0,1.0,221.4,1,2,1,121,4,Hibernating/Lost,0,2,0.0,0.0,576.0,0.0,0.18603057093230413,470.98914615257866,87.61837976168265,Low,-221.4
18198,4.0,17.0,5083.06,5,5,5,555,15,Champions,1,1,16.0,332.0,337.0,320.31375,7.32989170266715,321.2534756801622,2354.753185841004,High,41.960000000000036
18199,684.0,1.0,342.2,1,2,2,122,5,Hibernating/Lost,0,2,0.0,0.0,684.0,0.0,0.15942894250679596,470.98914615257866,75.08930150328437,Low,-342.2
18200,106.0,1.0,163.8,3,2,1,321,6,Potential Loyalists,0,2,0.0,0.0,107.0,0.0,0.6791658584450884,470.98914615257866,319.8797477650353,Medium,-163.8
18201,723.0,1.0,447.53000000000003,1,2,2,122,5,Hibernating/Lost,0,2,0.0,0.0,723.0,0.0,0.151601826277843,470.98914615257866,71.40281471377283,Low,-447.53000000000003
18202,200.0,3.0,1396.99,2,3,4,234,9,At Risk,0,0,1.0,112.0,312.0,911.26,0.6444382290676568,932.6315379688585,601.0234167012964,Medium,-485.73
18203,157.0,4.0,504.42,3,4,2,342,9,Loyal Customers,0,1,3.0,574.0,732.0,131.78,0.7816998398758765,136.15244782200324,106.43034666116857,Low,-109.07999999999998
18204,71.0,3.0,1979.3,3,3,4,334,10,Loyal Customers,3,0,2.0,121.0,193.0,722.135,1.688805874484786,731.7800213332913,1235.8343988582644,High,-535.03
18205,36.0,2.0,517.36,4,3,2,432,9,Loyal Customers,3,3,1.0,38.0,75.0,291.6,1.8839930074943618,306.48253439398866,577.4109517174248,Medium,-225.76
18206,553.0,1.0,314.65999999999997,1,2,2,122,5,Hibernating/Lost,0,2,0.0,0.0,554.0,0.0,0.1925772148419272,470.98914615257866,90.70177798684098,Low,-314.65999999999997
18207,499.0,1.0,505.12,1,2,2,122,5,Hibernating/Lost,0,2,0.0,0.0,500.0,0.0,0.2107869908778219,470.98914615257866,99.27838485361673,Low,-505.12
18208,566.0,1.0,360.08,1,2,2,122,5,Hibernating/Lost,0,2,0.0,0.0,566.0,0.0,0.18895021967055314,470.98914615257866,88.993502627976,Low,-360.08
18209,29.0,1.0,139.10000000000002,4,2,1,421,7,New Customers,3,2,0.0,0.0,29.0,0.0,1.2238805039598608,470.98914615257866,576.4344335528425,Medium,-139.10000000000002
18210,2.0,7.0,2768.83,5,4,4,544,13,Champions,1,1,6.0,381.0,383.0,436.8966666666667,2.6160546820247217,439.60702509556984,1150.0360162522247,High,-147.44999999999982
18211,26.0,5.0,600.07,4,4,2,442,10,Champions,3,1,4.0,253.0,279.0,115.5425,2.3468155717352004,118.77681841831016,278.74728702525465,Low,-137.90000000000003
18212,326.0,2.0,546.72,2,3,2,232,7,At Risk,0,3,1.0,351.0,678.0,248.42,0.34513211954686374,262.8503587261016,90.71810143079291,Low,-298.30000000000007
18213,237.0,1.0,232.48000000000002,2,2,1,221,5,Hibernating/Lost,0,2,0.0,0.0,237.0,0.0,0.39106524779499247,470.98914615257866,184.1874871489101,Low,-232.48000000000002
18214,531.0,4.0,1480.99,1,4,4,144,9,Can't Lose Them,0,1,3.0,24.0,555.0,352.2633333333333,0.034010176598476244,357.4000702754636,12.155239506376336,Low,-424.20000000000005
18215,89.0,5.0,2238.9900000000002,3,4,4,344,11,Loyal Customers,3,1,4.0,534.0,624.0,362.235,1.1699419004431655,366.11011903554606,428.3275684359203,Medium,-790.0500000000002
18216,31.0,1.0,481.75,4,2,2,422,8,New Customers,3,2,0.0,0.0,32.0,0.0,1.18705804464975,470.98914615257866,559.0914548831354,Medium,-481.75
18217,29.0,4.0,902.8,4,4,3,443,11,Champions,3,1,2.0,497.0,527.0,310.875,0.7737527037204707,318.3779051641648,246.34576492563212,Low,-281.04999999999995
18218,211.0,4.0,1106.3,2,4,3,243,9,Can't Lose Them,0,1,3.0,449.0,661.0,280.02666666666664,0.8334571828708467,284.9130005621226,237.46278681178666,Low,-266.22
18219,3.0,17.0,3507.39,5,5,5,555,15,Champions,1,1,15.0,730.0,733.0,227.41133333333335,3.492386144189233,228.3495209561562,797.4847030195289,Medium,-96.2199999999998
18220,227.0,6.0,1771.7,2,4,4,244,10,Can't Lose Them,0,1,5.0,498.0,725.0,333.62399999999997,1.1675770368900003,336.66306117339695,393.0800593951517,Medium,-103.58000000000015
18221,22.0,6.0,1370.34,4,4,4,444,12,Champions,3,1,5.0,368.0,391.0,208.32200000000003,2.1702524692793213,211.10081197415826,458.14205845378666,Medium,-328.7299999999998
18222,93.0,1.0,443.0,3,2,2,322,7,Potential Loyalists,0,2,0.0,0.0,93.0,0.0,0.7379102243289635,470.98914615257866,347.5477064939563,Medium,-443.0
18223,5.0,26.0,13497.58,5,5,5,555,15,Champions,1,12,24.0,731.0,736.0,533.9870833333333,5.486967423066788,534.7057371733476,2933.9129607970704,High,-681.8900000000012
18224,264.0,1.0,158.95000000000002,2,2,1,221,5,Hibernating/Lost,0,2,0.0,0.0,264.0,0.0,0.3594635718080661,470.98914615257866,169.30344075883718,Low,-158.95000000000002
18225,3.0,26.0,12650.91,5,5,5,555,15,Champions,1,-1,24.0,732.0,736.0,541.4483333333334,5.487572609306845,542.1702103806734,2975.198396067113,High,343.8500000000022
18226,44.0,26.0,11748.58,4,5,5,455,14,Champions,1,-1,24.0,600.0,645.0,477.3929166666667,6.1121316094234945,478.08712222621995,2922.1314118171927,High,-291.14999999999964
18227,218.0,2.0,93.75,2,3,1,231,6,At Risk,0,3,0.0,0.0,218.0,0.0,0.41686590155552616,470.98914615257866,196.33931503376218,Low,-93.75
18228,57.0,2.0,769.2,4,3,3,433,10,Loyal Customers,3,3,1.0,23.0,80.0,359.51,1.7574095068659976,375.10367959098284,659.2107725736104,Medium,-409.69000000000005
18229,12.0,28.0,10803.710000000001,5,5,5,555,15,Champions,1,6,26.0,725.0,737.0,400.8734615384615,5.920574125166111,401.48373328528,2377.0142029639205,High,-381.0000000000018
18230,9.0,9.0,4190.71,5,5,5,555,15,Champions,1,1,8.0,516.0,526.0,500.38250000000005,2.589249377192461,502.4967373629902,1301.089364258366,High,-187.64999999999964
18231,192.0,28.0,6848.17,2,5,5,255,12,Can't Lose Them,1,-1,24.0,506.0,699.0,275.52791666666667,1.1235135366700495,276.1349179713301,310.2413182880631,Medium,-235.5
18232,82.0,4.0,582.47,3,4,2,342,9,Loyal Customers,3,1,3.0,116.0,198.0,161.70666666666668,2.2557601529865714,166.1828530587886,374.86865803963786,Medium,-97.35000000000002
18233,326.0,1.0,440.0,2,2,2,222,6,Hibernating/Lost,0,2,0.0,0.0,326.0,0.0,0.303231865302198,470.98914615257866,142.81891732493597,Low,-440.0
18234,552.0,1.0,179.6,1,2,1,121,4,Hibernating/Lost,0,2,0.0,0.0,552.0,0.0,0.19319530876338442,470.98914615257866,90.99289351515023,Low,-179.6
18235,72.0,3.0,1796.48,3,3,4,334,10,Loyal Customers,3,0,2.0,146.0,218.0,683.01,1.5518924296418903,692.4512322579689,1074.6098252373401,High,-430.46000000000004
18236,30.0,12.0,1795.3500000000001,4,5,4,454,13,Champions,1,1,9.0,574.0,604.0,173.19,2.548406158755018,174.69186011398565,445.1858121988511,Medium,-236.6400000000001
18237,3.0,5.0,987.1,5,4,3,543,12,Champions,3,1,4.0,132.0,135.0,165.92999999999998,4.030101415027126,169.2952033909014,682.2768387429768,Medium,-323.3800000000001
18238,515.0,1.0,270.92,1,2,1,121,4,Hibernating/Lost,0,2,0.0,0.0,516.0,0.0,0.20504187707919774,470.98914615257866,96.57249861105333,Low,-270.92
18239,219.0,6.0,2150.36,2,4,4,244,10,Can't Lose Them,0,1,5.0,204.0,423.0,399.942,1.450745028081416,403.1188020426179,584.8225977894646,Medium,-150.6500000000001
18240,46.0,1.0,422.58,4,2,2,422,8,New Customers,3,2,0.0,0.0,47.0,0.0,1.032078349029399,470.98914615257866,486.0977003719197,Medium,-422.58
18241,10.0,21.0,2954.09,5,5,5,555,15,Champions,1,-1,20.0,608.0,618.0,138.5345,5.378160294678269,139.19194214103086,748.5965765620471,Medium,-183.4000000000001
18242,72.0,8.0,3605.21,3,5,5,355,13,Loyal Customers,1,1,6.0,625.0,698.0,546.445,1.5259447488021465,549.3449004978886,838.2699661959907,High,-326.53999999999996
18243,414.0,1.0,515.78,1,2,2,122,5,Hibernating/Lost,0,2,0.0,0.0,415.0,0.0,0.24766020398417288,470.98914615257866,116.64526801047904,Low,-515.78
18244,431.0,2.0,568.64,1,3,2,132,6,At Risk,0,3,1.0,72.0,503.0,265.84,0.31403211431331873,280.4527788311176,88.07117910138142,Low,-302.8
18245,7.0,20.0,6236.2300000000005,5,5,5,555,15,Champions,1,1,14.0,634.0,642.0,429.5864285714286,3.6836726381865894,430.7414481045403,1586.7104865155638,High,-222.02000000000044
18246,24.0,3.0,758.8199999999999,4,3,3,433,10,Loyal Customers,3,0,2.0,586.0,610.0,298.05,0.6803984479336648,305.48610401679076,207.8522710383265,Low,-162.7199999999999
18247,415.0,3.0,721.43,1,3,3,133,7,At Risk,0,0,2.0,217.0,632.0,326.865,0.49502184977790836,334.4511917408908,165.56064759600167,Low,-67.69999999999993
18248,123.0,2.0,783.02,3,3,3,333,9,Loyal Customers,0,3,1.0,64.0,187.0,307.56,0.9819033761380986,322.60966555794136,316.7715197861255,Medium,-475.46
18249,17.0,1.0,95.34,5,2,1,521,8,New Customers,3,2,0.0,0.0,18.0,0.0,1.3812487825271869,470.98914615257866,650.5531847067685,Medium,-95.34
18250,310.0,1.0,342.92,2,2,2,222,6,Hibernating/Lost,0,2,0.0,0.0,311.0,0.0,0.3151559889210759,470.98914615257866,148.43505012680907,Low,-342.92
18251,87.0,9.0,26278.86,3,5,5,355,13,Loyal Customers,2,-1,7.0,630.0,718.0,3284.8542857142857,1.706357495161502,3291.3994691811604,5616.304153807861,High,-3284.880000000001
18252,51.0,7.0,1465.59,4,4,4,444,12,Champions,3,1,6.0,671.0,722.0,194.20666666666668,1.4866128109546528,196.49711944002604,292.11513507522926,Medium,-300.3499999999999
18253,643.0,1.0,317.88,1,2,2,122,5,Hibernating/Lost,0,2,0.0,0.0,643.0,0.0,0.16857966503442323,470.98914615257866,79.39919249325072,Low,-317.88
18254,581.0,1.0,267.9,1,2,1,121,4,Hibernating/Lost,0,2,0.0,0.0,582.0,0.0,0.18432173320092607,470.98914615257866,86.81353573766758,Low,-267.9
18255,89.0,2.0,303.15,3,3,2,332,8,Loyal Customers,3,3,1.0,367.0,457.0,103.3,0.5248881770120318,116.21067987191527,60.99761190729843,Low,-199.84999999999997
18256,388.0,1.0,60.599999999999994,2,2,1,221,5,Hibernating/Lost,0,2,0.0,0.0,388.0,0.0,0.26223631616077103,470.98914615257866,123.51045863875922,Low,-60.599999999999994
18257,39.0,12.0,4496.8,4,5,5,455,14,Champions,1,1,9.0,620.0,660.0,467.15222222222224,2.349624167045655,468.9929652738274,1101.9572053817885,High,-292.4300000000003
18258,464.0,6.0,2040.97,1,4,4,144,9,Can't Lose Them,0,1,4.0,108.0,573.0,296.22,0.14416794256215967,299.92364056438527,43.23937418592012,Low,-856.0899999999999
18259,25.0,7.0,4318.200000000001,4,4,5,445,13,Champions,1,1,6.0,707.0,732.0,660.3000000000001,1.4737987669382346,663.3968940221869,977.7135244005538,High,-356.40000000000055
18260,173.0,23.0,9751.95,3,5,5,355,13,Loyal Customers,1,-1,21.0,552.0,725.0,459.70142857142855,2.791222112777551,460.48612038200986,1285.3190418374113,High,-98.22000000000116
18261,43.0,2.0,324.24,4,3,2,432,9,Loyal Customers,3,3,1.0,52.0,96.0,99.44,1.6400654428106627,112.31025842499439,184.19617371596837,Low,-224.8
18262,140.0,3.0,577.54,3,3,2,332,8,Loyal Customers,0,0,2.0,462.0,603.0,187.74,0.6703408808747441,194.6015360193771,130.4493650748075,Low,-202.05999999999995
18263,26.0,3.0,1211.08,4,3,4,434,11,Loyal Customers,3,0,2.0,227.0,253.0,452.78,1.4255899748965875,461.0220409784426,657.2283998252315,Medium,-305.52
18264,499.0,1.0,603.25,1,2,3,123,6,Hibernating/Lost,0,2,0.0,0.0,499.0,0.0,0.21115678136924676,470.98914615257866,99.45255216142826,Low,-603.25
18265,72.0,2.0,801.51,3,3,3,333,9,Loyal Customers,3,3,1.0,86.0,159.0,312.96,1.1714622860217798,328.06621369612077,384.3171966629674,Medium,-488.55
18266,434.0,1.0,251.1,1,2,1,121,4,Hibernating/Lost,0,2,0.0,0.0,435.0,0.0,0.23786785123896945,470.98914615257866,112.03317615219082,Low,-251.1
18267,673.0,1.0,252.87,1,2,1,121,4,Hibernating/Lost,0,2,0.0,0.0,673.0,0.0,0.16178498918934597,470.98914615257866,76.19897391859423,Low,-252.87
18268,134.0,6.0,1451.22,3,4,4,344,11,Loyal Customers,3,1,4.0,137.0,729.0,272.3875,0.08887591550541409,276.0292340179346,24.532350879602124,Low,-361.6700000000001
18269,366.0,1.0,307.5,2,2,2,222,6,Hibernating/Lost,0,2,0.0,0.0,367.0,0.0,0.27481864156018637,470.98914615257866,129.43659733524373,Low,-307.5
18270,38.0,3.0,400.35,4,3,2,432,9,Loyal Customers,3,0,2.0,394.0,433.0,141.57500000000002,0.9155050589829804,148.1960779321629,135.67425906833114,Low,-117.19999999999999
18271,610.0,2.0,680.85,1,3,3,133,7,At Risk,0,3,1.0,122.0,732.0,488.3,0.22050183662940515,505.2423526865635,111.40686671034892,Low,-192.55
18272,3.0,9.0,4347.33,5,5,5,555,15,Champions,1,1,8.0,643.0,646.0,468.8725,2.1576289316157653,470.9458657578556,1016.1264251839835,High,-596.3499999999999
18273,2.0,4.0,357.0,5,4,2,542,11,Champions,3,1,3.0,588.0,591.0,68.0,0.9750916349394114,72.15135918303564,70.35418678888693,Low,-153.0
18274,30.0,1.0,1.7763568394002505e-15,4,2,1,421,7,New Customers,3,2,,,,,,,0.0,Low,
18275,578.0,2.0,741.85,1,3,3,133,7,At Risk,0,3,1.0,153.0,732.0,369.21000000000004,0.24316520644954362,384.9052568021571,93.59556623381114,Low,-372.64
18276,44.0,6.0,1620.67,4,4,4,444,12,Champions,3,1,5.0,686.0,730.0,287.6940000000001,1.2497952675363144,290.63766568313326,363.23757913858145,Medium,-182.19999999999982
18277,58.0,5.0,1111.38,4,4,3,443,11,Champions,3,1,3.0,436.0,495.0,280.97,1.1281780591971144,285.859603890482,322.5005331200199,Medium,-268.47
18278,74.0,2.0,414.20000000000005,3,3,2,332,8,Loyal Customers,3,3,1.0,331.0,405.0,173.9,0.583661841022263,187.5499944192248,109.4657750264399,Low,-240.30000000000004
18279,519.0,1.0,231.33999999999997,1,2,1,121,4,Hibernating/Lost,0,2,0.0,0.0,520.0,0.0,0.20365425353613836,470.98914615257866,95.91894298332657,Low,-231.33999999999997
18280,278.0,2.0,472.45000000000005,2,3,2,232,7,At Risk,0,3,1.0,117.0,395.0,180.60000000000002,0.4997157783439844,194.32015599807713,97.10484800250357,Low,-291.85
18281,181.0,2.0,201.14,3,3,1,331,7,Loyal Customers,0,3,1.0,397.0,578.0,80.82,0.41826001998984386,93.49527206704957,39.10533436372004,Low,-120.32
18282,8.0,2.0,176.6,5,3,1,531,9,Loyal Customers,3,3,1.0,119.0,127.0,77.84,1.4308240218500166,90.48406587227646,129.46677504471242,Low,-98.75999999999999
18283,4.0,22.0,2736.65,5,5,4,554,14,Champions,1,1,18.0,655.0,659.0,146.40555555555557,4.586583328460774,147.14062321187635,674.8727293629205,Medium,-101.34999999999991
18284,432.0,1.0,436.68,1,2,2,122,5,Hibernating/Lost,0,2,0.0,0.0,432.0,0.0,0.2392869734754787,470.98914615257866,112.70156732265045,Low,-436.68
18285,661.0,1.0,427.0,1,2,2,122,5,Hibernating/Lost,0,2,0.0,0.0,661.0,0.0,0.1644360044011526,470.98914615257866,77.44757330964053,Low,-427.0
18286,477.0,2.0,1188.43,1,3,3,133,7,At Risk,0,3,1.0,247.0,724.0,833.48,0.29286547851463895,854.0370353415252,250.1179650245194,Low,-354.95000000000005
18287,43.0,7.0,4177.89,4,4,5,445,13,Champions,1,1,5.0,529.0,572.0,622.2760000000001,1.5550181556328306,625.9145843402952,973.3085425245356,High,-1066.5100000000002
