Customer ID,Recency,Frequency,Monetary,R_score,F_score,M_score,RFM_score,RFM_sum,Segment,KMeans_Cluster,DBSCAN_Cluster
12346,326.0,3.0,-263.679999999993,2,3,1,231,6,At Risk,0,0
12347,2.0,8.0,5633.32,5,4,5,545,14,Champions,1,-1
12348,75.0,5.0,2019.4,3,4,4,344,11,Loyal Customers,3,1
12349,19.0,4.0,4404.54,4,3,5,435,12,Loyal Customers,3,1
12350,310.0,1.0,334.4,2,1,2,212,5,Hibernating/Lost,0,2
12351,375.0,1.0,300.93,2,1,2,212,5,Hibernating/Lost,0,2
12352,36.0,10.0,1889.21,4,5,4,454,13,Champions,1,1
12353,204.0,2.0,406.76,2,2,2,222,6,Hibernating/Lost,0,3
12354,232.0,1.0,1079.4,2,1,3,213,6,Hibernating/Lost,0,2
12355,214.0,2.0,947.61,2,2,3,223,7,Hibernating/Lost,0,3
12356,23.0,6.0,6373.68,4,4,5,445,13,Champions,1,-1
12357,33.0,3.0,18287.66,4,3,5,435,12,Loyal Customers,1,-1
12358,2.0,5.0,3887.07,5,4,5,545,14,Champions,1,-1
12359,58.0,10.0,8714.89,4,5,5,455,14,Champions,1,-1
12360,52.0,8.0,4212.89,4,4,5,445,13,Champions,1,1
12361,287.0,4.0,511.25,2,3,2,232,7,At Risk,0,1
12362,3.0,11.0,5284.58,5,5,5,555,15,Champions,1,1
12363,110.0,2.0,552.0,3,2,2,322,7,Potential Loyalists,0,3
12364,8.0,4.0,1313.1,5,3,4,534,12,Loyal Customers,3,1
12365,291.0,2.0,320.69,2,2,2,222,6,Hibernating/Lost,0,3
12366,634.0,1.0,500.24,1,1,2,112,4,Hibernating/Lost,0,2
12367,4.0,1.0,168.9,5,1,1,511,7,New Customers,3,2
12368,628.0,1.0,917.6999999999999,1,1,3,113,5,Hibernating/Lost,0,2
12369,413.0,3.0,1791.15,1,3,4,134,8,At Risk,0,0
12370,51.0,7.0,4320.31,4,4,5,445,13,Champions,1,1
12371,45.0,5.0,4067.38,4,4,5,445,13,Champions,3,1
12372,72.0,3.0,1298.04,3,3,4,334,10,Loyal Customers,3,0
12373,311.0,3.0,1127.65,2,3,3,233,8,At Risk,0,0
12374,25.0,4.0,2989.2200000000003,4,3,5,435,12,Loyal Customers,3,1
12375,11.0,2.0,455.42,5,2,2,522,9,New Customers,3,3
12376,390.0,2.0,503.15,2,2,2,222,6,Hibernating/Lost,0,3
12377,315.0,4.0,3426.32,2,3,5,235,10,At Risk,0,1
12378,130.0,2.0,5416.32,3,2,5,325,10,Potential Loyalists,0,-1
12379,82.0,4.0,1618.27,3,3,4,334,10,Loyal Customers,3,1
12380,22.0,11.0,7888.0,4,5,5,455,14,Champions,1,1
12381,5.0,5.0,1803.96,5,4,4,544,13,Champions,3,1
12383,185.0,5.0,1839.31,3,4,4,344,11,Loyal Customers,0,1
12384,29.0,2.0,566.16,4,2,2,422,8,New Customers,3,3
12385,379.0,1.0,1923.4,2,1,4,214,7,Hibernating/Lost,0,2
12386,338.0,2.0,660.8,2,2,3,223,7,Hibernating/Lost,0,3
12387,415.0,1.0,143.94,1,1,1,111,3,Hibernating/Lost,0,2
12388,16.0,8.0,3901.11,5,4,5,545,14,Champions,1,1
12389,403.0,3.0,1433.33,2,3,4,234,9,At Risk,0,0
12390,80.0,1.0,549.84,3,1,2,312,6,Potential Loyalists,0,2
12391,22.0,6.0,2747.82,4,4,4,444,12,Champions,3,1
12392,591.0,1.0,234.75000000000003,1,1,1,111,3,Hibernating/Lost,0,2
12393,72.0,6.0,2376.75,3,4,4,344,11,Loyal Customers,3,1
12394,64.0,2.0,1272.48,3,2,4,324,9,Potential Loyalists,3,3
12395,19.0,15.0,5046.92,4,5,5,455,14,Champions,1,1
12396,674.0,1.0,931.43,1,1,3,113,5,Hibernating/Lost,0,2
12397,36.0,2.0,2409.9,4,2,4,424,10,New Customers,3,-1
12398,46.0,1.0,1635.6599999999999,4,1,4,414,9,New Customers,3,2
12399,119.0,7.0,1962.3,3,4,4,344,11,Loyal Customers,3,1
12400,414.0,1.0,205.25,1,1,1,111,3,Hibernating/Lost,0,2
12401,303.0,1.0,84.3,2,1,1,211,4,Hibernating/Lost,0,2
12402,323.0,6.0,1244.15,2,4,4,244,10,Can't Lose Them,0,1
12403,50.0,2.0,1001.36,4,2,3,423,9,New Customers,3,3
12404,682.0,1.0,63.24,1,1,1,111,3,Hibernating/Lost,0,2
12405,149.0,1.0,1710.39,3,1,4,314,8,Potential Loyalists,0,2
12406,22.0,5.0,6072.21,4,4,5,445,13,Champions,1,-1
12407,50.0,5.0,1708.1200000000001,4,4,4,444,12,Champions,3,1
12408,33.0,8.0,4279.64,4,4,5,445,13,Champions,1,1
12409,79.0,7.0,23090.47,3,4,5,345,12,Loyal Customers,1,-1
12410,309.0,3.0,1001.46,2,3,3,233,8,At Risk,0,0
12411,410.0,1.0,346.9,1,1,2,112,4,Hibernating/Lost,0,2
12412,75.0,6.0,2581.03,3,4,4,344,11,Loyal Customers,3,1
12413,67.0,4.0,935.5,3,3,3,333,9,Loyal Customers,3,1
12414,217.0,6.0,692.41,2,4,3,243,9,Can't Lose Them,0,1
12415,24.0,28.0,143269.29,4,5,5,455,14,Champions,2,-1
12416,657.0,1.0,202.56,1,1,1,111,3,Hibernating/Lost,0,2
12417,3.0,20.0,6708.21,5,5,5,555,15,Champions,1,4
12418,113.0,4.0,2016.95,3,3,4,334,10,Loyal Customers,3,1
12419,386.0,2.0,503.01,2,2,2,222,6,Hibernating/Lost,0,3
12420,64.0,1.0,600.39,3,1,2,312,6,Potential Loyalists,3,2
12421,16.0,6.0,1092.83,5,4,3,543,12,Champions,3,1
12422,96.0,17.0,4119.35,3,5,5,355,13,Loyal Customers,1,-1
12423,1.0,10.0,2612.19,5,5,4,554,14,Champions,1,5
12424,163.0,4.0,3289.78,3,3,5,335,11,Loyal Customers,0,1
12425,78.0,2.0,1680.81,3,2,4,324,9,Potential Loyalists,3,3
12426,195.0,2.0,1311.41,2,2,4,224,8,Hibernating/Lost,0,3
12427,22.0,3.0,1011.87,4,3,3,433,10,Loyal Customers,3,0
12428,26.0,9.0,7877.2,4,5,5,455,14,Champions,1,1
12429,9.0,8.0,7435.51,5,4,5,545,14,Champions,1,-1
12430,43.0,1.0,256.4,4,1,1,411,6,New Customers,3,2
12431,36.0,27.0,10719.41,4,5,5,455,14,Champions,1,-1
12432,43.0,5.0,5059.32,4,4,5,445,13,Champions,3,1
12433,1.0,10.0,20428.86,5,5,5,555,15,Champions,2,-1
12434,85.0,3.0,1062.48,3,3,3,333,9,Loyal Customers,3,0
12435,80.0,6.0,13925.93,3,4,5,345,12,Loyal Customers,1,-1
12436,100.0,1.0,509.01,3,1,2,312,6,Potential Loyalists,0,2
12437,2.0,39.0,12394.85,5,5,5,555,15,Champions,1,-1
12438,14.0,2.0,2906.85,5,2,5,525,12,New Customers,3,-1
12439,683.0,2.0,1104.48,1,2,3,123,6,Hibernating/Lost,0,3
12440,462.0,2.0,768.15,1,2,3,123,6,Hibernating/Lost,0,3
12441,367.0,1.0,347.1,2,1,2,212,5,Hibernating/Lost,0,2
12442,3.0,1.0,172.06,5,1,1,511,7,New Customers,3,2
12443,732.0,1.0,485.31,1,1,2,112,4,Hibernating/Lost,0,2
12444,21.0,5.0,5005.46,4,4,5,445,13,Champions,1,1
12445,22.0,2.0,426.48,4,2,2,422,8,New Customers,3,3
12446,58.0,1.0,1002.3100000000001,4,1,3,413,8,New Customers,3,2
12447,243.0,1.0,476.49,2,1,2,212,5,Hibernating/Lost,0,2
12448,44.0,1.0,449.45,4,1,2,412,7,New Customers,3,2
12449,22.0,6.0,4835.89,4,4,5,445,13,Champions,1,1
12450,156.0,5.0,666.95,3,4,3,343,10,Loyal Customers,0,1
12451,11.0,8.0,12546.53,5,4,5,545,14,Champions,1,-1
12452,17.0,2.0,428.57,5,2,2,522,9,New Customers,3,3
12453,134.0,1.0,707.09,3,1,3,313,7,Potential Loyalists,0,2
12454,56.0,5.0,4292.71,4,4,5,445,13,Champions,3,1
12455,73.0,10.0,5879.95,3,5,5,355,13,Loyal Customers,1,1
12456,44.0,3.0,3153.89,4,3,5,435,12,Loyal Customers,3,0
12457,66.0,8.0,2472.31,3,4,4,344,11,Loyal Customers,1,1
12458,71.0,4.0,1777.49,3,3,4,334,10,Loyal Customers,3,1
12459,605.0,1.0,454.36,1,1,2,112,4,Hibernating/Lost,0,2
12460,456.0,1.0,326.65,1,1,2,112,4,Hibernating/Lost,0,2
12461,94.0,2.0,826.88,3,2,3,323,8,Potential Loyalists,0,3
12462,19.0,2.0,1124.01,4,2,3,423,9,New Customers,3,3
12463,53.0,4.0,1303.63,4,3,4,434,11,Loyal Customers,3,1
12464,10.0,8.0,1212.05,5,4,4,544,13,Champions,3,1
12465,17.0,2.0,733.89,5,2,3,523,10,New Customers,3,3
12466,682.0,1.0,56.73,1,1,1,111,3,Hibernating/Lost,0,2
12467,423.0,1.0,0.0,1,1,1,111,3,Hibernating/Lost,0,2
12468,188.0,5.0,3624.55,3,4,5,345,12,Loyal Customers,0,1
12469,523.0,2.0,3070.54,1,2,5,125,8,Hibernating/Lost,0,3
12470,690.0,1.0,211.95,1,1,1,111,3,Hibernating/Lost,0,2
12471,2.0,79.0,37948.61,5,5,5,555,15,Champions,2,-1
12472,32.0,19.0,16956.69,4,5,5,455,14,Champions,1,-1
12473,29.0,5.0,2848.23,4,4,4,444,12,Champions,3,1
12474,17.0,31.0,11966.45,5,5,5,555,15,Champions,1,6
12475,54.0,2.0,1149.64,4,2,3,423,9,New Customers,3,3
12476,16.0,23.0,13715.62,5,5,5,555,15,Champions,1,-1
12477,23.0,9.0,20173.64,4,5,5,455,14,Champions,1,-1
12478,4.0,1.0,680.99,5,1,3,513,9,New Customers,3,2
12479,11.0,1.0,477.3,5,1,2,512,8,New Customers,3,2
12480,28.0,7.0,5435.1,4,4,5,445,13,Champions,1,1
12481,23.0,15.0,12217.03,4,5,5,455,14,Champions,1,11
12482,576.0,29.0,21893.53,1,5,5,155,11,Can't Lose Them,2,-1
12483,17.0,19.0,4846.87,5,5,5,555,15,Champions,1,1
12484,33.0,12.0,6303.85,4,5,5,455,14,Champions,1,1
12485,529.0,1.0,708.1,1,1,3,113,5,Hibernating/Lost,0,2
12486,432.0,1.0,1037.28,1,1,3,113,5,Hibernating/Lost,0,2
12487,731.0,1.0,259.79999999999995,1,1,1,111,3,Hibernating/Lost,0,2
12488,10.0,3.0,1298.66,5,3,4,534,12,Loyal Customers,3,0
12489,336.0,1.0,334.93,2,1,2,212,5,Hibernating/Lost,0,2
12490,5.0,21.0,9818.64,5,5,5,555,15,Champions,1,-1
12491,39.0,1.0,460.40000000000003,4,1,2,412,7,New Customers,3,2
12492,63.0,3.0,715.21,3,3,3,333,9,Loyal Customers,3,0
12493,166.0,2.0,416.79,3,2,2,322,7,Potential Loyalists,0,3
12494,16.0,9.0,1743.52,5,5,4,554,14,Champions,1,1
12495,641.0,1.0,323.4,1,1,2,112,4,Hibernating/Lost,0,2
12496,620.0,2.0,54.09,1,2,1,121,4,Hibernating/Lost,0,3
12497,82.0,3.0,6211.75,3,3,5,335,11,Loyal Customers,3,-1
12498,21.0,3.0,403.70000000000005,4,3,2,432,9,Loyal Customers,3,0
12499,560.0,1.0,393.72,1,1,2,112,4,Hibernating/Lost,0,2
12500,23.0,19.0,5872.31,4,5,5,455,14,Champions,1,1
12501,337.0,1.0,2089.68,2,1,4,214,7,Hibernating/Lost,0,2
12502,96.0,5.0,3723.87,3,4,5,345,12,Loyal Customers,3,1
12503,584.0,1.0,0.0,1,1,1,111,3,Hibernating/Lost,0,2
12504,18.0,4.0,411.0,5,3,2,532,10,Loyal Customers,3,1
12505,409.0,1.0,908.0,2,1,3,213,6,Hibernating/Lost,0,2
12506,233.0,1.0,73.5,2,1,1,211,4,Hibernating/Lost,0,2
12507,134.0,4.0,1797.31,3,3,4,334,10,Loyal Customers,0,1
12508,26.0,2.0,398.27,4,2,2,422,8,New Customers,3,3
12509,284.0,1.0,176.5,2,1,1,211,4,Hibernating/Lost,0,2
12510,143.0,9.0,3689.33,3,5,5,355,13,Loyal Customers,1,1
12511,429.0,1.0,3065.77,1,1,5,115,7,Hibernating/Lost,0,2
12512,66.0,2.0,138.03,3,2,1,321,6,Potential Loyalists,3,3
12513,113.0,1.0,586.79,3,1,2,312,6,Potential Loyalists,0,2
12514,267.0,2.0,1597.76,2,2,4,224,8,Hibernating/Lost,0,3
12515,353.0,1.0,383.7,2,1,2,212,5,Hibernating/Lost,0,2
12516,78.0,4.0,2648.62,3,3,4,334,10,Loyal Customers,3,1
12517,28.0,5.0,2464.89,4,4,4,444,12,Champions,3,1
12518,1.0,5.0,2056.89,5,4,4,544,13,Champions,3,7
12519,64.0,2.0,695.19,3,2,3,323,8,Potential Loyalists,3,3
12520,79.0,5.0,2582.51,3,4,4,344,11,Loyal Customers,3,1
12521,143.0,1.0,599.68,3,1,2,312,6,Potential Loyalists,0,2
12522,39.0,2.0,192.72,4,2,1,421,7,New Customers,3,3
12523,19.0,23.0,4220.85,4,5,5,455,14,Champions,1,1
12524,9.0,17.0,11091.36,5,5,5,555,15,Champions,1,-1
12525,498.0,3.0,835.1800000000001,1,3,3,133,7,At Risk,0,0
12526,1.0,3.0,1316.66,5,3,4,534,12,Loyal Customers,3,8
12527,82.0,5.0,735.51,3,4,3,343,10,Loyal Customers,3,1
12528,9.0,6.0,1922.28,5,4,4,544,13,Champions,3,1
12529,528.0,1.0,311.78000000000003,1,1,2,112,4,Hibernating/Lost,0,2
12530,60.0,9.0,3689.86,3,5,5,355,13,Loyal Customers,1,1
12531,15.0,2.0,1899.05,5,2,4,524,11,New Customers,3,3
12532,30.0,1.0,349.83000000000004,4,1,2,412,7,New Customers,3,2
12533,628.0,2.0,1149.99,1,2,3,123,6,Hibernating/Lost,0,3
12534,131.0,1.0,1089.18,3,1,3,313,7,Potential Loyalists,0,2
12535,92.0,2.0,716.35,3,2,3,323,8,Potential Loyalists,3,3
12536,43.0,3.0,4106.82,4,3,5,435,12,Loyal Customers,3,-1
12537,409.0,1.0,732.94,2,1,3,213,6,Hibernating/Lost,0,2
12538,29.0,2.0,640.45,4,2,3,423,9,New Customers,3,3
12539,22.0,7.0,9498.9,4,4,5,445,13,Champions,1,-1
12540,20.0,33.0,22107.29,4,5,5,455,14,Champions,2,-1
12541,30.0,3.0,981.18,4,3,3,433,10,Loyal Customers,3,0
12542,484.0,2.0,423.38,1,2,2,122,5,Hibernating/Lost,0,3
12543,448.0,1.0,980.25,1,1,3,113,5,Hibernating/Lost,0,2
12544,36.0,1.0,355.7,4,1,2,412,7,New Customers,3,2
12545,75.0,2.0,1000.39,3,2,3,323,8,Potential Loyalists,3,3
12546,47.0,2.0,1141.5,4,2,3,423,9,New Customers,3,3
12547,198.0,3.0,383.58,2,3,2,232,7,At Risk,0,0
12548,166.0,1.0,95.19999999999999,3,1,1,311,5,Potential Loyalists,0,2
12549,576.0,6.0,1575.68,1,4,4,144,9,Can't Lose Them,0,1
12550,79.0,1.0,964.83,3,1,3,313,7,Potential Loyalists,0,2
12551,358.0,1.0,168.0,2,1,1,211,4,Hibernating/Lost,0,2
12552,39.0,2.0,437.82,4,2,2,422,8,New Customers,3,3
12553,8.0,12.0,4548.82,5,5,5,555,15,Champions,1,1
12554,449.0,1.0,468.5,1,1,2,112,4,Hibernating/Lost,0,2
12555,682.0,1.0,129.23,1,1,1,111,3,Hibernating/Lost,0,2
12556,50.0,2.0,603.71,4,2,3,423,9,New Customers,3,3
12557,16.0,8.0,18716.14,5,4,5,545,14,Champions,1,-1
12558,8.0,1.0,1.0658141036401503e-14,5,1,1,511,7,New Customers,3,2
12559,311.0,2.0,536.21,2,2,2,222,6,Hibernating/Lost,0,3
12560,5.0,3.0,2101.39,5,3,4,534,12,Loyal Customers,3,0
12561,303.0,1.0,238.85,2,1,1,211,4,Hibernating/Lost,0,2
12562,8.0,9.0,4966.92,5,5,5,555,15,Champions,1,1
12563,409.0,1.0,249.24,2,1,1,211,4,Hibernating/Lost,0,2
12564,261.0,1.0,456.9,2,1,2,212,5,Hibernating/Lost,0,2
12565,289.0,1.0,131.17,2,1,1,211,4,Hibernating/Lost,0,2
12566,86.0,1.0,346.7,3,1,2,312,6,Potential Loyalists,0,2
12567,23.0,15.0,13393.82,4,5,5,455,14,Champions,1,-1
12568,645.0,1.0,70.0,1,1,1,111,3,Hibernating/Lost,0,2
12569,2.0,32.0,4064.9900000000002,5,5,5,555,15,Champions,1,-1
12570,682.0,1.0,77.52,1,1,1,111,3,Hibernating/Lost,0,2
12571,40.0,2.0,519.61,4,2,2,422,8,New Customers,3,3
12572,9.0,2.0,1004.72,5,2,3,523,10,New Customers,3,3
12573,227.0,5.0,717.41,2,4,3,243,9,Can't Lose Them,0,1
12574,316.0,1.0,218.45,2,1,1,211,4,Hibernating/Lost,0,2
12575,457.0,2.0,622.8199999999999,1,2,3,123,6,Hibernating/Lost,0,3
12576,36.0,8.0,2083.87,4,4,4,444,12,Champions,1,1
12577,35.0,8.0,1591.35,4,4,4,444,12,Champions,3,1
12578,21.0,4.0,4572.45,4,3,5,435,12,Loyal Customers,3,1
12579,78.0,1.0,410.72,3,1,2,312,6,Potential Loyalists,0,2
12580,247.0,2.0,1052.9,2,2,3,223,7,Hibernating/Lost,0,3
12581,40.0,1.0,197.71,4,1,1,411,6,New Customers,3,2
12582,239.0,4.0,1980.4,2,3,4,234,9,At Risk,0,1
12583,3.0,27.0,14344.9,5,5,5,555,15,Champions,1,-1
12584,4.0,9.0,1893.95,5,5,4,554,14,Champions,1,1
12585,234.0,2.0,1982.81,2,2,4,224,8,Hibernating/Lost,0,3
12586,17.0,4.0,2028.67,5,3,4,534,12,Loyal Customers,3,1
12587,8.0,1.0,144.0,5,1,1,511,7,New Customers,3,2
12588,39.0,4.0,938.98,4,3,3,433,10,Loyal Customers,3,1
12589,29.0,8.0,3094.17,4,4,5,445,13,Champions,1,1
12590,211.0,2.0,9853.48,2,2,5,225,9,Hibernating/Lost,0,-1
12591,317.0,3.0,1352.15,2,3,4,234,9,At Risk,0,0
12592,92.0,5.0,1152.62,3,4,3,343,10,Loyal Customers,3,1
12593,109.0,3.0,418.09999999999997,3,3,2,332,8,Loyal Customers,0,0
12594,38.0,15.0,5044.51,4,5,5,455,14,Champions,1,1
12595,505.0,1.0,299.02,1,1,2,112,4,Hibernating/Lost,0,2
12596,51.0,2.0,618.27,4,2,3,423,9,New Customers,3,3
12597,19.0,4.0,3683.13,4,3,5,435,12,Loyal Customers,3,1
12598,10.0,11.0,4414.67,5,5,5,555,15,Champions,1,1
12599,29.0,13.0,2296.72,4,5,4,454,13,Champions,1,1
12600,29.0,21.0,4955.79,4,5,5,455,14,Champions,1,1
12601,190.0,6.0,673.76,2,4,3,243,9,Can't Lose Them,0,1
12602,59.0,1.0,153.12,3,1,1,311,5,Potential Loyalists,3,2
12603,22.0,1.0,739.1999999999999,4,1,3,413,8,New Customers,3,2
12604,79.0,2.0,254.18,3,2,1,321,6,Potential Loyalists,3,3
12605,376.0,4.0,1217.95,2,3,4,234,9,At Risk,0,1
12606,682.0,1.0,21.0,1,1,1,111,3,Hibernating/Lost,0,2
12607,60.0,1.0,3.552713678800501e-15,3,1,1,311,5,Potential Loyalists,3,2
12608,405.0,1.0,415.79,2,1,2,212,5,Hibernating/Lost,0,2
12609,78.0,9.0,3417.86,3,5,5,355,13,Loyal Customers,1,1
12610,23.0,5.0,2057.99,4,4,4,444,12,Champions,3,1
12611,52.0,1.0,1193.32,4,1,3,413,8,New Customers,3,2
12612,74.0,1.0,643.59,3,1,3,313,7,Potential Loyalists,0,2
12613,57.0,10.0,6591.52,4,5,5,455,14,Champions,1,1
12614,278.0,1.0,315.6,2,1,2,212,5,Hibernating/Lost,0,2
12615,2.0,8.0,5564.88,5,4,5,545,14,Champions,1,-1
12616,95.0,3.0,1045.35,3,3,3,333,9,Loyal Customers,3,0
12617,29.0,1.0,355.53,4,1,2,412,7,New Customers,3,2
12618,22.0,1.0,177.31,4,1,1,411,6,New Customers,3,2
12619,16.0,10.0,3354.95,5,5,5,555,15,Champions,1,1
12620,15.0,3.0,1339.41,5,3,4,534,12,Loyal Customers,3,0
12621,2.0,35.0,24579.31,5,5,5,555,15,Champions,2,-1
12622,232.0,1.0,180.1,2,1,1,211,4,Hibernating/Lost,0,2
12623,276.0,7.0,3639.84,2,4,5,245,11,Can't Lose Them,0,1
12624,106.0,2.0,641.13,3,2,3,323,8,Potential Loyalists,0,3
12625,212.0,4.0,5095.38,2,3,5,235,10,At Risk,0,-1
12626,23.0,9.0,6388.35,4,5,5,455,14,Champions,1,1
12627,11.0,7.0,4478.53,5,4,5,545,14,Champions,1,1
12628,4.0,3.0,769.61,5,3,3,533,11,Loyal Customers,3,0
12629,386.0,2.0,1558.22,2,2,4,224,8,Hibernating/Lost,0,3
12630,10.0,2.0,1270.88,5,2,4,524,11,New Customers,3,3
12631,57.0,6.0,3452.27,4,4,5,445,13,Champions,3,1
12632,521.0,2.0,738.88,1,2,3,123,6,Hibernating/Lost,0,3
12633,59.0,7.0,5595.21,3,4,5,345,12,Loyal Customers,1,1
12634,536.0,2.0,490.0,1,2,2,122,5,Hibernating/Lost,0,3
12635,90.0,4.0,2930.41,3,3,5,335,11,Loyal Customers,3,1
12636,739.0,1.0,141.0,1,1,1,111,3,Hibernating/Lost,0,2
12637,67.0,12.0,8271.66,3,5,5,355,13,Loyal Customers,1,-1
12638,33.0,2.0,921.49,4,2,3,423,9,New Customers,3,3
12639,239.0,3.0,1312.37,2,3,4,234,9,At Risk,0,0
12640,24.0,3.0,1174.58,4,3,3,433,10,Loyal Customers,3,0
12641,115.0,1.0,185.9,3,1,1,311,5,Potential Loyalists,0,2
12642,25.0,3.0,1013.26,4,3,3,433,10,Loyal Customers,3,0
12643,128.0,12.0,7880.9,3,5,5,355,13,Loyal Customers,1,-1
12644,130.0,4.0,1815.54,3,3,4,334,10,Loyal Customers,0,1
12645,34.0,8.0,3499.1,4,4,5,445,13,Champions,1,1
12646,5.0,2.0,1346.97,5,2,4,524,11,New Customers,3,3
12647,22.0,36.0,17682.79,4,5,5,455,14,Champions,2,-1
12648,155.0,4.0,1097.0,3,3,3,333,9,Loyal Customers,0,1
12649,107.0,8.0,2238.7,3,4,4,344,11,Loyal Customers,3,1
12650,3.0,1.0,314.44,5,1,2,512,8,New Customers,3,2
12651,335.0,4.0,365.3,2,3,2,232,7,At Risk,0,1
12652,331.0,2.0,1011.58,2,2,3,223,7,Hibernating/Lost,0,3
12653,149.0,3.0,4160.83,3,3,5,335,11,Loyal Customers,0,-1
12654,11.0,5.0,601.98,5,4,3,543,12,Champions,3,1
12655,424.0,1.0,261.35,1,1,1,111,3,Hibernating/Lost,0,2
12656,17.0,8.0,6320.78,5,4,5,545,14,Champions,1,1
12657,11.0,4.0,1152.06,5,3,3,533,11,Loyal Customers,3,1
12658,19.0,1.0,686.05,4,1,3,413,8,New Customers,3,2
12659,30.0,1.0,91.68,4,1,1,411,6,New Customers,3,2
12660,11.0,1.0,245.1,5,1,1,511,7,New Customers,3,2
12661,436.0,1.0,162.0,1,1,1,111,3,Hibernating/Lost,0,2
12662,1.0,20.0,6949.17,5,5,5,555,15,Champions,1,9
12663,625.0,2.0,204.0,1,2,1,121,4,Hibernating/Lost,0,3
12664,8.0,11.0,6052.04,5,5,5,555,15,Champions,1,1
12665,325.0,3.0,301.45,2,3,2,232,7,At Risk,0,0
12666,394.0,1.0,1020.98,2,1,3,213,6,Hibernating/Lost,0,2
12667,58.0,1.0,620.13,4,1,3,413,8,New Customers,3,2
12668,12.0,10.0,11380.710000000001,5,5,5,555,15,Champions,1,-1
12669,151.0,3.0,1607.73,3,3,4,334,10,Loyal Customers,0,0
12670,10.0,7.0,3750.39,5,4,5,545,14,Champions,1,1
12671,606.0,1.0,2622.481,1,1,4,114,6,Hibernating/Lost,0,2
12672,330.0,2.0,410.5,2,2,2,222,6,Hibernating/Lost,0,3
12673,5.0,3.0,1230.02,5,3,4,534,12,Loyal Customers,3,0
12674,39.0,4.0,1919.31,4,3,4,434,11,Loyal Customers,3,1
12675,554.0,2.0,934.8,1,2,3,123,6,Hibernating/Lost,0,3
12676,25.0,11.0,2773.09,4,5,4,454,13,Champions,1,1
12677,555.0,2.0,389.3,1,2,2,122,5,Hibernating/Lost,0,3
12678,42.0,21.0,33851.13,4,5,5,455,14,Champions,2,-1
12679,59.0,4.0,1058.67,3,3,3,333,9,Loyal Customers,3,1
12680,1.0,4.0,880.81,5,3,3,533,11,Loyal Customers,3,7
12681,15.0,45.0,30551.76,5,5,5,555,15,Champions,2,-1
12682,4.0,52.0,23945.81,5,5,5,555,15,Champions,2,-1
12683,4.0,21.0,12418.6,5,5,5,555,15,Champions,1,-1
12684,8.0,7.0,2283.63,5,4,4,544,13,Champions,1,1
12685,28.0,6.0,2863.08,4,4,4,444,12,Champions,3,1
12686,372.0,1.0,178.28,2,1,1,211,4,Hibernating/Lost,0,2
12687,481.0,2.0,2138.91,1,2,4,124,7,Hibernating/Lost,0,3
12688,114.0,1.0,4873.8099999999995,3,1,5,315,9,Potential Loyalists,0,-1
12689,26.0,2.0,1247.61,4,2,4,424,10,New Customers,3,3
12690,206.0,1.0,389.01,2,1,2,212,5,Hibernating/Lost,0,2
12691,28.0,7.0,1170.4,4,4,3,443,11,Champions,3,1
12692,637.0,1.0,110.95,1,1,1,111,3,Hibernating/Lost,0,2
12693,127.0,7.0,1640.42,3,4,4,344,11,Loyal Customers,3,1
12694,70.0,3.0,1839.45,3,3,4,334,10,Loyal Customers,3,0
12695,7.0,7.0,1407.1200000000001,5,4,4,544,13,Champions,3,1
12696,435.0,2.0,801.15,1,2,3,123,6,Hibernating/Lost,0,3
12697,29.0,3.0,939.02,4,3,3,433,10,Loyal Customers,3,0
12698,590.0,1.0,339.75,1,1,2,112,4,Hibernating/Lost,0,2
12699,418.0,1.0,638.11,1,1,3,113,5,Hibernating/Lost,0,2
12700,8.0,4.0,4867.99,5,3,5,535,13,Loyal Customers,3,-1
12701,80.0,6.0,2446.41,3,4,4,344,11,Loyal Customers,3,1
12702,20.0,1.0,219.0,4,1,1,411,6,New Customers,3,2
12703,71.0,4.0,892.18,3,3,3,333,9,Loyal Customers,3,1
12704,7.0,8.0,2220.84,5,4,4,544,13,Champions,1,1
12705,15.0,14.0,11554.0,5,5,5,555,15,Champions,1,11
12707,292.0,1.0,603.42,2,1,3,213,6,Hibernating/Lost,0,2
12708,30.0,18.0,5118.16,4,5,5,455,14,Champions,1,1
12709,15.0,34.0,30312.61,5,5,5,555,15,Champions,2,-1
12710,97.0,3.0,1130.57,3,3,3,333,9,Loyal Customers,3,0
12711,612.0,2.0,1339.05,1,2,4,124,7,Hibernating/Lost,0,3
12712,29.0,21.0,6979.66,4,5,5,455,14,Champions,1,1
12713,1.0,1.0,848.55,5,1,3,513,9,New Customers,3,-1
12714,9.0,12.0,14093.71,5,5,5,555,15,Champions,1,-1
12715,106.0,1.0,353.86,3,1,2,312,6,Potential Loyalists,0,2
12716,4.0,2.0,1053.49,5,2,3,523,10,New Customers,3,3
12717,151.0,3.0,1258.91,3,3,4,334,10,Loyal Customers,0,0
12718,71.0,1.0,238.25,3,1,1,311,5,Potential Loyalists,3,2
12719,5.0,2.0,608.1,5,2,3,523,10,New Customers,3,3
12720,3.0,30.0,8047.88,5,5,5,555,15,Champions,1,4
12721,32.0,8.0,3906.68,4,4,5,445,13,Champions,1,1
12722,85.0,4.0,904.33,3,3,3,333,9,Loyal Customers,3,1
12723,4.0,5.0,725.07,5,4,3,543,12,Champions,3,1
12724,5.0,7.0,2317.52,5,4,4,544,13,Champions,1,1
12725,371.0,4.0,2694.56,2,3,4,234,9,At Risk,0,1
12726,28.0,11.0,4014.6,4,5,5,455,14,Champions,1,1
12727,11.0,10.0,5646.53,5,5,5,555,15,Champions,1,1
12728,71.0,5.0,1070.17,3,4,3,343,10,Loyal Customers,3,1
12729,114.0,1.0,453.01,3,1,2,312,6,Potential Loyalists,0,2
12730,522.0,1.0,829.25,1,1,3,113,5,Hibernating/Lost,0,2
12731,24.0,17.0,25673.21,4,5,5,455,14,Champions,2,-1
12732,180.0,1.0,236.26000000000002,3,1,1,311,5,Potential Loyalists,0,2
12733,234.0,4.0,2326.82,2,3,4,234,9,At Risk,0,1
12734,353.0,3.0,639.65,2,3,3,233,8,At Risk,0,0
12735,315.0,2.0,779.5699999999999,2,2,3,223,7,Hibernating/Lost,0,3
12736,333.0,1.0,234.0,2,1,1,211,4,Hibernating/Lost,0,2
12737,499.0,2.0,3710.5,1,2,5,125,8,Hibernating/Lost,0,3
12738,372.0,1.0,310.7,2,1,2,212,5,Hibernating/Lost,0,2
12739,78.0,4.0,2726.73,3,3,4,334,10,Loyal Customers,3,1
12740,64.0,1.0,427.6,3,1,2,312,6,Potential Loyalists,3,2
12741,529.0,2.0,406.07,1,2,2,122,5,Hibernating/Lost,0,3
12742,626.0,1.0,1185.02,1,1,3,113,5,Hibernating/Lost,0,2
12743,134.0,2.0,546.43,3,2,2,322,7,Potential Loyalists,0,3
12744,52.0,11.0,13158.16,4,5,5,455,14,Champions,1,-1
12745,487.0,3.0,925.41,1,3,3,133,7,At Risk,0,0
12746,541.0,1.0,230.85000000000002,1,1,1,111,3,Hibernating/Lost,0,2
12747,2.0,26.0,9164.59,5,5,5,555,15,Champions,1,4
12748,1.0,336.0,49970.13,5,5,5,555,15,Champions,2,-1
12749,4.0,9.0,6328.49,5,5,5,555,15,Champions,1,-1
12750,129.0,1.0,275.88,3,1,2,312,6,Potential Loyalists,0,2
12751,445.0,1.0,268.27,1,1,1,111,3,Hibernating/Lost,0,2
12752,81.0,1.0,4366.78,3,1,5,315,9,Potential Loyalists,3,-1
12753,23.0,6.0,21024.01,4,4,5,445,13,Champions,1,-1
12754,236.0,3.0,2949.12,2,3,5,235,10,At Risk,0,0
12755,281.0,11.0,6406.349999999999,2,5,5,255,12,Can't Lose Them,1,-1
12756,87.0,1.0,112.07999999999998,3,1,1,311,5,Potential Loyalists,0,2
12757,16.0,13.0,4227.7,5,5,5,555,15,Champions,1,1
12758,117.0,7.0,9779.0,3,4,5,345,12,Loyal Customers,1,-1
12759,52.0,8.0,5020.74,4,4,5,445,13,Champions,1,1
12760,456.0,1.0,347.8,1,1,2,112,4,Hibernating/Lost,0,2
12761,458.0,2.0,782.95,1,2,3,123,6,Hibernating/Lost,0,3
12762,8.0,2.0,1898.52,5,2,4,524,11,New Customers,3,3
12763,138.0,2.0,814.16,3,2,3,323,8,Potential Loyalists,0,3
12764,317.0,1.0,1693.88,2,1,4,214,7,Hibernating/Lost,0,2
12765,472.0,6.0,1404.58,1,4,4,144,9,Can't Lose Them,0,1
12766,4.0,9.0,10026.43,5,5,5,555,15,Champions,1,-1
12767,376.0,1.0,949.82,2,1,3,213,6,Hibernating/Lost,0,2
12768,451.0,1.0,3.552713678800501e-15,1,1,1,111,3,Hibernating/Lost,0,2
12769,239.0,1.0,1143.6,2,1,3,213,6,Hibernating/Lost,0,2
12770,211.0,2.0,2975.95,2,2,5,225,9,Hibernating/Lost,0,3
12771,486.0,1.0,262.5,1,1,1,111,3,Hibernating/Lost,0,2
12772,60.0,1.0,892.47,3,1,3,313,7,Potential Loyalists,3,2
12773,564.0,1.0,1.7763568394002505e-15,1,1,1,111,3,Hibernating/Lost,0,2
12774,536.0,1.0,98.7,1,1,1,111,3,Hibernating/Lost,0,2
12775,17.0,7.0,1651.32,5,4,4,544,13,Champions,3,1
12776,668.0,1.0,55.5,1,1,1,111,3,Hibernating/Lost,0,2
12777,458.0,1.0,519.45,1,1,2,112,4,Hibernating/Lost,0,2
12778,20.0,9.0,1757.68,4,5,4,454,13,Champions,1,1
12779,38.0,14.0,6406.76,4,5,5,455,14,Champions,1,1
12780,599.0,1.0,337.4,1,1,2,112,4,Hibernating/Lost,0,2
12781,64.0,2.0,707.72,3,2,3,323,8,Potential Loyalists,3,3
12782,5.0,11.0,4526.04,5,5,5,555,15,Champions,1,1
12783,2.0,6.0,1603.87,5,4,4,544,13,Champions,3,1
12784,9.0,3.0,1804.75,5,3,4,534,12,Loyal Customers,3,0
12785,364.0,3.0,1079.31,2,3,3,233,8,At Risk,0,0
12786,610.0,1.0,728.5,1,1,3,113,5,Hibernating/Lost,0,2
12787,10.0,4.0,859.18,5,3,3,533,11,Loyal Customers,3,1
12788,463.0,4.0,444.9,1,3,2,132,6,At Risk,0,1
12789,65.0,3.0,273.35,3,3,2,332,8,Loyal Customers,3,0
12790,192.0,2.0,563.45,2,2,2,222,6,Hibernating/Lost,0,3
12791,374.0,6.0,777.75,2,4,3,243,9,Can't Lose Them,0,1
12792,257.0,2.0,813.88,2,2,3,223,7,Hibernating/Lost,0,3
12793,335.0,3.0,1017.33,2,3,3,233,8,At Risk,0,0
12794,53.0,2.0,860.41,4,2,3,423,9,New Customers,3,3
12795,19.0,1.0,430.48,4,1,2,412,7,New Customers,3,2
12796,628.0,1.0,381.0,1,1,2,112,4,Hibernating/Lost,0,2
12797,366.0,2.0,725.46,2,2,3,223,7,Hibernating/Lost,0,3
12798,10.0,4.0,8510.93,5,3,5,535,13,Loyal Customers,1,-1
12799,529.0,1.0,219.35,1,1,1,111,3,Hibernating/Lost,0,2
12800,470.0,3.0,584.25,1,3,2,132,6,At Risk,0,0
12801,501.0,1.0,1031.87,1,1,3,113,5,Hibernating/Lost,0,2
12802,187.0,7.0,2350.42,3,4,4,344,11,Loyal Customers,0,1
12803,393.0,1.0,1092.81,2,1,3,213,6,Hibernating/Lost,0,2
12804,466.0,2.0,327.02,1,2,2,122,5,Hibernating/Lost,0,3
12805,382.0,4.0,1434.95,2,3,4,234,9,At Risk,0,1
12806,435.0,4.0,2878.96,1,3,4,134,8,At Risk,0,1
12807,383.0,1.0,269.95,2,1,1,211,4,Hibernating/Lost,0,2
12808,37.0,5.0,906.1,4,4,3,443,11,Champions,3,1
12809,178.0,3.0,1705.34,3,3,4,334,10,Loyal Customers,0,0
12810,535.0,2.0,534.99,1,2,2,122,5,Hibernating/Lost,0,3
12811,261.0,5.0,1033.9,2,4,3,243,9,Can't Lose Them,0,1
12812,45.0,1.0,229.64000000000001,4,1,1,411,6,New Customers,3,2
12813,502.0,3.0,1687.8,1,3,4,134,8,At Risk,0,0
12814,102.0,1.0,125.92,3,1,1,311,5,Potential Loyalists,0,2
12815,148.0,2.0,1063.46,3,2,3,323,8,Potential Loyalists,0,3
12816,96.0,2.0,572.2,3,2,2,322,7,Potential Loyalists,0,3
12817,281.0,3.0,690.98,2,3,3,233,8,At Risk,0,0
12818,262.0,1.0,1517.88,2,1,4,214,7,Hibernating/Lost,0,2
12819,458.0,1.0,540.52,1,1,2,112,4,Hibernating/Lost,0,2
12820,3.0,11.0,2647.94,5,5,4,554,14,Champions,1,1
12821,214.0,2.0,220.8,2,2,1,221,5,Hibernating/Lost,0,3
12822,71.0,2.0,918.98,3,2,3,323,8,Potential Loyalists,3,3
12823,75.0,18.0,6501.5,3,5,5,355,13,Loyal Customers,1,1
12824,60.0,1.0,397.12,3,1,2,312,6,Potential Loyalists,3,2
12825,521.0,2.0,518.63,1,2,2,122,5,Hibernating/Lost,0,3
12826,3.0,12.0,2928.69,5,5,5,555,15,Champions,1,1
12827,6.0,3.0,430.15000000000003,5,3,2,532,10,Loyal Customers,3,0
12828,3.0,6.0,1018.71,5,4,3,543,12,Champions,3,1
12829,337.0,3.0,345.35,2,3,2,232,7,At Risk,0,0
12830,38.0,6.0,6748.4,4,4,5,445,13,Champions,1,-1
12831,262.0,3.0,451.11,2,3,2,232,7,At Risk,0,0
12832,32.0,2.0,383.03,4,2,2,422,8,New Customers,3,3
12833,145.0,1.0,417.38,3,1,2,312,6,Potential Loyalists,0,2
12834,283.0,1.0,312.38,2,1,2,212,5,Hibernating/Lost,0,2
12835,428.0,41.0,6018.67,1,5,5,155,11,Can't Lose Them,1,-1
12836,59.0,15.0,6546.47,3,5,5,355,13,Loyal Customers,1,1
12837,173.0,2.0,688.41,3,2,3,323,8,Potential Loyalists,0,3
12838,34.0,10.0,3376.03,4,5,5,455,14,Champions,1,1
12839,3.0,26.0,9927.83,5,5,5,555,15,Champions,1,-1
12840,144.0,7.0,4013.87,3,4,5,345,12,Loyal Customers,1,1
12841,5.0,40.0,7390.4800000000005,5,5,5,555,15,Champions,1,-1
12842,70.0,4.0,1917.99,3,3,4,334,10,Loyal Customers,3,1
12843,66.0,30.0,6345.61,3,5,5,355,13,Loyal Customers,1,-1
12844,29.0,4.0,648.6,4,3,3,433,10,Loyal Customers,3,1
12845,267.0,4.0,354.09,2,3,2,232,7,At Risk,0,1
12846,682.0,1.0,15.58,1,1,1,111,3,Hibernating/Lost,0,2
12847,22.0,2.0,1636.8999999999999,4,2,4,424,10,New Customers,3,3
12848,676.0,1.0,208.0,1,1,1,111,3,Hibernating/Lost,0,2
12849,31.0,6.0,3090.56,4,4,5,445,13,Champions,3,1
12850,446.0,1.0,330.0,1,1,2,112,4,Hibernating/Lost,0,2
12851,97.0,2.0,284.13,3,2,2,322,7,Potential Loyalists,0,3
12852,295.0,1.0,299.75,2,1,2,212,5,Hibernating/Lost,0,2
12853,135.0,11.0,3728.5,3,5,5,355,13,Loyal Customers,1,1
12854,79.0,7.0,2922.37,3,4,5,345,12,Loyal Customers,3,1
12855,373.0,4.0,650.9399999999999,2,3,3,233,8,At Risk,0,1
12856,8.0,6.0,2162.68,5,4,4,544,13,Champions,3,1
12857,211.0,6.0,3684.25,2,4,5,245,11,Can't Lose Them,0,1
12858,383.0,1.0,151.73,2,1,1,211,4,Hibernating/Lost,0,2
12859,459.0,1.0,575.1,1,1,2,112,4,Hibernating/Lost,0,2
12860,693.0,1.0,55.47,1,1,1,111,3,Hibernating/Lost,0,2
12861,620.0,1.0,68.25,1,1,1,111,3,Hibernating/Lost,0,2
12862,426.0,2.0,1008.3199999999999,1,2,3,123,6,Hibernating/Lost,0,3
12863,52.0,6.0,2775.5499999999997,4,4,4,444,12,Champions,3,1
12864,138.0,2.0,299.57,3,2,2,322,7,Potential Loyalists,0,3
12865,26.0,4.0,3303.31,4,3,5,435,12,Loyal Customers,3,1
12866,283.0,3.0,1227.35,2,3,4,234,9,At Risk,0,0
12867,26.0,13.0,7862.69,4,5,5,455,14,Champions,1,1
12868,186.0,8.0,2247.06,3,4,4,344,11,Loyal Customers,0,1
12869,682.0,1.0,337.66999999999996,1,1,2,112,4,Hibernating/Lost,0,2
12870,375.0,3.0,1647.15,2,3,4,234,9,At Risk,0,0
12871,84.0,3.0,744.02,3,3,3,333,9,Loyal Customers,3,0
12872,327.0,12.0,3678.34,2,5,5,255,12,Can't Lose Them,1,1
12873,282.0,3.0,2027.3,2,3,4,234,9,At Risk,0,0
12874,385.0,2.0,933.42,2,2,3,223,7,Hibernating/Lost,0,3
12875,143.0,5.0,1356.99,3,4,4,344,11,Loyal Customers,0,1
12876,58.0,4.0,4068.59,4,3,5,435,12,Loyal Customers,3,1
12877,4.0,20.0,2955.17,5,5,5,555,15,Champions,1,1
12878,236.0,2.0,841.64,2,2,3,223,7,Hibernating/Lost,0,3
12879,45.0,3.0,552.5699999999999,4,3,2,432,9,Loyal Customers,3,0
12880,382.0,2.0,640.13,2,2,3,223,7,Hibernating/Lost,0,3
12881,276.0,1.0,298.0,2,1,2,212,5,Hibernating/Lost,0,2
12882,9.0,2.0,1463.04,5,2,4,524,11,New Customers,3,3
12883,25.0,4.0,703.47,4,3,3,433,10,Loyal Customers,3,1
12884,88.0,1.0,309.05,3,1,2,312,6,Potential Loyalists,0,2
12885,63.0,3.0,1158.27,3,3,3,333,9,Loyal Customers,3,0
12886,68.0,2.0,1351.09,3,2,4,324,9,Potential Loyalists,3,3
12887,384.0,1.0,222.4,2,1,1,211,4,Hibernating/Lost,0,2
12888,214.0,2.0,313.77,2,2,2,222,6,Hibernating/Lost,0,3
12889,381.0,4.0,365.66,2,3,2,232,7,At Risk,0,1
12890,24.0,2.0,717.27,4,2,3,423,9,New Customers,3,3
12891,186.0,11.0,819.5,3,5,3,353,11,Loyal Customers,3,1
12892,397.0,1.0,263.38,2,1,1,211,4,Hibernating/Lost,0,2
12893,31.0,1.0,188.14,4,1,1,411,6,New Customers,3,2
12894,575.0,1.0,157.35,1,1,1,111,3,Hibernating/Lost,0,2
12895,42.0,2.0,347.3,4,2,2,422,8,New Customers,3,3
12897,205.0,4.0,514.25,2,3,2,232,7,At Risk,0,1
12898,464.0,2.0,310.96000000000004,1,2,2,122,5,Hibernating/Lost,0,3
12899,414.0,1.0,366.4,1,1,2,112,4,Hibernating/Lost,0,2
12900,422.0,1.0,340.33,1,1,2,112,4,Hibernating/Lost,0,2
12901,9.0,28.0,16293.1,5,5,5,555,15,Champions,1,-1
12902,265.0,1.0,138.68,2,1,1,211,4,Hibernating/Lost,0,2
12903,429.0,1.0,833.53,1,1,3,113,5,Hibernating/Lost,0,2
12904,18.0,2.0,509.58,5,2,2,522,9,New Customers,3,3
12905,577.0,2.0,1011.82,1,2,3,123,6,Hibernating/Lost,0,3
12906,12.0,5.0,2919.81,5,4,5,545,14,Champions,3,1
12907,396.0,2.0,440.36,2,2,2,222,6,Hibernating/Lost,0,3
12908,176.0,5.0,1272.0,3,4,4,344,11,Loyal Customers,0,1
12909,40.0,8.0,3034.77,4,4,5,445,13,Champions,1,1
12910,23.0,13.0,5747.02,4,5,5,455,14,Champions,1,1
12911,552.0,1.0,1680.47,1,1,4,114,6,Hibernating/Lost,0,2
12912,3.0,5.0,1662.3,5,4,4,544,13,Champions,3,1
12913,5.0,13.0,6700.860000000001,5,5,5,555,15,Champions,1,1
12914,401.0,1.0,223.98,2,1,1,211,4,Hibernating/Lost,0,2
12915,149.0,4.0,1084.85,3,3,3,333,9,Loyal Customers,0,1
12916,139.0,7.0,4630.22,3,4,5,345,12,Loyal Customers,1,1
12917,128.0,6.0,4329.5,3,4,5,345,12,Loyal Customers,3,1
12918,626.0,1.0,-10953.5,1,1,1,111,3,Hibernating/Lost,0,-1
12919,8.0,6.0,1301.44,5,4,4,544,13,Champions,3,1
12920,17.0,4.0,488.09000000000003,5,3,2,532,10,Loyal Customers,3,1
12921,9.0,74.0,34639.45,5,5,5,555,15,Champions,2,-1
12922,161.0,1.0,405.38,3,1,2,312,6,Potential Loyalists,0,2
12923,64.0,3.0,789.87,3,3,3,333,9,Loyal Customers,3,0
12924,88.0,12.0,2423.15,3,5,4,354,12,Loyal Customers,1,1
12925,5.0,3.0,729.3299999999999,5,3,3,533,11,Loyal Customers,3,0
12926,411.0,4.0,1548.46,1,3,4,134,8,At Risk,0,1
12927,395.0,1.0,197.31,2,1,1,211,4,Hibernating/Lost,0,2
12928,35.0,12.0,4304.89,4,5,5,455,14,Champions,1,1
12929,312.0,1.0,105.1,2,1,1,211,4,Hibernating/Lost,0,2
12930,78.0,2.0,409.9,3,2,2,322,7,Potential Loyalists,3,3
12931,22.0,57.0,71299.67,4,5,5,455,14,Champions,2,-1
12932,539.0,8.0,1698.56,1,4,4,144,9,Can't Lose Them,0,1
12933,24.0,8.0,1627.28,4,4,4,444,12,Champions,3,1
12934,737.0,1.0,181.65,1,1,1,111,3,Hibernating/Lost,0,2
12935,2.0,15.0,4182.01,5,5,5,555,15,Champions,1,1
12936,17.0,4.0,1012.9,5,3,3,533,11,Loyal Customers,3,1
12937,15.0,9.0,3097.61,5,5,5,555,15,Champions,1,1
12938,26.0,1.0,114.14,4,1,1,411,6,New Customers,3,2
12939,64.0,20.0,25264.8,3,5,5,355,13,Loyal Customers,2,-1
12940,55.0,2.0,876.29,4,2,3,423,9,New Customers,3,3
12941,724.0,1.0,377.49,1,1,2,112,4,Hibernating/Lost,0,2
12942,131.0,3.0,942.65,3,3,3,333,9,Loyal Customers,0,0
12943,558.0,2.0,489.0,1,2,2,122,5,Hibernating/Lost,0,3
12944,36.0,2.0,604.51,4,2,3,423,9,New Customers,3,3
12945,288.0,2.0,900.11,2,2,3,223,7,Hibernating/Lost,0,3
12946,437.0,1.0,324.45,1,1,2,112,4,Hibernating/Lost,0,2
12947,144.0,6.0,1711.33,3,4,4,344,11,Loyal Customers,3,1
12948,16.0,9.0,2306.18,5,5,4,554,14,Champions,1,1
12949,31.0,22.0,15391.0,4,5,5,455,14,Champions,1,-1
12950,2.0,3.0,1843.0,5,3,4,534,12,Loyal Customers,3,0
12951,9.0,15.0,3164.42,5,5,5,555,15,Champions,1,1
12952,6.0,4.0,1382.8400000000001,5,3,4,534,12,Loyal Customers,3,1
12953,10.0,2.0,828.8100000000001,5,2,3,523,10,New Customers,3,3
12954,639.0,1.0,162.45,1,1,1,111,3,Hibernating/Lost,0,2
12955,1.0,11.0,4734.26,5,5,5,555,15,Champions,1,5
12956,306.0,4.0,521.89,2,3,2,232,7,At Risk,0,1
12957,10.0,13.0,8628.42,5,5,5,555,15,Champions,1,1
12958,400.0,2.0,539.49,2,2,2,222,6,Hibernating/Lost,0,3
12959,484.0,1.0,133.35,1,1,1,111,3,Hibernating/Lost,0,2
12960,414.0,4.0,1322.07,1,3,4,134,8,At Risk,0,1
12961,379.0,1.0,211.99,2,1,1,211,4,Hibernating/Lost,0,2
12962,7.0,2.0,266.39,5,2,1,521,8,New Customers,3,3
12963,8.0,12.0,3512.79,5,5,5,555,15,Champions,1,1
12964,437.0,1.0,132.24,1,1,1,111,3,Hibernating/Lost,0,2
12965,89.0,1.0,771.91,3,1,3,313,7,Potential Loyalists,0,2
12966,10.0,1.0,160.18,5,1,1,511,7,New Customers,3,2
12967,358.0,3.0,3840.77,2,3,5,235,10,At Risk,0,0
12968,112.0,1.0,135.95,3,1,1,311,5,Potential Loyalists,0,2
12969,603.0,1.0,122.45,1,1,1,111,3,Hibernating/Lost,0,2
12970,7.0,10.0,1524.97,5,5,4,554,14,Champions,1,1
12971,4.0,116.0,15482.74,5,5,5,555,15,Champions,2,-1
12972,414.0,4.0,1115.95,1,3,3,133,7,At Risk,0,1
12973,414.0,1.0,385.55,1,1,2,112,4,Hibernating/Lost,0,2
12974,198.0,2.0,408.95,2,2,2,222,6,Hibernating/Lost,0,3
12975,437.0,6.0,1993.99,1,4,4,144,9,Can't Lose Them,0,1
12976,212.0,8.0,3156.38,2,4,5,245,11,Can't Lose Them,0,1
12977,156.0,4.0,517.63,3,3,2,332,8,Loyal Customers,0,1
12978,385.0,5.0,2496.07,2,4,4,244,10,Can't Lose Them,0,1
12979,729.0,1.0,479.53999999999996,1,1,2,112,4,Hibernating/Lost,0,2
12980,158.0,21.0,15909.390000000001,3,5,5,355,13,Loyal Customers,1,-1
12981,30.0,2.0,372.21999999999997,4,2,2,422,8,New Customers,3,3
12982,243.0,8.0,2562.12,2,4,4,244,10,Can't Lose Them,0,1
12983,598.0,1.0,490.08000000000004,1,1,2,112,4,Hibernating/Lost,0,2
12984,19.0,1.0,97.5,4,1,1,411,6,New Customers,3,2
12985,1.0,2.0,1215.6200000000001,5,2,4,524,11,New Customers,3,-1
12986,429.0,10.0,1991.5900000000001,1,5,4,154,10,Can't Lose Them,0,1
12987,74.0,5.0,1298.51,3,4,4,344,11,Loyal Customers,3,1
12988,292.0,1.0,535.32,2,1,2,212,5,Hibernating/Lost,0,2
12989,3.0,33.0,12846.8,5,5,5,555,15,Champions,1,-1
12990,31.0,7.0,955.5,4,4,3,443,11,Champions,3,1
12991,23.0,3.0,764.82,4,3,3,433,10,Loyal Customers,3,0
12992,725.0,1.0,93.35000000000001,1,1,1,111,3,Hibernating/Lost,0,2
12993,23.0,8.0,1191.26,4,4,3,443,11,Champions,3,1
12994,4.0,3.0,902.22,5,3,3,533,11,Loyal Customers,3,0
12995,85.0,1.0,200.72,3,1,1,311,5,Potential Loyalists,0,2
12996,376.0,1.0,355.5,2,1,2,212,5,Hibernating/Lost,0,2
12997,22.0,8.0,2065.11,4,4,4,444,12,Champions,1,1
12998,493.0,3.0,897.38,1,3,3,133,7,At Risk,0,0
12999,196.0,3.0,455.88,2,3,2,232,7,At Risk,0,0
13000,107.0,4.0,965.0,3,3,3,333,9,Loyal Customers,3,1
13001,4.0,33.0,24136.05,5,5,5,555,15,Champions,2,-1
13002,318.0,3.0,414.13,2,3,2,232,7,At Risk,0,0
13003,106.0,3.0,149.05,3,3,1,331,7,Loyal Customers,3,0
13004,12.0,36.0,11143.99,5,5,5,555,15,Champions,1,6
13005,174.0,4.0,935.03,3,3,3,333,9,Loyal Customers,0,1
13006,56.0,1.0,81.57,4,1,1,411,6,New Customers,3,2
13007,580.0,1.0,175.25,1,1,1,111,3,Hibernating/Lost,0,2
13008,323.0,3.0,543.28,2,3,2,232,7,At Risk,0,0
13009,673.0,1.0,234.0,1,1,1,111,3,Hibernating/Lost,0,2
13010,374.0,2.0,330.12,2,2,2,222,6,Hibernating/Lost,0,3
13011,372.0,1.0,101.10000000000001,2,1,1,211,4,Hibernating/Lost,0,2
13012,9.0,11.0,2591.1800000000003,5,5,4,554,14,Champions,1,1
13013,1.0,29.0,12601.82,5,5,5,555,15,Champions,1,-1
13014,11.0,11.0,5220.83,5,5,5,555,15,Champions,1,1
13015,53.0,11.0,6465.72,4,5,5,455,14,Champions,1,1
13016,73.0,3.0,789.89,3,3,3,333,9,Loyal Customers,3,0
13017,7.0,1.0,204.0,5,1,1,511,7,New Customers,3,2
13018,16.0,35.0,9742.81,5,5,5,555,15,Champions,1,-1
13019,379.0,6.0,1212.95,2,4,4,244,10,Can't Lose Them,0,1
13020,563.0,2.0,606.96,1,2,3,123,6,Hibernating/Lost,0,3
13021,4.0,17.0,4786.38,5,5,5,555,15,Champions,1,1
13022,430.0,1.0,65.3,1,1,1,111,3,Hibernating/Lost,0,2
13023,64.0,3.0,1449.03,3,3,4,334,10,Loyal Customers,3,0
13024,471.0,2.0,535.42,1,2,2,122,5,Hibernating/Lost,0,3
13025,732.0,1.0,323.39,1,1,2,112,4,Hibernating/Lost,0,2
13026,1.0,9.0,1690.12,5,5,4,554,14,Champions,1,5
13027,114.0,19.0,17148.0,3,5,5,355,13,Loyal Customers,1,-1
13028,23.0,2.0,659.68,4,2,3,423,9,New Customers,3,3
13029,31.0,5.0,1927.3,4,4,4,444,12,Champions,3,1
13030,11.0,2.0,1227.22,5,2,4,524,11,New Customers,3,3
13031,407.0,5.0,3419.27,2,4,5,245,11,Can't Lose Them,0,1
13032,52.0,9.0,2817.59,4,5,4,454,13,Champions,1,1
13033,357.0,2.0,220.55,2,2,1,221,5,Hibernating/Lost,0,3
13034,55.0,3.0,922.68,4,3,3,433,10,Loyal Customers,3,0
13035,74.0,3.0,1328.95,3,3,4,334,10,Loyal Customers,3,0
13036,685.0,1.0,307.1,1,1,2,112,4,Hibernating/Lost,0,2
13037,138.0,12.0,3842.55,3,5,5,355,13,Loyal Customers,1,1
13038,80.0,3.0,908.46,3,3,3,333,9,Loyal Customers,3,0
13039,584.0,4.0,1010.73,1,3,3,133,7,At Risk,0,1
13040,9.0,2.0,676.99,5,2,3,523,10,New Customers,3,3
13041,451.0,4.0,799.13,1,3,3,133,7,At Risk,0,1
13042,598.0,3.0,1522.79,1,3,4,134,8,At Risk,0,0
13043,273.0,1.0,471.57,2,1,2,212,5,Hibernating/Lost,0,2
13044,291.0,11.0,4824.2,2,5,5,255,12,Can't Lose Them,1,1
13045,99.0,3.0,808.92,3,3,3,333,9,Loyal Customers,3,0
13046,31.0,3.0,949.25,4,3,3,433,10,Loyal Customers,3,0
13047,32.0,24.0,8466.72,4,5,5,455,14,Champions,1,1
13048,14.0,9.0,4035.16,5,5,5,555,15,Champions,1,1
13049,64.0,4.0,1384.14,3,3,4,334,10,Loyal Customers,3,1
13050,15.0,35.0,11822.44,5,5,5,555,15,Champions,1,6
13051,579.0,2.0,155.8,1,2,1,121,4,Hibernating/Lost,0,3
13052,212.0,7.0,3168.53,2,4,5,245,11,Can't Lose Them,0,1
13053,622.0,1.0,127.65,1,1,1,111,3,Hibernating/Lost,0,2
13055,78.0,4.0,2292.5099999999998,3,3,4,334,10,Loyal Customers,3,1
13056,551.0,1.0,209.48,1,1,1,111,3,Hibernating/Lost,0,2
13057,530.0,3.0,540.74,1,3,2,132,6,At Risk,0,0
13058,25.0,3.0,271.40000000000003,4,3,1,431,8,Loyal Customers,3,0
13059,250.0,10.0,2272.62,2,5,4,254,11,Can't Lose Them,0,1
13060,254.0,1.0,307.53,2,1,2,212,5,Hibernating/Lost,0,2
13061,72.0,1.0,248.61,3,1,1,311,5,Potential Loyalists,3,2
13062,191.0,1.0,346.98,2,1,2,212,5,Hibernating/Lost,0,2
13063,481.0,1.0,188.4,1,1,1,111,3,Hibernating/Lost,0,2
13064,13.0,6.0,1680.74,5,4,4,544,13,Champions,3,1
13065,373.0,5.0,1255.96,2,4,4,244,10,Can't Lose Them,0,1
13066,24.0,2.0,430.9,4,2,2,422,8,New Customers,3,3
13067,82.0,3.0,508.51,3,3,2,332,8,Loyal Customers,3,0
13068,10.0,2.0,344.0,5,2,2,522,9,New Customers,3,3
13069,1.0,38.0,8747.47,5,5,5,555,15,Champions,1,-1
13070,192.0,4.0,743.9,2,3,3,233,8,At Risk,0,1
13071,612.0,1.0,129.22,1,1,1,111,3,Hibernating/Lost,0,2
13072,267.0,1.0,177.15,2,1,1,211,4,Hibernating/Lost,0,2
13073,411.0,2.0,418.08,1,2,2,122,5,Hibernating/Lost,0,3
13074,511.0,4.0,1362.8400000000001,1,3,4,134,8,At Risk,0,1
13075,130.0,1.0,919.61,3,1,3,313,7,Potential Loyalists,0,2
13076,458.0,1.0,135.4,1,1,1,111,3,Hibernating/Lost,0,2
13077,1.0,11.0,3040.17,5,5,5,555,15,Champions,1,5
13078,3.0,57.0,28883.83,5,5,5,555,15,Champions,2,-1
13079,4.0,6.0,419.18,5,4,2,542,11,Champions,3,1
13080,179.0,4.0,260.83,3,3,1,331,7,Loyal Customers,0,1
13081,12.0,28.0,58328.15,5,5,5,555,15,Champions,2,-1
13082,126.0,21.0,7268.92,3,5,5,355,13,Loyal Customers,1,-1
13083,4.0,3.0,395.43,5,3,2,532,10,Loyal Customers,3,0
13084,492.0,1.0,116.44999999999999,1,1,1,111,3,Hibernating/Lost,0,2
13085,158.0,8.0,1459.46,3,4,4,344,11,Loyal Customers,3,1
13086,383.0,1.0,439.33000000000004,2,1,2,212,5,Hibernating/Lost,0,2
13087,726.0,1.0,313.64,1,1,2,112,4,Hibernating/Lost,0,2
13088,417.0,1.0,236.11,1,1,1,111,3,Hibernating/Lost,0,2
13089,3.0,203.0,113214.19,5,5,5,555,15,Champions,2,-1
13090,9.0,24.0,13771.28,5,5,5,555,15,Champions,1,-1
13091,28.0,3.0,-130.21999999999997,4,3,1,431,8,Loyal Customers,3,0
13092,71.0,12.0,2007.33,3,5,4,354,12,Loyal Customers,1,1
13093,276.0,55.0,54073.729999999996,2,5,5,255,12,Can't Lose Them,2,-1
13094,21.0,13.0,2214.6600000000003,4,5,4,454,13,Champions,1,1
13095,71.0,1.0,74.39999999999999,3,1,1,311,5,Potential Loyalists,3,2
13096,394.0,1.0,419.70000000000005,2,1,2,212,5,Hibernating/Lost,0,2
13097,33.0,28.0,12861.73,4,5,5,455,14,Champions,1,-1
13098,1.0,28.0,28658.88,5,5,5,555,15,Champions,2,-1
13099,99.0,1.0,207.35999999999999,3,1,1,311,5,Potential Loyalists,0,2
13101,234.0,4.0,695.4,2,3,3,233,8,At Risk,0,1
13102,1.0,37.0,11440.12,5,5,5,555,15,Champions,1,-1
13103,40.0,3.0,709.64,4,3,3,433,10,Loyal Customers,3,0
13104,3.0,9.0,1709.1,5,5,4,554,14,Champions,1,1
13105,436.0,1.0,72.0,1,1,1,111,3,Hibernating/Lost,0,2
13106,133.0,2.0,586.46,3,2,2,322,7,Potential Loyalists,0,3
13107,44.0,9.0,5109.62,4,5,5,455,14,Champions,1,1
13108,373.0,2.0,1098.52,2,2,3,223,7,Hibernating/Lost,0,3
13109,60.0,3.0,1107.58,3,3,3,333,9,Loyal Customers,3,0
13110,31.0,12.0,2896.17,4,5,5,455,14,Champions,1,1
13111,719.0,1.0,321.88000000000005,1,1,2,112,4,Hibernating/Lost,0,2
13112,541.0,1.0,-5.44,1,1,1,111,3,Hibernating/Lost,0,2
13113,1.0,37.0,16600.25,5,5,5,555,15,Champions,2,-1
13114,731.0,1.0,234.38,1,1,1,111,3,Hibernating/Lost,0,2
13115,12.0,10.0,5374.45,5,5,5,555,15,Champions,1,1
13116,138.0,1.0,485.19,3,1,2,312,6,Potential Loyalists,0,2
13117,22.0,18.0,2642.11,4,5,4,454,13,Champions,1,1
13118,20.0,9.0,2334.1,4,5,4,454,13,Champions,1,1
13119,669.0,1.0,134.9,1,1,1,111,3,Hibernating/Lost,0,2
13120,239.0,1.0,30.599999999999998,2,1,1,211,4,Hibernating/Lost,0,2
13121,269.0,1.0,254.73,2,1,1,211,4,Hibernating/Lost,0,2
13122,94.0,2.0,922.39,3,2,3,323,8,Potential Loyalists,0,3
13123,473.0,2.0,506.75,1,2,2,122,5,Hibernating/Lost,0,3
13124,90.0,4.0,4782.45,3,3,5,335,11,Loyal Customers,3,1
13125,524.0,1.0,158.57,1,1,1,111,3,Hibernating/Lost,0,2
13126,5.0,13.0,3902.47,5,5,5,555,15,Champions,1,1
13127,78.0,1.0,259.17,3,1,1,311,5,Potential Loyalists,0,2
13128,631.0,1.0,263.5,1,1,1,111,3,Hibernating/Lost,0,2
13129,452.0,2.0,233.25,1,2,1,121,4,Hibernating/Lost,0,3
13130,94.0,1.0,64.0,3,1,1,311,5,Potential Loyalists,0,2
13131,23.0,7.0,3279.77,4,4,5,445,13,Champions,1,1
13132,262.0,1.0,77.3,2,1,1,211,4,Hibernating/Lost,0,2
13133,274.0,3.0,200.45000000000002,2,3,1,231,6,At Risk,0,0
13134,86.0,6.0,2422.28,3,4,4,344,11,Loyal Customers,3,1
13135,197.0,2.0,3371.45,2,2,5,225,9,Hibernating/Lost,0,3
13136,56.0,13.0,6077.8,4,5,5,455,14,Champions,1,1
13137,11.0,16.0,7667.37,5,5,5,555,15,Champions,1,1
13138,22.0,7.0,1454.49,4,4,4,444,12,Champions,3,1
13139,16.0,8.0,8193.83,5,4,5,545,14,Champions,1,-1
13140,108.0,5.0,1215.68,3,4,4,344,11,Loyal Customers,3,1
13141,85.0,17.0,7536.63,3,5,5,355,13,Loyal Customers,1,1
13142,19.0,1.0,307.09,4,1,2,412,7,New Customers,3,2
13143,585.0,1.0,399.2,1,1,2,112,4,Hibernating/Lost,0,2
13144,333.0,2.0,135.35,2,2,1,221,5,Hibernating/Lost,0,3
13145,40.0,7.0,1419.77,4,4,4,444,12,Champions,3,1
13146,26.0,1.0,228.91,4,1,1,411,6,New Customers,3,2
13147,10.0,4.0,712.8000000000001,5,3,3,533,11,Loyal Customers,3,1
13148,29.0,26.0,8123.6,4,5,5,455,14,Champions,1,1
13149,14.0,4.0,1676.06,5,3,4,534,12,Loyal Customers,3,1
13150,484.0,3.0,435.02,1,3,2,132,6,At Risk,0,0
13151,296.0,3.0,2511.69,2,3,4,234,9,At Risk,0,0
13152,417.0,7.0,2114.98,1,4,4,144,9,Can't Lose Them,0,1
13153,6.0,1.0,486.22,5,1,2,512,8,New Customers,3,2
13154,399.0,3.0,997.4300000000001,2,3,3,233,8,At Risk,0,0
13155,33.0,6.0,1750.18,4,4,4,444,12,Champions,3,1
13156,385.0,3.0,1586.54,2,3,4,234,9,At Risk,0,0
13157,49.0,9.0,5667.71,4,5,5,455,14,Champions,1,1
13158,95.0,5.0,1508.18,3,4,4,344,11,Loyal Customers,3,1
13159,9.0,4.0,1379.75,5,3,4,534,12,Loyal Customers,3,1
13160,22.0,1.0,91.8,4,1,1,411,6,New Customers,3,2
13161,313.0,2.0,478.88,2,2,2,222,6,Hibernating/Lost,0,3
13162,122.0,16.0,9116.94,3,5,5,355,13,Loyal Customers,1,-1
13163,610.0,1.0,0.0,1,1,1,111,3,Hibernating/Lost,0,2
13164,569.0,2.0,297.46000000000004,1,2,2,122,5,Hibernating/Lost,0,3
13165,46.0,3.0,1451.16,4,3,4,434,11,Loyal Customers,3,0
13166,283.0,2.0,881.68,2,2,3,223,7,Hibernating/Lost,0,3
13167,19.0,5.0,1125.15,4,4,3,443,11,Champions,3,1
13168,36.0,5.0,1866.26,4,4,4,444,12,Champions,3,1
13169,64.0,3.0,840.08,3,3,3,333,9,Loyal Customers,3,0
13170,27.0,1.0,116.00999999999999,4,1,1,411,6,New Customers,3,2
13171,22.0,3.0,426.81,4,3,2,432,9,Loyal Customers,3,0
13172,400.0,1.0,69.6,2,1,1,211,4,Hibernating/Lost,0,2
13173,4.0,11.0,2620.5,5,5,4,554,14,Champions,1,1
13174,16.0,12.0,9494.84,5,5,5,555,15,Champions,1,1
13175,582.0,2.0,793.1,1,2,3,123,6,Hibernating/Lost,0,3
13176,46.0,1.0,492.84,4,1,2,412,7,New Customers,3,2
13177,65.0,2.0,512.2,3,2,2,322,7,Potential Loyalists,3,3
13178,26.0,21.0,13997.89,4,5,5,455,14,Champions,1,-1
13179,619.0,1.0,572.3100000000001,1,1,2,112,4,Hibernating/Lost,0,2
13180,607.0,1.0,86.10000000000001,1,1,1,111,3,Hibernating/Lost,0,2
13181,381.0,1.0,359.69,2,1,2,212,5,Hibernating/Lost,0,2
13182,45.0,1.0,121.18,4,1,1,411,6,New Customers,3,2
13183,8.0,15.0,7010.88,5,5,5,555,15,Champions,1,1
13184,15.0,10.0,1648.79,5,5,4,554,14,Champions,1,1
13185,268.0,1.0,71.4,2,1,1,211,4,Hibernating/Lost,0,2
13186,40.0,3.0,1539.69,4,3,4,434,11,Loyal Customers,3,0
13187,337.0,4.0,348.31,2,3,2,232,7,At Risk,0,1
13188,11.0,1.0,114.60000000000001,5,1,1,511,7,New Customers,3,2
13189,19.0,2.0,260.68,4,2,1,421,7,New Customers,3,3
13190,544.0,3.0,518.76,1,3,2,132,6,At Risk,0,0
13191,658.0,1.0,164.69,1,1,1,111,3,Hibernating/Lost,0,2
13192,95.0,6.0,2544.53,3,4,4,344,11,Loyal Customers,3,1
13193,61.0,1.0,117.88,3,1,1,311,5,Potential Loyalists,3,2
13194,136.0,2.0,472.78,3,2,2,322,7,Potential Loyalists,0,3
13195,414.0,1.0,172.38,1,1,1,111,3,Hibernating/Lost,0,2
13196,11.0,7.0,3059.64,5,4,5,545,14,Champions,1,1
13197,610.0,1.0,373.01000000000005,1,1,2,112,4,Hibernating/Lost,0,2
13198,10.0,8.0,4912.28,5,4,5,545,14,Champions,1,1
13199,4.0,67.0,16404.98,5,5,5,555,15,Champions,2,-1
13200,19.0,4.0,870.09,4,3,3,433,10,Loyal Customers,3,1
13201,502.0,4.0,1240.6100000000001,1,3,4,134,8,At Risk,0,1
13202,394.0,7.0,1571.35,2,4,4,244,10,Can't Lose Them,0,1
13203,10.0,10.0,2630.55,5,5,4,554,14,Champions,1,1
13204,731.0,1.0,966.6600000000001,1,1,3,113,5,Hibernating/Lost,0,2
13205,443.0,1.0,2803.2,1,1,4,114,6,Hibernating/Lost,0,2
13206,400.0,13.0,8280.13,2,5,5,255,12,Can't Lose Them,1,-1
13207,15.0,4.0,535.86,5,3,2,532,10,Loyal Customers,3,1
13208,59.0,9.0,1970.5,3,5,4,354,12,Loyal Customers,1,1
13209,30.0,13.0,8438.06,4,5,5,455,14,Champions,1,1
13210,94.0,1.0,353.48,3,1,2,312,6,Potential Loyalists,0,2
13211,10.0,10.0,2706.87,5,5,4,554,14,Champions,1,1
13212,20.0,3.0,780.58,4,3,3,433,10,Loyal Customers,3,0
13213,57.0,11.0,3834.62,4,5,5,455,14,Champions,1,1
13214,418.0,7.0,3264.23,1,4,5,145,10,Can't Lose Them,0,1
13215,402.0,1.0,81.6,2,1,1,211,4,Hibernating/Lost,0,2
13216,268.0,1.0,333.74,2,1,2,212,5,Hibernating/Lost,0,2
13217,122.0,4.0,266.12,3,3,1,331,7,Loyal Customers,0,1
13218,127.0,1.0,62.63999999999999,3,1,1,311,5,Potential Loyalists,0,2
13219,618.0,1.0,76.23,1,1,1,111,3,Hibernating/Lost,0,2
13220,78.0,5.0,1336.0900000000001,3,4,4,344,11,Loyal Customers,3,1
13221,240.0,2.0,847.41,2,2,3,223,7,Hibernating/Lost,0,3
13222,577.0,1.0,88.5,1,1,1,111,3,Hibernating/Lost,0,2
13223,200.0,6.0,969.1200000000001,2,4,3,243,9,Can't Lose Them,0,1
13224,60.0,2.0,2150.85,3,2,4,324,9,Potential Loyalists,3,3
13225,3.0,16.0,15879.27,5,5,5,555,15,Champions,1,-1
13226,273.0,2.0,312.46,2,2,2,222,6,Hibernating/Lost,0,3
13227,202.0,1.0,257.7,2,1,1,211,4,Hibernating/Lost,0,2
13228,81.0,1.0,358.0,3,1,2,312,6,Potential Loyalists,0,2
13229,226.0,1.0,160.95,2,1,1,211,4,Hibernating/Lost,0,2
13230,4.0,30.0,6317.22,5,5,5,555,15,Champions,1,1
13232,13.0,7.0,1357.6,5,4,4,544,13,Champions,3,1
13233,74.0,4.0,1176.46,3,3,3,333,9,Loyal Customers,3,1
13234,673.0,2.0,356.95,1,2,2,122,5,Hibernating/Lost,0,3
13235,212.0,1.0,101.17000000000007,2,1,1,211,4,Hibernating/Lost,0,2
13236,25.0,2.0,727.27,4,2,3,423,9,New Customers,3,3
13237,388.0,1.0,643.0,2,1,3,213,6,Hibernating/Lost,0,2
13238,17.0,6.0,986.73,5,4,3,543,12,Champions,3,1
13239,262.0,5.0,1579.84,2,4,4,244,10,Can't Lose Them,0,1
13240,96.0,8.0,1661.17,3,4,4,344,11,Loyal Customers,3,1
13241,412.0,1.0,115.58,1,1,1,111,3,Hibernating/Lost,0,2
13242,112.0,7.0,699.4,3,4,3,343,10,Loyal Customers,3,1
13243,203.0,5.0,1278.04,2,4,4,244,10,Can't Lose Them,0,1
13244,93.0,1.0,121.74000000000001,3,1,1,311,5,Potential Loyalists,0,2
13245,51.0,2.0,989.22,4,2,3,423,9,New Customers,3,3
13246,18.0,11.0,3277.68,5,5,5,555,15,Champions,1,1
13247,18.0,4.0,501.12,5,3,2,532,10,Loyal Customers,3,1
13248,125.0,2.0,465.68,3,2,2,322,7,Potential Loyalists,0,3
13249,92.0,9.0,1608.93,3,5,4,354,12,Loyal Customers,3,1
13250,461.0,2.0,248.54000000000002,1,2,1,121,4,Hibernating/Lost,0,3
13251,402.0,1.0,252.68,2,1,1,211,4,Hibernating/Lost,0,2
13252,394.0,2.0,341.3,2,2,2,222,6,Hibernating/Lost,0,3
13253,157.0,4.0,2951.11,3,3,5,335,11,Loyal Customers,0,1
13254,376.0,1.0,51.410000000000004,2,1,1,211,4,Hibernating/Lost,0,2
13255,9.0,3.0,895.61,5,3,3,533,11,Loyal Customers,3,0
13257,436.0,1.0,117.95,1,1,1,111,3,Hibernating/Lost,0,2
13258,12.0,5.0,1035.18,5,4,3,543,12,Champions,3,1
13259,62.0,9.0,1433.38,3,5,4,354,12,Loyal Customers,3,1
13260,61.0,1.0,557.62,3,1,2,312,6,Potential Loyalists,3,2
13261,269.0,2.0,944.1,2,2,3,223,7,Hibernating/Lost,0,3
13262,263.0,3.0,573.45,2,3,2,232,7,At Risk,0,0
13263,1.0,39.0,8704.69,5,5,5,555,15,Champions,1,-1
13264,443.0,1.0,722.5600000000001,1,1,3,113,5,Hibernating/Lost,0,2
13265,53.0,5.0,2107.66,4,4,4,444,12,Champions,3,1
13266,11.0,19.0,5965.3,5,5,5,555,15,Champions,1,1
13267,3.0,36.0,9512.210000000001,5,5,5,555,15,Champions,1,-1
13268,18.0,11.0,3167.64,5,5,5,555,15,Champions,1,1
13269,1.0,28.0,8861.39,5,5,5,555,15,Champions,1,-1
13270,366.0,1.0,1180.0,2,1,3,213,6,Hibernating/Lost,0,2
13271,37.0,1.0,178.26,4,1,1,411,6,New Customers,3,2
13272,31.0,2.0,276.56,4,2,2,422,8,New Customers,3,3
13273,113.0,1.0,138.98,3,1,1,311,5,Potential Loyalists,0,2
13274,409.0,1.0,360.85,2,1,2,212,5,Hibernating/Lost,0,2
13275,384.0,2.0,241.66,2,2,1,221,5,Hibernating/Lost,0,3
13276,64.0,5.0,1918.56,3,4,4,344,11,Loyal Customers,3,1
13277,16.0,7.0,523.3,5,4,2,542,11,Champions,3,1
13278,41.0,4.0,1428.2,4,3,4,434,11,Loyal Customers,3,1
13279,78.0,1.0,126.30000000000001,3,1,1,311,5,Potential Loyalists,0,2
13280,122.0,7.0,2297.13,3,4,4,344,11,Loyal Customers,3,1
13281,439.0,1.0,306.45,1,1,2,112,4,Hibernating/Lost,0,2
13282,18.0,4.0,1228.89,5,3,4,534,12,Loyal Customers,3,1
13283,60.0,4.0,373.36,3,3,2,332,8,Loyal Customers,3,1
13284,331.0,1.0,196.15,2,1,1,211,4,Hibernating/Lost,0,2
13285,23.0,6.0,3364.59,4,4,5,445,13,Champions,3,1
13286,600.0,1.0,734.91,1,1,3,113,5,Hibernating/Lost,0,2
13287,603.0,3.0,519.67,1,3,2,132,6,At Risk,0,0
13288,443.0,5.0,892.16,1,4,3,143,8,Can't Lose Them,0,1
13289,724.0,1.0,307.95,1,1,2,112,4,Hibernating/Lost,0,2
13290,438.0,1.0,-208.63,1,1,1,111,3,Hibernating/Lost,0,2
13291,156.0,11.0,3320.84,3,5,5,355,13,Loyal Customers,1,1
13292,39.0,5.0,987.79,4,4,3,443,11,Champions,3,1
13293,392.0,6.0,1180.34,2,4,3,243,9,Can't Lose Them,0,1
13294,190.0,3.0,1689.53,2,3,4,234,9,At Risk,0,0
13295,360.0,4.0,1058.02,2,3,3,233,8,At Risk,0,1
13296,137.0,6.0,792.51,3,4,3,343,10,Loyal Customers,3,1
13297,8.0,7.0,4352.67,5,4,5,545,14,Champions,1,1
13298,1.0,1.0,360.0,5,1,2,512,8,New Customers,3,-1
13299,268.0,3.0,1173.3,2,3,3,233,8,At Risk,0,0
13300,169.0,3.0,1267.21,3,3,4,334,10,Loyal Customers,0,0
13301,104.0,4.0,618.09,3,3,3,333,9,Loyal Customers,3,1
13302,155.0,2.0,159.2,3,2,1,321,6,Potential Loyalists,0,3
13303,400.0,1.0,61.72,2,1,1,211,4,Hibernating/Lost,0,2
13304,351.0,4.0,1120.79,2,3,3,233,8,At Risk,0,1
13305,4.0,16.0,3754.71,5,5,5,555,15,Champions,1,1
13306,430.0,1.0,53.65,1,1,1,111,3,Hibernating/Lost,0,2
13307,120.0,3.0,273.34,3,3,2,332,8,Loyal Customers,0,0
13308,23.0,4.0,1652.47,4,3,4,434,11,Loyal Customers,3,1
13309,7.0,6.0,1706.3700000000001,5,4,4,544,13,Champions,3,1
13310,28.0,5.0,1492.8,4,4,4,444,12,Champions,3,1
13311,4.0,2.0,598.57,5,2,2,522,9,New Customers,3,3
13312,451.0,1.0,124.75,1,1,1,111,3,Hibernating/Lost,0,2
13313,22.0,12.0,3423.27,4,5,5,455,14,Champions,1,1
13314,2.0,3.0,578.66,5,3,2,532,10,Loyal Customers,3,0
13315,689.0,1.0,310.26,1,1,2,112,4,Hibernating/Lost,0,2
13316,37.0,10.0,12906.93,4,5,5,455,14,Champions,1,-1
13317,66.0,19.0,6068.531,3,5,5,355,13,Loyal Customers,1,1
13318,1.0,3.0,640.76,5,3,3,533,11,Loyal Customers,3,8
13319,5.0,58.0,21706.09,5,5,5,555,15,Champions,2,-1
13320,78.0,6.0,2160.95,3,4,4,344,11,Loyal Customers,3,1
13321,72.0,2.0,567.36,3,2,2,322,7,Potential Loyalists,3,3
13322,17.0,1.0,199.48000000000002,5,1,1,511,7,New Customers,3,2
13323,3.0,5.0,787.85,5,4,3,543,12,Champions,3,1
13324,36.0,18.0,10421.369999999999,4,5,5,455,14,Champions,1,1
13325,82.0,1.0,675.3,3,1,3,313,7,Potential Loyalists,0,2
13326,432.0,1.0,281.76,1,1,2,112,4,Hibernating/Lost,0,2
13327,39.0,20.0,9741.03,4,5,5,455,14,Champions,1,1
13328,316.0,1.0,1308.48,2,1,4,214,7,Hibernating/Lost,0,2
13329,32.0,8.0,4977.0199999999995,4,4,5,445,13,Champions,1,1
13330,93.0,6.0,2806.18,3,4,4,344,11,Loyal Customers,3,1
13331,402.0,1.0,262.4,2,1,1,211,4,Hibernating/Lost,0,2
13332,14.0,1.0,350.9,5,1,2,512,8,New Customers,3,2
13333,411.0,3.0,1015.74,1,3,3,133,7,At Risk,0,0
13334,82.0,5.0,6257.0,3,4,5,345,12,Loyal Customers,1,-1
13336,77.0,1.0,795.12,3,1,3,313,7,Potential Loyalists,0,2
13337,546.0,1.0,1548.55,1,1,4,114,6,Hibernating/Lost,0,2
13338,158.0,4.0,2223.62,3,3,4,334,10,Loyal Customers,0,1
13339,201.0,1.0,860.12,2,1,3,213,6,Hibernating/Lost,0,2
13340,45.0,12.0,22100.56,4,5,5,455,14,Champions,2,-1
13341,261.0,1.0,775.85,2,1,3,213,6,Hibernating/Lost,0,2
13343,178.0,1.0,303.93,3,1,2,312,6,Potential Loyalists,0,2
13344,68.0,3.0,2543.72,3,3,4,334,10,Loyal Customers,3,0
13345,288.0,1.0,377.6,2,1,2,212,5,Hibernating/Lost,0,2
13346,463.0,6.0,299.4,1,4,2,142,7,Can't Lose Them,0,1
13347,70.0,1.0,341.36,3,1,2,312,6,Potential Loyalists,3,2
13348,64.0,1.0,233.76,3,1,1,311,5,Potential Loyalists,3,2
13349,11.0,1.0,247.32,5,1,1,511,7,New Customers,3,2
13350,16.0,2.0,910.72,5,2,3,523,10,New Customers,3,3
13351,66.0,1.0,373.94,3,1,2,312,6,Potential Loyalists,3,2
13352,60.0,1.0,389.28,3,1,2,312,6,Potential Loyalists,3,2
13354,71.0,1.0,743.53,3,1,3,313,7,Potential Loyalists,3,2
13355,122.0,1.0,674.7,3,1,3,313,7,Potential Loyalists,0,2
13356,80.0,1.0,768.24,3,1,3,313,7,Potential Loyalists,0,2
13357,257.0,5.0,3838.36,2,4,5,245,11,Can't Lose Them,0,1
13358,269.0,1.0,439.03,2,1,2,212,5,Hibernating/Lost,0,2
13359,64.0,2.0,1001.96,3,2,3,323,8,Potential Loyalists,3,3
13360,432.0,4.0,1464.1,1,3,4,134,8,At Risk,0,1
13361,472.0,2.0,1450.5,1,2,4,124,7,Hibernating/Lost,0,3
13362,9.0,7.0,5357.57,5,4,5,545,14,Champions,1,1
13363,18.0,3.0,1723.86,5,3,4,534,12,Loyal Customers,3,0
13364,71.0,1.0,0.0,3,1,1,311,5,Potential Loyalists,3,2
13365,34.0,2.0,2164.32,4,2,4,424,10,New Customers,3,3
13366,50.0,1.0,56.160000000000004,4,1,1,411,6,New Customers,3,2
13367,432.0,1.0,510.20000000000005,1,1,2,112,4,Hibernating/Lost,0,2
13368,257.0,4.0,1086.1,2,3,3,233,8,At Risk,0,1
13369,366.0,1.0,572.03,2,1,2,212,5,Hibernating/Lost,0,2
13370,372.0,1.0,1442.64,2,1,4,214,7,Hibernating/Lost,0,2
13371,505.0,2.0,2271.46,1,2,4,124,7,Hibernating/Lost,0,3
13372,90.0,1.0,378.64,3,1,2,312,6,Potential Loyalists,0,2
13373,61.0,6.0,7587.1900000000005,3,4,5,345,12,Loyal Customers,1,-1
13374,415.0,2.0,422.8,1,2,2,122,5,Hibernating/Lost,0,3
13375,89.0,2.0,1786.48,3,2,4,324,9,Potential Loyalists,3,3
13376,99.0,3.0,1019.76,3,3,3,333,9,Loyal Customers,3,0
13377,397.0,2.0,1495.43,2,2,4,224,8,Hibernating/Lost,0,3
13379,26.0,3.0,572.56,4,3,2,432,9,Loyal Customers,3,0
13380,433.0,1.0,62.4,1,1,1,111,3,Hibernating/Lost,0,2
13381,32.0,12.0,8185.02,4,5,5,455,14,Champions,1,1
13382,281.0,5.0,1387.58,2,4,4,244,10,Can't Lose Them,0,1
13383,544.0,1.0,305.28000000000003,1,1,2,112,4,Hibernating/Lost,0,2
13384,31.0,11.0,6635.09,4,5,5,455,14,Champions,1,1
13385,330.0,1.0,534.57,2,1,2,212,5,Hibernating/Lost,0,2
13386,414.0,2.0,835.46,1,2,3,123,6,Hibernating/Lost,0,3
13387,417.0,1.0,189.44,1,1,1,111,3,Hibernating/Lost,0,2
13388,131.0,3.0,1135.7,3,3,3,333,9,Loyal Customers,0,0
13389,11.0,3.0,797.96,5,3,3,533,11,Loyal Customers,3,0
13390,75.0,1.0,544.08,3,1,2,312,6,Potential Loyalists,0,2
13391,204.0,1.0,59.8,2,1,1,211,4,Hibernating/Lost,0,2
13392,677.0,1.0,91.14,1,1,1,111,3,Hibernating/Lost,0,2
13393,584.0,4.0,1105.85,1,3,3,133,7,At Risk,0,1
13394,2.0,19.0,6323.88,5,5,5,555,15,Champions,1,1
13395,185.0,3.0,1180.23,3,3,3,333,9,Loyal Customers,0,0
13396,29.0,2.0,1325.29,4,2,4,424,10,New Customers,3,3
13397,73.0,10.0,3094.11,3,5,5,355,13,Loyal Customers,1,1
13398,192.0,2.0,670.34,2,2,3,223,7,Hibernating/Lost,0,3
13399,464.0,3.0,275.4,1,3,2,132,6,At Risk,0,0
13400,583.0,1.0,300.93,1,1,2,112,4,Hibernating/Lost,0,2
13402,127.0,4.0,1535.13,3,3,4,334,10,Loyal Customers,3,1
13403,18.0,3.0,229.5,5,3,1,531,9,Loyal Customers,3,0
13404,1.0,2.0,252.49,5,2,1,521,8,New Customers,3,-1
13405,74.0,6.0,1196.561,3,4,3,343,10,Loyal Customers,3,1
13406,427.0,2.0,557.22,1,2,2,122,5,Hibernating/Lost,0,3
13407,579.0,3.0,2111.89,1,3,4,134,8,At Risk,0,0
13408,2.0,106.0,50852.852,5,5,5,555,15,Champions,2,-1
13410,24.0,9.0,2172.51,4,5,4,454,13,Champions,1,1
13411,107.0,1.0,213.55,3,1,1,311,5,Potential Loyalists,0,2
13412,620.0,1.0,487.34999999999997,1,1,2,112,4,Hibernating/Lost,0,2
13413,640.0,6.0,345.8,1,4,2,142,7,Can't Lose Them,0,1
13414,134.0,6.0,2482.24,3,4,4,344,11,Loyal Customers,3,1
13415,473.0,4.0,681.92,1,3,3,133,7,At Risk,0,1
13416,44.0,3.0,940.8000000000001,4,3,3,433,10,Loyal Customers,3,0
13417,5.0,6.0,1593.89,5,4,4,544,13,Champions,3,1
13418,12.0,31.0,11916.16,5,5,5,555,15,Champions,1,6
13419,64.0,1.0,221.06,3,1,1,311,5,Potential Loyalists,3,2
13420,150.0,2.0,140.35,3,2,1,321,6,Potential Loyalists,0,3
13421,40.0,8.0,4088.82,4,4,5,445,13,Champions,1,1
13422,64.0,1.0,2601.55,3,1,4,314,8,Potential Loyalists,3,2
13423,429.0,1.0,217.03,1,1,1,111,3,Hibernating/Lost,0,2
13424,450.0,1.0,557.92,1,1,2,112,4,Hibernating/Lost,0,2
13425,108.0,5.0,3375.9300000000003,3,4,5,345,12,Loyal Customers,3,1
13426,1.0,22.0,8076.76,5,5,5,555,15,Champions,1,9
13427,19.0,6.0,1006.53,5,4,3,543,12,Champions,3,1
13428,10.0,3.0,499.98,5,3,2,532,10,Loyal Customers,3,0
13429,11.0,4.0,1006.8,5,3,3,533,11,Loyal Customers,3,1
13430,19.0,2.0,648.6899999999999,5,2,3,523,10,New Customers,3,3
13431,67.0,8.0,3289.24,3,4,5,345,12,Loyal Customers,1,1
13432,571.0,2.0,439.1,1,2,2,122,5,Hibernating/Lost,0,3
13433,501.0,4.0,656.87,1,3,3,133,7,At Risk,0,1
13434,74.0,5.0,1666.8600000000001,3,4,4,344,11,Loyal Customers,3,1
13435,5.0,9.0,4459.83,5,5,5,555,15,Champions,1,1
13436,2.0,1.0,196.89,5,1,1,511,7,New Customers,3,2
13437,14.0,7.0,3408.06,5,4,5,545,14,Champions,1,1
13438,547.0,1.0,46.5,1,1,1,111,3,Hibernating/Lost,0,2
13439,255.0,3.0,986.61,2,3,3,233,8,At Risk,0,0
13440,423.0,7.0,1213.95,1,4,4,144,9,Can't Lose Them,0,1
13441,92.0,2.0,720.9,3,2,3,323,8,Potential Loyalists,3,3
13442,667.0,3.0,419.87,1,3,2,132,6,At Risk,0,0
13443,449.0,6.0,1247.71,1,4,4,144,9,Can't Lose Them,0,1
13444,374.0,2.0,631.6800000000001,2,2,3,223,7,Hibernating/Lost,0,3
13445,626.0,1.0,241.89999999999998,1,1,1,111,3,Hibernating/Lost,0,2
13446,430.0,11.0,3608.86,1,5,5,155,11,Can't Lose Them,0,1
13447,23.0,3.0,1104.23,4,3,3,433,10,Loyal Customers,3,0
13448,17.0,13.0,8447.75,5,5,5,555,15,Champions,1,1
13449,24.0,1.0,291.88,4,1,2,412,7,New Customers,3,2
13450,27.0,13.0,4117.54,4,5,5,455,14,Champions,1,1
13451,26.0,11.0,7119.97,4,5,5,455,14,Champions,1,1
13452,259.0,3.0,729.8,2,3,3,233,8,At Risk,0,0
13453,166.0,3.0,758.99,3,3,3,333,9,Loyal Customers,0,0
13454,641.0,1.0,219.87,1,1,1,111,3,Hibernating/Lost,0,2
13455,25.0,6.0,2773.82,4,4,4,444,12,Champions,3,1
13456,18.0,6.0,1737.8200000000002,5,4,4,544,13,Champions,3,1
13457,689.0,2.0,143.27,1,2,1,121,4,Hibernating/Lost,0,3
13458,7.0,16.0,11850.62,5,5,5,555,15,Champions,1,-1
13459,625.0,2.0,1160.4099999999999,1,2,3,123,6,Hibernating/Lost,0,3
13460,29.0,2.0,183.44,4,2,1,421,7,New Customers,3,3
13461,39.0,6.0,4138.5,4,4,5,445,13,Champions,1,1
13462,253.0,5.0,1145.6,2,4,3,243,9,Can't Lose Them,0,1
13464,58.0,6.0,3083.89,4,4,5,445,13,Champions,3,1
13465,446.0,2.0,931.12,1,2,3,123,6,Hibernating/Lost,0,3
13466,184.0,5.0,952.25,3,4,3,343,10,Loyal Customers,0,1
13467,11.0,2.0,1083.71,5,2,3,523,10,New Customers,3,3
13468,2.0,72.0,13091.61,5,5,5,555,15,Champions,2,-1
13469,653.0,1.0,82.4,1,1,1,111,3,Hibernating/Lost,0,2
13470,99.0,2.0,165.0,3,2,1,321,6,Potential Loyalists,0,3
13471,1.0,4.0,2531.58,5,3,4,534,12,Loyal Customers,3,-1
13472,464.0,2.0,592.24,1,2,2,122,5,Hibernating/Lost,0,3
13473,61.0,8.0,2410.98,3,4,4,344,11,Loyal Customers,1,1
13474,236.0,3.0,663.79,2,3,3,233,8,At Risk,0,0
13475,191.0,4.0,1431.78,2,3,4,234,9,At Risk,0,1
13476,179.0,5.0,1915.77,3,4,4,344,11,Loyal Customers,0,1
13477,38.0,11.0,2821.12,4,5,4,454,13,Champions,1,1
13478,469.0,5.0,2068.03,1,4,4,144,9,Can't Lose Them,0,1
13479,201.0,4.0,808.5,2,3,3,233,8,At Risk,0,1
13480,417.0,2.0,627.82,1,2,3,123,6,Hibernating/Lost,0,3
13481,46.0,11.0,3798.84,4,5,5,455,14,Champions,1,1
13482,232.0,2.0,336.09,2,2,2,222,6,Hibernating/Lost,0,3
13483,66.0,1.0,140.34,3,1,1,311,5,Potential Loyalists,3,2
13484,241.0,3.0,767.32,2,3,3,233,8,At Risk,0,0
13485,233.0,11.0,2957.92,2,5,5,255,12,Can't Lose Them,1,1
13486,78.0,3.0,1122.41,3,3,3,333,9,Loyal Customers,3,0
13487,58.0,5.0,846.87,4,4,3,443,11,Champions,3,1
13488,17.0,23.0,15513.73,5,5,5,555,15,Champions,1,-1
13489,105.0,4.0,449.52,3,3,2,332,8,Loyal Customers,3,1
13490,654.0,1.0,154.25,1,1,1,111,3,Hibernating/Lost,0,2
13491,52.0,27.0,4566.56,4,5,5,455,14,Champions,1,-1
13492,136.0,3.0,1269.84,3,3,4,334,10,Loyal Customers,0,0
13493,275.0,2.0,618.63,2,2,3,223,7,Hibernating/Lost,0,3
13494,312.0,1.0,316.26000000000005,2,1,2,212,5,Hibernating/Lost,0,2
13495,8.0,10.0,5246.61,5,5,5,555,15,Champions,1,1
13496,11.0,2.0,617.93,5,2,3,523,10,New Customers,3,3
13497,283.0,6.0,1266.33,2,4,4,244,10,Can't Lose Them,0,1
13498,730.0,1.0,327.38,1,1,2,112,4,Hibernating/Lost,0,2
13499,18.0,5.0,1146.96,5,4,3,543,12,Champions,3,1
13500,23.0,4.0,1436.3,4,3,4,434,11,Loyal Customers,3,1
13501,288.0,3.0,2840.26,2,3,4,234,9,At Risk,0,0
13502,17.0,5.0,774.6,5,4,3,543,12,Champions,3,1
13503,71.0,6.0,1793.54,3,4,4,344,11,Loyal Customers,3,1
13504,64.0,1.0,295.93,3,1,2,312,6,Potential Loyalists,3,2
13505,73.0,4.0,4282.88,3,3,5,335,11,Loyal Customers,3,1
13506,316.0,5.0,1609.65,2,4,4,244,10,Can't Lose Them,0,1
13507,3.0,4.0,2479.16,5,3,4,534,12,Loyal Customers,3,1
13508,244.0,2.0,287.05,2,2,2,222,6,Hibernating/Lost,0,3
13509,9.0,8.0,1114.72,5,4,3,543,12,Champions,3,1
13510,1.0,11.0,4488.39,5,5,5,555,15,Champions,1,5
13511,677.0,1.0,244.61,1,1,1,111,3,Hibernating/Lost,0,2
13512,261.0,4.0,713.39,2,3,3,233,8,At Risk,0,1
13513,127.0,3.0,796.99,3,3,3,333,9,Loyal Customers,0,0
13514,74.0,4.0,815.9000000000001,3,3,3,333,9,Loyal Customers,3,1
13515,73.0,6.0,1265.82,3,4,4,344,11,Loyal Customers,3,1
13516,21.0,4.0,1685.26,4,3,4,434,11,Loyal Customers,3,1
13517,60.0,3.0,2109.07,3,3,4,334,10,Loyal Customers,3,0
13518,86.0,1.0,659.4399999999999,3,1,3,313,7,Potential Loyalists,0,2
13519,78.0,2.0,331.26,3,2,2,322,7,Potential Loyalists,3,3
13520,59.0,11.0,6680.65,3,5,5,355,13,Loyal Customers,1,1
13521,1.0,3.0,1093.65,5,3,3,533,11,Loyal Customers,3,8
13522,30.0,1.0,125.80000000000001,4,1,1,411,6,New Customers,3,2
13523,33.0,6.0,4892.02,4,4,5,445,13,Champions,1,1
13524,41.0,5.0,680.1800000000001,4,4,3,443,11,Champions,3,1
13525,15.0,2.0,628.78,5,2,3,523,10,New Customers,3,3
13526,738.0,2.0,942.5999999999999,1,2,3,123,6,Hibernating/Lost,0,3
13527,34.0,12.0,4650.04,4,5,5,455,14,Champions,1,1
13529,79.0,2.0,307.76,3,2,2,322,7,Potential Loyalists,3,3
13530,634.0,1.0,402.97999999999996,1,1,2,112,4,Hibernating/Lost,0,2
13531,205.0,6.0,1738.52,2,4,4,244,10,Can't Lose Them,0,1
13532,34.0,1.0,210.31,4,1,1,411,6,New Customers,3,2
13533,183.0,3.0,270.79,3,3,1,331,7,Loyal Customers,0,0
13534,2.0,35.0,7324.5,5,5,5,555,15,Champions,1,4
13535,403.0,1.0,89.5,2,1,1,211,4,Hibernating/Lost,0,2
13536,1.0,7.0,3448.29,5,4,5,545,14,Champions,1,-1
13537,426.0,2.0,717.85,1,2,3,123,6,Hibernating/Lost,0,3
13538,43.0,12.0,3112.73,4,5,5,455,14,Champions,1,1
13539,86.0,7.0,1531.26,3,4,4,344,11,Loyal Customers,3,1
13540,467.0,3.0,632.39,1,3,3,133,7,At Risk,0,0
13541,427.0,2.0,717.9,1,2,3,123,6,Hibernating/Lost,0,3
13542,377.0,17.0,3970.77,2,5,5,255,12,Can't Lose Them,1,-1
13543,634.0,2.0,1439.6100000000001,1,2,4,124,7,Hibernating/Lost,0,3
13544,40.0,6.0,820.5,4,4,3,443,11,Champions,3,1
13545,391.0,2.0,347.35,2,2,2,222,6,Hibernating/Lost,0,3
13546,12.0,5.0,1092.14,5,4,3,543,12,Champions,3,1
13547,408.0,1.0,175.53,2,1,1,211,4,Hibernating/Lost,0,2
13548,96.0,3.0,908.99,3,3,3,333,9,Loyal Customers,3,0
13549,26.0,8.0,1003.72,4,4,3,443,11,Champions,3,1
13550,383.0,1.0,349.51,2,1,2,212,5,Hibernating/Lost,0,2
13551,319.0,2.0,244.2,2,2,1,221,5,Hibernating/Lost,0,3
13552,66.0,22.0,6618.63,3,5,5,355,13,Loyal Customers,1,1
13553,675.0,1.0,517.8,1,1,2,112,4,Hibernating/Lost,0,2
13554,380.0,7.0,1556.3899999999999,2,4,4,244,10,Can't Lose Them,0,1
13555,74.0,13.0,8906.34,3,5,5,355,13,Loyal Customers,1,-1
13556,429.0,2.0,200.82,1,2,1,121,4,Hibernating/Lost,0,3
13557,28.0,13.0,2980.08,4,5,5,455,14,Champions,1,1
13558,6.0,4.0,605.06,5,3,3,533,11,Loyal Customers,3,1
13559,513.0,2.0,990.0,1,2,3,123,6,Hibernating/Lost,0,3
13560,7.0,1.0,174.37,5,1,1,511,7,New Customers,3,2
13561,216.0,11.0,1820.72,2,5,4,254,11,Can't Lose Them,1,1
13562,82.0,8.0,4838.18,3,4,5,345,12,Loyal Customers,1,1
13563,84.0,2.0,777.53,3,2,3,323,8,Potential Loyalists,3,3
13564,144.0,37.0,15786.720000000001,3,5,5,355,13,Loyal Customers,1,-1
13565,19.0,3.0,414.8,5,3,2,532,10,Loyal Customers,3,0
13566,41.0,5.0,1708.1200000000001,4,4,4,444,12,Champions,3,1
13567,428.0,4.0,1078.59,1,3,3,133,7,At Risk,0,1
13568,173.0,1.0,192.85,3,1,1,311,5,Potential Loyalists,0,2
13569,17.0,4.0,893.78,5,3,3,533,11,Loyal Customers,3,1
13570,243.0,1.0,239.49,2,1,1,211,4,Hibernating/Lost,0,2
13571,13.0,26.0,4546.54,5,5,5,555,15,Champions,1,-1
13572,206.0,1.0,1384.25,2,1,4,214,7,Hibernating/Lost,0,2
13573,50.0,6.0,916.47,4,4,3,443,11,Champions,3,1
13574,411.0,1.0,421.25,1,1,2,112,4,Hibernating/Lost,0,2
13575,23.0,5.0,732.0699999999999,4,4,3,443,11,Champions,3,1
13576,10.0,28.0,11516.15,5,5,5,555,15,Champions,1,6
13577,25.0,11.0,3346.62,4,5,5,455,14,Champions,1,1
13578,409.0,1.0,147.66,2,1,1,211,4,Hibernating/Lost,0,2
13579,15.0,5.0,1535.84,5,4,4,544,13,Champions,3,1
13580,406.0,1.0,107.75,2,1,1,211,4,Hibernating/Lost,0,2
13581,309.0,2.0,280.53000000000003,2,2,2,222,6,Hibernating/Lost,0,3
13582,390.0,2.0,241.68,2,2,1,221,5,Hibernating/Lost,0,3
13583,156.0,2.0,1445.031,3,2,4,324,9,Potential Loyalists,0,3
13584,307.0,3.0,347.15,2,3,2,232,7,At Risk,0,0
13585,531.0,3.0,674.46,1,3,3,133,7,At Risk,0,0
13586,541.0,1.0,131.53,1,1,1,111,3,Hibernating/Lost,0,2
13587,64.0,4.0,1308.1,3,3,4,334,10,Loyal Customers,3,1
13588,16.0,9.0,2445.12,5,5,4,554,14,Champions,1,1
13589,15.0,6.0,1120.74,5,4,3,543,12,Champions,3,1
13590,11.0,18.0,6298.29,5,5,5,555,15,Champions,1,1
13591,65.0,7.0,2081.19,3,4,4,344,11,Loyal Customers,3,1
13592,36.0,4.0,247.95999999999998,4,3,1,431,8,Loyal Customers,3,1
13593,108.0,14.0,5475.21,3,5,5,355,13,Loyal Customers,1,1
13594,53.0,2.0,508.42,4,2,2,422,8,New Customers,3,3
13595,517.0,3.0,818.22,1,3,3,133,7,At Risk,0,0
13596,6.0,2.0,697.04,5,2,3,523,10,New Customers,3,3
13597,400.0,2.0,372.21,2,2,2,222,6,Hibernating/Lost,0,3
13598,47.0,5.0,776.84,4,4,3,443,11,Champions,3,1
13599,1.0,33.0,9790.34,5,5,5,555,15,Champions,1,-1
13600,312.0,2.0,518.42,2,2,2,222,6,Hibernating/Lost,0,3
13601,45.0,4.0,1185.14,4,3,3,433,10,Loyal Customers,3,1
13602,65.0,4.0,1025.17,3,3,3,333,9,Loyal Customers,3,1
13603,26.0,1.0,164.34,4,1,1,411,6,New Customers,3,2
13604,659.0,1.0,713.39,1,1,3,113,5,Hibernating/Lost,0,2
13605,387.0,2.0,522.67,2,2,2,222,6,Hibernating/Lost,0,3
13606,29.0,3.0,280.53999999999996,4,3,2,432,9,Loyal Customers,3,0
13607,40.0,2.0,1060.6100000000001,4,2,3,423,9,New Customers,3,3
13608,541.0,1.0,236.2,1,1,1,111,3,Hibernating/Lost,0,2
13609,593.0,1.0,167.35,1,1,1,111,3,Hibernating/Lost,0,2
13610,12.0,14.0,2144.13,5,5,4,554,14,Champions,1,1
13611,89.0,10.0,3281.03,3,5,5,355,13,Loyal Customers,1,1
13612,633.0,1.0,777.79,1,1,3,113,5,Hibernating/Lost,0,2
13613,453.0,5.0,1039.8500000000001,1,4,3,143,8,Can't Lose Them,0,1
13614,24.0,6.0,2359.19,4,4,4,444,12,Champions,3,1
13615,319.0,8.0,6212.2300000000005,2,4,5,245,11,Can't Lose Them,1,-1
13616,568.0,2.0,288.1,1,2,2,122,5,Hibernating/Lost,0,3
13617,40.0,8.0,1263.8,4,4,4,444,12,Champions,3,1
13618,174.0,1.0,177.34,3,1,1,311,5,Potential Loyalists,0,2
13619,545.0,2.0,231.69,1,2,1,121,4,Hibernating/Lost,0,3
13620,528.0,1.0,112.34,1,1,1,111,3,Hibernating/Lost,0,2
13621,117.0,1.0,213.85,3,1,1,311,5,Potential Loyalists,0,2
13622,696.0,1.0,651.45,1,1,3,113,5,Hibernating/Lost,0,2
13623,31.0,10.0,2446.36,4,5,4,454,13,Champions,1,1
13624,388.0,1.0,427.18,2,1,2,212,5,Hibernating/Lost,0,2
13625,597.0,1.0,301.26,1,1,2,112,4,Hibernating/Lost,0,2
13626,253.0,2.0,689.49,2,2,3,223,7,Hibernating/Lost,0,3
13627,59.0,7.0,2217.55,3,4,4,344,11,Loyal Customers,3,1
13628,676.0,1.0,310.14,1,1,2,112,4,Hibernating/Lost,0,2
13629,23.0,19.0,13370.86,4,5,5,455,14,Champions,1,-1
13630,5.0,7.0,1995.68,5,4,4,544,13,Champions,1,1
13631,100.0,11.0,3021.77,3,5,5,355,13,Loyal Customers,1,1
13632,25.0,8.0,3634.7000000000003,4,4,5,445,13,Champions,1,1
13634,33.0,16.0,4519.55,4,5,5,455,14,Champions,1,1
13635,68.0,4.0,2948.22,3,3,5,335,11,Loyal Customers,3,1
13636,37.0,5.0,941.62,4,4,3,443,11,Champions,3,1
13637,52.0,3.0,810.5,4,3,3,433,10,Loyal Customers,3,0
13638,16.0,1.0,122.64,5,1,1,511,7,New Customers,3,2
13639,74.0,2.0,1346.27,3,2,4,324,9,Potential Loyalists,3,3
13640,611.0,1.0,405.0,1,1,2,112,4,Hibernating/Lost,0,2
13641,641.0,5.0,921.82,1,4,3,143,8,Can't Lose Them,0,1
13642,216.0,4.0,501.97,2,3,2,232,7,At Risk,0,1
13643,31.0,10.0,2112.17,4,5,4,454,13,Champions,1,1
13644,16.0,4.0,2597.52,5,3,4,534,12,Loyal Customers,3,1
13645,120.0,1.0,252.1,3,1,1,311,5,Potential Loyalists,0,2
13646,400.0,2.0,323.3,2,2,2,222,6,Hibernating/Lost,0,3
13647,10.0,8.0,3063.78,5,4,5,545,14,Champions,1,1
13648,400.0,8.0,1679.01,2,4,4,244,10,Can't Lose Them,0,1
13649,257.0,6.0,1678.88,2,4,4,244,10,Can't Lose Them,0,1
13650,17.0,10.0,3098.5,5,5,5,555,15,Champions,1,1
13651,35.0,3.0,208.95,4,3,1,431,8,Loyal Customers,3,0
13652,46.0,5.0,2570.85,4,4,4,444,12,Champions,3,1
13653,488.0,1.0,152.2,1,1,1,111,3,Hibernating/Lost,0,2
13654,43.0,11.0,6308.0,4,5,5,455,14,Champions,1,1
13655,114.0,6.0,2259.3,3,4,4,344,11,Loyal Customers,3,1
13656,165.0,4.0,1053.35,3,3,3,333,9,Loyal Customers,0,1
13657,11.0,2.0,382.14,5,2,2,522,9,New Customers,3,3
13658,10.0,9.0,5772.07,5,5,5,555,15,Champions,1,1
13659,206.0,12.0,4716.63,2,5,5,255,12,Can't Lose Them,1,1
13660,400.0,1.0,303.69,2,1,2,212,5,Hibernating/Lost,0,2
13661,603.0,1.0,325.24,1,1,2,112,4,Hibernating/Lost,0,2
13662,86.0,11.0,2183.13,3,5,4,354,12,Loyal Customers,1,1
13663,179.0,5.0,2013.6100000000001,3,4,4,344,11,Loyal Customers,0,1
13665,386.0,3.0,1711.6599999999999,2,3,4,234,9,At Risk,0,0
13666,60.0,5.0,127.89999999999999,3,4,1,341,8,Loyal Customers,3,1
13667,149.0,1.0,305.02,3,1,2,312,6,Potential Loyalists,0,2
13668,3.0,35.0,12749.14,5,5,5,555,15,Champions,1,-1
13669,51.0,3.0,413.55,4,3,2,432,9,Loyal Customers,3,0
13670,75.0,1.0,349.7,3,1,2,312,6,Potential Loyalists,0,2
13671,395.0,1.0,194.95,2,1,1,211,4,Hibernating/Lost,0,2
13672,301.0,3.0,162.07000000000002,2,3,1,231,6,At Risk,0,0
13673,19.0,2.0,396.92,5,2,2,522,9,New Customers,3,3
13674,433.0,1.0,215.88,1,1,1,111,3,Hibernating/Lost,0,2
13675,151.0,2.0,486.82000000000005,3,2,2,322,7,Potential Loyalists,0,3
13676,539.0,2.0,153.15,1,2,1,121,4,Hibernating/Lost,0,3
13677,405.0,2.0,556.1899999999999,2,2,2,222,6,Hibernating/Lost,0,3
13678,152.0,1.0,232.6,3,1,1,311,5,Potential Loyalists,0,2
13679,494.0,3.0,281.26,1,3,2,132,6,At Risk,0,0
13680,1.0,12.0,9915.56,5,5,5,555,15,Champions,1,-1
13681,18.0,4.0,827.83,5,3,3,533,11,Loyal Customers,3,1
13682,187.0,1.0,59.5,3,1,1,311,5,Potential Loyalists,0,2
13683,458.0,1.0,258.6,1,1,1,111,3,Hibernating/Lost,0,2
13684,286.0,4.0,546.52,2,3,2,232,7,At Risk,0,1
13685,3.0,7.0,3119.44,5,4,5,545,14,Champions,1,1
13686,183.0,3.0,409.04,3,3,2,332,8,Loyal Customers,0,0
13687,438.0,1.0,11880.84,1,1,5,115,7,Hibernating/Lost,0,-1
13688,635.0,1.0,375.5,1,1,2,112,4,Hibernating/Lost,0,2
13689,63.0,2.0,1259.5,3,2,4,324,9,Potential Loyalists,3,3
13690,59.0,1.0,172.25,3,1,1,311,5,Potential Loyalists,3,2
13691,396.0,1.0,212.78,2,1,1,211,4,Hibernating/Lost,0,2
13692,25.0,5.0,3016.4500000000003,4,4,5,445,13,Champions,3,1
13693,374.0,9.0,1948.32,2,5,4,254,11,Can't Lose Them,0,1
13694,4.0,143.0,190825.52,5,5,5,555,15,Champions,2,-1
13695,31.0,16.0,2770.73,4,5,4,454,13,Champions,1,1
13696,422.0,3.0,2008.7,1,3,4,134,8,At Risk,0,0
13697,39.0,1.0,151.29999999999998,4,1,1,411,6,New Customers,3,2
13698,597.0,2.0,465.53000000000003,1,2,2,122,5,Hibernating/Lost,0,3
13699,155.0,2.0,711.4,3,2,3,323,8,Potential Loyalists,0,3
13700,26.0,13.0,2586.21,4,5,4,454,13,Champions,1,1
13701,447.0,1.0,159.55,1,1,1,111,3,Hibernating/Lost,0,2
13702,446.0,1.0,135.18,1,1,1,111,3,Hibernating/Lost,0,2
13703,318.0,2.0,99.5,2,2,1,221,5,Hibernating/Lost,0,3
13704,5.0,9.0,2295.31,5,5,4,554,14,Champions,1,1
13705,8.0,7.0,2035.33,5,4,4,544,13,Champions,3,1
13706,303.0,2.0,631.17,2,2,3,223,7,Hibernating/Lost,0,3
13707,267.0,5.0,3365.86,2,4,5,245,11,Can't Lose Them,0,1
13708,271.0,1.0,296.88,2,1,2,212,5,Hibernating/Lost,0,2
13709,4.0,18.0,7512.81,5,5,5,555,15,Champions,1,4
13710,32.0,3.0,509.52,4,3,2,432,9,Loyal Customers,3,0
13711,219.0,9.0,1632.6100000000001,2,5,4,254,11,Can't Lose Them,0,1
13712,247.0,2.0,766.42,2,2,3,223,7,Hibernating/Lost,0,3
13713,408.0,3.0,743.26,2,3,3,233,8,At Risk,0,0
13714,465.0,1.0,161.35,1,1,1,111,3,Hibernating/Lost,0,2
13715,281.0,17.0,8438.34,2,5,5,255,12,Can't Lose Them,1,-1
13716,269.0,1.0,138.28,2,1,1,211,4,Hibernating/Lost,0,2
13717,32.0,8.0,1748.05,4,4,4,444,12,Champions,3,1
13718,246.0,2.0,306.55,2,2,2,222,6,Hibernating/Lost,0,3
13719,15.0,11.0,2815.25,5,5,4,554,14,Champions,1,1
13720,117.0,4.0,799.9,3,3,3,333,9,Loyal Customers,3,1
13721,36.0,2.0,741.54,4,2,3,423,9,New Customers,3,3
13722,132.0,10.0,5629.16,3,5,5,355,13,Loyal Customers,1,1
13723,217.0,6.0,1209.2,2,4,3,243,9,Can't Lose Them,0,1
13724,637.0,1.0,213.01,1,1,1,111,3,Hibernating/Lost,0,2
13725,50.0,8.0,1809.81,4,4,4,444,12,Champions,3,1
13726,39.0,2.0,1079.6599999999999,4,2,3,423,9,New Customers,3,3
13727,29.0,8.0,1067.3,4,4,3,443,11,Champions,3,1
13728,37.0,16.0,2855.17,4,5,4,454,13,Champions,1,1
13729,436.0,3.0,676.4300000000001,1,3,3,133,7,At Risk,0,0
13730,136.0,2.0,752.6,3,2,3,323,8,Potential Loyalists,0,3
13731,219.0,2.0,610.59,2,2,3,223,7,Hibernating/Lost,0,3
13732,28.0,1.0,491.86,4,1,2,412,7,New Customers,3,2
13733,411.0,2.0,484.53000000000003,1,2,2,122,5,Hibernating/Lost,0,3
13734,509.0,4.0,3451.2900000000004,1,3,5,135,9,At Risk,0,1
13735,25.0,13.0,9472.81,4,5,5,455,14,Champions,1,1
13736,5.0,7.0,2715.01,5,4,4,544,13,Champions,1,1
13737,200.0,1.0,339.59999999999997,2,1,2,212,5,Hibernating/Lost,0,2
13738,396.0,1.0,440.93,2,1,2,212,5,Hibernating/Lost,0,2
13739,18.0,2.0,292.2,5,2,2,522,9,New Customers,3,3
13740,241.0,5.0,1597.77,2,4,4,244,10,Can't Lose Them,0,1
13741,72.0,3.0,666.33,3,3,3,333,9,Loyal Customers,3,0
13742,17.0,12.0,3102.42,5,5,5,555,15,Champions,1,1
13743,3.0,7.0,1340.1499999999999,5,4,4,544,13,Champions,3,1
13744,95.0,2.0,1156.36,3,2,3,323,8,Potential Loyalists,0,3
13745,162.0,2.0,761.27,3,2,3,323,8,Potential Loyalists,0,3
13746,414.0,1.0,176.69,1,1,1,111,3,Hibernating/Lost,0,2
13747,374.0,2.0,249.39999999999998,2,2,1,221,5,Hibernating/Lost,0,3
13748,96.0,9.0,2268.35,3,5,4,354,12,Loyal Customers,1,1
13750,54.0,11.0,3563.6,4,5,5,455,14,Champions,1,1
13751,288.0,1.0,296.25,2,1,2,212,5,Hibernating/Lost,0,2
13752,124.0,7.0,1590.73,3,4,4,344,11,Loyal Customers,3,1
13753,288.0,4.0,2094.57,2,3,4,234,9,At Risk,0,1
13754,152.0,3.0,447.05,3,3,2,332,8,Loyal Customers,0,0
13755,4.0,9.0,2154.68,5,5,4,554,14,Champions,1,1
13756,2.0,23.0,9147.2,5,5,5,555,15,Champions,1,4
13757,675.0,1.0,195.55,1,1,1,111,3,Hibernating/Lost,0,2
13758,12.0,15.0,9263.14,5,5,5,555,15,Champions,1,1
13759,33.0,2.0,659.4100000000001,4,2,3,423,9,New Customers,3,3
13760,54.0,5.0,1358.6399999999999,4,4,4,444,12,Champions,3,1
13761,50.0,6.0,1952.17,4,4,4,444,12,Champions,3,1
13762,219.0,5.0,2165.76,2,4,4,244,10,Can't Lose Them,0,1
13763,63.0,3.0,5181.99,3,3,5,335,11,Loyal Customers,3,-1
13764,71.0,6.0,2953.26,3,4,5,345,12,Loyal Customers,3,1
13765,653.0,1.0,352.821,1,1,2,112,4,Hibernating/Lost,0,2
13766,495.0,1.0,190.35,1,1,1,111,3,Hibernating/Lost,0,2
13767,2.0,73.0,35115.68,5,5,5,555,15,Champions,2,-1
13768,727.0,2.0,758.07,1,2,3,123,6,Hibernating/Lost,0,3
13769,2.0,20.0,5766.63,5,5,5,555,15,Champions,1,-1
13770,422.0,4.0,785.37,1,3,3,133,7,At Risk,0,1
13771,64.0,9.0,5726.07,3,5,5,355,13,Loyal Customers,1,1
13772,34.0,8.0,3094.72,4,4,5,445,13,Champions,1,1
13773,397.0,2.0,301.54,2,2,2,222,6,Hibernating/Lost,0,3
13774,82.0,1.0,345.0,3,1,2,312,6,Potential Loyalists,0,2
13775,591.0,1.0,1049.66,1,1,3,113,5,Hibernating/Lost,0,2
13776,428.0,2.0,-340.17,1,2,1,121,4,Hibernating/Lost,0,3
13777,1.0,61.0,56016.57,5,5,5,555,15,Champions,2,-1
13778,103.0,4.0,1116.54,3,3,3,333,9,Loyal Customers,3,1
13779,516.0,1.0,161.13,1,1,1,111,3,Hibernating/Lost,0,2
13780,7.0,3.0,735.82,5,3,3,533,11,Loyal Customers,3,0
13781,251.0,3.0,770.88,2,3,3,233,8,At Risk,0,0
13782,13.0,13.0,1785.77,5,5,4,554,14,Champions,1,1
13783,488.0,4.0,1542.09,1,3,4,134,8,At Risk,0,1
13784,10.0,14.0,2897.18,5,5,5,555,15,Champions,1,1
13785,429.0,4.0,542.49,1,3,2,132,6,At Risk,0,1
13786,367.0,6.0,2736.41,2,4,4,244,10,Can't Lose Them,0,1
13787,76.0,6.0,1173.7,3,4,3,343,10,Loyal Customers,3,1
13788,505.0,1.0,3.75,1,1,1,111,3,Hibernating/Lost,0,2
13789,388.0,1.0,239.45999999999998,2,1,1,211,4,Hibernating/Lost,0,2
13790,4.0,1.0,348.8,5,1,2,512,8,New Customers,3,2
13791,128.0,2.0,1047.68,3,2,3,323,8,Potential Loyalists,0,3
13792,66.0,3.0,383.95,3,3,2,332,8,Loyal Customers,3,0
13793,647.0,1.0,96.0,1,1,1,111,3,Hibernating/Lost,0,2
13794,547.0,1.0,126.03,1,1,1,111,3,Hibernating/Lost,0,2
13795,388.0,4.0,836.3,2,3,3,233,8,At Risk,0,1
13796,499.0,1.0,289.7,1,1,2,112,4,Hibernating/Lost,0,2
13797,437.0,3.0,1168.45,1,3,3,133,7,At Risk,0,0
13798,1.0,110.0,73573.47,5,5,5,555,15,Champions,2,-1
13799,117.0,9.0,2039.82,3,5,4,354,12,Loyal Customers,1,1
13800,310.0,3.0,1679.56,2,3,4,234,9,At Risk,0,0
13801,67.0,1.0,324.8,3,1,2,312,6,Potential Loyalists,3,2
13802,139.0,19.0,25491.56,3,5,5,355,13,Loyal Customers,2,-1
13803,255.0,3.0,1319.1100000000001,2,3,4,234,9,At Risk,0,0
13804,31.0,9.0,3208.52,4,5,5,455,14,Champions,1,1
13805,52.0,2.0,924.6,4,2,3,423,9,New Customers,3,3
13806,64.0,1.0,256.38,3,1,1,311,5,Potential Loyalists,3,2
13807,367.0,3.0,509.9,2,3,2,232,7,At Risk,0,0
13808,6.0,5.0,1747.66,5,4,4,544,13,Champions,3,1
13809,305.0,3.0,679.7,2,3,3,233,8,At Risk,0,0
13810,29.0,3.0,899.51,4,3,3,433,10,Loyal Customers,3,0
13811,184.0,3.0,591.75,3,3,2,332,8,Loyal Customers,0,0
13812,42.0,3.0,539.0,4,3,2,432,9,Loyal Customers,3,0
13813,40.0,8.0,2686.42,4,4,4,444,12,Champions,1,1
13814,92.0,3.0,2239.07,3,3,4,334,10,Loyal Customers,3,0
13815,22.0,8.0,7285.79,4,4,5,445,13,Champions,1,1
13816,24.0,2.0,555.04,4,2,2,422,8,New Customers,3,3
13817,29.0,2.0,382.98,4,2,2,422,8,New Customers,3,3
13818,430.0,1.0,61.28,1,1,1,111,3,Hibernating/Lost,0,2
13819,302.0,6.0,2631.1,2,4,4,244,10,Can't Lose Them,0,1
13820,418.0,3.0,640.4,1,3,3,133,7,At Risk,0,0
13821,145.0,6.0,1387.03,3,4,4,344,11,Loyal Customers,3,1
13822,6.0,2.0,632.0,5,2,3,523,10,New Customers,3,3
13823,19.0,7.0,3358.55,5,4,5,545,14,Champions,1,1
13824,33.0,12.0,3273.36,4,5,5,455,14,Champions,1,1
13825,622.0,2.0,255.59,1,2,1,121,4,Hibernating/Lost,0,3
13826,176.0,1.0,174.65,3,1,1,311,5,Potential Loyalists,0,2
13827,58.0,3.0,412.05,4,3,2,432,9,Loyal Customers,3,0
13828,22.0,1.0,209.49,4,1,1,411,6,New Customers,3,2
13829,421.0,1.0,0.0,1,1,1,111,3,Hibernating/Lost,0,2
13830,582.0,1.0,135.95000000000002,1,1,1,111,3,Hibernating/Lost,0,2
13831,16.0,18.0,7009.18,5,5,5,555,15,Champions,1,1
13832,19.0,2.0,602.4399999999999,5,2,3,523,10,New Customers,3,3
13833,159.0,2.0,701.36,3,2,3,323,8,Potential Loyalists,0,3
13834,577.0,2.0,247.89,1,2,1,121,4,Hibernating/Lost,0,3
13835,25.0,7.0,1044.82,4,4,3,443,11,Champions,3,1
13836,399.0,2.0,602.52,2,2,3,223,7,Hibernating/Lost,0,3
13837,212.0,2.0,271.24,2,2,1,221,5,Hibernating/Lost,0,3
13838,6.0,10.0,1966.09,5,5,4,554,14,Champions,1,1
13839,486.0,1.0,139.95000000000002,1,1,1,111,3,Hibernating/Lost,0,2
13840,416.0,1.0,651.4,1,1,3,113,5,Hibernating/Lost,0,2
13841,253.0,1.0,85.0,2,1,1,211,4,Hibernating/Lost,0,2
13842,59.0,18.0,5604.96,3,5,5,355,13,Loyal Customers,1,1
13843,381.0,1.0,319.75,2,1,2,212,5,Hibernating/Lost,0,2
13844,11.0,1.0,361.62,5,1,2,512,8,New Customers,3,2
13845,65.0,1.0,312.98,3,1,2,312,6,Potential Loyalists,3,2
13846,25.0,4.0,1290.34,4,3,4,434,11,Loyal Customers,3,1
13847,720.0,1.0,310.72,1,1,2,112,4,Hibernating/Lost,0,2
13848,92.0,8.0,3335.0,3,4,5,345,12,Loyal Customers,1,1
13849,52.0,5.0,3443.8,4,4,5,445,13,Champions,3,1
13850,129.0,1.0,1586.81,3,1,4,314,8,Potential Loyalists,0,2
13851,96.0,8.0,4516.76,3,4,5,345,12,Loyal Customers,1,1
13852,611.0,1.0,170.45000000000002,1,1,1,111,3,Hibernating/Lost,0,2
13853,57.0,1.0,1056.94,4,1,3,413,8,New Customers,3,2
13854,9.0,39.0,12158.21,5,5,5,555,15,Champions,1,6
13855,501.0,4.0,1253.94,1,3,4,134,8,At Risk,0,1
13856,169.0,11.0,1058.88,3,5,3,353,11,Loyal Customers,1,1
13857,393.0,6.0,997.11,2,4,3,243,9,Can't Lose Them,0,1
13858,57.0,1.0,216.17,4,1,1,411,6,New Customers,3,2
13859,326.0,2.0,515.86,2,2,2,222,6,Hibernating/Lost,0,3
13860,1.0,5.0,1240.0,5,4,4,544,13,Champions,3,7
13861,429.0,2.0,251.31,1,2,1,121,4,Hibernating/Lost,0,3
13862,18.0,9.0,2534.04,5,5,4,554,14,Champions,1,1
13863,248.0,4.0,1217.63,2,3,4,234,9,At Risk,0,1
13864,387.0,1.0,662.4000000000001,2,1,3,213,6,Hibernating/Lost,0,2
13865,58.0,4.0,501.56,4,3,2,432,9,Loyal Customers,3,1
13866,74.0,1.0,145.67000000000002,3,1,1,311,5,Potential Loyalists,0,2
13867,31.0,3.0,1015.29,4,3,3,433,10,Loyal Customers,3,0
13868,7.0,2.0,3192.54,5,2,5,525,12,New Customers,3,-1
13869,123.0,10.0,8111.57,3,5,5,355,13,Loyal Customers,1,-1
13870,2.0,15.0,5689.84,5,5,5,555,15,Champions,1,1
13871,23.0,17.0,7804.95,4,5,5,455,14,Champions,1,1
13872,527.0,3.0,891.32,1,3,3,133,7,At Risk,0,0
13873,120.0,8.0,1031.02,3,4,3,343,10,Loyal Customers,3,1
13874,358.0,7.0,1989.2,2,4,4,244,10,Can't Lose Them,0,1
13875,54.0,14.0,4814.37,4,5,5,455,14,Champions,1,1
13876,64.0,1.0,122.7,3,1,1,311,5,Potential Loyalists,3,2
13877,86.0,3.0,446.33,3,3,2,332,8,Loyal Customers,3,0
13878,55.0,4.0,2473.06,4,3,4,434,11,Loyal Customers,3,1
13879,646.0,1.0,395.5,1,1,2,112,4,Hibernating/Lost,0,2
13880,21.0,17.0,4391.66,4,5,5,455,14,Champions,1,1
13881,4.0,43.0,44392.5,5,5,5,555,15,Champions,2,-1
13882,3.0,5.0,1131.28,5,4,3,543,12,Champions,3,1
13883,11.0,15.0,6342.74,5,5,5,555,15,Champions,1,1
13884,7.0,10.0,1852.38,5,5,4,554,14,Champions,1,1
13885,189.0,2.0,506.8,2,2,2,222,6,Hibernating/Lost,0,3
13886,71.0,1.0,243.56,3,1,1,311,5,Potential Loyalists,3,2
13887,204.0,1.0,349.55,2,1,2,212,5,Hibernating/Lost,0,2
13888,120.0,7.0,2169.05,3,4,4,344,11,Loyal Customers,3,1
13889,93.0,6.0,1855.73,3,4,4,344,11,Loyal Customers,3,1
13890,1.0,14.0,2858.73,5,5,4,554,14,Champions,1,5
13891,378.0,3.0,863.5600000000001,2,3,3,233,8,At Risk,0,0
13892,27.0,6.0,1267.6499999999999,4,4,4,444,12,Champions,3,1
13893,298.0,1.0,821.1,2,1,3,213,6,Hibernating/Lost,0,2
13894,24.0,3.0,535.97,4,3,2,432,9,Loyal Customers,3,0
13895,28.0,6.0,3923.62,4,4,5,445,13,Champions,1,1
13896,626.0,1.0,388.55,1,1,2,112,4,Hibernating/Lost,0,2
13897,50.0,3.0,1160.72,4,3,3,433,10,Loyal Customers,3,0
13898,326.0,2.0,686.4,2,2,3,223,7,Hibernating/Lost,0,3
13899,16.0,2.0,388.52,5,2,2,522,9,New Customers,3,3
13900,183.0,6.0,1608.09,3,4,4,344,11,Loyal Customers,0,1
13901,72.0,15.0,5599.34,3,5,5,355,13,Loyal Customers,1,1
13902,632.0,5.0,30411.26,1,4,5,145,10,Can't Lose Them,2,-1
13903,400.0,1.0,165.45000000000002,2,1,1,211,4,Hibernating/Lost,0,2
13904,37.0,2.0,332.64,4,2,2,422,8,New Customers,3,3
13905,733.0,1.0,244.45,1,1,1,111,3,Hibernating/Lost,0,2
13906,409.0,1.0,42.0,2,1,1,211,4,Hibernating/Lost,0,2
13907,692.0,1.0,136.8,1,1,1,111,3,Hibernating/Lost,0,2
13908,80.0,4.0,2347.05,3,3,4,334,10,Loyal Customers,3,1
13909,423.0,2.0,286.6,1,2,2,122,5,Hibernating/Lost,0,3
13911,57.0,20.0,4200.04,4,5,5,455,14,Champions,1,1
13912,424.0,1.0,124.95,1,1,1,111,3,Hibernating/Lost,0,2
13913,507.0,1.0,42.22,1,1,1,111,3,Hibernating/Lost,0,2
13914,12.0,2.0,613.95,5,2,3,523,10,New Customers,3,3
13915,394.0,1.0,31.200000000000003,2,1,1,211,4,Hibernating/Lost,0,2
13916,464.0,4.0,1260.51,1,3,4,134,8,At Risk,0,1
13917,50.0,2.0,272.04,4,2,2,422,8,New Customers,3,3
13918,50.0,2.0,1212.8400000000001,4,2,4,424,10,New Customers,3,3
13919,59.0,4.0,1326.03,3,3,4,334,10,Loyal Customers,3,1
13920,432.0,4.0,1734.88,1,3,4,134,8,At Risk,0,1
13921,402.0,4.0,720.75,2,3,3,233,8,At Risk,0,1
13922,352.0,3.0,824.7,2,3,3,233,8,At Risk,0,0
13923,54.0,1.0,351.13,4,1,2,412,7,New Customers,3,2
13924,2.0,6.0,1682.08,5,4,4,544,13,Champions,3,1
13925,93.0,4.0,616.65,3,3,3,333,9,Loyal Customers,3,1
13926,23.0,1.0,223.85000000000002,4,1,1,411,6,New Customers,3,2
13927,75.0,2.0,689.96,3,2,3,323,8,Potential Loyalists,3,3
13928,11.0,4.0,464.57,5,3,2,532,10,Loyal Customers,3,1
13929,169.0,11.0,3318.1,3,5,5,355,13,Loyal Customers,1,1
13930,58.0,2.0,337.34,4,2,2,422,8,New Customers,3,3
13931,96.0,11.0,5250.78,3,5,5,355,13,Loyal Customers,1,1
13932,295.0,1.0,307.4,2,1,2,212,5,Hibernating/Lost,0,2
13933,109.0,2.0,608.7900000000001,3,2,3,323,8,Potential Loyalists,0,3
13934,264.0,1.0,922.1,2,1,3,213,6,Hibernating/Lost,0,2
13935,597.0,3.0,6116.92,1,3,5,135,9,At Risk,0,-1
13936,180.0,3.0,924.36,3,3,3,333,9,Loyal Customers,0,0
13937,169.0,2.0,867.38,3,2,3,323,8,Potential Loyalists,0,3
13938,35.0,1.0,71.66,4,1,1,411,6,New Customers,3,2
13939,23.0,7.0,1533.66,4,4,4,444,12,Champions,3,1
13940,17.0,4.0,839.14,5,3,3,533,11,Loyal Customers,3,1
13941,22.0,15.0,10846.15,4,5,5,455,14,Champions,1,1
13942,535.0,1.0,320.0,1,1,2,112,4,Hibernating/Lost,0,2
13943,578.0,1.0,246.54,1,1,1,111,3,Hibernating/Lost,0,2
13944,653.0,1.0,200.43,1,1,1,111,3,Hibernating/Lost,0,2
13945,395.0,2.0,854.15,2,2,3,223,7,Hibernating/Lost,0,3
13946,79.0,6.0,1745.43,3,4,4,344,11,Loyal Customers,3,1
13947,65.0,1.0,90.6,3,1,1,311,5,Potential Loyalists,3,2
13948,361.0,4.0,536.86,2,3,2,232,7,At Risk,0,1
13949,3.0,6.0,2427.32,5,4,4,544,13,Champions,3,1
13950,11.0,4.0,728.56,5,3,3,533,11,Loyal Customers,3,1
13951,176.0,3.0,674.45,3,3,3,333,9,Loyal Customers,0,0
13952,218.0,14.0,12790.891,2,5,5,255,12,Can't Lose Them,1,-1
13953,7.0,12.0,6640.68,5,5,5,555,15,Champions,1,1
13954,2.0,2.0,378.59,5,2,2,522,9,New Customers,3,3
13955,154.0,3.0,545.17,3,3,2,332,8,Loyal Customers,0,0
13956,5.0,5.0,1026.42,5,4,3,543,12,Champions,3,1
13957,418.0,3.0,458.25,1,3,2,132,6,At Risk,0,0
13958,380.0,8.0,4402.33,2,4,5,245,11,Can't Lose Them,0,-1
13959,79.0,6.0,1076.18,3,4,3,343,10,Loyal Customers,3,1
13960,21.0,2.0,230.22,4,2,1,421,7,New Customers,3,3
13961,392.0,1.0,498.7,2,1,2,212,5,Hibernating/Lost,0,2
13962,22.0,3.0,362.8,4,3,2,432,9,Loyal Customers,3,0
13963,308.0,17.0,2899.62,2,5,5,255,12,Can't Lose Them,1,-1
13964,387.0,2.0,421.9,2,2,2,222,6,Hibernating/Lost,0,3
13965,477.0,3.0,777.6600000000001,1,3,3,133,7,At Risk,0,0
13966,435.0,1.0,390.86,1,1,2,112,4,Hibernating/Lost,0,2
13967,146.0,2.0,166.3,3,2,1,321,6,Potential Loyalists,0,3
13968,423.0,1.0,123.66,1,1,1,111,3,Hibernating/Lost,0,2
13969,7.0,35.0,13212.77,5,5,5,555,15,Champions,1,6
13970,386.0,2.0,846.55,2,2,3,223,7,Hibernating/Lost,0,3
13971,19.0,14.0,4593.83,5,5,5,555,15,Champions,1,1
13972,71.0,2.0,190.25,3,2,1,321,6,Potential Loyalists,3,3
13973,287.0,1.0,264.7,2,1,1,211,4,Hibernating/Lost,0,2
13974,49.0,2.0,663.52,4,2,3,423,9,New Customers,3,3
13975,31.0,12.0,5327.29,4,5,5,455,14,Champions,1,1
13976,207.0,4.0,1192.36,2,3,3,233,8,At Risk,0,1
13977,411.0,1.0,519.8100000000001,1,1,2,112,4,Hibernating/Lost,0,2
13978,15.0,2.0,196.79000000000002,5,2,1,521,8,New Customers,3,3
13979,73.0,7.0,3326.83,3,4,5,345,12,Loyal Customers,1,1
13980,60.0,5.0,753.12,3,4,3,343,10,Loyal Customers,3,1
13981,416.0,1.0,327.39,1,1,2,112,4,Hibernating/Lost,0,2
13982,39.0,9.0,4418.79,4,5,5,455,14,Champions,1,1
13983,30.0,21.0,6993.41,4,5,5,455,14,Champions,1,1
13984,27.0,12.0,1616.1200000000001,4,5,4,454,13,Champions,1,1
13985,4.0,22.0,9982.31,5,5,5,555,15,Champions,1,-1
13986,17.0,1.0,320.46,5,1,2,512,8,New Customers,3,2
13987,380.0,2.0,682.54,2,2,3,223,7,Hibernating/Lost,0,3
13988,20.0,8.0,4708.64,4,4,5,445,13,Champions,1,1
13989,66.0,5.0,2026.06,3,4,4,344,11,Loyal Customers,3,1
13990,213.0,1.0,311.3,2,1,2,212,5,Hibernating/Lost,0,2
13991,12.0,6.0,850.63,5,4,3,543,12,Champions,3,1
13992,30.0,3.0,219.5,4,3,1,431,8,Loyal Customers,3,0
13993,43.0,19.0,6690.36,4,5,5,455,14,Champions,1,1
13994,4.0,6.0,2313.14,5,4,4,544,13,Champions,3,1
13995,15.0,14.0,3836.26,5,5,5,555,15,Champions,1,1
13996,386.0,2.0,895.76,2,2,3,223,7,Hibernating/Lost,0,3
13997,519.0,3.0,382.31,1,3,2,132,6,At Risk,0,0
13998,447.0,3.0,566.7,1,3,2,132,6,At Risk,0,0
13999,10.0,29.0,9438.01,5,5,5,555,15,Champions,1,10
14000,211.0,5.0,1877.5900000000001,2,4,4,244,10,Can't Lose Them,0,1
14001,46.0,9.0,4517.34,4,5,5,455,14,Champions,1,1
14002,134.0,2.0,529.73,3,2,2,322,7,Potential Loyalists,0,3
14003,733.0,1.0,209.41,1,1,1,111,3,Hibernating/Lost,0,2
14004,43.0,11.0,6258.45,4,5,5,455,14,Champions,1,1
14005,10.0,5.0,2874.72,5,4,4,544,13,Champions,3,1
14006,116.0,7.0,2196.67,3,4,4,344,11,Loyal Customers,3,1
14007,513.0,1.0,79.48,1,1,1,111,3,Hibernating/Lost,0,2
14008,432.0,1.0,493.74,1,1,2,112,4,Hibernating/Lost,0,2
14009,198.0,3.0,1090.23,2,3,3,233,8,At Risk,0,0
14010,565.0,2.0,288.09999999999997,1,2,2,122,5,Hibernating/Lost,0,3
14011,480.0,2.0,451.91999999999996,1,2,2,122,5,Hibernating/Lost,0,3
14012,278.0,1.0,328.8,2,1,2,212,5,Hibernating/Lost,0,2
14013,110.0,5.0,1006.22,3,4,3,343,10,Loyal Customers,3,1
14014,77.0,3.0,1948.21,3,3,4,334,10,Loyal Customers,3,0
14015,53.0,1.0,917.34,4,1,3,413,8,New Customers,3,2
14016,162.0,11.0,11379.71,3,5,5,355,13,Loyal Customers,1,-1
14017,571.0,1.0,229.75,1,1,1,111,3,Hibernating/Lost,0,2
14018,645.0,1.0,367.15000000000003,1,1,2,112,4,Hibernating/Lost,0,2
14019,47.0,3.0,1398.96,4,3,4,434,11,Loyal Customers,3,0
14020,17.0,4.0,1213.26,5,3,4,534,12,Loyal Customers,3,1
14021,155.0,7.0,1716.58,3,4,4,344,11,Loyal Customers,3,1
14022,225.0,2.0,792.15,2,2,3,223,7,Hibernating/Lost,0,3
14023,7.0,2.0,584.07,5,2,2,522,9,New Customers,3,3
14024,122.0,3.0,645.74,3,3,3,333,9,Loyal Customers,0,0
14025,465.0,8.0,3969.1,1,4,5,145,10,Can't Lose Them,0,1
14026,471.0,2.0,713.11,1,2,3,123,6,Hibernating/Lost,0,3
14027,61.0,1.0,104.82,3,1,1,311,5,Potential Loyalists,3,2
14028,550.0,3.0,3175.5,1,3,5,135,9,At Risk,0,0
14029,63.0,2.0,467.66,3,2,2,322,7,Potential Loyalists,3,3
14030,18.0,20.0,8145.59,5,5,5,555,15,Champions,1,1
14031,7.0,44.0,38025.97,5,5,5,555,15,Champions,2,-1
14032,2.0,16.0,4786.07,5,5,5,555,15,Champions,1,1
14033,555.0,1.0,109.44,1,1,1,111,3,Hibernating/Lost,0,2
14034,22.0,3.0,512.02,4,3,2,432,9,Loyal Customers,3,0
14035,29.0,9.0,2852.47,4,5,4,454,13,Champions,1,1
14036,285.0,1.0,626.65,2,1,3,213,6,Hibernating/Lost,0,2
14037,176.0,6.0,755.95,3,4,3,343,10,Loyal Customers,0,1
14038,78.0,5.0,3000.93,3,4,5,345,12,Loyal Customers,3,1
14039,33.0,2.0,267.28000000000003,4,2,1,421,7,New Customers,3,3
14040,41.0,35.0,12457.84,4,5,5,455,14,Champions,1,-1
14041,266.0,1.0,141.41,2,1,1,211,4,Hibernating/Lost,0,2
14042,725.0,1.0,431.98,1,1,2,112,4,Hibernating/Lost,0,2
14043,491.0,2.0,301.3,1,2,2,122,5,Hibernating/Lost,0,3
14044,27.0,10.0,3106.15,4,5,5,455,14,Champions,1,1
14045,109.0,16.0,9660.63,3,5,5,355,13,Loyal Customers,1,-1
14046,284.0,1.0,154.99,2,1,1,211,4,Hibernating/Lost,0,2
14047,9.0,14.0,4158.7300000000005,5,5,5,555,15,Champions,1,1
14048,305.0,3.0,713.89,2,3,3,233,8,At Risk,0,0
14049,17.0,13.0,13064.03,5,5,5,555,15,Champions,1,-1
14050,32.0,2.0,746.36,4,2,3,423,9,New Customers,3,3
14051,1.0,37.0,22104.5,5,5,5,555,15,Champions,2,-1
14052,20.0,2.0,480.81,4,2,2,422,8,New Customers,3,3
14053,124.0,4.0,572.3,3,3,2,332,8,Loyal Customers,0,1
14054,65.0,1.0,92.46,3,1,1,311,5,Potential Loyalists,3,2
14055,106.0,3.0,1520.96,3,3,4,334,10,Loyal Customers,3,0
14056,1.0,23.0,8124.4,5,5,5,555,15,Champions,1,-1
14057,24.0,22.0,8338.28,4,5,5,455,14,Champions,1,1
14058,463.0,2.0,469.19,1,2,2,122,5,Hibernating/Lost,0,3
14059,267.0,1.0,183.6,2,1,1,211,4,Hibernating/Lost,0,2
14060,5.0,30.0,9503.14,5,5,5,555,15,Champions,1,-1
14061,507.0,3.0,917.4300000000001,1,3,3,133,7,At Risk,0,0
14062,10.0,24.0,25434.83,5,5,5,555,15,Champions,2,-1
14063,438.0,9.0,-3767.1999999999994,1,5,1,151,7,Can't Lose Them,0,-1
14064,29.0,15.0,3039.75,4,5,5,455,14,Champions,1,1
14065,389.0,3.0,889.37,2,3,3,233,8,At Risk,0,0
14066,267.0,1.0,152.55,2,1,1,211,4,Hibernating/Lost,0,2
14067,64.0,2.0,374.7,3,2,2,322,7,Potential Loyalists,3,3
14068,320.0,4.0,1504.97,2,3,4,234,9,At Risk,0,1
14069,515.0,2.0,230.06,1,2,1,121,4,Hibernating/Lost,0,3
14070,685.0,1.0,326.55,1,1,2,112,4,Hibernating/Lost,0,2
14071,4.0,8.0,1307.41,5,4,4,544,13,Champions,1,1
14072,667.0,1.0,390.85,1,1,2,112,4,Hibernating/Lost,0,2
14073,32.0,1.0,139.54,4,1,1,411,6,New Customers,3,2
14074,623.0,1.0,219.39999999999998,1,1,1,111,3,Hibernating/Lost,0,2
14075,5.0,6.0,1734.87,5,4,4,544,13,Champions,3,1
14076,129.0,1.0,122.47,3,1,1,311,5,Potential Loyalists,0,2
14077,41.0,6.0,615.0799999999999,4,4,3,443,11,Champions,3,1
14078,102.0,9.0,1692.6299999999999,3,5,4,354,12,Loyal Customers,3,1
14079,125.0,2.0,618.73,3,2,3,323,8,Potential Loyalists,0,3
14080,33.0,5.0,1075.73,4,4,3,443,11,Champions,3,1
14081,302.0,10.0,5250.05,2,5,5,255,12,Can't Lose Them,1,1
14082,365.0,2.0,413.36,2,2,2,222,6,Hibernating/Lost,0,3
14083,4.0,11.0,1407.26,5,5,4,554,14,Champions,1,1
14084,512.0,1.0,150.5,1,1,1,111,3,Hibernating/Lost,0,2
14085,2.0,33.0,10092.22,5,5,5,555,15,Champions,1,-1
14086,463.0,1.0,39.95,1,1,1,111,3,Hibernating/Lost,0,2
14087,3.0,3.0,803.47,5,3,3,533,11,Loyal Customers,3,0
14088,10.0,16.0,62400.02,5,5,5,555,15,Champions,2,-1
14089,57.0,1.0,161.0,4,1,1,411,6,New Customers,3,2
14090,325.0,1.0,76.32000000000001,2,1,1,211,4,Hibernating/Lost,0,2
14091,654.0,2.0,9530.08,1,2,5,125,8,Hibernating/Lost,0,-1
14092,8.0,24.0,7209.74,5,5,5,555,15,Champions,1,-1
14093,12.0,1.0,442.85,5,1,2,512,8,New Customers,3,2
14094,440.0,1.0,334.27,1,1,2,112,4,Hibernating/Lost,0,2
14095,723.0,1.0,2.95,1,1,1,111,3,Hibernating/Lost,0,2
14096,4.0,17.0,57120.909999999996,5,5,5,555,15,Champions,2,-1
14097,481.0,2.0,422.85999999999996,1,2,2,122,5,Hibernating/Lost,0,3
14098,37.0,1.0,147.35,4,1,1,411,6,New Customers,3,2
14099,16.0,20.0,5700.51,5,5,5,555,15,Champions,1,1
14100,138.0,1.0,194.9,3,1,1,311,5,Potential Loyalists,0,2
14101,74.0,13.0,9942.13,3,5,5,355,13,Loyal Customers,1,-1
14102,5.0,5.0,1314.73,5,4,4,544,13,Champions,3,1
14104,155.0,5.0,771.5799999999999,3,4,3,343,10,Loyal Customers,0,1
14105,239.0,5.0,5703.9800000000005,2,4,5,245,11,Can't Lose Them,0,-1
14106,737.0,1.0,214.79999999999998,1,1,1,111,3,Hibernating/Lost,0,2
14107,52.0,11.0,4853.7,4,5,5,455,14,Champions,1,1
14108,31.0,4.0,1041.21,4,3,3,433,10,Loyal Customers,3,1
14109,73.0,1.0,80.2,3,1,1,311,5,Potential Loyalists,0,2
14110,4.0,33.0,12957.6,5,5,5,555,15,Champions,1,12
14111,14.0,4.0,688.6,5,3,3,533,11,Loyal Customers,3,1
14112,23.0,13.0,5524.51,4,5,5,455,14,Champions,1,1
14113,4.0,16.0,6156.75,5,5,5,555,15,Champions,1,1
14114,274.0,7.0,1364.09,2,4,4,244,10,Can't Lose Them,0,1
14115,502.0,2.0,622.6700000000001,1,2,3,123,6,Hibernating/Lost,0,3
14116,20.0,5.0,1382.74,4,4,4,444,12,Champions,3,1
14117,144.0,1.0,90.0,3,1,1,311,5,Potential Loyalists,0,2
14118,429.0,1.0,458.45,1,1,2,112,4,Hibernating/Lost,0,2
14119,376.0,2.0,163.47,2,2,1,221,5,Hibernating/Lost,0,3
14121,4.0,4.0,2740.3,5,3,4,534,12,Loyal Customers,3,1
14122,406.0,3.0,309.77,2,3,2,232,7,At Risk,0,0
14123,733.0,1.0,436.18,1,1,2,112,4,Hibernating/Lost,0,2
14124,84.0,1.0,419.58000000000004,3,1,2,312,6,Potential Loyalists,0,2
14125,11.0,3.0,2740.43,5,3,4,534,12,Loyal Customers,3,-1
14126,8.0,4.0,1109.96,5,3,3,533,11,Loyal Customers,3,1
14127,123.0,6.0,1900.0800000000002,3,4,4,344,11,Loyal Customers,3,1
14128,61.0,3.0,909.36,3,3,3,333,9,Loyal Customers,3,0
14129,2.0,9.0,2591.34,5,5,4,554,14,Champions,1,1
14130,319.0,4.0,1882.67,2,3,4,234,9,At Risk,0,1
14131,649.0,1.0,187.87,1,1,1,111,3,Hibernating/Lost,0,2
14132,2.0,11.0,3580.13,5,5,5,555,15,Champions,1,1
14133,130.0,4.0,895.8399999999999,3,3,3,333,9,Loyal Customers,0,1
14134,383.0,15.0,11123.35,2,5,5,255,12,Can't Lose Them,1,-1
14135,2.0,24.0,9605.05,5,5,5,555,15,Champions,1,4
14136,401.0,5.0,1553.96,2,4,4,244,10,Can't Lose Them,0,1
14137,696.0,1.0,294.1,1,1,2,112,4,Hibernating/Lost,0,2
14138,2.0,2.0,982.3800000000001,5,2,3,523,10,New Customers,3,3
14139,46.0,4.0,1086.8,4,3,3,433,10,Loyal Customers,3,1
14140,4.0,2.0,920.05,5,2,3,523,10,New Customers,3,3
14141,3.0,4.0,879.0300000000001,5,3,3,533,11,Loyal Customers,3,1
14142,373.0,2.0,967.75,2,2,3,223,7,Hibernating/Lost,0,3
14143,134.0,1.0,115.8,3,1,1,311,5,Potential Loyalists,0,2
14144,486.0,1.0,30.599999999999998,1,1,1,111,3,Hibernating/Lost,0,2
14145,47.0,7.0,7006.05,4,4,5,445,13,Champions,1,1
14146,9.0,12.0,8208.87,5,5,5,555,15,Champions,1,1
14147,78.0,9.0,2019.3,3,5,4,354,12,Loyal Customers,1,1
14148,234.0,2.0,466.29,2,2,2,222,6,Hibernating/Lost,0,3
14149,221.0,1.0,259.43,2,1,1,211,4,Hibernating/Lost,0,2
14150,36.0,2.0,658.64,4,2,3,423,9,New Customers,3,3
14151,673.0,2.0,666.7,1,2,3,123,6,Hibernating/Lost,0,3
14152,75.0,7.0,1975.44,3,4,4,344,11,Loyal Customers,3,1
14153,483.0,1.0,233.4,1,1,1,111,3,Hibernating/Lost,0,2
14154,239.0,8.0,6263.6,2,4,5,245,11,Can't Lose Them,1,-1
14155,266.0,1.0,118.75,2,1,1,211,4,Hibernating/Lost,0,2
14156,10.0,156.0,296564.69,5,5,5,555,15,Champions,2,-1
14157,20.0,5.0,970.33,4,4,3,443,11,Champions,3,1
14158,40.0,1.0,507.66,4,1,2,412,7,New Customers,3,2
14159,20.0,20.0,7571.88,4,5,5,455,14,Champions,1,1
14160,610.0,7.0,8421.47,1,4,5,145,10,Can't Lose Them,0,-1
14161,216.0,7.0,3318.88,2,4,5,245,11,Can't Lose Them,0,1
14162,174.0,2.0,289.36,3,2,2,322,7,Potential Loyalists,0,3
14163,87.0,5.0,2594.62,3,4,4,344,11,Loyal Customers,3,1
14164,71.0,2.0,1631.77,3,2,4,324,9,Potential Loyalists,3,3
14165,276.0,1.0,122.53999999999999,2,1,1,211,4,Hibernating/Lost,0,2
14166,505.0,2.0,256.85,1,2,1,121,4,Hibernating/Lost,0,3
14167,39.0,8.0,1296.49,4,4,4,444,12,Champions,3,1
14168,421.0,2.0,305.9,1,2,2,122,5,Hibernating/Lost,0,3
14169,431.0,2.0,624.4300000000001,1,2,3,123,6,Hibernating/Lost,0,3
14170,375.0,3.0,597.33,2,3,2,232,7,At Risk,0,0
14171,98.0,2.0,498.79,3,2,2,322,7,Potential Loyalists,0,3
14172,605.0,3.0,389.97,1,3,2,132,6,At Risk,0,0
14173,11.0,6.0,566.95,5,4,2,542,11,Champions,3,1
14174,33.0,1.0,134.46,4,1,1,411,6,New Customers,3,2
14175,60.0,8.0,7350.44,3,4,5,345,12,Loyal Customers,1,1
14176,297.0,5.0,913.11,2,4,3,243,9,Can't Lose Them,0,1
14177,86.0,13.0,2224.39,3,5,4,354,12,Loyal Customers,1,1
14178,9.0,7.0,1620.93,5,4,4,544,13,Champions,3,1
14179,41.0,2.0,719.78,4,2,3,423,9,New Customers,3,3
14180,11.0,33.0,6110.75,5,5,5,555,15,Champions,1,-1
14181,411.0,2.0,310.55,1,2,2,122,5,Hibernating/Lost,0,3
14182,444.0,4.0,660.07,1,3,3,133,7,At Risk,0,1
14183,411.0,2.0,286.29,1,2,2,122,5,Hibernating/Lost,0,3
14184,67.0,1.0,452.89,3,1,2,312,6,Potential Loyalists,3,2
14185,331.0,1.0,197.65,2,1,1,211,4,Hibernating/Lost,0,2
14186,427.0,5.0,1550.63,1,4,4,144,9,Can't Lose Them,0,1
14187,474.0,1.0,123.5,1,1,1,111,3,Hibernating/Lost,0,2
14188,31.0,6.0,2018.91,4,4,4,444,12,Champions,3,1
14189,2.0,16.0,5764.62,5,5,5,555,15,Champions,1,1
14190,666.0,1.0,79.9,1,1,1,111,3,Hibernating/Lost,0,2
14191,2.0,15.0,4713.41,5,5,5,555,15,Champions,1,1
14192,388.0,1.0,293.74,2,1,2,212,5,Hibernating/Lost,0,2
14193,68.0,3.0,1210.19,3,3,4,334,10,Loyal Customers,3,0
14194,5.0,36.0,18442.87,5,5,5,555,15,Champions,2,-1
14195,202.0,6.0,2381.24,2,4,4,244,10,Can't Lose Them,0,1
14196,107.0,1.0,335.52,3,1,2,312,6,Potential Loyalists,0,2
14197,411.0,1.0,390.05,1,1,2,112,4,Hibernating/Lost,0,2
14198,18.0,9.0,1527.58,5,5,4,554,14,Champions,1,1
14199,218.0,4.0,916.4999999999999,2,3,3,233,8,At Risk,0,1
14200,617.0,1.0,379.2,1,1,2,112,4,Hibernating/Lost,0,2
14201,60.0,10.0,1134.14,3,5,3,353,11,Loyal Customers,1,1
14202,381.0,3.0,847.76,2,3,3,233,8,At Risk,0,0
14203,397.0,1.0,339.34,2,1,2,212,5,Hibernating/Lost,0,2
14204,2.0,4.0,1062.96,5,3,3,533,11,Loyal Customers,3,1
14205,17.0,9.0,1908.38,5,5,4,554,14,Champions,1,1
14206,239.0,3.0,1145.21,2,3,3,233,8,At Risk,0,0
14207,688.0,1.0,157.8,1,1,1,111,3,Hibernating/Lost,0,2
14208,95.0,2.0,567.05,3,2,2,322,7,Potential Loyalists,0,3
14209,11.0,15.0,4937.37,5,5,5,555,15,Champions,1,1
14210,106.0,16.0,5814.320000000001,3,5,5,355,13,Loyal Customers,1,1
14211,53.0,18.0,4301.69,4,5,5,455,14,Champions,1,1
14212,90.0,2.0,2190.14,3,2,4,324,9,Potential Loyalists,3,3
14213,405.0,1.0,-1192.2,2,1,1,211,4,Hibernating/Lost,0,-1
14214,31.0,5.0,1000.23,4,4,3,443,11,Champions,3,1
14215,12.0,9.0,3404.53,5,5,5,555,15,Champions,1,1
14216,3.0,5.0,2142.39,5,4,4,544,13,Champions,3,1
14217,2.0,23.0,3206.87,5,5,5,555,15,Champions,1,-1
14218,43.0,1.0,169.48000000000002,4,1,1,411,6,New Customers,3,2
14219,4.0,3.0,633.83,5,3,3,533,11,Loyal Customers,3,0
14220,247.0,4.0,1515.0,2,3,4,234,9,At Risk,0,1
14221,42.0,17.0,6506.59,4,5,5,455,14,Champions,1,1
14222,177.0,1.0,683.17,3,1,3,313,7,Potential Loyalists,0,2
14223,92.0,3.0,975.23,3,3,3,333,9,Loyal Customers,3,0
14224,110.0,9.0,1897.9,3,5,4,354,12,Loyal Customers,3,1
14225,435.0,4.0,2015.12,1,3,4,134,8,At Risk,0,1
14226,29.0,6.0,2967.78,4,4,5,445,13,Champions,3,1
14227,26.0,15.0,6327.31,4,5,5,455,14,Champions,1,1
14228,438.0,3.0,745.5,1,3,3,133,7,At Risk,0,0
14229,52.0,7.0,2468.99,4,4,4,444,12,Champions,3,1
14230,436.0,3.0,979.8000000000001,1,3,3,133,7,At Risk,0,0
14231,184.0,4.0,1131.97,3,3,3,333,9,Loyal Customers,0,1
14232,43.0,5.0,2043.93,4,4,4,444,12,Champions,3,1
14233,49.0,7.0,2766.96,4,4,4,444,12,Champions,3,1
14234,22.0,4.0,775.46,4,3,3,433,10,Loyal Customers,3,1
14235,75.0,9.0,4666.99,3,5,5,355,13,Loyal Customers,1,1
14236,81.0,5.0,1732.74,3,4,4,344,11,Loyal Customers,3,1
14237,373.0,2.0,627.04,2,2,3,223,7,Hibernating/Lost,0,3
14238,326.0,3.0,434.23,2,3,2,232,7,At Risk,0,0
14239,43.0,21.0,4203.72,4,5,5,455,14,Champions,1,1
14240,30.0,3.0,1247.49,4,3,4,434,11,Loyal Customers,3,0
14241,184.0,2.0,333.70000000000005,3,2,2,322,7,Potential Loyalists,0,3
14242,235.0,2.0,280.55,2,2,2,222,6,Hibernating/Lost,0,3
14243,9.0,17.0,7365.36,5,5,5,555,15,Champions,1,1
14244,661.0,1.0,354.82,1,1,2,112,4,Hibernating/Lost,0,2
14245,220.0,2.0,1677.48,2,2,4,224,8,Hibernating/Lost,0,3
14246,111.0,3.0,1474.06,3,3,4,334,10,Loyal Customers,3,0
14247,278.0,5.0,769.71,2,4,3,243,9,Can't Lose Them,0,1
14248,318.0,3.0,1032.95,2,3,3,233,8,At Risk,0,0
14249,411.0,12.0,5625.461,1,5,5,155,11,Can't Lose Them,1,-1
14250,7.0,3.0,1904.05,5,3,4,534,12,Loyal Customers,3,0
14251,2.0,5.0,2879.7000000000003,5,4,4,544,13,Champions,3,-1
14252,381.0,1.0,350.99,2,1,2,212,5,Hibernating/Lost,0,2
14253,493.0,2.0,363.40000000000003,1,2,2,122,5,Hibernating/Lost,0,3
14254,433.0,1.0,601.03,1,1,3,113,5,Hibernating/Lost,0,2
14255,546.0,1.0,-1441.6,1,1,1,111,3,Hibernating/Lost,0,-1
14256,260.0,5.0,2397.34,2,4,4,244,10,Can't Lose Them,0,1
14257,64.0,9.0,5942.0,3,5,5,355,13,Loyal Customers,1,1
14258,9.0,25.0,31027.35,5,5,5,555,15,Champions,2,-1
14259,142.0,1.0,120.0,3,1,1,311,5,Potential Loyalists,0,2
14260,471.0,3.0,824.28,1,3,3,133,7,At Risk,0,0
14261,51.0,2.0,1163.45,4,2,3,423,9,New Customers,3,3
14262,8.0,8.0,2618.23,5,4,4,544,13,Champions,1,1
14263,423.0,1.0,322.93,1,1,2,112,4,Hibernating/Lost,0,2
14264,155.0,6.0,1461.3600000000001,3,4,4,344,11,Loyal Customers,0,1
14265,109.0,4.0,1373.35,3,3,4,334,10,Loyal Customers,3,1
14266,428.0,1.0,40.56,1,1,1,111,3,Hibernating/Lost,0,2
14267,163.0,3.0,1259.19,3,3,4,334,10,Loyal Customers,0,0
14268,471.0,1.0,354.85,1,1,2,112,4,Hibernating/Lost,0,2
14269,439.0,1.0,261.68,1,1,1,111,3,Hibernating/Lost,0,2
14270,332.0,1.0,492.65000000000003,2,1,2,212,5,Hibernating/Lost,0,2
14271,226.0,2.0,219.13,2,2,1,221,5,Hibernating/Lost,0,3
14272,74.0,4.0,920.81,3,3,3,333,9,Loyal Customers,3,1
14273,51.0,4.0,559.97,4,3,2,432,9,Loyal Customers,3,1
14274,686.0,1.0,256.6,1,1,1,111,3,Hibernating/Lost,0,2
14275,396.0,6.0,1189.3799999999999,2,4,3,243,9,Can't Lose Them,0,1
14276,99.0,7.0,1929.32,3,4,4,344,11,Loyal Customers,3,1
14277,15.0,9.0,4324.47,5,5,5,555,15,Champions,1,1
14278,410.0,1.0,205.83,2,1,1,211,4,Hibernating/Lost,0,2
14279,521.0,2.0,191.86,1,2,1,121,4,Hibernating/Lost,0,3
14280,197.0,1.0,134.04,2,1,1,211,4,Hibernating/Lost,0,2
14281,408.0,1.0,245.15,2,1,1,211,4,Hibernating/Lost,0,2
14282,3.0,25.0,7844.66,5,5,5,555,15,Champions,1,4
14283,463.0,4.0,628.4399999999999,1,3,3,133,7,At Risk,0,1
14284,31.0,3.0,1282.85,4,3,4,434,11,Loyal Customers,3,0
14285,21.0,8.0,3158.64,4,4,5,445,13,Champions,1,1
14286,24.0,7.0,8396.7,4,4,5,445,13,Champions,1,-1
14287,8.0,3.0,151.23000000000002,5,3,1,531,9,Loyal Customers,3,0
14288,213.0,1.0,413.85,2,1,2,212,5,Hibernating/Lost,0,2
14289,9.0,6.0,911.26,5,4,3,543,12,Champions,3,1
14290,11.0,8.0,4208.93,5,4,5,545,14,Champions,1,1
14291,2.0,23.0,7844.4,5,5,5,555,15,Champions,1,4
14292,8.0,16.0,8887.9,5,5,5,555,15,Champions,1,-1
14293,3.0,9.0,3174.33,5,5,5,555,15,Champions,1,1
14294,407.0,1.0,375.34,2,1,2,212,5,Hibernating/Lost,0,2
14295,40.0,5.0,2316.06,4,4,4,444,12,Champions,3,1
14296,421.0,2.0,448.45,1,2,2,122,5,Hibernating/Lost,0,3
14297,18.0,4.0,1284.06,5,3,4,534,12,Loyal Customers,3,1
14298,8.0,82.0,90489.31,5,5,5,555,15,Champions,2,-1
14299,8.0,27.0,12827.77,5,5,5,555,15,Champions,1,12
14300,19.0,1.0,43.2,5,1,1,511,7,New Customers,3,2
14301,117.0,4.0,1956.23,3,3,4,334,10,Loyal Customers,3,1
14302,431.0,3.0,742.9000000000001,1,3,3,133,7,At Risk,0,0
14303,407.0,2.0,277.94,2,2,2,222,6,Hibernating/Lost,0,3
14304,223.0,3.0,1523.81,2,3,4,234,9,At Risk,0,0
14305,71.0,3.0,1803.76,3,3,4,334,10,Loyal Customers,3,0
14306,51.0,6.0,3141.5,4,4,5,445,13,Champions,3,1
14307,89.0,10.0,5063.08,3,5,5,355,13,Loyal Customers,1,1
14308,549.0,2.0,-849.45,1,2,1,121,4,Hibernating/Lost,0,3
14309,8.0,11.0,3747.96,5,5,5,555,15,Champions,1,1
14310,433.0,1.0,492.1,1,1,2,112,4,Hibernating/Lost,0,2
14311,243.0,2.0,435.90000000000003,2,2,2,222,6,Hibernating/Lost,0,3
14312,47.0,11.0,3090.29,4,5,5,455,14,Champions,1,1
14314,107.0,2.0,221.9,3,2,1,321,6,Potential Loyalists,0,3
14315,45.0,8.0,3168.72,4,4,5,445,13,Champions,1,1
14316,422.0,5.0,1355.34,1,4,4,144,9,Can't Lose Them,0,1
14317,65.0,1.0,508.58000000000004,3,1,2,312,6,Potential Loyalists,3,2
14318,460.0,1.0,158.02,1,1,1,111,3,Hibernating/Lost,0,2
14319,424.0,1.0,476.95000000000005,1,1,2,112,4,Hibernating/Lost,0,2
14320,207.0,5.0,1204.1200000000001,2,4,3,243,9,Can't Lose Them,0,1
14321,11.0,7.0,2198.58,5,4,4,544,13,Champions,3,1
14322,429.0,4.0,384.3,1,3,2,132,6,At Risk,0,1
14323,115.0,2.0,574.26,3,2,2,322,7,Potential Loyalists,0,3
14324,410.0,2.0,701.61,2,2,3,223,7,Hibernating/Lost,0,3
14325,570.0,1.0,245.48000000000002,1,1,1,111,3,Hibernating/Lost,0,2
14326,242.0,3.0,923.98,2,3,3,233,8,At Risk,0,0
14327,163.0,6.0,1894.93,3,4,4,344,11,Loyal Customers,0,1
14328,438.0,1.0,-445.06,1,1,1,111,3,Hibernating/Lost,0,2
14329,17.0,15.0,9735.52,5,5,5,555,15,Champions,1,1
14330,624.0,1.0,200.63,1,1,1,111,3,Hibernating/Lost,0,2
14331,124.0,2.0,462.65999999999997,3,2,2,322,7,Potential Loyalists,0,3
14332,23.0,5.0,1943.51,4,4,4,444,12,Champions,3,1
14333,68.0,1.0,351.45,3,1,2,312,6,Potential Loyalists,3,2
14334,17.0,12.0,4292.98,5,5,5,555,15,Champions,1,1
14335,16.0,2.0,468.26,5,2,2,522,9,New Customers,3,3
14336,17.0,4.0,1614.91,5,3,4,534,12,Loyal Customers,3,1
14338,161.0,3.0,894.1,3,3,3,333,9,Loyal Customers,0,0
14339,243.0,2.0,600.66,2,2,3,223,7,Hibernating/Lost,0,3
14340,219.0,1.0,134.7,2,1,1,211,4,Hibernating/Lost,0,2
14341,45.0,18.0,4443.47,4,5,5,455,14,Champions,1,1
14342,21.0,6.0,842.74,4,4,3,443,11,Champions,3,1
14343,421.0,4.0,1088.91,1,3,3,133,7,At Risk,0,1
14344,127.0,20.0,3333.7000000000003,3,5,5,355,13,Loyal Customers,1,-1
14345,39.0,1.0,108.97999999999999,4,1,1,411,6,New Customers,3,2
14346,121.0,5.0,2315.75,3,4,4,344,11,Loyal Customers,3,1
14347,737.0,1.0,82.6,1,1,1,111,3,Hibernating/Lost,0,2
14348,260.0,1.0,409.57,2,1,2,212,5,Hibernating/Lost,0,2
14349,10.0,1.0,133.5,5,1,1,511,7,New Customers,3,2
14350,274.0,3.0,947.8,2,3,3,233,8,At Risk,0,0
14351,165.0,1.0,51.0,3,1,1,311,5,Potential Loyalists,0,2
14352,157.0,4.0,1078.96,3,3,3,333,9,Loyal Customers,0,1
14353,215.0,3.0,376.5,2,3,2,232,7,At Risk,0,0
14354,6.0,2.0,163.62,5,2,1,521,8,New Customers,3,3
14355,366.0,3.0,1014.45,2,3,3,233,8,At Risk,0,0
14356,80.0,2.0,666.9399999999999,3,2,3,323,8,Potential Loyalists,3,3
14357,43.0,1.0,225.77,4,1,1,411,6,New Customers,3,2
14358,389.0,2.0,384.29999999999995,2,2,2,222,6,Hibernating/Lost,0,3
14359,19.0,3.0,882.58,5,3,3,533,11,Loyal Customers,3,0
14360,32.0,4.0,2128.23,4,3,4,434,11,Loyal Customers,3,1
14361,579.0,1.0,214.70999999999998,1,1,1,111,3,Hibernating/Lost,0,2
14362,22.0,1.0,161.2,4,1,1,411,6,New Customers,3,2
14363,402.0,2.0,227.47000000000003,2,2,1,221,5,Hibernating/Lost,0,3
14364,109.0,8.0,3717.35,3,4,5,345,12,Loyal Customers,1,1
14365,395.0,2.0,634.68,2,2,3,223,7,Hibernating/Lost,0,3
14366,525.0,1.0,136.0,1,1,1,111,3,Hibernating/Lost,0,2
14367,8.0,16.0,9167.82,5,5,5,555,15,Champions,1,1
14368,320.0,1.0,155.0,2,1,1,211,4,Hibernating/Lost,0,2
14369,642.0,2.0,469.13,1,2,2,122,5,Hibernating/Lost,0,3
14370,451.0,6.0,1092.13,1,4,3,143,8,Can't Lose Them,0,1
14371,295.0,1.0,100.5,2,1,1,211,4,Hibernating/Lost,0,2
14372,443.0,2.0,830.1800000000001,1,2,3,123,6,Hibernating/Lost,0,3
14373,358.0,1.0,76.55,2,1,1,211,4,Hibernating/Lost,0,2
14374,541.0,1.0,108.0,1,1,1,111,3,Hibernating/Lost,0,2
14375,185.0,3.0,1132.99,3,3,3,333,9,Loyal Customers,0,0
14376,683.0,1.0,215.46,1,1,1,111,3,Hibernating/Lost,0,2
14377,191.0,2.0,617.05,2,2,3,223,7,Hibernating/Lost,0,3
14378,622.0,1.0,131.25,1,1,1,111,3,Hibernating/Lost,0,2
14379,44.0,4.0,1268.91,4,3,4,434,11,Loyal Customers,3,1
14380,682.0,1.0,-99.72999999999999,1,1,1,111,3,Hibernating/Lost,0,2
14381,52.0,2.0,631.34,4,2,3,423,9,New Customers,3,3
14382,26.0,2.0,1240.85,4,2,4,424,10,New Customers,3,3
14383,38.0,3.0,1247.69,4,3,4,434,11,Loyal Customers,3,0
14384,501.0,1.0,58.5,1,1,1,111,3,Hibernating/Lost,0,2
14385,9.0,3.0,202.11,5,3,1,531,9,Loyal Customers,3,0
14386,297.0,1.0,142.4,2,1,1,211,4,Hibernating/Lost,0,2
14387,33.0,3.0,1770.56,4,3,4,434,11,Loyal Customers,3,0
14388,10.0,16.0,6589.3,5,5,5,555,15,Champions,1,1
14389,65.0,5.0,1821.07,3,4,4,344,11,Loyal Customers,3,1
14390,10.0,13.0,6323.33,5,5,5,555,15,Champions,1,1
14391,577.0,1.0,135.6,1,1,1,111,3,Hibernating/Lost,0,2
14392,432.0,1.0,266.4,1,1,1,111,3,Hibernating/Lost,0,2
14393,218.0,1.0,67.95,2,1,1,211,4,Hibernating/Lost,0,2
14394,565.0,1.0,93.8,1,1,1,111,3,Hibernating/Lost,0,2
14395,2.0,20.0,8160.81,5,5,5,555,15,Champions,1,4
14396,65.0,7.0,2121.93,3,4,4,344,11,Loyal Customers,3,1
14397,3.0,19.0,2556.68,5,5,4,554,14,Champions,1,1
14398,401.0,2.0,707.79,2,2,3,223,7,Hibernating/Lost,0,3
14399,394.0,8.0,2098.16,2,4,4,244,10,Can't Lose Them,0,1
14400,149.0,3.0,1703.0,3,3,4,334,10,Loyal Customers,0,0
14401,4.0,22.0,6703.4,5,5,5,555,15,Champions,1,1
14402,652.0,1.0,285.6,1,1,2,112,4,Hibernating/Lost,0,2
14403,130.0,6.0,1822.76,3,4,4,344,11,Loyal Customers,3,1
14404,34.0,13.0,2800.11,4,5,4,454,13,Champions,1,1
14405,387.0,1.0,195.0,2,1,1,211,4,Hibernating/Lost,0,2
14406,119.0,1.0,156.75,3,1,1,311,5,Potential Loyalists,0,2
14407,107.0,6.0,2111.08,3,4,4,344,11,Loyal Customers,3,1
14408,11.0,11.0,4109.77,5,5,5,555,15,Champions,1,1
14409,71.0,9.0,3453.69,3,5,5,355,13,Loyal Customers,1,1
14410,92.0,11.0,2122.37,3,5,4,354,12,Loyal Customers,1,1
14411,311.0,1.0,1063.0,2,1,3,213,6,Hibernating/Lost,0,2
14412,43.0,3.0,1417.49,4,3,4,434,11,Loyal Customers,3,0
14413,362.0,4.0,770.37,2,3,3,233,8,At Risk,0,1
14414,92.0,8.0,2387.48,3,4,4,344,11,Loyal Customers,3,1
14415,1.0,23.0,11915.13,5,5,5,555,15,Champions,1,-1
14416,22.0,2.0,490.22,4,2,2,422,8,New Customers,3,3
14417,388.0,1.0,604.2,2,1,3,213,6,Hibernating/Lost,0,2
14418,4.0,3.0,1937.25,5,3,4,534,12,Loyal Customers,3,0
14419,11.0,7.0,1260.91,5,4,4,544,13,Champions,3,1
14420,99.0,4.0,1627.72,3,3,4,334,10,Loyal Customers,3,1
14421,57.0,6.0,2456.62,4,4,4,444,12,Champions,3,1
14422,1.0,19.0,10200.92,5,5,5,555,15,Champions,1,-1
14423,218.0,3.0,914.9599999999999,2,3,3,233,8,At Risk,0,0
14424,18.0,1.0,322.08,5,1,2,512,8,New Customers,3,2
14425,435.0,3.0,635.89,1,3,3,133,7,At Risk,0,0
14426,24.0,17.0,11103.97,4,5,5,455,14,Champions,1,1
14427,50.0,4.0,1263.52,4,3,4,434,11,Loyal Customers,3,1
14428,7.0,5.0,1230.14,5,4,4,544,13,Champions,3,1
14429,404.0,1.0,516.28,2,1,2,212,5,Hibernating/Lost,0,2
14430,512.0,3.0,956.4000000000001,1,3,3,133,7,At Risk,0,0
14431,303.0,4.0,2541.6,2,3,4,234,9,At Risk,0,1
14432,10.0,6.0,2255.51,5,4,4,544,13,Champions,3,1
14433,466.0,1.0,289.6,1,1,2,112,4,Hibernating/Lost,0,2
14434,22.0,6.0,1372.8,4,4,4,444,12,Champions,3,1
14435,502.0,1.0,90.42,1,1,1,111,3,Hibernating/Lost,0,2
14436,99.0,2.0,271.70000000000005,3,2,2,322,7,Potential Loyalists,0,3
14437,366.0,5.0,829.94,2,4,3,243,9,Can't Lose Them,0,1
14438,306.0,1.0,131.9,2,1,1,211,4,Hibernating/Lost,0,2
14439,320.0,5.0,9443.04,2,4,5,245,11,Can't Lose Them,0,-1
14440,8.0,13.0,6526.83,5,5,5,555,15,Champions,1,1
14441,1.0,11.0,4361.59,5,5,5,555,15,Champions,1,5
14442,205.0,7.0,5272.02,2,4,5,245,11,Can't Lose Them,1,1
14443,54.0,5.0,2351.58,4,4,4,444,12,Champions,3,1
14444,456.0,1.0,132.04,1,1,1,111,3,Hibernating/Lost,0,2
14445,456.0,1.0,221.65,1,1,1,111,3,Hibernating/Lost,0,2
14446,1.0,5.0,1241.31,5,4,4,544,13,Champions,3,7
14447,19.0,6.0,1711.73,5,4,4,544,13,Champions,3,1
14448,9.0,2.0,375.35,5,2,2,522,9,New Customers,3,3
14449,19.0,8.0,2482.8,5,4,4,544,13,Champions,1,1
14450,181.0,7.0,1128.44,3,4,3,343,10,Loyal Customers,0,1
14451,60.0,12.0,3265.59,3,5,5,355,13,Loyal Customers,1,1
14452,11.0,4.0,665.59,5,3,3,533,11,Loyal Customers,3,1
14453,190.0,1.0,119.93,2,1,1,211,4,Hibernating/Lost,0,2
14454,376.0,5.0,970.7,2,4,3,243,9,Can't Lose Them,0,1
14455,432.0,4.0,594.86,1,3,2,132,6,At Risk,0,1
14456,5.0,9.0,3047.63,5,5,5,555,15,Champions,1,1
14457,311.0,1.0,113.64,2,1,1,211,4,Hibernating/Lost,0,2
14458,381.0,1.0,237.42,2,1,1,211,4,Hibernating/Lost,0,2
14459,155.0,2.0,5339.1410000000005,3,2,5,325,10,Potential Loyalists,0,-1
14460,110.0,9.0,919.6,3,5,3,353,11,Loyal Customers,3,1
14461,148.0,13.0,6697.6,3,5,5,355,13,Loyal Customers,1,1
14462,66.0,12.0,2231.89,3,5,4,354,12,Loyal Customers,1,1
14463,98.0,4.0,786.5699999999999,3,3,3,333,9,Loyal Customers,3,1
14464,568.0,2.0,111.0,1,2,1,121,4,Hibernating/Lost,0,3
14465,247.0,11.0,3946.03,2,5,5,255,12,Can't Lose Them,1,1
14466,29.0,13.0,4646.9,4,5,5,455,14,Champions,1,1
14467,18.0,12.0,2220.9900000000002,5,5,4,554,14,Champions,1,1
14468,734.0,1.0,204.24,1,1,1,111,3,Hibernating/Lost,0,2
14469,416.0,4.0,2112.21,1,3,4,134,8,At Risk,0,1
14470,12.0,3.0,712.04,5,3,3,533,11,Loyal Customers,3,0
14471,591.0,2.0,400.95,1,2,2,122,5,Hibernating/Lost,0,3
14472,104.0,9.0,2228.22,3,5,4,354,12,Loyal Customers,1,1
14473,74.0,2.0,234.34000000000003,3,2,1,321,6,Potential Loyalists,3,3
14474,46.0,2.0,1268.1299999999999,4,2,4,424,10,New Customers,3,3
14475,72.0,4.0,1025.1200000000001,3,3,3,333,9,Loyal Customers,3,1
14476,257.0,1.0,215.7,2,1,1,211,4,Hibernating/Lost,0,2
14477,20.0,7.0,1960.61,4,4,4,444,12,Champions,3,1
14478,382.0,4.0,1276.66,2,3,4,234,9,At Risk,0,1
14479,254.0,4.0,1299.11,2,3,4,234,9,At Risk,0,1
14480,11.0,4.0,1295.27,5,3,4,534,12,Loyal Customers,3,1
14481,165.0,5.0,1935.32,3,4,4,344,11,Loyal Customers,0,1
14482,18.0,12.0,4192.25,5,5,5,555,15,Champions,1,1
14483,282.0,2.0,249.2,2,2,1,221,5,Hibernating/Lost,0,3
14484,50.0,4.0,1070.98,4,3,3,433,10,Loyal Customers,3,1
14485,39.0,1.0,165.75,4,1,1,411,6,New Customers,3,2
14486,512.0,2.0,175.5,1,2,1,121,4,Hibernating/Lost,0,3
14487,27.0,7.0,1428.11,4,4,4,444,12,Champions,3,1
14488,68.0,1.0,1047.43,3,1,3,313,7,Potential Loyalists,3,2
14489,207.0,4.0,1574.93,2,3,4,234,9,At Risk,0,1
14490,406.0,2.0,1273.47,2,2,4,224,8,Hibernating/Lost,0,3
14491,175.0,2.0,468.13,3,2,2,322,7,Potential Loyalists,0,3
14492,430.0,7.0,1574.3600000000001,1,4,4,144,9,Can't Lose Them,0,1
14493,7.0,10.0,5036.05,5,5,5,555,15,Champions,1,1
14494,26.0,3.0,401.46,4,3,2,432,9,Loyal Customers,3,0
14495,51.0,3.0,166.3,4,3,1,431,8,Loyal Customers,3,0
14496,312.0,7.0,2645.88,2,4,4,244,10,Can't Lose Them,0,1
14497,309.0,2.0,679.16,2,2,3,223,7,Hibernating/Lost,0,3
14498,43.0,10.0,3911.27,4,5,5,455,14,Champions,1,1
14499,26.0,7.0,2120.62,4,4,4,444,12,Champions,3,1
14500,88.0,3.0,356.85,3,3,2,332,8,Loyal Customers,3,0
14501,184.0,2.0,190.31,3,2,1,321,6,Potential Loyalists,0,3
14502,20.0,11.0,2351.02,4,5,4,454,13,Champions,1,1
14503,3.0,6.0,3543.26,5,4,5,545,14,Champions,1,1
14504,47.0,4.0,673.26,4,3,3,433,10,Loyal Customers,3,1
14505,17.0,19.0,11718.8,5,5,5,555,15,Champions,1,11
14506,17.0,7.0,3290.67,5,4,5,545,14,Champions,1,1
14507,24.0,11.0,3172.4900000000002,4,5,5,455,14,Champions,1,1
14508,22.0,5.0,856.09,4,4,3,443,11,Champions,3,1
14509,534.0,1.0,110.95,1,1,1,111,3,Hibernating/Lost,0,2
14510,376.0,3.0,991.98,2,3,3,233,8,At Risk,0,0
14511,11.0,5.0,1267.4099999999999,5,4,4,544,13,Champions,3,1
14512,188.0,7.0,1223.47,3,4,4,344,11,Loyal Customers,0,1
14513,101.0,6.0,770.9100000000001,3,4,3,343,10,Loyal Customers,3,1
14514,61.0,9.0,4594.7300000000005,3,5,5,355,13,Loyal Customers,1,1
14515,18.0,12.0,3718.9,5,5,5,555,15,Champions,1,1
14516,516.0,1.0,163.92,1,1,1,111,3,Hibernating/Lost,0,2
14517,33.0,2.0,330.45,4,2,2,422,8,New Customers,3,3
14518,64.0,1.0,174.37,3,1,1,311,5,Potential Loyalists,3,2
14519,684.0,2.0,206.09,1,2,1,121,4,Hibernating/Lost,0,3
14520,2.0,2.0,270.6,5,2,1,521,8,New Customers,3,3
14521,491.0,1.0,167.65,1,1,1,111,3,Hibernating/Lost,0,2
14522,24.0,8.0,1758.6200000000001,4,4,4,444,12,Champions,3,1
14523,108.0,1.0,241.09,3,1,1,311,5,Potential Loyalists,0,2
14524,32.0,13.0,2933.71,4,5,5,455,14,Champions,1,1
14525,20.0,17.0,8129.8099999999995,4,5,5,455,14,Champions,1,1
14526,389.0,1.0,262.4,2,1,1,211,4,Hibernating/Lost,0,2
14527,3.0,122.0,25774.54,5,5,5,555,15,Champions,2,-1
14528,37.0,1.0,364.21999999999997,4,1,2,412,7,New Customers,3,2
14529,60.0,3.0,620.04,3,3,3,333,9,Loyal Customers,3,0
14530,26.0,16.0,6077.15,4,5,5,455,14,Champions,1,1
14531,480.0,1.0,376.34,1,1,2,112,4,Hibernating/Lost,0,2
14532,236.0,11.0,3846.4300000000003,2,5,5,255,12,Can't Lose Them,1,1
14533,25.0,11.0,3185.12,4,5,5,455,14,Champions,1,1
14534,3.0,26.0,5786.42,5,5,5,555,15,Champions,1,1
14535,60.0,9.0,5872.63,3,5,5,355,13,Loyal Customers,1,1
14536,260.0,1.0,171.8,2,1,1,211,4,Hibernating/Lost,0,2
14537,58.0,2.0,635.45,4,2,3,423,9,New Customers,3,3
14538,65.0,5.0,1370.8400000000001,3,4,4,344,11,Loyal Customers,3,1
14539,16.0,2.0,537.48,5,2,2,522,9,New Customers,3,3
14540,10.0,11.0,3785.44,5,5,5,555,15,Champions,1,1
14541,59.0,14.0,2499.68,3,5,4,354,12,Loyal Customers,1,1
14542,186.0,1.0,103.25,3,1,1,311,5,Potential Loyalists,0,2
14543,29.0,39.0,12194.01,4,5,5,455,14,Champions,1,-1
14544,24.0,3.0,2982.43,4,3,5,435,12,Loyal Customers,3,-1
14545,674.0,1.0,349.25,1,1,2,112,4,Hibernating/Lost,0,2
14546,5.0,11.0,5001.03,5,5,5,555,15,Champions,1,1
14547,4.0,8.0,3986.7400000000002,5,4,5,545,14,Champions,1,1
14548,151.0,9.0,2627.49,3,5,4,354,12,Loyal Customers,1,1
14549,311.0,4.0,916.5500000000001,2,3,3,233,8,At Risk,0,1
14550,11.0,4.0,1353.31,5,3,4,534,12,Loyal Customers,3,1
14551,18.0,7.0,858.59,5,4,3,543,12,Champions,3,1
14552,152.0,3.0,511.28000000000003,3,3,2,332,8,Loyal Customers,0,0
14553,19.0,9.0,1816.04,5,5,4,554,14,Champions,1,1
14554,10.0,4.0,2381.04,5,3,4,534,12,Loyal Customers,3,1
14555,57.0,6.0,2306.48,4,4,4,444,12,Champions,3,1
14556,596.0,3.0,835.34,1,3,3,133,7,At Risk,0,0
14557,85.0,1.0,0.0,3,1,1,311,5,Potential Loyalists,0,2
14558,654.0,3.0,614.1,1,3,3,133,7,At Risk,0,0
14559,390.0,1.0,75.6,2,1,1,211,4,Hibernating/Lost,0,2
14560,7.0,44.0,6050.44,5,5,5,555,15,Champions,1,-1
14561,76.0,3.0,1080.76,3,3,3,333,9,Loyal Customers,3,0
14562,4.0,26.0,6363.85,5,5,5,555,15,Champions,1,1
14563,510.0,2.0,679.44,1,2,3,123,6,Hibernating/Lost,0,3
14564,435.0,2.0,2519.32,1,2,4,124,7,Hibernating/Lost,0,3
14565,96.0,5.0,3833.87,3,4,5,345,12,Loyal Customers,3,1
14566,111.0,4.0,4092.0,3,3,5,335,11,Loyal Customers,3,1
14567,57.0,2.0,1524.46,4,2,4,424,10,New Customers,3,3
14568,435.0,1.0,909.5,1,1,3,113,5,Hibernating/Lost,0,2
14569,1.0,4.0,598.98,5,3,2,532,10,Loyal Customers,3,-1
14570,281.0,3.0,613.75,2,3,3,233,8,At Risk,0,0
14571,425.0,1.0,161.65,1,1,1,111,3,Hibernating/Lost,0,2
14572,3.0,11.0,5573.28,5,5,5,555,15,Champions,1,1
14573,180.0,13.0,2571.72,3,5,4,354,12,Loyal Customers,1,1
14574,733.0,1.0,143.70000000000002,1,1,1,111,3,Hibernating/Lost,0,2
14575,488.0,1.0,460.71,1,1,2,112,4,Hibernating/Lost,0,2
14576,372.0,1.0,70.80000000000001,2,1,1,211,4,Hibernating/Lost,0,2
14577,13.0,7.0,1374.25,5,4,4,544,13,Champions,3,1
14578,3.0,1.0,168.63,5,1,1,511,7,New Customers,3,2
14579,432.0,1.0,105.56,1,1,1,111,3,Hibernating/Lost,0,2
14580,518.0,1.0,14.850000000000001,1,1,1,111,3,Hibernating/Lost,0,2
14581,17.0,2.0,433.8,5,2,2,522,9,New Customers,3,3
14582,41.0,1.0,114.11,4,1,1,411,6,New Customers,3,2
14583,6.0,8.0,1781.03,5,4,4,544,13,Champions,1,1
14584,169.0,8.0,1734.91,3,4,4,344,11,Loyal Customers,3,1
14585,50.0,5.0,1143.27,4,4,3,443,11,Champions,3,1
14586,277.0,1.0,134.16,2,1,1,211,4,Hibernating/Lost,0,2
14587,19.0,9.0,1598.24,5,5,4,554,14,Champions,1,1
14588,578.0,1.0,135.39,1,1,1,111,3,Hibernating/Lost,0,2
14589,372.0,1.0,79.5,2,1,1,211,4,Hibernating/Lost,0,2
14590,425.0,20.0,2884.29,1,5,5,155,11,Can't Lose Them,1,-1
14591,15.0,4.0,1447.14,5,3,4,534,12,Loyal Customers,3,1
14592,35.0,3.0,570.46,4,3,2,432,9,Loyal Customers,3,0
14593,22.0,12.0,3615.17,4,5,5,455,14,Champions,1,1
14594,7.0,2.0,634.83,5,2,3,523,10,New Customers,3,3
14595,20.0,8.0,2164.45,4,4,4,444,12,Champions,1,1
14596,627.0,1.0,229.47,1,1,1,111,3,Hibernating/Lost,0,2
14597,11.0,6.0,2201.54,5,4,4,544,13,Champions,3,1
14598,44.0,2.0,221.97,4,2,1,421,7,New Customers,3,3
14599,390.0,2.0,474.54,2,2,2,222,6,Hibernating/Lost,0,3
14600,306.0,2.0,865.1700000000001,2,2,3,223,7,Hibernating/Lost,0,3
14601,11.0,1.0,213.96,5,1,1,511,7,New Customers,3,2
14602,656.0,1.0,205.35999999999999,1,1,1,111,3,Hibernating/Lost,0,2
14603,275.0,1.0,660.0,2,1,3,213,6,Hibernating/Lost,0,2
14604,633.0,1.0,143.85999999999999,1,1,1,111,3,Hibernating/Lost,0,2
14605,374.0,4.0,937.16,2,3,3,233,8,At Risk,0,1
14606,1.0,192.0,30094.38,5,5,5,555,15,Champions,2,-1
14607,16.0,22.0,18745.56,5,5,5,555,15,Champions,2,-1
14608,4.0,11.0,3273.44,5,5,5,555,15,Champions,1,1
14609,72.0,10.0,1366.2,3,5,4,354,12,Loyal Customers,1,1
14610,396.0,2.0,24.35,2,2,1,221,5,Hibernating/Lost,0,3
14611,444.0,2.0,599.38,1,2,2,122,5,Hibernating/Lost,0,3
14612,415.0,1.0,877.7,1,1,3,113,5,Hibernating/Lost,0,2
14613,680.0,1.0,76.32000000000001,1,1,1,111,3,Hibernating/Lost,0,2
14614,386.0,1.0,295.13,2,1,2,212,5,Hibernating/Lost,0,2
14615,394.0,5.0,934.26,2,4,3,243,9,Can't Lose Them,0,1
14616,243.0,5.0,527.78,2,4,2,242,8,Can't Lose Them,0,1
14617,403.0,2.0,190.47000000000003,2,2,1,221,5,Hibernating/Lost,0,3
14618,9.0,7.0,1295.67,5,4,4,544,13,Champions,3,1
14619,246.0,2.0,1276.31,2,2,4,224,8,Hibernating/Lost,0,3
14620,206.0,2.0,393.28000000000003,2,2,2,222,6,Hibernating/Lost,0,3
14621,1.0,9.0,2878.27,5,5,4,554,14,Champions,1,5
14622,185.0,1.0,320.58000000000004,3,1,2,312,6,Potential Loyalists,0,2
14623,32.0,10.0,2030.83,4,5,4,454,13,Champions,1,1
14624,57.0,6.0,814.07,4,4,3,443,11,Champions,3,1
14625,196.0,11.0,4391.53,2,5,5,255,12,Can't Lose Them,1,1
14626,24.0,11.0,5374.77,4,5,5,455,14,Champions,1,1
14627,379.0,1.0,406.40000000000003,2,1,2,212,5,Hibernating/Lost,0,2
14628,91.0,5.0,1998.0,3,4,4,344,11,Loyal Customers,3,1
14629,4.0,2.0,939.21,5,2,3,523,10,New Customers,3,3
14630,484.0,1.0,338.65,1,1,2,112,4,Hibernating/Lost,0,2
14631,51.0,6.0,2023.17,4,4,4,444,12,Champions,3,1
14632,263.0,1.0,114.56,2,1,1,211,4,Hibernating/Lost,0,2
14633,266.0,1.0,344.90000000000003,2,1,2,212,5,Hibernating/Lost,0,2
14634,438.0,4.0,1971.82,1,3,4,134,8,At Risk,0,1
14635,454.0,1.0,215.22,1,1,1,111,3,Hibernating/Lost,0,2
14636,36.0,2.0,609.85,4,2,3,423,9,New Customers,3,3
14637,677.0,1.0,106.67999999999999,1,1,1,111,3,Hibernating/Lost,0,2
14638,51.0,1.0,443.6,4,1,2,412,7,New Customers,3,2
14639,52.0,9.0,4946.81,4,5,5,455,14,Champions,1,1
14640,24.0,10.0,3464.03,4,5,5,455,14,Champions,1,1
14641,22.0,1.0,110.46,4,1,1,411,6,New Customers,3,2
14642,59.0,1.0,96.12,3,1,1,311,5,Potential Loyalists,3,2
14643,170.0,5.0,1654.69,3,4,4,344,11,Loyal Customers,0,1
14644,68.0,7.0,2077.47,3,4,4,344,11,Loyal Customers,3,1
14645,157.0,3.0,840.24,3,3,3,333,9,Loyal Customers,0,0
14646,2.0,151.0,523342.07,5,5,5,555,15,Champions,2,-1
14647,201.0,2.0,519.97,2,2,2,222,6,Hibernating/Lost,0,3
14648,416.0,15.0,4458.21,1,5,5,155,11,Can't Lose Them,1,-1
14649,5.0,9.0,3754.16,5,5,5,555,15,Champions,1,1
14650,589.0,1.0,62.5,1,1,1,111,3,Hibernating/Lost,0,2
14651,67.0,9.0,2034.1200000000001,3,5,4,354,12,Loyal Customers,1,1
14652,77.0,1.0,114.18,3,1,1,311,5,Potential Loyalists,0,2
14653,1.0,12.0,3614.54,5,5,5,555,15,Champions,1,5
14654,738.0,1.0,246.86,1,1,1,111,3,Hibernating/Lost,0,2
14655,8.0,7.0,3829.23,5,4,5,545,14,Champions,1,1
14656,169.0,5.0,814.65,3,4,3,343,10,Loyal Customers,0,1
14657,18.0,6.0,1450.92,5,4,4,544,13,Champions,3,1
14658,5.0,2.0,247.15,5,2,1,521,8,New Customers,3,3
14659,9.0,9.0,2456.53,5,5,4,554,14,Champions,1,1
14660,87.0,2.0,285.74,3,2,2,322,7,Potential Loyalists,3,3
14661,27.0,1.0,107.95,4,1,1,411,6,New Customers,3,2
14662,29.0,7.0,1416.33,4,4,4,444,12,Champions,3,1
14663,430.0,2.0,490.6,1,2,2,122,5,Hibernating/Lost,0,3
14664,20.0,2.0,637.89,4,2,3,423,9,New Customers,3,3
14665,61.0,7.0,2172.33,3,4,4,344,11,Loyal Customers,3,1
14666,24.0,1.0,195.25,4,1,1,411,6,New Customers,3,2
14667,11.0,54.0,21720.59,5,5,5,555,15,Champions,2,-1
14668,445.0,1.0,111.63,1,1,1,111,3,Hibernating/Lost,0,2
14669,242.0,7.0,3243.93,2,4,5,245,11,Can't Lose Them,0,1
14670,280.0,3.0,602.0,2,3,3,233,8,At Risk,0,0
14671,549.0,2.0,1127.45,1,2,3,123,6,Hibernating/Lost,0,3
14672,235.0,4.0,1113.14,2,3,3,233,8,At Risk,0,1
14673,3.0,7.0,3410.81,5,4,5,545,14,Champions,1,1
14674,509.0,1.0,173.66,1,1,1,111,3,Hibernating/Lost,0,2
14675,16.0,2.0,1066.9,5,2,3,523,10,New Customers,3,3
14676,31.0,12.0,8285.49,4,5,5,455,14,Champions,1,1
14677,593.0,1.0,184.91,1,1,1,111,3,Hibernating/Lost,0,2
14678,579.0,1.0,386.44,1,1,2,112,4,Hibernating/Lost,0,2
14679,382.0,3.0,1270.3999999999999,2,3,4,234,9,At Risk,0,0
14680,25.0,58.0,54801.34,4,5,5,455,14,Champions,2,-1
14681,71.0,6.0,875.1500000000001,3,4,3,343,10,Loyal Customers,3,1
14682,188.0,6.0,1514.81,3,4,4,344,11,Loyal Customers,0,1
14683,588.0,1.0,146.56,1,1,1,111,3,Hibernating/Lost,0,2
14684,26.0,6.0,1468.55,4,4,4,444,12,Champions,3,1
14685,576.0,8.0,4324.31,1,4,5,145,10,Can't Lose Them,0,-1
14686,414.0,5.0,877.88,1,4,3,143,8,Can't Lose Them,0,1
14687,107.0,3.0,1402.06,3,3,4,334,10,Loyal Customers,3,0
14688,8.0,28.0,7190.08,5,5,5,555,15,Champions,1,-1
14689,209.0,1.0,112.8,2,1,1,211,4,Hibernating/Lost,0,2
14690,44.0,4.0,781.24,4,3,3,433,10,Loyal Customers,3,1
14691,31.0,5.0,2114.33,4,4,4,444,12,Champions,3,1
14692,137.0,12.0,1735.59,3,5,4,354,12,Loyal Customers,1,1
14693,265.0,7.0,1139.86,2,4,3,243,9,Can't Lose Them,0,1
14694,617.0,1.0,244.31,1,1,1,111,3,Hibernating/Lost,0,2
14695,519.0,3.0,1552.57,1,3,4,134,8,At Risk,0,0
14696,4.0,8.0,2758.67,5,4,4,544,13,Champions,1,1
14697,218.0,2.0,188.60999999999999,2,2,1,221,5,Hibernating/Lost,0,3
14698,2.0,5.0,1250.76,5,4,4,544,13,Champions,3,1
14699,214.0,4.0,702.6,2,3,3,233,8,At Risk,0,1
14700,32.0,5.0,3116.26,4,4,5,445,13,Champions,3,1
14701,11.0,15.0,4498.94,5,5,5,555,15,Champions,1,1
14702,1.0,29.0,6695.72,5,5,5,555,15,Champions,1,-1
14703,15.0,1.0,318.17,5,1,2,512,8,New Customers,3,2
14704,11.0,11.0,1813.57,5,5,4,554,14,Champions,1,1
14705,199.0,1.0,179.0,2,1,1,211,4,Hibernating/Lost,0,2
14706,619.0,1.0,390.69,1,1,2,112,4,Hibernating/Lost,0,2
14707,436.0,2.0,139.2,1,2,1,121,4,Hibernating/Lost,0,3
14708,3.0,5.0,2182.58,5,4,4,544,13,Champions,3,1
14709,15.0,25.0,8866.48,5,5,5,555,15,Champions,1,1
14710,14.0,13.0,1922.59,5,5,4,554,14,Champions,1,1
14711,10.0,11.0,2838.2,5,5,4,554,14,Champions,1,1
14712,29.0,4.0,1328.0700000000002,4,3,4,434,11,Loyal Customers,3,1
14713,9.0,21.0,5372.47,5,5,5,555,15,Champions,1,1
14714,24.0,4.0,896.4,4,3,3,433,10,Loyal Customers,3,1
14715,25.0,8.0,1840.45,4,4,4,444,12,Champions,3,1
14716,43.0,3.0,565.45,4,3,2,432,9,Loyal Customers,3,0
14717,733.0,1.0,72.8,1,1,1,111,3,Hibernating/Lost,0,2
14718,410.0,1.0,226.42,2,1,1,211,4,Hibernating/Lost,0,2
14719,2.0,5.0,1592.18,5,4,4,544,13,Champions,3,1
14720,6.0,3.0,663.81,5,3,3,533,11,Loyal Customers,3,0
14721,379.0,1.0,115.77,2,1,1,211,4,Hibernating/Lost,0,2
14722,147.0,3.0,513.37,3,3,2,332,8,Loyal Customers,0,0
14723,10.0,11.0,2093.06,5,5,4,554,14,Champions,1,1
14724,590.0,1.0,345.25,1,1,2,112,4,Hibernating/Lost,0,2
14725,25.0,4.0,1264.84,4,3,4,434,11,Loyal Customers,3,1
14726,655.0,1.0,124.75,1,1,1,111,3,Hibernating/Lost,0,2
14727,274.0,3.0,291.13,2,3,2,232,7,At Risk,0,0
14728,413.0,1.0,190.58,1,1,1,111,3,Hibernating/Lost,0,2
14729,374.0,3.0,907.38,2,3,3,233,8,At Risk,0,0
14730,1.0,8.0,2005.06,5,4,4,544,13,Champions,1,5
14731,47.0,3.0,380.02,4,3,2,432,9,Loyal Customers,3,0
14732,8.0,19.0,5447.52,5,5,5,555,15,Champions,1,1
14733,16.0,15.0,16050.6,5,5,5,555,15,Champions,1,-1
14734,426.0,4.0,1045.47,1,3,3,133,7,At Risk,0,1
14735,4.0,56.0,11909.710000000001,5,5,5,555,15,Champions,1,-1
14736,485.0,2.0,401.08,1,2,2,122,5,Hibernating/Lost,0,3
14737,4.0,4.0,3554.17,5,3,5,535,13,Loyal Customers,3,-1
14738,43.0,9.0,1763.64,4,5,4,454,13,Champions,1,1
14739,4.0,25.0,12269.57,5,5,5,555,15,Champions,1,-1
14740,197.0,11.0,4068.86,2,5,5,255,12,Can't Lose Them,1,1
14741,12.0,7.0,1897.59,5,4,4,544,13,Champions,3,1
14742,435.0,1.0,579.85,1,1,2,112,4,Hibernating/Lost,0,2
14743,593.0,1.0,50.48,1,1,1,111,3,Hibernating/Lost,0,2
14744,16.0,14.0,3821.02,5,5,5,555,15,Champions,1,1
14745,113.0,12.0,2491.46,3,5,4,354,12,Loyal Customers,1,1
14746,406.0,4.0,593.5,2,3,2,232,7,At Risk,0,1
14747,249.0,1.0,294.3,2,1,2,212,5,Hibernating/Lost,0,2
14748,29.0,10.0,2672.25,4,5,4,454,13,Champions,1,1
14749,480.0,1.0,310.15,1,1,2,112,4,Hibernating/Lost,0,2
14750,736.0,1.0,112.03,1,1,1,111,3,Hibernating/Lost,0,2
14751,684.0,2.0,126.45,1,2,1,121,4,Hibernating/Lost,0,3
14752,44.0,1.0,389.64,4,1,2,412,7,New Customers,3,2
14753,87.0,2.0,869.51,3,2,3,323,8,Potential Loyalists,3,3
14754,45.0,6.0,1546.28,4,4,4,444,12,Champions,3,1
14755,10.0,25.0,9851.45,5,5,5,555,15,Champions,1,10
14756,15.0,3.0,2613.46,5,3,4,534,12,Loyal Customers,3,-1
14757,75.0,1.0,420.5,3,1,2,312,6,Potential Loyalists,0,2
14758,145.0,7.0,2864.97,3,4,4,344,11,Loyal Customers,3,1
14759,5.0,3.0,1625.97,5,3,4,534,12,Loyal Customers,3,0
14760,297.0,1.0,53.8,2,1,1,211,4,Hibernating/Lost,0,2
14761,59.0,3.0,447.92,3,3,2,332,8,Loyal Customers,3,0
14762,264.0,2.0,417.57,2,2,2,222,6,Hibernating/Lost,0,3
14764,47.0,1.0,250.55,4,1,1,411,6,New Customers,3,2
14765,29.0,3.0,254.11,4,3,1,431,8,Loyal Customers,3,0
14766,8.0,11.0,6431.9800000000005,5,5,5,555,15,Champions,1,1
14767,474.0,1.0,382.81,1,1,2,112,4,Hibernating/Lost,0,2
14768,17.0,2.0,139.5,5,2,1,521,8,New Customers,3,3
14769,3.0,17.0,15696.67,5,5,5,555,15,Champions,1,-1
14770,232.0,8.0,3624.89,2,4,5,245,11,Can't Lose Them,0,1
14771,621.0,2.0,579.92,1,2,2,122,5,Hibernating/Lost,0,3
14772,112.0,1.0,139.26,3,1,1,311,5,Potential Loyalists,0,2
14773,593.0,1.0,125.7,1,1,1,111,3,Hibernating/Lost,0,2
14774,529.0,1.0,241.45,1,1,1,111,3,Hibernating/Lost,0,2
14775,58.0,3.0,1418.46,4,3,4,434,11,Loyal Customers,3,0
14776,51.0,15.0,3339.02,4,5,5,455,14,Champions,1,1
14777,404.0,1.0,239.26,2,1,1,211,4,Hibernating/Lost,0,2
14778,127.0,2.0,730.86,3,2,3,323,8,Potential Loyalists,0,3
14779,281.0,3.0,386.15,2,3,2,232,7,At Risk,0,0
14780,55.0,2.0,447.68,4,2,2,422,8,New Customers,3,3
14782,320.0,1.0,200.10000000000002,2,1,1,211,4,Hibernating/Lost,0,2
14783,659.0,1.0,305.35,1,1,2,112,4,Hibernating/Lost,0,2
14784,26.0,3.0,449.93,4,3,2,432,9,Loyal Customers,3,0
14785,10.0,2.0,77.4,5,2,1,521,8,New Customers,3,3
14786,550.0,1.0,90.96,1,1,1,111,3,Hibernating/Lost,0,2
14787,471.0,1.0,110.65,1,1,1,111,3,Hibernating/Lost,0,2
14788,7.0,3.0,1156.32,5,3,3,533,11,Loyal Customers,3,0
14789,29.0,1.0,197.64,4,1,1,411,6,New Customers,3,2
14790,17.0,10.0,2526.62,5,5,4,554,14,Champions,1,1
14791,607.0,1.0,303.63,1,1,2,112,4,Hibernating/Lost,0,2
14792,64.0,1.0,0.0,3,1,1,311,5,Potential Loyalists,3,2
14793,21.0,2.0,611.0500000000001,4,2,3,423,9,New Customers,3,3
14794,3.0,10.0,1889.15,5,5,4,554,14,Champions,1,1
14795,166.0,1.0,131.45000000000002,3,1,1,311,5,Potential Loyalists,0,2
14796,1.0,27.0,10691.12,5,5,5,555,15,Champions,1,-1
14797,507.0,1.0,300.31,1,1,2,112,4,Hibernating/Lost,0,2
14798,53.0,8.0,715.11,4,4,3,443,11,Champions,3,1
14799,51.0,2.0,338.15,4,2,2,422,8,New Customers,3,3
14800,48.0,17.0,7415.59,4,5,5,455,14,Champions,1,1
14801,61.0,1.0,193.14,3,1,1,311,5,Potential Loyalists,3,2
14802,438.0,2.0,-1502.98,1,2,1,121,4,Hibernating/Lost,0,-1
14803,162.0,3.0,845.55,3,3,3,333,9,Loyal Customers,0,0
14804,9.0,1.0,353.27,5,1,2,512,8,New Customers,3,2
14805,15.0,7.0,1104.64,5,4,3,543,12,Champions,3,1
14806,75.0,2.0,303.43,3,2,2,322,7,Potential Loyalists,3,3
14807,391.0,2.0,519.29,2,2,2,222,6,Hibernating/Lost,0,3
14808,40.0,8.0,2175.37,4,4,4,444,12,Champions,1,1
14809,621.0,2.0,686.76,1,2,3,123,6,Hibernating/Lost,0,3
14810,41.0,13.0,2537.02,4,5,4,454,13,Champions,1,1
14811,387.0,1.0,170.5,2,1,1,211,4,Hibernating/Lost,0,2
14812,599.0,1.0,185.8,1,1,1,111,3,Hibernating/Lost,0,2
14813,370.0,4.0,1090.87,2,3,3,233,8,At Risk,0,1
14814,581.0,1.0,160.46,1,1,1,111,3,Hibernating/Lost,0,2
14815,37.0,2.0,778.5,4,2,3,423,9,New Customers,3,3
14816,197.0,1.0,271.85,2,1,2,212,5,Hibernating/Lost,0,2
14817,200.0,7.0,3889.21,2,4,5,245,11,Can't Lose Them,0,1
14818,74.0,6.0,1170.41,3,4,3,343,10,Loyal Customers,3,1
14819,64.0,4.0,470.16,3,3,2,332,8,Loyal Customers,3,1
14820,21.0,9.0,1274.76,4,5,4,454,13,Champions,1,1
14821,367.0,7.0,1286.45,2,4,4,244,10,Can't Lose Them,0,1
14822,485.0,1.0,157.70000000000002,1,1,1,111,3,Hibernating/Lost,0,2
14823,180.0,3.0,321.43,3,3,2,332,8,Loyal Customers,0,0
14824,10.0,10.0,3952.51,5,5,5,555,15,Champions,1,1
14825,4.0,24.0,4886.28,5,5,5,555,15,Champions,1,1
14826,582.0,2.0,385.2,1,2,2,122,5,Hibernating/Lost,0,3
14828,197.0,13.0,9803.460000000001,2,5,5,255,12,Can't Lose Them,1,-1
14829,29.0,7.0,1639.94,4,4,4,444,12,Champions,3,1
14830,53.0,1.0,197.13,4,1,1,411,6,New Customers,3,2
14831,680.0,3.0,1623.97,1,3,4,134,8,At Risk,0,0
14832,630.0,1.0,-274.63,1,1,1,111,3,Hibernating/Lost,0,2
14833,499.0,1.0,94.8,1,1,1,111,3,Hibernating/Lost,0,2
14834,18.0,7.0,2184.21,5,4,4,544,13,Champions,3,1
14835,529.0,2.0,293.09999999999997,1,2,2,122,5,Hibernating/Lost,0,3
14836,10.0,3.0,102.44999999999999,5,3,1,531,9,Loyal Customers,3,0
14837,90.0,9.0,3445.82,3,5,5,355,13,Loyal Customers,1,1
14838,423.0,2.0,773.6700000000001,1,2,3,123,6,Hibernating/Lost,0,3
14839,418.0,3.0,915.28,1,3,3,133,7,At Risk,0,0
14840,268.0,2.0,340.21,2,2,2,222,6,Hibernating/Lost,0,3
14841,53.0,14.0,7163.0,4,5,5,455,14,Champions,1,1
14842,44.0,4.0,2456.8,4,3,4,434,11,Loyal Customers,3,1
14843,437.0,1.0,211.79999999999998,1,1,1,111,3,Hibernating/Lost,0,2
14844,64.0,10.0,6688.43,3,5,5,355,13,Loyal Customers,1,1
14845,600.0,1.0,150.0,1,1,1,111,3,Hibernating/Lost,0,2
14846,427.0,1.0,406.79999999999995,1,1,2,112,4,Hibernating/Lost,0,2
14847,149.0,3.0,1320.6,3,3,4,334,10,Loyal Customers,0,0
14848,405.0,1.0,310.56,2,1,2,212,5,Hibernating/Lost,0,2
14849,22.0,43.0,15542.44,4,5,5,455,14,Champions,1,-1
14850,312.0,7.0,1575.21,2,4,4,244,10,Can't Lose Them,0,1
14851,23.0,3.0,829.4100000000001,4,3,3,433,10,Loyal Customers,3,0
14852,58.0,18.0,6123.63,4,5,5,455,14,Champions,1,1
14853,24.0,5.0,1351.37,4,4,4,444,12,Champions,3,1
14854,78.0,11.0,4302.17,3,5,5,355,13,Loyal Customers,1,1
14855,119.0,7.0,6520.3,3,4,5,345,12,Loyal Customers,1,-1
14856,36.0,3.0,1311.3799999999999,4,3,4,434,11,Loyal Customers,3,0
14857,60.0,7.0,3578.931,3,4,5,345,12,Loyal Customers,1,1
14858,506.0,1.0,180.75,1,1,1,111,3,Hibernating/Lost,0,2
14859,13.0,5.0,1703.94,5,4,4,544,13,Champions,3,1
14860,19.0,1.0,168.62,5,1,1,511,7,New Customers,3,2
14861,52.0,10.0,1318.4,4,5,4,454,13,Champions,1,1
14862,26.0,2.0,841.1999999999999,4,2,3,423,9,New Customers,3,3
14863,29.0,1.0,266.76,4,1,1,411,6,New Customers,3,2
14865,7.0,4.0,129.72,5,3,1,531,9,Loyal Customers,3,1
14866,11.0,19.0,20657.77,5,5,5,555,15,Champions,2,-1
14867,186.0,16.0,2901.46,3,5,5,355,13,Loyal Customers,1,-1
14868,3.0,12.0,4170.06,5,5,5,555,15,Champions,1,1
14869,9.0,6.0,2776.8,5,4,4,544,13,Champions,3,1
14870,262.0,6.0,1794.6000000000001,2,4,4,244,10,Can't Lose Them,0,1
14871,3.0,9.0,1258.97,5,5,4,554,14,Champions,1,1
14872,484.0,3.0,802.6800000000001,1,3,3,133,7,At Risk,0,0
14873,210.0,2.0,854.13,2,2,3,223,7,Hibernating/Lost,0,3
14874,535.0,1.0,116.18,1,1,1,111,3,Hibernating/Lost,0,2
14875,108.0,3.0,2841.55,3,3,4,334,10,Loyal Customers,3,0
14876,521.0,2.0,256.7,1,2,1,121,4,Hibernating/Lost,0,3
14877,418.0,2.0,437.0,1,2,2,122,5,Hibernating/Lost,0,3
14878,13.0,25.0,3812.2200000000003,5,5,5,555,15,Champions,1,-1
14879,685.0,1.0,185.06,1,1,1,111,3,Hibernating/Lost,0,2
14880,77.0,3.0,706.19,3,3,3,333,9,Loyal Customers,3,0
14881,20.0,1.0,255.4,4,1,1,411,6,New Customers,3,2
14882,27.0,14.0,3426.55,4,5,5,455,14,Champions,1,1
14883,19.0,6.0,756.64,5,4,3,543,12,Champions,3,1
14884,669.0,1.0,120.6,1,1,1,111,3,Hibernating/Lost,0,2
14885,132.0,3.0,1496.12,3,3,4,334,10,Loyal Customers,0,0
14886,253.0,1.0,364.8,2,1,2,212,5,Hibernating/Lost,0,2
14887,79.0,1.0,1862.0,3,1,4,314,8,Potential Loyalists,0,2
14888,207.0,1.0,369.2,2,1,2,212,5,Hibernating/Lost,0,2
14889,336.0,1.0,135.9,2,1,1,211,4,Hibernating/Lost,0,2
14890,254.0,3.0,817.25,2,3,3,233,8,At Risk,0,0
14891,148.0,4.0,1106.73,3,3,3,333,9,Loyal Customers,0,1
14892,691.0,1.0,202.35000000000002,1,1,1,111,3,Hibernating/Lost,0,2
14893,10.0,3.0,1782.26,5,3,4,534,12,Loyal Customers,3,0
14894,85.0,3.0,1412.21,3,3,4,334,10,Loyal Customers,3,0
14895,8.0,38.0,24488.82,5,5,5,555,15,Champions,2,-1
14896,205.0,8.0,1973.47,2,4,4,244,10,Can't Lose Them,0,1
14897,8.0,8.0,3100.7400000000002,5,4,5,545,14,Champions,1,1
14898,23.0,14.0,3356.86,4,5,5,455,14,Champions,1,1
14899,395.0,1.0,1384.88,2,1,4,214,7,Hibernating/Lost,0,2
14900,522.0,1.0,13.919999999999998,1,1,1,111,3,Hibernating/Lost,0,2
14901,11.0,12.0,2277.05,5,5,4,554,14,Champions,1,1
14902,26.0,3.0,1000.27,4,3,3,433,10,Loyal Customers,3,0
14903,21.0,5.0,2744.48,4,4,4,444,12,Champions,3,1
14904,2.0,4.0,1640.64,5,3,4,534,12,Loyal Customers,3,1
14905,158.0,8.0,1939.69,3,4,4,344,11,Loyal Customers,3,1
14906,445.0,1.0,-66.98,1,1,1,111,3,Hibernating/Lost,0,2
14907,3.0,16.0,6094.6900000000005,5,5,5,555,15,Champions,1,1
14908,74.0,2.0,381.9,3,2,2,322,7,Potential Loyalists,3,3
14909,437.0,3.0,1380.98,1,3,4,134,8,At Risk,0,0
14910,3.0,4.0,389.86,5,3,2,532,10,Loyal Customers,3,1
14911,1.0,398.0,270248.53,5,5,5,555,15,Champions,2,-1
14912,17.0,6.0,748.5799999999998,5,4,3,543,12,Champions,3,1
14913,36.0,8.0,4073.13,4,4,5,445,13,Champions,1,1
14915,91.0,11.0,1752.65,3,5,4,354,12,Loyal Customers,1,1
14916,71.0,8.0,2888.21,3,4,5,345,12,Loyal Customers,1,1
14917,597.0,2.0,1123.75,1,2,3,123,6,Hibernating/Lost,0,3
14918,116.0,9.0,5955.81,3,5,5,355,13,Loyal Customers,1,1
14919,539.0,1.0,359.35,1,1,2,112,4,Hibernating/Lost,0,2
14920,213.0,3.0,1607.17,2,3,4,234,9,At Risk,0,0
14921,30.0,2.0,1316.07,4,2,4,424,10,New Customers,3,3
14922,394.0,2.0,843.74,2,2,3,223,7,Hibernating/Lost,0,3
14923,51.0,1.0,749.1,4,1,3,413,8,New Customers,3,2
14924,246.0,3.0,931.01,2,3,3,233,8,At Risk,0,0
14926,382.0,2.0,337.65,2,2,2,222,6,Hibernating/Lost,0,3
14927,397.0,1.0,308.2,2,1,2,212,5,Hibernating/Lost,0,2
14928,628.0,1.0,204.46,1,1,1,111,3,Hibernating/Lost,0,2
14929,32.0,2.0,836.69,4,2,3,423,9,New Customers,3,3
14930,109.0,6.0,5136.64,3,4,5,345,12,Loyal Customers,1,1
14931,5.0,5.0,964.6800000000001,5,4,3,543,12,Champions,3,1
14932,366.0,2.0,1029.66,2,2,3,223,7,Hibernating/Lost,0,3
14933,444.0,4.0,885.0,1,3,3,133,7,At Risk,0,1
14934,82.0,5.0,2444.1,3,4,4,344,11,Loyal Customers,3,1
14935,297.0,2.0,2849.83,2,2,4,224,8,Hibernating/Lost,0,3
14936,34.0,12.0,12378.46,4,5,5,455,14,Champions,1,-1
14937,57.0,3.0,1617.63,4,3,4,434,11,Loyal Customers,3,0
14938,562.0,2.0,2289.43,1,2,4,124,7,Hibernating/Lost,0,3
14940,418.0,2.0,531.49,1,2,2,122,5,Hibernating/Lost,0,3
14941,579.0,1.0,182.1,1,1,1,111,3,Hibernating/Lost,0,2
14942,402.0,4.0,706.56,2,3,3,233,8,At Risk,0,1
14943,663.0,1.0,107.62,1,1,1,111,3,Hibernating/Lost,0,2
14944,30.0,19.0,9674.92,4,5,5,455,14,Champions,1,1
14945,414.0,1.0,179.4,1,1,1,111,3,Hibernating/Lost,0,2
14946,14.0,1.0,100.9,5,1,1,511,7,New Customers,3,2
14947,72.0,6.0,1049.79,3,4,3,343,10,Loyal Customers,3,1
14948,23.0,6.0,1066.57,4,4,3,443,11,Champions,3,1
14949,469.0,4.0,498.55,1,3,2,132,6,At Risk,0,1
14950,19.0,1.0,361.25,5,1,2,512,8,New Customers,3,2
14951,79.0,1.0,311.69,3,1,2,312,6,Potential Loyalists,0,2
14952,60.0,32.0,17244.25,3,5,5,355,13,Loyal Customers,1,-1
14953,25.0,4.0,1005.37,4,3,3,433,10,Loyal Customers,3,1
14954,12.0,2.0,503.44,5,2,2,522,9,New Customers,3,3
14955,733.0,1.0,163.77,1,1,1,111,3,Hibernating/Lost,0,2
14956,421.0,1.0,1325.0,1,1,4,114,6,Hibernating/Lost,0,2
14957,253.0,2.0,333.29,2,2,2,222,6,Hibernating/Lost,0,3
14958,147.0,6.0,957.9399999999999,3,4,3,343,10,Loyal Customers,3,1
14959,64.0,4.0,684.97,3,3,3,333,9,Loyal Customers,3,1
14960,8.0,2.0,221.27,5,2,1,521,8,New Customers,3,3
14961,11.0,22.0,16328.9,5,5,5,555,15,Champions,1,-1
14962,271.0,4.0,366.91,2,3,2,232,7,At Risk,0,1
14963,10.0,12.0,3158.63,5,5,5,555,15,Champions,1,1
14964,247.0,1.0,206.21,2,1,1,211,4,Hibernating/Lost,0,2
14965,96.0,2.0,599.0,3,2,2,322,7,Potential Loyalists,0,3
14966,15.0,6.0,1115.8400000000001,5,4,3,543,12,Champions,3,1
14967,50.0,6.0,1680.52,4,4,4,444,12,Champions,3,1
14968,30.0,2.0,504.99,4,2,2,422,8,New Customers,3,3
14969,704.0,1.0,906.23,1,1,3,113,5,Hibernating/Lost,0,2
14970,68.0,12.0,3593.4,3,5,5,355,13,Loyal Customers,1,1
14971,35.0,3.0,1116.57,4,3,3,433,10,Loyal Customers,3,0
14972,128.0,2.0,145.07,3,2,1,321,6,Potential Loyalists,0,3
14973,107.0,3.0,1314.45,3,3,4,334,10,Loyal Customers,3,0
14974,37.0,1.0,114.39,4,1,1,411,6,New Customers,3,2
14975,57.0,2.0,472.39,4,2,2,422,8,New Customers,3,3
14976,57.0,7.0,765.86,4,4,3,443,11,Champions,3,1
14977,726.0,1.0,31.929999999999996,1,1,1,111,3,Hibernating/Lost,0,2
14978,72.0,10.0,3106.34,3,5,5,355,13,Loyal Customers,1,1
14979,735.0,1.0,439.46,1,1,2,112,4,Hibernating/Lost,0,2
14980,737.0,1.0,150.68,1,1,1,111,3,Hibernating/Lost,0,2
14981,246.0,2.0,313.52,2,2,2,222,6,Hibernating/Lost,0,3
14982,572.0,1.0,237.78,1,1,1,111,3,Hibernating/Lost,0,2
14983,689.0,1.0,183.20000000000002,1,1,1,111,3,Hibernating/Lost,0,2
14984,19.0,6.0,1271.41,5,4,4,544,13,Champions,3,1
14985,198.0,2.0,296.75,2,2,2,222,6,Hibernating/Lost,0,3
14986,376.0,2.0,566.9,2,2,2,222,6,Hibernating/Lost,0,3
14987,16.0,8.0,1632.25,5,4,4,544,13,Champions,3,1
14988,212.0,7.0,2066.6,2,4,4,244,10,Can't Lose Them,0,1
14989,662.0,1.0,342.4,1,1,2,112,4,Hibernating/Lost,0,2
14990,612.0,2.0,305.42,1,2,2,122,5,Hibernating/Lost,0,3
14991,430.0,1.0,314.67,1,1,2,112,4,Hibernating/Lost,0,2
14992,442.0,1.0,210.5,1,1,1,111,3,Hibernating/Lost,0,2
14993,564.0,1.0,36.13,1,1,1,111,3,Hibernating/Lost,0,2
14994,382.0,5.0,886.33,2,4,3,243,9,Can't Lose Them,0,1
14995,39.0,2.0,233.23000000000002,4,2,1,421,7,New Customers,3,3
14996,481.0,2.0,442.28999999999996,1,2,2,122,5,Hibernating/Lost,0,3
14997,46.0,4.0,771.38,4,3,3,433,10,Loyal Customers,3,1
14998,170.0,4.0,770.73,3,3,3,333,9,Loyal Customers,0,1
14999,593.0,1.0,129.48000000000002,1,1,1,111,3,Hibernating/Lost,0,2
15000,48.0,1.0,490.52,4,1,2,412,7,New Customers,3,2
15001,394.0,2.0,230.85999999999999,2,2,1,221,5,Hibernating/Lost,0,3
15002,116.0,9.0,4817.28,3,5,5,355,13,Loyal Customers,1,1
15003,473.0,6.0,1055.7,1,4,3,143,8,Can't Lose Them,0,1
15004,147.0,1.0,1246.32,3,1,4,314,8,Potential Loyalists,0,2
15005,16.0,56.0,13763.27,5,5,5,555,15,Champions,1,-1
15006,51.0,2.0,825.14,4,2,3,423,9,New Customers,3,3
15007,159.0,1.0,156.91,3,1,1,311,5,Potential Loyalists,0,2
15008,480.0,2.0,360.0,1,2,2,122,5,Hibernating/Lost,0,3
15009,12.0,3.0,1261.78,5,3,4,534,12,Loyal Customers,3,0
15010,36.0,1.0,308.94,4,1,2,412,7,New Customers,3,2
15011,396.0,2.0,416.6,2,2,2,222,6,Hibernating/Lost,0,3
15012,54.0,3.0,860.62,4,3,3,433,10,Loyal Customers,3,0
15013,488.0,10.0,1641.3,1,5,4,154,10,Can't Lose Them,0,1
15014,43.0,2.0,260.17,4,2,1,421,7,New Customers,3,3
15015,501.0,13.0,2275.82,1,5,4,154,10,Can't Lose Them,0,1
15016,173.0,5.0,622.3,3,4,3,343,10,Loyal Customers,0,1
15017,34.0,1.0,125.58,4,1,1,411,6,New Customers,3,2
15018,39.0,3.0,567.51,4,3,2,432,9,Loyal Customers,3,0
15019,267.0,1.0,266.0,2,1,1,211,4,Hibernating/Lost,0,2
15020,379.0,1.0,203.42,2,1,1,211,4,Hibernating/Lost,0,2
15021,9.0,12.0,2689.59,5,5,4,554,14,Champions,1,1
15022,12.0,5.0,1186.09,5,4,3,543,12,Champions,3,1
15023,3.0,20.0,12092.19,5,5,5,555,15,Champions,1,-1
15024,10.0,16.0,4075.51,5,5,5,555,15,Champions,1,1
15025,33.0,2.0,1013.09,4,2,3,423,9,New Customers,3,3
15026,80.0,5.0,1061.61,3,4,3,343,10,Loyal Customers,3,1
15027,31.0,10.0,2974.04,4,5,5,455,14,Champions,1,1
15028,8.0,6.0,1157.71,5,4,3,543,12,Champions,3,1
15029,620.0,1.0,362.15,1,1,2,112,4,Hibernating/Lost,0,2
15030,72.0,8.0,1964.66,3,4,4,344,11,Loyal Customers,3,1
15031,4.0,14.0,2857.37,5,5,4,554,14,Champions,1,1
15032,256.0,8.0,13285.65,2,4,5,245,11,Can't Lose Them,1,-1
15033,5.0,10.0,2571.02,5,5,4,554,14,Champions,1,1
15034,16.0,14.0,8282.45,5,5,5,555,15,Champions,1,1
15035,90.0,1.0,252.73000000000002,3,1,1,311,5,Potential Loyalists,0,2
15036,72.0,3.0,465.55,3,3,2,332,8,Loyal Customers,3,0
15037,376.0,2.0,402.51,2,2,2,222,6,Hibernating/Lost,0,3
15038,59.0,9.0,1269.96,4,5,4,454,13,Champions,3,1
15039,10.0,93.0,39742.99,5,5,5,555,15,Champions,2,-1
15040,542.0,1.0,7.49,1,1,1,111,3,Hibernating/Lost,0,2
15041,170.0,2.0,294.02,3,2,2,322,7,Potential Loyalists,0,3
15042,199.0,2.0,315.45,2,2,2,222,6,Hibernating/Lost,0,3
15043,31.0,6.0,2873.7999999999997,4,4,4,444,12,Champions,3,1
15044,19.0,35.0,15841.53,5,5,5,555,15,Champions,1,-1
15045,152.0,2.0,633.66,3,2,3,323,8,Potential Loyalists,0,3
15046,9.0,25.0,7583.38,5,5,5,555,15,Champions,1,-1
15047,270.0,1.0,343.62,2,1,2,212,5,Hibernating/Lost,0,2
15048,65.0,4.0,479.27,3,3,2,332,8,Loyal Customers,3,1
15049,274.0,1.0,121.17000000000002,2,1,1,211,4,Hibernating/Lost,0,2
15050,25.0,5.0,4138.87,4,4,5,445,13,Champions,3,1
15051,23.0,9.0,3920.16,4,5,5,455,14,Champions,1,1
15052,319.0,1.0,215.78,2,1,1,211,4,Hibernating/Lost,0,2
15053,5.0,3.0,697.79,5,3,3,533,11,Loyal Customers,3,0
15054,12.0,2.0,302.1,5,2,2,522,9,New Customers,3,3
15055,475.0,3.0,560.07,1,3,2,132,6,At Risk,0,0
15056,520.0,1.0,133.45,1,1,1,111,3,Hibernating/Lost,0,2
15057,275.0,5.0,3184.56,2,4,5,245,11,Can't Lose Them,0,1
15058,25.0,16.0,3377.18,4,5,5,455,14,Champions,1,1
15059,41.0,19.0,3427.62,4,5,5,455,14,Champions,1,1
15060,8.0,4.0,303.09,5,3,2,532,10,Loyal Customers,3,1
15061,4.0,127.0,136391.48,5,5,5,555,15,Champions,2,-1
15062,71.0,8.0,2585.62,3,4,4,344,11,Loyal Customers,1,1
15063,213.0,1.0,370.79999999999995,2,1,2,212,5,Hibernating/Lost,0,2
15064,410.0,4.0,1254.41,2,3,4,234,9,At Risk,0,1
15065,38.0,5.0,3304.71,4,4,5,445,13,Champions,3,1
15066,53.0,1.0,760.59,4,1,3,413,8,New Customers,3,2
15067,78.0,5.0,3865.13,3,4,5,345,12,Loyal Customers,3,1
15068,46.0,4.0,1176.85,4,3,3,433,10,Loyal Customers,3,1
15069,179.0,1.0,1109.53,3,1,3,313,7,Potential Loyalists,0,2
15070,373.0,3.0,843.25,2,3,3,233,8,At Risk,0,0
15071,94.0,4.0,1455.56,3,3,4,334,10,Loyal Customers,3,1
15072,479.0,1.0,187.51999999999998,1,1,1,111,3,Hibernating/Lost,0,2
15073,10.0,8.0,2357.04,5,4,4,544,13,Champions,1,1
15074,105.0,3.0,1566.33,3,3,4,334,10,Loyal Customers,3,0
15075,78.0,1.0,773.03,3,1,3,313,7,Potential Loyalists,0,2
15076,173.0,3.0,1425.84,3,3,4,334,10,Loyal Customers,0,0
15077,495.0,2.0,2423.88,1,2,4,124,7,Hibernating/Lost,0,3
15078,7.0,53.0,17576.52,5,5,5,555,15,Champions,2,-1
15079,213.0,11.0,3686.75,2,5,5,255,12,Can't Lose Them,1,1
15080,428.0,2.0,546.25,1,2,2,122,5,Hibernating/Lost,0,3
15081,22.0,12.0,1948.27,4,5,4,454,13,Champions,1,1
15082,669.0,1.0,93.35000000000001,1,1,1,111,3,Hibernating/Lost,0,2
15083,257.0,1.0,88.2,2,1,1,211,4,Hibernating/Lost,0,2
15084,380.0,2.0,965.2,2,2,3,223,7,Hibernating/Lost,0,3
15085,730.0,1.0,347.54,1,1,2,112,4,Hibernating/Lost,0,2
15086,565.0,2.0,218.53,1,2,1,121,4,Hibernating/Lost,0,3
15087,282.0,1.0,306.94,2,1,2,212,5,Hibernating/Lost,0,2
15088,21.0,2.0,1140.27,4,2,3,423,9,New Customers,3,3
15089,10.0,6.0,2420.84,5,4,4,544,13,Champions,3,1
15090,308.0,1.0,381.32,2,1,2,212,5,Hibernating/Lost,0,2
15091,68.0,3.0,1023.11,3,3,3,333,9,Loyal Customers,3,0
15092,215.0,3.0,773.16,2,3,3,233,8,At Risk,0,0
15093,18.0,23.0,13657.880000000001,5,5,5,555,15,Champions,1,-1
15094,463.0,2.0,83.0,1,2,1,121,4,Hibernating/Lost,0,3
15095,104.0,10.0,3135.74,3,5,5,355,13,Loyal Customers,1,1
15096,43.0,1.0,219.39000000000001,4,1,1,411,6,New Customers,3,2
15097,4.0,3.0,587.05,5,3,2,532,10,Loyal Customers,3,0
15098,182.0,3.0,649.5,3,3,3,333,9,Loyal Customers,0,0
15099,84.0,1.0,410.48,3,1,2,312,6,Potential Loyalists,0,2
15100,334.0,7.0,2319.5,2,4,4,244,10,Can't Lose Them,0,1
15101,9.0,6.0,1303.49,5,4,4,544,13,Champions,3,1
15102,531.0,2.0,554.67,1,2,2,122,5,Hibernating/Lost,0,3
15103,31.0,2.0,703.36,4,2,3,423,9,New Customers,3,3
15104,197.0,2.0,1002.54,2,2,3,223,7,Hibernating/Lost,0,3
15105,18.0,9.0,3094.91,5,5,5,555,15,Champions,1,1
15106,18.0,5.0,1407.73,5,4,4,544,13,Champions,3,1
15107,311.0,9.0,856.26,2,5,3,253,10,Can't Lose Them,0,1
15108,142.0,4.0,1291.75,3,3,4,334,10,Loyal Customers,0,1
15109,246.0,3.0,961.9,2,3,3,233,8,At Risk,0,0
15110,24.0,6.0,1480.0,4,4,4,444,12,Champions,3,1
15111,29.0,5.0,2730.87,4,4,4,444,12,Champions,3,1
15112,611.0,1.0,209.4,1,1,1,111,3,Hibernating/Lost,0,2
15113,10.0,3.0,3439.41,5,3,5,535,13,Loyal Customers,3,-1
15114,30.0,12.0,3400.12,4,5,5,455,14,Champions,1,1
15115,18.0,2.0,528.1,5,2,2,522,9,New Customers,3,3
15116,18.0,4.0,1352.75,5,3,4,534,12,Loyal Customers,3,1
15117,15.0,8.0,2484.32,5,4,4,544,13,Champions,1,1
15118,134.0,1.0,244.8,3,1,1,311,5,Potential Loyalists,0,2
15119,246.0,1.0,266.4,2,1,1,211,4,Hibernating/Lost,0,2
15120,134.0,1.0,343.82,3,1,2,312,6,Potential Loyalists,0,2
15121,50.0,2.0,457.72,4,2,2,422,8,New Customers,3,3
15122,114.0,11.0,4461.42,3,5,5,355,13,Loyal Customers,1,1
15123,7.0,5.0,4656.17,5,4,5,545,14,Champions,1,-1
15124,23.0,4.0,450.82,4,3,2,432,9,Loyal Customers,3,1
15125,25.0,24.0,16124.33,4,5,5,455,14,Champions,1,-1
15126,537.0,2.0,449.49,1,2,2,122,5,Hibernating/Lost,0,3
15127,66.0,2.0,711.5,3,2,3,323,8,Potential Loyalists,3,3
15128,60.0,5.0,1732.22,3,4,4,344,11,Loyal Customers,3,1
15129,50.0,23.0,6860.18,4,5,5,455,14,Champions,1,1
15130,170.0,1.0,330.11,3,1,2,312,6,Potential Loyalists,0,2
15131,395.0,1.0,80.28,2,1,1,211,4,Hibernating/Lost,0,2
15132,18.0,5.0,977.9300000000001,5,4,3,543,12,Champions,3,1
15133,128.0,5.0,1806.9,3,4,4,344,11,Loyal Customers,3,1
15134,15.0,10.0,1596.29,5,5,4,554,14,Champions,1,1
15135,239.0,2.0,293.78,2,2,2,222,6,Hibernating/Lost,0,3
15136,3.0,4.0,1282.45,5,3,4,534,12,Loyal Customers,3,1
15137,521.0,2.0,747.55,1,2,3,123,6,Hibernating/Lost,0,3
15138,394.0,1.0,486.59000000000003,2,1,2,212,5,Hibernating/Lost,0,2
15139,240.0,2.0,178.96,2,2,1,221,5,Hibernating/Lost,0,3
15140,52.0,8.0,3239.44,4,4,5,445,13,Champions,1,1
15141,458.0,7.0,1378.31,1,4,4,144,9,Can't Lose Them,0,1
15142,46.0,6.0,2608.97,4,4,4,444,12,Champions,3,1
15143,226.0,2.0,563.63,2,2,2,222,6,Hibernating/Lost,0,3
15144,8.0,29.0,12006.51,5,5,5,555,15,Champions,1,6
15145,4.0,4.0,1194.73,5,3,3,533,11,Loyal Customers,3,1
15146,165.0,2.0,1313.66,3,2,4,324,9,Potential Loyalists,0,3
15147,240.0,1.0,608.65,2,1,3,213,6,Hibernating/Lost,0,2
15148,11.0,1.0,301.29,5,1,2,512,8,New Customers,3,2
15149,134.0,5.0,1554.6100000000001,3,4,4,344,11,Loyal Customers,3,1
15150,17.0,13.0,8990.58,5,5,5,555,15,Champions,1,1
15151,423.0,2.0,2085.61,1,2,4,124,7,Hibernating/Lost,0,3
15152,10.0,14.0,5197.97,5,5,5,555,15,Champions,1,1
15153,31.0,1.0,329.25,4,1,2,412,7,New Customers,3,2
15154,75.0,3.0,1332.26,3,3,4,334,10,Loyal Customers,3,0
15155,383.0,1.0,383.96999999999997,2,1,2,212,5,Hibernating/Lost,0,2
15156,1.0,3.0,961.49,5,3,3,533,11,Loyal Customers,3,8
15157,4.0,5.0,2587.54,5,4,4,544,13,Champions,3,1
15158,45.0,2.0,437.66,4,2,2,422,8,New Customers,3,3
15159,2.0,34.0,22049.4,5,5,5,555,15,Champions,2,-1
15160,357.0,4.0,589.27,2,3,2,232,7,At Risk,0,1
15161,388.0,1.0,119.92,2,1,1,211,4,Hibernating/Lost,0,2
15162,731.0,1.0,241.5,1,1,1,111,3,Hibernating/Lost,0,2
15163,18.0,2.0,304.47,5,2,2,522,9,New Customers,3,3
15164,69.0,9.0,2052.02,3,5,4,354,12,Loyal Customers,1,1
15165,373.0,1.0,975.5,2,1,3,213,6,Hibernating/Lost,0,2
15166,468.0,1.0,167.16,1,1,1,111,3,Hibernating/Lost,0,2
15167,321.0,5.0,1659.67,2,4,4,244,10,Can't Lose Them,0,1
15168,26.0,1.0,106.56,4,1,1,411,6,New Customers,3,2
15169,382.0,2.0,569.22,2,2,2,222,6,Hibernating/Lost,0,3
15170,407.0,1.0,81.15,2,1,1,211,4,Hibernating/Lost,0,2
15171,331.0,1.0,1034.5,2,1,3,213,6,Hibernating/Lost,0,2
15172,9.0,5.0,1624.05,5,4,4,544,13,Champions,3,1
15173,381.0,7.0,1399.26,2,4,4,244,10,Can't Lose Them,0,1
15174,323.0,2.0,481.46,2,2,2,222,6,Hibernating/Lost,0,3
15175,72.0,1.0,224.14,3,1,1,311,5,Potential Loyalists,3,2
15176,668.0,1.0,985.09,1,1,3,113,5,Hibernating/Lost,0,2
15177,426.0,1.0,948.93,1,1,3,113,5,Hibernating/Lost,0,2
15178,260.0,1.0,40.5,2,1,1,211,4,Hibernating/Lost,0,2
15179,18.0,13.0,7426.82,5,5,5,555,15,Champions,1,1
15180,367.0,3.0,904.4300000000001,2,3,3,233,8,At Risk,0,0
15181,66.0,5.0,948.4499999999999,3,4,3,343,10,Loyal Customers,3,1
15182,154.0,11.0,2942.752,3,5,5,355,13,Loyal Customers,1,1
15183,548.0,3.0,637.03,1,3,3,133,7,At Risk,0,0
15184,29.0,4.0,689.95,4,3,3,433,10,Loyal Customers,3,1
15185,70.0,1.0,310.62,3,1,2,312,6,Potential Loyalists,3,2
15186,14.0,5.0,1403.2,5,4,4,544,13,Champions,3,1
15187,2.0,16.0,4670.08,5,5,5,555,15,Champions,1,1
15188,725.0,1.0,310.43,1,1,2,112,4,Hibernating/Lost,0,2
15189,1.0,46.0,17101.13,5,5,5,555,15,Champions,2,-1
15190,434.0,1.0,834.4399999999999,1,1,3,113,5,Hibernating/Lost,0,2
15191,463.0,3.0,588.05,1,3,2,132,6,At Risk,0,0
15192,120.0,5.0,1981.39,3,4,4,344,11,Loyal Customers,3,1
15193,61.0,1.0,499.32,3,1,2,312,6,Potential Loyalists,3,2
15194,3.0,28.0,12187.68,5,5,5,555,15,Champions,1,-1
15195,3.0,1.0,3861.0,5,1,5,515,11,New Customers,3,-1
15196,433.0,2.0,316.25,1,2,2,122,5,Hibernating/Lost,0,3
15197,11.0,6.0,1427.84,5,4,4,544,13,Champions,3,1
15198,92.0,5.0,559.45,3,4,2,342,9,Loyal Customers,3,1
15199,59.0,10.0,3122.4,4,5,5,455,14,Champions,1,1
15200,495.0,1.0,549.05,1,1,2,112,4,Hibernating/Lost,0,2
15201,87.0,7.0,1525.9,3,4,4,344,11,Loyal Customers,3,1
15202,420.0,3.0,-2570.1800000000003,1,3,1,131,5,At Risk,0,-1
15203,26.0,15.0,4400.18,4,5,5,455,14,Champions,1,1
15204,357.0,1.0,316.58,2,1,2,212,5,Hibernating/Lost,0,2
15205,85.0,2.0,648.8299999999999,3,2,3,323,8,Potential Loyalists,3,3
15206,10.0,4.0,420.29999999999995,5,3,2,532,10,Loyal Customers,3,1
15207,416.0,3.0,653.77,1,3,3,133,7,At Risk,0,0
15208,1.0,6.0,968.02,5,4,3,543,12,Champions,3,7
15209,730.0,1.0,178.98000000000002,1,1,1,111,3,Hibernating/Lost,0,2
15210,225.0,3.0,1176.19,2,3,3,233,8,At Risk,0,0
15211,60.0,2.0,1277.48,3,2,4,324,9,Potential Loyalists,3,3
15212,241.0,2.0,195.42999999999998,2,2,1,221,5,Hibernating/Lost,0,3
15213,319.0,2.0,325.05,2,2,2,222,6,Hibernating/Lost,0,3
15214,2.0,8.0,1661.44,5,4,4,544,13,Champions,1,1
15215,47.0,7.0,1496.46,4,4,4,444,12,Champions,3,1
15216,88.0,2.0,486.09,3,2,2,322,7,Potential Loyalists,3,3
15217,563.0,1.0,426.24,1,1,2,112,4,Hibernating/Lost,0,2
15218,11.0,22.0,11456.0,5,5,5,555,15,Champions,1,-1
15219,176.0,2.0,685.45,3,2,3,323,8,Potential Loyalists,0,3
15220,52.0,6.0,1758.92,4,4,4,444,12,Champions,3,1
15221,366.0,4.0,1816.1000000000001,2,3,4,234,9,At Risk,0,1
15222,319.0,11.0,3415.66,2,5,5,255,12,Can't Lose Them,1,1
15223,226.0,5.0,1117.1,2,4,3,243,9,Can't Lose Them,0,1
15224,358.0,5.0,837.26,2,4,3,243,9,Can't Lose Them,0,1
15225,234.0,1.0,409.40000000000003,2,1,2,212,5,Hibernating/Lost,0,2
15226,311.0,1.0,154.41,2,1,1,211,4,Hibernating/Lost,0,2
15227,37.0,9.0,2488.4900000000002,4,5,4,454,13,Champions,1,1
15228,66.0,6.0,5570.5199999999995,3,4,5,345,12,Loyal Customers,1,1
15229,586.0,1.0,160.5,1,1,1,111,3,Hibernating/Lost,0,2
15230,239.0,2.0,429.6,2,2,2,222,6,Hibernating/Lost,0,3
15231,621.0,1.0,228.35999999999999,1,1,1,111,3,Hibernating/Lost,0,2
15232,113.0,2.0,612.06,3,2,3,323,8,Potential Loyalists,0,3
15233,401.0,1.0,59.400000000000006,2,1,1,211,4,Hibernating/Lost,0,2
15234,277.0,1.0,197.0,2,1,1,211,4,Hibernating/Lost,0,2
15235,218.0,16.0,2937.81,2,5,5,255,12,Can't Lose Them,1,-1
15236,299.0,1.0,321.05,2,1,2,212,5,Hibernating/Lost,0,2
15237,2.0,4.0,1412.32,5,3,4,534,12,Loyal Customers,3,1
15238,29.0,3.0,1056.54,4,3,3,433,10,Loyal Customers,3,0
15239,10.0,2.0,764.34,5,2,3,523,10,New Customers,3,3
15240,45.0,12.0,4315.0,4,5,5,455,14,Champions,1,1
15241,67.0,11.0,3032.31,3,5,5,355,13,Loyal Customers,1,1
15242,422.0,1.0,302.04,1,1,2,112,4,Hibernating/Lost,0,2
15243,74.0,2.0,927.2800000000001,3,2,3,323,8,Potential Loyalists,3,3
15244,65.0,3.0,850.1800000000001,3,3,3,333,9,Loyal Customers,3,0
15245,134.0,8.0,4610.84,3,4,5,345,12,Loyal Customers,1,1
15246,238.0,3.0,780.4,2,3,3,233,8,At Risk,0,0
15247,122.0,3.0,967.11,3,3,3,333,9,Loyal Customers,0,0
15248,411.0,3.0,1865.03,1,3,4,134,8,At Risk,0,0
15249,32.0,18.0,9147.15,4,5,5,455,14,Champions,1,1
15250,641.0,1.0,60.0,1,1,1,111,3,Hibernating/Lost,0,2
15251,9.0,21.0,20095.6,5,5,5,555,15,Champions,2,-1
15252,36.0,5.0,2053.06,4,4,4,444,12,Champions,3,1
15253,16.0,8.0,2033.29,5,4,4,544,13,Champions,1,1
15254,127.0,3.0,1073.4,3,3,3,333,9,Loyal Customers,0,0
15255,67.0,9.0,3670.77,3,5,5,355,13,Loyal Customers,1,1
15256,149.0,2.0,170.4,3,2,1,321,6,Potential Loyalists,0,3
15257,283.0,2.0,600.9,2,2,3,223,7,Hibernating/Lost,0,3
15258,169.0,2.0,623.16,3,2,3,323,8,Potential Loyalists,0,3
15259,513.0,4.0,1182.3799999999999,1,3,3,133,7,At Risk,0,1
15260,100.0,25.0,9098.38,3,5,5,355,13,Loyal Customers,1,-1
15261,135.0,4.0,1508.0,3,3,4,334,10,Loyal Customers,0,1
15262,324.0,3.0,418.82,2,3,2,232,7,At Risk,0,0
15263,107.0,1.0,156.51,3,1,1,311,5,Potential Loyalists,0,2
15264,64.0,2.0,844.2,3,2,3,323,8,Potential Loyalists,3,3
15265,151.0,4.0,3345.64,3,3,5,335,11,Loyal Customers,0,1
15266,338.0,5.0,841.7,2,4,3,243,9,Can't Lose Them,0,1
15267,22.0,5.0,1717.36,4,4,4,444,12,Champions,3,1
15268,479.0,3.0,941.2500000000001,1,3,3,133,7,At Risk,0,0
15269,24.0,3.0,1225.3600000000001,4,3,4,434,11,Loyal Customers,3,0
15270,16.0,21.0,7193.99,5,5,5,555,15,Champions,1,1
15271,7.0,24.0,4639.29,5,5,5,555,15,Champions,1,1
15272,57.0,6.0,2085.48,4,4,4,444,12,Champions,3,1
15273,600.0,1.0,228.96,1,1,1,111,3,Hibernating/Lost,0,2
15274,4.0,2.0,716.57,5,2,3,523,10,New Customers,3,3
15275,38.0,1.0,609.19,4,1,3,413,8,New Customers,3,2
15276,66.0,4.0,631.03,3,3,3,333,9,Loyal Customers,3,1
15277,47.0,2.0,476.34,4,2,2,422,8,New Customers,3,3
15278,562.0,4.0,496.15999999999997,1,3,2,132,6,At Risk,0,1
15279,355.0,5.0,1541.74,2,4,4,244,10,Can't Lose Them,0,1
15280,172.0,3.0,406.21999999999997,3,3,2,332,8,Loyal Customers,0,0
15281,59.0,16.0,8317.62,4,5,5,455,14,Champions,1,1
15282,570.0,1.0,348.59,1,1,2,112,4,Hibernating/Lost,0,2
15283,390.0,3.0,135.43,2,3,1,231,6,At Risk,0,0
15284,500.0,1.0,24.75,1,1,1,111,3,Hibernating/Lost,0,2
15285,408.0,1.0,94.92,2,1,1,211,4,Hibernating/Lost,0,2
15286,50.0,1.0,240.55,4,1,1,411,6,New Customers,3,2
15287,22.0,5.0,854.58,4,4,3,443,11,Champions,3,1
15288,43.0,10.0,3883.13,4,5,5,455,14,Champions,1,1
15289,29.0,5.0,1570.71,4,4,4,444,12,Champions,3,1
15290,5.0,26.0,10355.58,5,5,5,555,15,Champions,1,10
15291,26.0,40.0,13451.24,4,5,5,455,14,Champions,1,-1
15292,201.0,1.0,180.94,2,1,1,211,4,Hibernating/Lost,0,2
15293,666.0,1.0,247.5,1,1,1,111,3,Hibernating/Lost,0,2
15294,411.0,1.0,222.3,1,1,1,111,3,Hibernating/Lost,0,2
15295,654.0,1.0,217.23999999999998,1,1,1,111,3,Hibernating/Lost,0,2
15296,51.0,12.0,10223.93,4,5,5,455,14,Champions,1,-1
15297,10.0,3.0,635.04,5,3,3,533,11,Loyal Customers,3,0
15298,2.0,23.0,8356.03,5,5,5,555,15,Champions,1,4
15299,67.0,10.0,7243.62,3,5,5,355,13,Loyal Customers,1,1
15300,64.0,1.0,496.44,3,1,2,312,6,Potential Loyalists,3,2
15301,51.0,17.0,7561.21,4,5,5,455,14,Champions,1,1
15302,730.0,1.0,291.05,1,1,2,112,4,Hibernating/Lost,0,2
15303,290.0,3.0,1178.78,2,3,3,233,8,At Risk,0,0
15304,61.0,9.0,905.45,3,5,3,353,11,Loyal Customers,3,1
15305,555.0,1.0,93.6,1,1,1,111,3,Hibernating/Lost,0,2
15306,64.0,9.0,3480.98,3,5,5,355,13,Loyal Customers,1,1
15307,96.0,1.0,205.3,3,1,1,311,5,Potential Loyalists,0,2
15308,274.0,1.0,302.27,2,1,2,212,5,Hibernating/Lost,0,2
15309,611.0,4.0,715.53,1,3,3,133,7,At Risk,0,1
15310,479.0,1.0,1634.64,1,1,4,114,6,Hibernating/Lost,0,2
15311,1.0,208.0,113513.07,5,5,5,555,15,Champions,2,-1
15312,75.0,12.0,2916.4900000000002,3,5,5,355,13,Loyal Customers,1,1
15313,110.0,1.0,52.0,3,1,1,311,5,Potential Loyalists,0,2
15314,199.0,3.0,800.65,2,3,3,233,8,At Risk,0,0
15315,64.0,2.0,551.54,3,2,2,322,7,Potential Loyalists,3,3
15316,327.0,1.0,165.0,2,1,1,211,4,Hibernating/Lost,0,2
15317,677.0,1.0,112.05000000000001,1,1,1,111,3,Hibernating/Lost,0,2
15318,4.0,1.0,312.62,5,1,2,512,8,New Customers,3,2
15319,284.0,1.0,204.5,2,1,1,211,4,Hibernating/Lost,0,2
15320,44.0,1.0,267.13,4,1,1,411,6,New Customers,3,2
15321,71.0,12.0,6560.650000000001,3,5,5,355,13,Loyal Customers,1,1
15322,86.0,2.0,1314.15,3,2,4,324,9,Potential Loyalists,3,3
15323,563.0,3.0,320.9,1,3,2,132,6,At Risk,0,0
15324,701.0,1.0,140.22000000000003,1,1,1,111,3,Hibernating/Lost,0,2
15325,104.0,8.0,1596.81,3,4,4,344,11,Loyal Customers,3,1
15326,334.0,5.0,1529.82,2,4,4,244,10,Can't Lose Them,0,1
15327,53.0,1.0,208.75,4,1,1,411,6,New Customers,3,2
15328,408.0,1.0,107.24,2,1,1,211,4,Hibernating/Lost,0,2
15329,39.0,11.0,2742.98,4,5,4,454,13,Champions,1,1
15330,32.0,2.0,714.96,4,2,3,423,9,New Customers,3,3
15331,500.0,3.0,755.41,1,3,3,133,7,At Risk,0,0
15332,366.0,6.0,6553.74,2,4,5,245,11,Can't Lose Them,0,-1
15333,208.0,1.0,1028.56,2,1,3,213,6,Hibernating/Lost,0,2
15334,157.0,3.0,351.67,3,3,2,332,8,Loyal Customers,0,0
15335,54.0,1.0,173.97,4,1,1,411,6,New Customers,3,2
15336,402.0,1.0,240.5,2,1,1,211,4,Hibernating/Lost,0,2
15337,411.0,1.0,344.72,1,1,2,112,4,Hibernating/Lost,0,2
15338,677.0,1.0,283.43,1,1,2,112,4,Hibernating/Lost,0,2
15339,66.0,7.0,1634.09,3,4,4,344,11,Loyal Customers,3,1
15340,562.0,1.0,105.5,1,1,1,111,3,Hibernating/Lost,0,2
15341,81.0,2.0,2401.02,3,2,4,324,9,Potential Loyalists,3,3
15342,130.0,1.0,391.76,3,1,2,312,6,Potential Loyalists,0,2
15343,87.0,1.0,364.5,3,1,2,312,6,Potential Loyalists,0,2
15344,1.0,3.0,476.58,5,3,2,532,10,Loyal Customers,3,8
15345,46.0,1.0,367.69,4,1,2,412,7,New Customers,3,2
15346,333.0,3.0,591.65,2,3,2,232,7,At Risk,0,0
15347,366.0,4.0,1333.9,2,3,4,234,9,At Risk,0,1
15348,72.0,1.0,158.04,3,1,1,311,5,Potential Loyalists,3,2
15349,158.0,2.0,473.81,3,2,2,322,7,Potential Loyalists,0,3
15350,373.0,2.0,663.25,2,2,3,223,7,Hibernating/Lost,0,3
15351,12.0,10.0,3615.18,5,5,5,555,15,Champions,1,1
15352,549.0,1.0,114.95,1,1,1,111,3,Hibernating/Lost,0,2
15353,255.0,7.0,3154.05,2,4,5,245,11,Can't Lose Them,0,1
15354,603.0,3.0,-94.8,1,3,1,131,5,At Risk,0,0
15355,29.0,2.0,277.05,4,2,2,422,8,New Customers,3,3
15356,31.0,13.0,3464.95,4,5,5,455,14,Champions,1,1
15358,5.0,42.0,16837.35,5,5,5,555,15,Champions,2,-1
15359,663.0,8.0,162.6,1,4,1,141,6,Can't Lose Them,0,-1
15360,40.0,1.0,427.93,4,1,2,412,7,New Customers,3,2
15361,362.0,4.0,689.07,2,3,3,233,8,At Risk,0,1
15362,449.0,2.0,613.08,1,2,3,123,6,Hibernating/Lost,0,3
15363,373.0,2.0,996.16,2,2,3,223,7,Hibernating/Lost,0,3
15364,96.0,2.0,913.19,3,2,3,323,8,Potential Loyalists,0,3
15365,26.0,13.0,3573.26,4,5,5,455,14,Champions,1,1
15366,75.0,7.0,2389.08,3,4,4,344,11,Loyal Customers,3,1
15367,57.0,11.0,5005.7300000000005,4,5,5,455,14,Champions,1,1
15368,21.0,2.0,722.74,4,2,3,423,9,New Customers,3,3
15369,492.0,11.0,1713.39,1,5,4,154,10,Can't Lose Them,0,1
15370,41.0,8.0,3713.51,4,4,5,445,13,Champions,1,1
15371,662.0,1.0,59.400000000000006,1,1,1,111,3,Hibernating/Lost,0,2
15372,137.0,8.0,5954.42,3,4,5,345,12,Loyal Customers,1,1
15373,8.0,17.0,3218.59,5,5,5,555,15,Champions,1,1
15374,129.0,2.0,307.32,3,2,2,322,7,Potential Loyalists,0,3
15375,690.0,1.0,60.959999999999994,1,1,1,111,3,Hibernating/Lost,0,2
15376,40.0,3.0,1233.3600000000001,4,3,4,434,11,Loyal Customers,3,0
15377,383.0,4.0,1179.95,2,3,3,233,8,At Risk,0,1
15378,463.0,2.0,246.5,1,2,1,121,4,Hibernating/Lost,0,3
15379,169.0,8.0,4806.4400000000005,3,4,5,345,12,Loyal Customers,1,1
15380,9.0,11.0,3422.2000000000003,5,5,5,555,15,Champions,1,1
15381,214.0,5.0,1887.62,2,4,4,244,10,Can't Lose Them,0,1
15382,15.0,12.0,13646.5,5,5,5,555,15,Champions,1,-1
15384,170.0,4.0,2014.49,3,3,4,334,10,Loyal Customers,0,1
15385,40.0,3.0,942.08,4,3,3,433,10,Loyal Customers,3,0
15386,186.0,1.0,394.14,3,1,2,312,6,Potential Loyalists,0,2
15387,492.0,1.0,468.65,1,1,2,112,4,Hibernating/Lost,0,2
15388,270.0,1.0,140.54,2,1,1,211,4,Hibernating/Lost,0,2
15389,172.0,5.0,2733.8,3,4,4,344,11,Loyal Customers,0,1
15390,396.0,2.0,1216.66,2,2,4,224,8,Hibernating/Lost,0,3
15391,584.0,1.0,282.92,1,1,2,112,4,Hibernating/Lost,0,2
15392,5.0,7.0,2891.82,5,4,5,545,14,Champions,1,1
15393,16.0,5.0,891.34,5,4,3,543,12,Champions,3,1
15394,10.0,11.0,5251.4,5,5,5,555,15,Champions,1,1
15395,326.0,1.0,107.45,2,1,1,211,4,Hibernating/Lost,0,2
15396,113.0,2.0,796.38,3,2,3,323,8,Potential Loyalists,0,3
15397,290.0,1.0,94.0,2,1,1,211,4,Hibernating/Lost,0,2
15398,16.0,2.0,1339.63,5,2,4,524,11,New Customers,3,3
15399,1.0,3.0,815.77,5,3,3,533,11,Loyal Customers,3,8
15400,92.0,8.0,1252.8,3,4,4,344,11,Loyal Customers,3,1
15401,452.0,2.0,216.95000000000002,1,2,1,121,4,Hibernating/Lost,0,3
15402,149.0,6.0,1816.64,3,4,4,344,11,Loyal Customers,3,1
15403,492.0,2.0,170.88,1,2,1,121,4,Hibernating/Lost,0,3
15404,376.0,1.0,257.06,2,1,1,211,4,Hibernating/Lost,0,2
15405,189.0,2.0,659.84,2,2,3,223,7,Hibernating/Lost,0,3
15406,31.0,4.0,891.77,4,3,3,433,10,Loyal Customers,3,1
15407,34.0,4.0,1056.44,4,3,3,433,10,Loyal Customers,3,1
15408,264.0,1.0,267.18,2,1,1,211,4,Hibernating/Lost,0,2
15409,721.0,1.0,117.2,1,1,1,111,3,Hibernating/Lost,0,2
15410,84.0,10.0,4685.72,3,5,5,355,13,Loyal Customers,1,1
15411,26.0,4.0,1346.38,4,3,4,434,11,Loyal Customers,3,1
15412,171.0,1.0,190.53,3,1,1,311,5,Potential Loyalists,0,2
15413,692.0,5.0,-2531.3799999999997,1,4,1,141,6,Can't Lose Them,0,-1
15414,10.0,3.0,774.9000000000001,5,3,3,533,11,Loyal Customers,3,0
15415,313.0,1.0,572.8100000000001,2,1,2,212,5,Hibernating/Lost,0,2
15416,65.0,7.0,4554.65,3,4,5,345,12,Loyal Customers,1,1
15417,85.0,1.0,508.8,3,1,2,312,6,Potential Loyalists,0,2
15418,425.0,2.0,452.32,1,2,2,122,5,Hibernating/Lost,0,3
15419,25.0,1.0,135.86,4,1,1,411,6,New Customers,3,2
15420,434.0,6.0,743.0,1,4,3,143,8,Can't Lose Them,0,1
15421,59.0,10.0,3805.34,4,5,5,455,14,Champions,1,1
15422,323.0,7.0,1615.02,2,4,4,244,10,Can't Lose Them,0,1
15423,38.0,3.0,219.14,4,3,1,431,8,Loyal Customers,3,0
15424,254.0,3.0,597.78,2,3,2,232,7,At Risk,0,0
15425,400.0,4.0,1944.57,2,3,4,234,9,At Risk,0,1
15426,19.0,9.0,2592.95,5,5,4,554,14,Champions,1,1
15427,33.0,3.0,1483.14,4,3,4,434,11,Loyal Customers,3,0
15428,15.0,4.0,762.75,5,3,3,533,11,Loyal Customers,3,1
15429,27.0,2.0,364.90000000000003,4,2,2,422,8,New Customers,3,3
15430,468.0,2.0,903.75,1,2,3,123,6,Hibernating/Lost,0,3
15431,503.0,1.0,153.24,1,1,1,111,3,Hibernating/Lost,0,2
15432,23.0,2.0,301.26,4,2,2,422,8,New Customers,3,3
15433,214.0,2.0,417.87,2,2,2,222,6,Hibernating/Lost,0,3
15434,8.0,11.0,2517.11,5,5,4,554,14,Champions,1,1
15435,22.0,1.0,149.29,4,1,1,411,6,New Customers,3,2
15436,12.0,3.0,1122.53,5,3,3,533,11,Loyal Customers,3,0
15437,262.0,2.0,393.45,2,2,2,222,6,Hibernating/Lost,0,3
15438,131.0,1.0,156.57999999999998,3,1,1,311,5,Potential Loyalists,0,2
15439,405.0,4.0,1269.05,2,3,4,234,9,At Risk,0,1
15440,55.0,3.0,383.68,4,3,2,432,9,Loyal Customers,3,0
15441,396.0,3.0,1254.21,2,3,4,234,9,At Risk,0,0
15442,249.0,1.0,594.0,2,1,2,212,5,Hibernating/Lost,0,2
15443,2.0,14.0,5116.14,5,5,5,555,15,Champions,1,1
15444,9.0,2.0,1418.26,5,2,4,524,11,New Customers,3,3
15445,264.0,2.0,284.5,2,2,2,222,6,Hibernating/Lost,0,3
15446,377.0,3.0,398.85,2,3,2,232,7,At Risk,0,0
15447,331.0,5.0,484.93,2,4,2,242,8,Can't Lose Them,0,1
15448,313.0,2.0,788.81,2,2,3,223,7,Hibernating/Lost,0,3
15449,26.0,3.0,971.22,4,3,3,433,10,Loyal Customers,3,0
15450,30.0,1.0,429.84,4,1,2,412,7,New Customers,3,2
15451,434.0,2.0,233.21,1,2,1,121,4,Hibernating/Lost,0,3
15452,30.0,6.0,1799.1100000000001,4,4,4,444,12,Champions,3,1
15453,2.0,7.0,1388.37,5,4,4,544,13,Champions,3,1
15454,362.0,2.0,307.69,2,2,2,222,6,Hibernating/Lost,0,3
15455,598.0,1.0,38.25,1,1,1,111,3,Hibernating/Lost,0,2
15456,283.0,10.0,2119.27,2,5,4,254,11,Can't Lose Them,0,1
15457,262.0,1.0,237.07,2,1,1,211,4,Hibernating/Lost,0,2
15458,25.0,2.0,370.43999999999994,4,2,2,422,8,New Customers,3,3
15459,417.0,2.0,202.82999999999998,1,2,1,121,4,Hibernating/Lost,0,3
15460,354.0,1.0,216.76,2,1,1,211,4,Hibernating/Lost,0,2
15461,461.0,2.0,391.29999999999995,1,2,2,122,5,Hibernating/Lost,0,3
15462,94.0,4.0,737.05,3,3,3,333,9,Loyal Customers,3,1
15463,29.0,1.0,126.14,4,1,1,411,6,New Customers,3,2
15464,338.0,1.0,1048.85,2,1,3,213,6,Hibernating/Lost,0,2
15465,20.0,32.0,12226.15,4,5,5,455,14,Champions,1,6
15466,85.0,4.0,1571.01,3,3,4,334,10,Loyal Customers,3,1
15467,9.0,3.0,511.88,5,3,2,532,10,Loyal Customers,3,0
15468,51.0,3.0,1387.48,4,3,4,434,11,Loyal Customers,3,0
15469,50.0,3.0,834.4,4,3,3,433,10,Loyal Customers,3,0
15470,576.0,1.0,63.419999999999995,1,1,1,111,3,Hibernating/Lost,0,2
15471,2.0,3.0,1316.56,5,3,4,534,12,Loyal Customers,3,0
15472,113.0,1.0,371.56,3,1,2,312,6,Potential Loyalists,0,2
15473,14.0,8.0,1740.0,5,4,4,544,13,Champions,1,1
15474,596.0,1.0,163.1,1,1,1,111,3,Hibernating/Lost,0,2
15475,77.0,1.0,454.10999999999996,3,1,2,312,6,Potential Loyalists,0,2
15476,380.0,4.0,2180.28,2,3,4,234,9,At Risk,0,1
15477,650.0,1.0,368.4,1,1,2,112,4,Hibernating/Lost,0,2
15478,40.0,3.0,2024.98,4,3,4,434,11,Loyal Customers,3,0
15479,733.0,1.0,147.4,1,1,1,111,3,Hibernating/Lost,0,2
15480,116.0,5.0,3592.25,3,4,5,345,12,Loyal Customers,3,1
15481,401.0,1.0,1993.34,2,1,4,214,7,Hibernating/Lost,0,2
15482,16.0,19.0,8107.83,5,5,5,555,15,Champions,1,1
15483,161.0,10.0,862.2,3,5,3,353,11,Loyal Customers,3,1
15484,1.0,6.0,4624.8,5,4,5,545,14,Champions,1,-1
15485,30.0,7.0,5624.51,4,4,5,445,13,Champions,1,1
15486,527.0,1.0,102.0,1,1,1,111,3,Hibernating/Lost,0,2
15487,680.0,1.0,231.32,1,1,1,111,3,Hibernating/Lost,0,2
15488,93.0,5.0,431.92,3,4,2,342,9,Loyal Customers,3,1
15489,23.0,8.0,2327.36,4,4,4,444,12,Champions,1,1
15490,430.0,1.0,188.1,1,1,1,111,3,Hibernating/Lost,0,2
15491,95.0,6.0,3090.85,3,4,5,345,12,Loyal Customers,3,1
15492,28.0,2.0,659.4599999999999,4,2,3,423,9,New Customers,3,3
15493,33.0,9.0,4280.43,4,5,5,455,14,Champions,1,1
15494,21.0,5.0,3770.95,4,4,5,445,13,Champions,3,1
15495,379.0,1.0,246.5,2,1,1,211,4,Hibernating/Lost,0,2
15496,631.0,1.0,146.14000000000001,1,1,1,111,3,Hibernating/Lost,0,2
15497,18.0,9.0,8643.46,5,5,5,555,15,Champions,1,-1
15498,3.0,44.0,23860.81,5,5,5,555,15,Champions,2,-1
15499,724.0,1.0,161.6,1,1,1,111,3,Hibernating/Lost,0,2
15500,8.0,4.0,1131.56,5,3,3,533,11,Loyal Customers,3,1
15501,405.0,2.0,402.5,2,2,2,222,6,Hibernating/Lost,0,3
15502,16.0,14.0,8673.53,5,5,5,555,15,Champions,1,1
15503,363.0,2.0,267.15,2,2,1,221,5,Hibernating/Lost,0,3
15504,81.0,4.0,413.9,3,3,2,332,8,Loyal Customers,3,1
15505,53.0,5.0,3497.14,4,4,5,445,13,Champions,3,1
15506,23.0,6.0,2040.03,4,4,4,444,12,Champions,3,1
15507,172.0,1.0,492.36,3,1,2,312,6,Potential Loyalists,0,2
15508,189.0,6.0,1000.27,2,4,3,243,9,Can't Lose Them,0,1
15509,380.0,1.0,166.51,2,1,1,211,4,Hibernating/Lost,0,2
15510,331.0,1.0,250.0,2,1,1,211,4,Hibernating/Lost,0,2
15511,12.0,5.0,909.23,5,4,3,543,12,Champions,3,1
15512,156.0,4.0,331.58,3,3,2,332,8,Loyal Customers,0,1
15513,33.0,35.0,27264.45,4,5,5,455,14,Champions,2,-1
15514,12.0,18.0,5422.28,5,5,5,555,15,Champions,1,1
15515,387.0,1.0,171.81,2,1,1,211,4,Hibernating/Lost,0,2
15516,45.0,3.0,62.43,4,3,1,431,8,Loyal Customers,3,0
15517,233.0,1.0,267.03,2,1,1,211,4,Hibernating/Lost,0,2
15518,64.0,15.0,4103.78,3,5,5,355,13,Loyal Customers,1,1
15519,383.0,2.0,344.61,2,2,2,222,6,Hibernating/Lost,0,3
15520,2.0,1.0,343.5,5,1,2,512,8,New Customers,3,2
15521,40.0,16.0,6674.44,4,5,5,455,14,Champions,1,1
15522,33.0,2.0,398.84,4,2,2,422,8,New Customers,3,3
15523,84.0,16.0,17220.04,3,5,5,355,13,Loyal Customers,1,-1
15524,25.0,2.0,591.4,4,2,2,422,8,New Customers,3,3
15525,2.0,4.0,1280.8,5,3,4,534,12,Loyal Customers,3,1
15526,33.0,2.0,148.44,4,2,1,421,7,New Customers,3,3
15527,19.0,23.0,5041.78,5,5,5,555,15,Champions,1,1
15528,254.0,1.0,229.33,2,1,1,211,4,Hibernating/Lost,0,2
15529,23.0,12.0,5084.5,4,5,5,455,14,Champions,1,1
15530,22.0,5.0,1813.72,4,4,4,444,12,Champions,3,1
15531,8.0,2.0,2007.44,5,2,4,524,11,New Customers,3,3
15532,25.0,10.0,3708.05,4,5,5,455,14,Champions,1,1
15533,19.0,3.0,746.92,5,3,3,533,11,Loyal Customers,3,0
15534,726.0,1.0,162.25,1,1,1,111,3,Hibernating/Lost,0,2
15535,173.0,6.0,985.82,3,4,3,343,10,Loyal Customers,0,1
15536,409.0,1.0,259.09,2,1,1,211,4,Hibernating/Lost,0,2
15537,163.0,1.0,110.92,3,1,1,311,5,Potential Loyalists,0,2
15538,538.0,6.0,3027.15,1,4,5,145,10,Can't Lose Them,0,1
15539,7.0,1.0,538.46,5,1,2,512,8,New Customers,3,2
15540,11.0,2.0,460.68,5,2,2,522,9,New Customers,3,3
15541,114.0,1.0,85.13000000000001,3,1,1,311,5,Potential Loyalists,0,2
15542,512.0,3.0,895.9,1,3,3,133,7,At Risk,0,0
15543,288.0,2.0,242.84,2,2,1,221,5,Hibernating/Lost,0,3
15544,9.0,20.0,8134.12,5,5,5,555,15,Champions,1,1
15545,54.0,2.0,428.05,4,2,2,422,8,New Customers,3,3
15546,607.0,2.0,539.5500000000001,1,2,2,122,5,Hibernating/Lost,0,3
15547,7.0,26.0,10140.89,5,5,5,555,15,Champions,1,10
15548,596.0,1.0,158.09,1,1,1,111,3,Hibernating/Lost,0,2
15549,77.0,8.0,2308.46,3,4,4,344,11,Loyal Customers,3,1
15550,4.0,12.0,1995.6,5,5,4,554,14,Champions,1,1
15551,37.0,7.0,1659.28,4,4,4,444,12,Champions,3,1
15552,217.0,2.0,252.52,2,2,1,221,5,Hibernating/Lost,0,3
15553,60.0,1.0,437.23,3,1,2,312,6,Potential Loyalists,3,2
15554,278.0,1.0,217.2,2,1,1,211,4,Hibernating/Lost,0,2
15555,12.0,36.0,11744.08,5,5,5,555,15,Champions,1,6
15556,24.0,1.0,279.77,4,1,2,412,7,New Customers,3,2
15557,29.0,1.0,473.65000000000003,4,1,2,412,7,New Customers,3,2
15558,639.0,1.0,143.32999999999998,1,1,1,111,3,Hibernating/Lost,0,2
15559,568.0,1.0,1109.4,1,1,3,113,5,Hibernating/Lost,0,2
15560,398.0,2.0,153.52,2,2,1,221,5,Hibernating/Lost,0,3
15561,12.0,8.0,1856.54,5,4,4,544,13,Champions,1,1
15562,352.0,3.0,673.3800000000001,2,3,3,233,8,At Risk,0,0
15563,22.0,7.0,2781.21,4,4,4,444,12,Champions,1,1
15564,463.0,2.0,70.74000000000001,1,2,1,121,4,Hibernating/Lost,0,3
15565,50.0,2.0,173.16,4,2,1,421,7,New Customers,3,3
15566,393.0,2.0,227.87,2,2,1,221,5,Hibernating/Lost,0,3
15567,19.0,1.0,186.01,5,1,1,511,7,New Customers,3,2
15568,3.0,3.0,758.29,5,3,3,533,11,Loyal Customers,3,0
15569,104.0,10.0,3586.35,3,5,5,355,13,Loyal Customers,1,1
15570,7.0,25.0,9246.99,5,5,5,555,15,Champions,1,10
15571,12.0,14.0,4051.63,5,5,5,555,15,Champions,1,1
15572,5.0,10.0,4068.67,5,5,5,555,15,Champions,1,1
15573,32.0,5.0,1207.18,4,4,3,443,11,Champions,3,1
15574,178.0,6.0,1476.7,3,4,4,344,11,Loyal Customers,0,1
15575,620.0,1.0,30.1,1,1,1,111,3,Hibernating/Lost,0,2
15576,38.0,1.0,940.6700000000001,4,1,3,413,8,New Customers,3,2
15577,151.0,5.0,397.98,3,4,2,342,9,Loyal Customers,0,1
15578,162.0,1.0,127.1,3,1,1,311,5,Potential Loyalists,0,2
15579,69.0,5.0,1267.25,3,4,4,344,11,Loyal Customers,3,1
15580,377.0,8.0,1221.95,2,4,4,244,10,Can't Lose Them,0,1
15581,121.0,38.0,5797.780000000001,3,5,5,355,13,Loyal Customers,1,-1
15582,25.0,3.0,682.9100000000001,4,3,3,433,10,Loyal Customers,3,0
15583,376.0,1.0,107.86,2,1,1,211,4,Hibernating/Lost,0,2
15584,24.0,6.0,1275.0,4,4,4,444,12,Champions,3,1
15585,177.0,1.0,455.3,3,1,2,312,6,Potential Loyalists,0,2
15586,593.0,3.0,1128.66,1,3,3,133,7,At Risk,0,0
15587,50.0,7.0,1522.0800000000002,4,4,4,444,12,Champions,3,1
15588,678.0,1.0,579.6,1,1,2,112,4,Hibernating/Lost,0,2
15589,256.0,3.0,456.58,2,3,2,232,7,At Risk,0,0
15590,382.0,5.0,1466.41,2,4,4,244,10,Can't Lose Them,0,1
15591,583.0,3.0,217.9,1,3,1,131,5,At Risk,0,0
15592,47.0,1.0,388.58,4,1,2,412,7,New Customers,3,2
15593,71.0,1.0,199.8,3,1,1,311,5,Potential Loyalists,3,2
15594,16.0,5.0,1767.53,5,4,4,544,13,Champions,3,1
15595,488.0,1.0,357.6,1,1,2,112,4,Hibernating/Lost,0,2
15596,101.0,9.0,3023.59,3,5,5,355,13,Loyal Customers,1,1
15597,35.0,2.0,554.52,4,2,2,422,8,New Customers,3,3
15598,53.0,2.0,543.02,4,2,2,422,8,New Customers,3,3
15599,27.0,3.0,1250.06,4,3,4,434,11,Loyal Customers,3,0
15600,428.0,4.0,1178.71,1,3,3,133,7,At Risk,0,1
15601,11.0,30.0,14919.220000000001,5,5,5,555,15,Champions,1,-1
15602,8.0,16.0,2975.9700000000003,5,5,5,555,15,Champions,1,1
15603,79.0,2.0,74.73,3,2,1,321,6,Potential Loyalists,3,3
15604,52.0,1.0,216.39,4,1,1,411,6,New Customers,3,2
15605,36.0,9.0,1933.4,4,5,4,454,13,Champions,1,1
15606,61.0,17.0,4733.47,3,5,5,355,13,Loyal Customers,1,1
15607,337.0,9.0,1578.57,2,5,4,254,11,Can't Lose Them,0,1
15608,28.0,5.0,1785.98,4,4,4,444,12,Champions,3,1
15609,184.0,1.0,270.03000000000003,3,1,1,311,5,Potential Loyalists,0,2
15610,52.0,1.0,112.46000000000001,4,1,1,411,6,New Customers,3,2
15611,10.0,26.0,2858.37,5,5,4,554,14,Champions,1,-1
15612,36.0,2.0,195.15,4,2,1,421,7,New Customers,3,3
15613,610.0,1.0,433.71999999999997,1,1,2,112,4,Hibernating/Lost,0,2
15614,438.0,4.0,3008.86,1,3,5,135,9,At Risk,0,1
15615,10.0,47.0,21282.07,5,5,5,555,15,Champions,2,-1
15616,438.0,1.0,317.11,1,1,2,112,4,Hibernating/Lost,0,2
15617,396.0,3.0,828.5500000000001,2,3,3,233,8,At Risk,0,0
15618,33.0,4.0,747.031,4,3,3,433,10,Loyal Customers,3,1
15619,11.0,1.0,336.40000000000003,5,1,2,512,8,New Customers,3,2
15620,57.0,4.0,1909.93,4,3,4,434,11,Loyal Customers,3,1
15621,4.0,4.0,1158.77,5,3,3,533,11,Loyal Customers,3,1
15622,43.0,17.0,7318.08,4,5,5,455,14,Champions,1,1
15623,141.0,8.0,2437.05,3,4,4,344,11,Loyal Customers,3,1
15624,117.0,4.0,588.13,3,3,2,332,8,Loyal Customers,3,1
15625,104.0,9.0,3203.25,3,5,5,355,13,Loyal Customers,1,1
15626,75.0,3.0,1049.37,3,3,3,333,9,Loyal Customers,3,0
15627,457.0,2.0,566.9,1,2,2,122,5,Hibernating/Lost,0,3
15628,5.0,17.0,5603.360000000001,5,5,5,555,15,Champions,1,1
15629,450.0,4.0,2240.9,1,3,4,134,8,At Risk,0,1
15630,45.0,3.0,1475.45,4,3,4,434,11,Loyal Customers,3,0
15631,642.0,1.0,596.67,1,1,2,112,4,Hibernating/Lost,0,2
15632,16.0,8.0,3147.31,5,4,5,545,14,Champions,1,1
15633,509.0,13.0,4173.41,1,5,5,155,11,Can't Lose Them,1,-1
15634,17.0,2.0,554.65,5,2,2,522,9,New Customers,3,3
15635,396.0,1.0,100.35,2,1,1,211,4,Hibernating/Lost,0,2
15636,90.0,4.0,1444.58,3,3,4,334,10,Loyal Customers,3,1
15637,53.0,5.0,797.59,4,4,3,443,11,Champions,3,1
15638,379.0,6.0,2137.2,2,4,4,244,10,Can't Lose Them,0,1
15639,134.0,3.0,1028.33,3,3,3,333,9,Loyal Customers,0,0
15640,4.0,29.0,23835.41,5,5,5,555,15,Champions,2,-1
15641,105.0,12.0,5345.55,3,5,5,355,13,Loyal Customers,1,1
15642,730.0,1.0,105.78000000000002,1,1,1,111,3,Hibernating/Lost,0,2
15643,192.0,3.0,647.4,2,3,3,233,8,At Risk,0,0
15644,166.0,4.0,813.0,3,3,3,333,9,Loyal Customers,0,1
15645,19.0,3.0,1042.57,5,3,3,533,11,Loyal Customers,3,0
15646,158.0,5.0,952.11,3,4,3,343,10,Loyal Customers,0,1
15647,415.0,1.0,169.0,1,1,1,111,3,Hibernating/Lost,0,2
15648,204.0,2.0,599.9,2,2,2,222,6,Hibernating/Lost,0,3
15649,336.0,4.0,2170.35,2,3,4,234,9,At Risk,0,1
15650,522.0,2.0,539.03,1,2,2,122,5,Hibernating/Lost,0,3
15651,37.0,5.0,1259.06,4,4,4,444,12,Champions,3,1
15652,91.0,5.0,1411.84,3,4,4,344,11,Loyal Customers,3,1
15653,93.0,2.0,877.4399999999999,3,2,3,323,8,Potential Loyalists,3,3
15654,9.0,2.0,922.53,5,2,3,523,10,New Customers,3,3
15655,243.0,1.0,511.32,2,1,2,212,5,Hibernating/Lost,0,2
15656,45.0,4.0,748.5,4,3,3,433,10,Loyal Customers,3,1
15657,23.0,1.0,30.0,4,1,1,411,6,New Customers,3,2
15658,190.0,8.0,2270.34,2,4,4,244,10,Can't Lose Them,0,1
15659,44.0,3.0,532.49,4,3,2,432,9,Loyal Customers,3,0
15660,25.0,15.0,2764.14,4,5,4,454,13,Champions,1,1
15661,317.0,8.0,1215.95,2,4,4,244,10,Can't Lose Them,0,1
15662,661.0,2.0,283.73,1,2,2,122,5,Hibernating/Lost,0,3
15663,106.0,1.0,138.14,3,1,1,311,5,Potential Loyalists,0,2
15664,51.0,4.0,1212.35,4,3,4,434,11,Loyal Customers,3,1
15665,168.0,5.0,4015.12,3,4,5,345,12,Loyal Customers,0,1
15666,472.0,2.0,632.9399999999999,1,2,3,123,6,Hibernating/Lost,0,3
15667,40.0,1.0,301.32,4,1,2,412,7,New Customers,3,2
15668,218.0,1.0,76.32000000000001,2,1,1,211,4,Hibernating/Lost,0,2
15669,40.0,4.0,677.69,4,3,3,433,10,Loyal Customers,3,1
15670,297.0,2.0,315.2,2,2,2,222,6,Hibernating/Lost,0,3
15671,19.0,7.0,2635.4900000000002,5,4,4,544,13,Champions,1,1
15672,725.0,1.0,45.300000000000004,1,1,1,111,3,Hibernating/Lost,0,2
15673,88.0,9.0,6409.84,3,5,5,355,13,Loyal Customers,1,1
15674,73.0,13.0,6217.85,3,5,5,355,13,Loyal Customers,1,1
15675,81.0,4.0,542.04,3,3,2,332,8,Loyal Customers,3,1
15676,19.0,3.0,3324.09,5,3,5,535,13,Loyal Customers,3,-1
15677,49.0,3.0,1305.63,4,3,4,434,11,Loyal Customers,3,0
15678,53.0,3.0,1893.89,4,3,4,434,11,Loyal Customers,3,0
15679,24.0,4.0,781.28,4,3,3,433,10,Loyal Customers,3,1
15680,9.0,10.0,4464.4800000000005,5,5,5,555,15,Champions,1,1
15681,25.0,14.0,2480.2,4,5,4,454,13,Champions,1,1
15682,599.0,2.0,316.99,1,2,2,122,5,Hibernating/Lost,0,3
15683,117.0,2.0,524.54,3,2,2,322,7,Potential Loyalists,0,3
15684,547.0,3.0,147.8,1,3,1,131,5,At Risk,0,0
15685,450.0,1.0,55.980000000000004,1,1,1,111,3,Hibernating/Lost,0,2
15686,420.0,1.0,90.0,1,1,1,111,3,Hibernating/Lost,0,2
15687,9.0,9.0,2981.5,5,5,5,555,15,Champions,1,1
15688,419.0,1.0,190.57,1,1,1,111,3,Hibernating/Lost,0,2
15689,120.0,3.0,521.03,3,3,2,332,8,Loyal Customers,0,0
15690,4.0,2.0,239.76,5,2,1,521,8,New Customers,3,3
15691,252.0,4.0,511.8,2,3,2,232,7,At Risk,0,1
15692,28.0,1.0,191.04,4,1,1,411,6,New Customers,3,2
15693,659.0,1.0,37.5,1,1,1,111,3,Hibernating/Lost,0,2
15694,1.0,24.0,10566.46,5,5,5,555,15,Champions,1,-1
15695,267.0,4.0,1131.04,2,3,3,233,8,At Risk,0,1
15696,33.0,13.0,3757.4700000000003,4,5,5,455,14,Champions,1,1
15697,690.0,1.0,246.75,1,1,1,111,3,Hibernating/Lost,0,2
15698,624.0,1.0,46.2,1,1,1,111,3,Hibernating/Lost,0,2
15699,18.0,1.0,309.65,5,1,2,512,8,New Customers,3,2
15700,172.0,2.0,664.03,3,2,3,323,8,Potential Loyalists,0,3
15701,2.0,4.0,1542.14,5,3,4,534,12,Loyal Customers,3,1
15702,476.0,2.0,140.39000000000001,1,2,1,121,4,Hibernating/Lost,0,3
15703,265.0,1.0,211.5,2,1,1,211,4,Hibernating/Lost,0,2
15704,140.0,6.0,3744.1800000000003,3,4,5,345,12,Loyal Customers,3,1
15705,201.0,1.0,143.1,2,1,1,211,4,Hibernating/Lost,0,2
15706,64.0,4.0,1001.8100000000001,3,3,3,333,9,Loyal Customers,3,1
15707,35.0,4.0,945.58,4,3,3,433,10,Loyal Customers,3,1
15708,41.0,9.0,4323.9800000000005,4,5,5,455,14,Champions,1,1
15709,284.0,2.0,327.85,2,2,2,222,6,Hibernating/Lost,0,3
15710,417.0,1.0,898.87,1,1,3,113,5,Hibernating/Lost,0,2
15711,557.0,2.0,420.25,1,2,2,122,5,Hibernating/Lost,0,3
15712,9.0,12.0,3467.46,5,5,5,555,15,Champions,1,1
15713,143.0,4.0,985.99,3,3,3,333,9,Loyal Customers,0,1
15714,12.0,5.0,784.8100000000001,5,4,3,543,12,Champions,3,1
15715,556.0,5.0,658.02,1,4,3,143,8,Can't Lose Them,0,1
15716,146.0,11.0,3056.81,3,5,5,355,13,Loyal Customers,1,1
15717,234.0,5.0,607.0,2,4,3,243,9,Can't Lose Them,0,1
15718,540.0,1.0,293.79,1,1,2,112,4,Hibernating/Lost,0,2
15719,33.0,31.0,10134.36,4,5,5,455,14,Champions,1,-1
15720,24.0,2.0,741.92,4,2,3,423,9,New Customers,3,3
15721,12.0,1.0,507.08,5,1,2,512,8,New Customers,3,2
15722,36.0,11.0,5120.05,4,5,5,455,14,Champions,1,1
15723,365.0,4.0,947.65,2,3,3,233,8,At Risk,0,1
15724,201.0,3.0,299.8,2,3,2,232,7,At Risk,0,0
15725,15.0,1.0,415.25,5,1,2,512,8,New Customers,3,2
15726,390.0,1.0,321.91,2,1,2,212,5,Hibernating/Lost,0,2
15727,17.0,15.0,9445.51,5,5,5,555,15,Champions,1,1
15728,380.0,2.0,409.80000000000007,2,2,2,222,6,Hibernating/Lost,0,3
15729,213.0,3.0,154.70000000000002,2,3,1,231,6,At Risk,0,0
15730,66.0,5.0,1708.18,3,4,4,344,11,Loyal Customers,3,1
15731,554.0,1.0,125.3,1,1,1,111,3,Hibernating/Lost,0,2
15732,212.0,10.0,1637.52,2,5,4,254,11,Can't Lose Them,0,1
15733,283.0,1.0,162.3,2,1,1,211,4,Hibernating/Lost,0,2
15734,115.0,4.0,2263.3,3,3,4,334,10,Loyal Customers,3,1
15735,421.0,1.0,327.68,1,1,2,112,4,Hibernating/Lost,0,2
15736,435.0,2.0,1717.27,1,2,4,124,7,Hibernating/Lost,0,3
15737,15.0,8.0,1121.21,5,4,3,543,12,Champions,3,1
15738,19.0,41.0,13342.12,5,5,5,555,15,Champions,1,-1
15739,66.0,1.0,449.12,3,1,2,312,6,Potential Loyalists,3,2
15740,49.0,1.0,154.88,4,1,1,411,6,New Customers,3,2
15741,458.0,2.0,208.62,1,2,1,121,4,Hibernating/Lost,0,3
15742,619.0,1.0,156.87,1,1,1,111,3,Hibernating/Lost,0,2
15743,16.0,4.0,784.46,5,3,3,533,11,Loyal Customers,3,1
15744,78.0,1.0,34.8,3,1,1,311,5,Potential Loyalists,0,2
15745,19.0,4.0,1071.24,5,3,3,533,11,Loyal Customers,3,1
15746,134.0,1.0,182.96,3,1,1,311,5,Potential Loyalists,0,2
15747,13.0,9.0,2560.66,5,5,4,554,14,Champions,1,1
15748,40.0,3.0,614.7600000000001,4,3,3,433,10,Loyal Customers,3,0
15749,235.0,3.0,21535.9,2,3,5,235,10,At Risk,1,-1
15750,3.0,18.0,6692.551,5,5,5,555,15,Champions,1,4
15751,461.0,11.0,1318.84,1,5,4,154,10,Can't Lose Them,0,1
15752,40.0,9.0,4199.09,4,5,5,455,14,Champions,1,1
15753,305.0,1.0,79.2,2,1,1,211,4,Hibernating/Lost,0,2
15754,51.0,9.0,3001.86,4,5,5,455,14,Champions,1,1
15755,10.0,17.0,5936.95,5,5,5,555,15,Champions,1,1
15756,61.0,4.0,532.96,3,3,2,332,8,Loyal Customers,3,1
15757,66.0,6.0,2940.36,3,4,5,345,12,Loyal Customers,3,1
15758,25.0,1.0,205.25,4,1,1,411,6,New Customers,3,2
15759,218.0,7.0,810.98,2,4,3,243,9,Can't Lose Them,0,1
15760,631.0,2.0,-5795.87,1,2,1,121,4,Hibernating/Lost,0,-1
15761,443.0,1.0,143.05,1,1,1,111,3,Hibernating/Lost,0,2
15762,65.0,2.0,583.75,3,2,2,322,7,Potential Loyalists,3,3
15763,32.0,2.0,1048.67,4,2,3,423,9,New Customers,3,3
15764,88.0,8.0,4453.28,3,4,5,345,12,Loyal Customers,1,1
15765,667.0,1.0,370.63,1,1,2,112,4,Hibernating/Lost,0,2
15766,64.0,3.0,799.66,3,3,3,333,9,Loyal Customers,3,0
15768,116.0,34.0,15559.46,3,5,5,355,13,Loyal Customers,1,-1
15769,7.0,46.0,84269.38,5,5,5,555,15,Champions,2,-1
15770,613.0,1.0,321.45,1,1,2,112,4,Hibernating/Lost,0,2
15771,604.0,3.0,1006.54,1,3,3,133,7,At Risk,0,0
15772,418.0,1.0,280.88,1,1,2,112,4,Hibernating/Lost,0,2
15773,6.0,2.0,774.52,5,2,3,523,10,New Customers,3,3
15774,69.0,6.0,1324.2,3,4,4,344,11,Loyal Customers,3,1
15775,245.0,2.0,150.5,2,2,1,221,5,Hibernating/Lost,0,3
15776,133.0,1.0,241.62,3,1,1,311,5,Potential Loyalists,0,2
15777,241.0,7.0,1732.1599999999999,2,4,4,244,10,Can't Lose Them,0,1
15778,431.0,1.0,307.95,1,1,2,112,4,Hibernating/Lost,0,2
15779,463.0,2.0,124.08000000000001,1,2,1,121,4,Hibernating/Lost,0,3
15780,184.0,3.0,475.28000000000003,3,3,2,332,8,Loyal Customers,0,0
15781,25.0,3.0,333.56,4,3,2,432,9,Loyal Customers,3,0
15782,10.0,4.0,3985.65,5,3,5,535,13,Loyal Customers,3,-1
15783,11.0,1.0,246.3,5,1,1,511,7,New Customers,3,2
15784,468.0,2.0,848.3299999999999,1,2,3,123,6,Hibernating/Lost,0,3
15785,33.0,16.0,5825.33,4,5,5,455,14,Champions,1,1
15786,46.0,5.0,8392.85,4,4,5,445,13,Champions,1,-1
15787,26.0,3.0,948.05,4,3,3,433,10,Loyal Customers,3,0
15788,509.0,1.0,215.53,1,1,1,111,3,Hibernating/Lost,0,2
15789,358.0,6.0,1932.01,2,4,4,244,10,Can't Lose Them,0,1
15790,10.0,1.0,220.85,5,1,1,511,7,New Customers,3,2
15791,44.0,5.0,3541.79,4,4,5,445,13,Champions,3,1
15792,400.0,2.0,933.84,2,2,3,223,7,Hibernating/Lost,0,3
15793,15.0,8.0,2382.92,5,4,4,544,13,Champions,1,1
15794,736.0,2.0,777.0,1,2,3,123,6,Hibernating/Lost,0,3
15795,150.0,8.0,1979.8700000000001,3,4,4,344,11,Loyal Customers,3,1
15796,1.0,17.0,5019.95,5,5,5,555,15,Champions,1,-1
15797,113.0,6.0,2821.08,3,4,4,344,11,Loyal Customers,3,1
15798,493.0,3.0,1535.37,1,3,4,134,8,At Risk,0,0
15799,76.0,4.0,1424.29,3,3,4,334,10,Loyal Customers,3,1
15800,107.0,7.0,1242.58,3,4,4,344,11,Loyal Customers,3,1
15801,46.0,3.0,1042.19,4,3,3,433,10,Loyal Customers,3,0
15802,143.0,1.0,-451.42,3,1,1,311,5,Potential Loyalists,0,2
15803,51.0,4.0,1929.66,4,3,4,434,11,Loyal Customers,3,1
15804,1.0,13.0,3848.55,5,5,5,555,15,Champions,1,5
15805,23.0,30.0,9708.92,4,5,5,455,14,Champions,1,1
15806,46.0,3.0,784.58,4,3,3,433,10,Loyal Customers,3,0
15807,50.0,5.0,1807.57,4,4,4,444,12,Champions,3,1
15808,306.0,21.0,18248.83,2,5,5,255,12,Can't Lose Them,1,-1
15809,36.0,7.0,862.88,4,4,3,443,11,Champions,3,1
15810,79.0,8.0,2724.8,3,4,4,344,11,Loyal Customers,1,1
15811,22.0,7.0,3843.2200000000003,4,4,5,445,13,Champions,1,1
15812,107.0,12.0,5186.17,3,5,5,355,13,Loyal Customers,1,1
15813,208.0,2.0,1303.9099999999999,2,2,4,224,8,Hibernating/Lost,0,3
15814,17.0,6.0,2531.84,5,4,4,544,13,Champions,3,1
15815,64.0,5.0,2100.6,3,4,4,344,11,Loyal Customers,3,1
15816,542.0,2.0,93.3,1,2,1,121,4,Hibernating/Lost,0,3
15817,421.0,3.0,2766.4,1,3,4,134,8,At Risk,0,0
15818,588.0,1.0,340.5,1,1,2,112,4,Hibernating/Lost,0,2
15819,49.0,10.0,3911.28,4,5,5,455,14,Champions,1,1
15820,320.0,1.0,206.98,2,1,1,211,4,Hibernating/Lost,0,2
15821,44.0,2.0,570.96,4,2,2,422,8,New Customers,3,3
15822,3.0,6.0,1777.91,5,4,4,544,13,Champions,3,1
15823,372.0,3.0,3033.86,2,3,5,235,10,At Risk,0,0
15824,453.0,2.0,890.94,1,2,3,123,6,Hibernating/Lost,0,3
15825,172.0,1.0,532.94,3,1,2,312,6,Potential Loyalists,0,2
15826,56.0,4.0,2583.13,4,3,4,434,11,Loyal Customers,3,1
15827,73.0,28.0,3430.96,3,5,5,355,13,Loyal Customers,1,-1
15828,375.0,1.0,1108.82,2,1,3,213,6,Hibernating/Lost,0,2
15829,99.0,2.0,636.14,3,2,3,323,8,Potential Loyalists,0,3
15830,38.0,1.0,547.7,4,1,2,412,7,New Customers,3,2
15831,58.0,3.0,747.76,4,3,3,433,10,Loyal Customers,3,0
15832,254.0,1.0,836.79,2,1,3,213,6,Hibernating/Lost,0,2
15833,738.0,1.0,80.4,1,1,1,111,3,Hibernating/Lost,0,2
15834,70.0,7.0,3600.29,3,4,5,345,12,Loyal Customers,1,1
15835,44.0,4.0,954.09,4,3,3,433,10,Loyal Customers,3,1
15836,50.0,1.0,117.47,4,1,1,411,6,New Customers,3,2
15837,65.0,2.0,777.01,3,2,3,323,8,Potential Loyalists,3,3
15838,11.0,34.0,73404.11,5,5,5,555,15,Champions,2,-1
15839,33.0,3.0,1020.74,4,3,3,433,10,Loyal Customers,3,0
15840,59.0,2.0,345.66,4,2,2,422,8,New Customers,3,3
15841,73.0,9.0,2716.5,3,5,4,354,12,Loyal Customers,1,1
15842,393.0,2.0,528.75,2,2,2,222,6,Hibernating/Lost,0,3
15843,304.0,1.0,118.95000000000002,2,1,1,211,4,Hibernating/Lost,0,2
15844,46.0,1.0,130.73999999999998,4,1,1,411,6,New Customers,3,2
15845,18.0,11.0,4273.65,5,5,5,555,15,Champions,1,1
15846,385.0,1.0,107.01,2,1,1,211,4,Hibernating/Lost,0,2
15847,38.0,5.0,822.57,4,4,3,443,11,Champions,3,1
15848,622.0,1.0,139.94,1,1,1,111,3,Hibernating/Lost,0,2
15850,19.0,6.0,1058.72,5,4,3,543,12,Champions,3,1
15851,527.0,1.0,109.73,1,1,1,111,3,Hibernating/Lost,0,2
15852,187.0,3.0,257.26,3,3,1,331,7,Loyal Customers,0,0
15853,52.0,1.0,110.8,4,1,1,411,6,New Customers,3,2
15854,4.0,21.0,5583.81,5,5,5,555,15,Champions,1,1
15855,137.0,6.0,1052.72,3,4,3,343,10,Loyal Customers,3,1
15856,4.0,52.0,33817.44,5,5,5,555,15,Champions,2,-1
15857,19.0,2.0,570.48,5,2,2,522,9,New Customers,3,3
15858,16.0,13.0,3917.87,5,5,5,555,15,Champions,1,1
15859,432.0,1.0,438.46,1,1,2,112,4,Hibernating/Lost,0,2
15860,41.0,17.0,2505.21,4,5,4,454,13,Champions,1,1
15861,12.0,12.0,4217.99,5,5,5,555,15,Champions,1,1
15862,8.0,13.0,2928.29,5,5,5,555,15,Champions,1,1
15863,26.0,5.0,358.7,4,4,2,442,10,Champions,3,1
15864,22.0,7.0,2014.22,4,4,4,444,12,Champions,3,1
15865,41.0,5.0,2248.92,4,4,4,444,12,Champions,3,1
15866,101.0,1.0,230.53,3,1,1,311,5,Potential Loyalists,0,2
15867,5.0,31.0,8974.85,5,5,5,555,15,Champions,1,-1
15868,583.0,1.0,94.53,1,1,1,111,3,Hibernating/Lost,0,2
15869,277.0,3.0,323.65999999999997,2,3,2,232,7,At Risk,0,0
15870,33.0,4.0,862.61,4,3,3,433,10,Loyal Customers,3,1
15871,437.0,1.0,33.099999999999994,1,1,1,111,3,Hibernating/Lost,0,2
15872,15.0,4.0,795.68,5,3,3,533,11,Loyal Customers,3,1
15873,500.0,4.0,138.23999999999998,1,3,1,131,5,At Risk,0,1
15874,64.0,21.0,11135.0,3,5,5,355,13,Loyal Customers,1,-1
15875,646.0,1.0,111.72,1,1,1,111,3,Hibernating/Lost,0,2
15876,409.0,2.0,1449.1399999999999,2,2,4,224,8,Hibernating/Lost,0,3
15877,2.0,2.0,440.78,5,2,2,522,9,New Customers,3,3
15878,562.0,2.0,330.77,1,2,2,122,5,Hibernating/Lost,0,3
15879,404.0,4.0,1157.3,2,3,3,233,8,At Risk,0,1
15880,369.0,1.0,626.5600000000001,2,1,3,213,6,Hibernating/Lost,0,2
15881,312.0,5.0,438.24,2,4,2,242,8,Can't Lose Them,0,1
15882,199.0,8.0,1448.91,2,4,4,244,10,Can't Lose Them,0,1
15883,2.0,2.0,396.48,5,2,2,522,9,New Customers,3,3
15884,432.0,2.0,243.75000000000003,1,2,1,121,4,Hibernating/Lost,0,3
15885,93.0,15.0,1737.57,3,5,4,354,12,Loyal Customers,1,1
15886,60.0,4.0,1052.8700000000001,3,3,3,333,9,Loyal Customers,3,1
15887,407.0,3.0,1027.15,2,3,3,233,8,At Risk,0,0
15888,81.0,3.0,402.12,3,3,2,332,8,Loyal Customers,3,0
15889,157.0,8.0,1795.83,3,4,4,344,11,Loyal Customers,3,1
15890,395.0,5.0,535.65,2,4,2,242,8,Can't Lose Them,0,1
15891,227.0,1.0,524.52,2,1,2,212,5,Hibernating/Lost,0,2
15892,669.0,1.0,128.2,1,1,1,111,3,Hibernating/Lost,0,2
15893,482.0,1.0,305.28000000000003,1,1,2,112,4,Hibernating/Lost,0,2
15894,253.0,2.0,420.29,2,2,2,222,6,Hibernating/Lost,0,3
15895,150.0,1.0,179.17,3,1,1,311,5,Potential Loyalists,0,2
15897,194.0,2.0,222.05,2,2,1,221,5,Hibernating/Lost,0,3
15898,1.0,25.0,5534.36,5,5,5,555,15,Champions,1,9
15899,369.0,1.0,112.5,2,1,1,211,4,Hibernating/Lost,0,2
15900,24.0,4.0,890.5,4,3,3,433,10,Loyal Customers,3,1
15901,17.0,7.0,684.23,5,4,3,543,12,Champions,3,1
15902,380.0,1.0,145.01,2,1,1,211,4,Hibernating/Lost,0,2
15903,10.0,12.0,8859.82,5,5,5,555,15,Champions,1,1
15904,8.0,1.0,164.68,5,1,1,511,7,New Customers,3,2
15905,543.0,1.0,114.69,1,1,1,111,3,Hibernating/Lost,0,2
15906,20.0,10.0,2467.89,4,5,4,454,13,Champions,1,1
15907,4.0,3.0,967.45,5,3,3,533,11,Loyal Customers,3,0
15908,491.0,2.0,764.57,1,2,3,123,6,Hibernating/Lost,0,3
15909,174.0,1.0,191.94,3,1,1,311,5,Potential Loyalists,0,2
15910,1.0,15.0,2681.8,5,5,4,554,14,Champions,1,-1
15911,624.0,8.0,1401.55,1,4,4,144,9,Can't Lose Them,0,1
15912,178.0,9.0,1074.7,3,5,3,353,11,Loyal Customers,3,1
15913,534.0,1.0,6.300000000000001,1,1,1,111,3,Hibernating/Lost,0,2
15914,378.0,2.0,205.99,2,2,1,221,5,Hibernating/Lost,0,3
15915,402.0,1.0,429.21,2,1,2,212,5,Hibernating/Lost,0,2
15916,16.0,13.0,3277.67,5,5,5,555,15,Champions,1,1
15917,248.0,5.0,560.63,2,4,2,242,8,Can't Lose Them,0,1
15918,191.0,3.0,582.88,2,3,2,232,7,At Risk,0,0
15919,20.0,2.0,910.61,4,2,3,423,9,New Customers,3,3
15920,154.0,9.0,571.64,3,5,2,352,10,Loyal Customers,3,1
15921,173.0,4.0,802.11,3,4,3,343,10,Loyal Customers,0,1
15922,373.0,1.0,727.2,2,1,3,213,6,Hibernating/Lost,0,2
15923,373.0,1.0,254.16,2,1,1,211,4,Hibernating/Lost,0,2
15924,731.0,1.0,102.82,1,1,1,111,3,Hibernating/Lost,0,2
15925,194.0,1.0,207.15,2,1,1,211,4,Hibernating/Lost,0,2
15926,542.0,1.0,134.44,1,1,1,111,3,Hibernating/Lost,0,2
15927,647.0,1.0,123.39,1,1,1,111,3,Hibernating/Lost,0,2
15928,656.0,1.0,293.53,1,1,2,112,4,Hibernating/Lost,0,2
15929,644.0,1.0,594.0,1,1,2,112,4,Hibernating/Lost,0,2
15930,67.0,1.0,426.63,3,1,2,312,6,Potential Loyalists,3,2
15931,428.0,1.0,239.9,1,1,1,111,3,Hibernating/Lost,0,2
15932,4.0,8.0,2461.85,5,4,4,544,13,Champions,1,1
15933,21.0,3.0,1107.46,4,3,3,433,10,Loyal Customers,3,0
15934,418.0,2.0,2190.66,1,2,4,124,7,Hibernating/Lost,0,3
15935,239.0,2.0,108.03999999999999,2,2,1,221,5,Hibernating/Lost,0,3
15936,379.0,2.0,282.79,2,2,2,222,6,Hibernating/Lost,0,3
15937,64.0,1.0,145.35,3,1,1,311,5,Potential Loyalists,3,2
15938,112.0,9.0,734.81,3,5,3,353,11,Loyal Customers,3,1
15939,90.0,16.0,9047.64,3,5,5,355,13,Loyal Customers,1,-1
15940,311.0,1.0,-3.552713678800501e-15,2,1,1,211,4,Hibernating/Lost,0,2
15941,637.0,1.0,230.6,1,1,1,111,3,Hibernating/Lost,0,2
15942,134.0,1.0,337.44,3,1,2,312,6,Potential Loyalists,0,2
15943,650.0,2.0,271.28999999999996,1,2,1,121,4,Hibernating/Lost,0,3
15944,277.0,4.0,2164.24,2,4,4,244,10,Can't Lose Them,0,1
15945,365.0,4.0,827.27,2,4,3,243,9,Can't Lose Them,0,1
15946,503.0,3.0,2304.18,1,3,4,134,8,At Risk,0,0
15947,83.0,1.0,1708.24,3,1,4,314,8,Potential Loyalists,0,2
15948,8.0,3.0,1509.0900000000001,5,3,4,534,12,Loyal Customers,3,0
15949,17.0,2.0,364.72,5,2,2,522,9,New Customers,3,3
15950,32.0,10.0,6938.51,4,5,5,455,14,Champions,1,1
15951,9.0,3.0,974.52,5,3,3,533,11,Loyal Customers,3,0
15952,34.0,4.0,806.57,4,4,3,443,11,Champions,3,1
15953,15.0,18.0,3524.7,5,5,5,555,15,Champions,1,1
15954,589.0,1.0,190.75,1,1,1,111,3,Hibernating/Lost,0,2
15955,24.0,22.0,8622.61,4,5,5,455,14,Champions,1,1
15956,551.0,2.0,617.6,1,2,3,123,6,Hibernating/Lost,0,3
15957,32.0,3.0,930.1,4,3,3,433,10,Loyal Customers,3,0
15958,74.0,4.0,492.99,3,4,2,342,9,Loyal Customers,3,1
15959,682.0,3.0,579.49,1,3,2,132,6,At Risk,0,0
15960,374.0,4.0,394.0,2,4,2,242,8,Can't Lose Them,0,1
15961,379.0,1.0,451.28999999999996,2,1,2,212,5,Hibernating/Lost,0,2
15962,449.0,1.0,295.83,1,1,2,112,4,Hibernating/Lost,0,2
15963,20.0,2.0,470.76,4,2,2,422,8,New Customers,3,3
15964,663.0,1.0,272.96000000000004,1,1,2,112,4,Hibernating/Lost,0,2
15965,17.0,13.0,2999.34,5,5,5,555,15,Champions,1,1
15966,451.0,1.0,399.58,1,1,2,112,4,Hibernating/Lost,0,2
15967,23.0,12.0,3019.2,4,5,5,455,14,Champions,1,1
15968,388.0,1.0,418.05,2,1,2,212,5,Hibernating/Lost,0,2
15969,3.0,5.0,1043.85,5,4,3,543,12,Champions,3,1
15970,304.0,2.0,1017.32,2,2,3,223,7,Hibernating/Lost,0,3
15971,18.0,18.0,4930.43,5,5,5,555,15,Champions,1,1
15972,456.0,5.0,1810.27,1,4,4,144,9,Can't Lose Them,0,1
15973,367.0,3.0,780.39,2,3,3,233,8,At Risk,0,0
15974,39.0,7.0,3429.55,4,4,5,445,13,Champions,1,1
15975,84.0,1.0,371.01,3,1,2,312,6,Potential Loyalists,0,2
15976,165.0,6.0,1746.6399999999999,3,4,4,344,11,Loyal Customers,0,1
15977,17.0,2.0,1054.73,5,2,3,523,10,New Customers,3,3
15978,77.0,3.0,3272.62,3,3,5,335,11,Loyal Customers,3,0
15979,603.0,1.0,329.22,1,1,2,112,4,Hibernating/Lost,0,2
15980,89.0,7.0,6546.28,3,4,5,345,12,Loyal Customers,1,-1
15981,25.0,21.0,9268.07,4,5,5,455,14,Champions,1,1
15982,605.0,1.0,324.51,1,1,2,112,4,Hibernating/Lost,0,2
15983,22.0,8.0,3958.8199999999997,4,4,5,445,13,Champions,1,1
15984,3.0,30.0,8671.12,5,5,5,555,15,Champions,1,4
15985,123.0,7.0,2610.28,3,4,4,344,11,Loyal Customers,3,1
15986,30.0,2.0,354.42,4,2,2,422,8,New Customers,3,3
15987,12.0,8.0,1682.13,5,4,4,544,13,Champions,1,1
15988,19.0,3.0,770.09,5,3,3,533,11,Loyal Customers,3,0
15989,376.0,2.0,372.51,2,2,2,222,6,Hibernating/Lost,0,3
15990,44.0,7.0,2010.05,4,4,4,444,12,Champions,3,1
15991,534.0,1.0,150.55,1,1,1,111,3,Hibernating/Lost,0,2
15992,4.0,3.0,896.6,5,3,3,533,11,Loyal Customers,3,0
15993,9.0,7.0,2756.82,5,4,4,544,13,Champions,1,1
15994,55.0,3.0,1198.84,4,3,3,433,10,Loyal Customers,3,0
15995,414.0,1.0,696.19,1,1,3,113,5,Hibernating/Lost,0,2
15996,88.0,7.0,1671.0,3,4,4,344,11,Loyal Customers,3,1
15998,37.0,16.0,8220.39,4,5,5,455,14,Champions,1,1
15999,736.0,1.0,20.4,1,1,1,111,3,Hibernating/Lost,0,2
16000,3.0,3.0,12393.7,5,3,5,535,13,Loyal Customers,1,-1
16001,381.0,1.0,519.06,2,1,2,212,5,Hibernating/Lost,0,2
16002,625.0,1.0,169.21,1,1,1,111,3,Hibernating/Lost,0,2
16003,30.0,10.0,5613.83,4,5,5,455,14,Champions,1,1
16004,475.0,5.0,2146.39,1,4,4,144,9,Can't Lose Them,0,1
16005,12.0,10.0,2403.77,5,5,4,554,14,Champions,1,1
16006,211.0,2.0,347.17,2,2,2,222,6,Hibernating/Lost,0,3
16007,48.0,7.0,3075.14,4,4,5,445,13,Champions,1,1
16008,24.0,15.0,5384.13,4,5,5,455,14,Champions,1,1
16009,22.0,4.0,992.71,4,4,3,443,11,Champions,3,1
16010,246.0,11.0,1722.1100000000001,2,5,4,254,11,Can't Lose Them,1,1
16011,8.0,29.0,5867.01,5,5,5,555,15,Champions,1,-1
16012,35.0,5.0,2989.79,4,4,5,445,13,Champions,3,1
16013,4.0,84.0,52788.92,5,5,5,555,15,Champions,2,-1
16014,38.0,5.0,1121.02,4,4,3,443,11,Champions,3,1
16015,4.0,3.0,690.54,5,3,3,533,11,Loyal Customers,3,0
16016,3.0,11.0,2495.04,5,5,4,554,14,Champions,1,1
16017,47.0,5.0,1553.83,4,4,4,444,12,Champions,3,1
16018,39.0,4.0,698.13,4,4,3,443,11,Champions,3,1
16019,47.0,27.0,16640.15,4,5,5,455,14,Champions,1,-1
16020,17.0,3.0,851.01,5,3,3,533,11,Loyal Customers,3,0
16021,395.0,2.0,532.25,2,2,2,222,6,Hibernating/Lost,0,3
16022,260.0,1.0,628.28,2,1,3,213,6,Hibernating/Lost,0,2
16023,46.0,3.0,719.81,4,3,3,433,10,Loyal Customers,3,0
16024,12.0,3.0,484.2,5,3,2,532,10,Loyal Customers,3,0
16025,30.0,1.0,439.65999999999997,4,1,2,412,7,New Customers,3,2
16026,43.0,1.0,236.09,4,1,1,411,6,New Customers,3,2
16027,92.0,15.0,1799.8400000000001,3,5,4,354,12,Loyal Customers,1,1
16028,596.0,1.0,82.2,1,1,1,111,3,Hibernating/Lost,0,2
16029,39.0,107.0,91800.91,4,5,5,455,14,Champions,2,-1
16030,310.0,1.0,331.24,2,1,2,212,5,Hibernating/Lost,0,2
16031,92.0,2.0,548.94,3,2,2,322,7,Potential Loyalists,3,3
16032,456.0,6.0,1970.45,1,4,4,144,9,Can't Lose Them,0,1
16033,6.0,27.0,10692.39,5,5,5,555,15,Champions,1,10
16034,196.0,6.0,925.77,2,4,3,243,9,Can't Lose Them,0,1
16035,560.0,1.0,217.73,1,1,1,111,3,Hibernating/Lost,0,2
16036,87.0,4.0,2556.84,3,4,4,344,11,Loyal Customers,3,1
16037,270.0,5.0,1489.44,2,4,4,244,10,Can't Lose Them,0,1
16038,8.0,3.0,454.33000000000004,5,3,2,532,10,Loyal Customers,3,0
16039,424.0,2.0,449.65,1,2,2,122,5,Hibernating/Lost,0,3
16040,65.0,7.0,2383.7000000000003,3,4,4,344,11,Loyal Customers,3,1
16041,31.0,3.0,3166.4,4,3,5,435,12,Loyal Customers,3,-1
16042,22.0,8.0,2153.0,4,4,4,444,12,Champions,1,1
16043,38.0,8.0,1856.5900000000001,4,4,4,444,12,Champions,3,1
16044,435.0,1.0,340.84000000000003,1,1,2,112,4,Hibernating/Lost,0,2
16045,120.0,8.0,3187.03,3,5,5,355,13,Loyal Customers,1,1
16046,562.0,1.0,235.78,1,1,1,111,3,Hibernating/Lost,0,2
16047,682.0,1.0,107.14,1,1,1,111,3,Hibernating/Lost,0,2
16048,373.0,4.0,1056.53,2,4,3,243,9,Can't Lose Them,0,1
16049,40.0,6.0,1899.68,4,4,4,444,12,Champions,3,1
16050,174.0,3.0,300.7,3,3,2,332,8,Loyal Customers,0,0
16051,682.0,1.0,188.44,1,1,1,111,3,Hibernating/Lost,0,2
16052,54.0,1.0,362.06,4,1,2,412,7,New Customers,3,2
16053,33.0,6.0,3606.14,4,4,5,445,13,Champions,3,1
16054,145.0,4.0,2090.68,3,4,4,344,11,Loyal Customers,0,1
16055,221.0,1.0,134.8,2,1,1,211,4,Hibernating/Lost,0,2
16056,45.0,1.0,664.85,4,1,3,413,8,New Customers,3,2
16057,16.0,10.0,3202.07,5,5,5,555,15,Champions,1,1
16058,406.0,1.0,62.7,2,1,1,211,4,Hibernating/Lost,0,2
16059,66.0,12.0,3217.77,3,5,5,355,13,Loyal Customers,1,1
16060,401.0,3.0,541.95,2,3,2,232,7,At Risk,0,0
16061,431.0,1.0,44.95,1,1,1,111,3,Hibernating/Lost,0,2
16062,10.0,8.0,2863.45,5,5,4,554,14,Champions,1,1
16063,260.0,1.0,335.32,2,1,2,212,5,Hibernating/Lost,0,2
16064,725.0,1.0,111.0,1,1,1,111,3,Hibernating/Lost,0,2
16065,365.0,8.0,2365.62,2,5,4,254,11,Can't Lose Them,0,1
16066,17.0,5.0,1521.87,5,4,4,544,13,Champions,3,1
16067,563.0,3.0,3026.19,1,3,5,135,9,At Risk,0,0
16068,594.0,1.0,122.93,1,1,1,111,3,Hibernating/Lost,0,2
16069,418.0,1.0,457.7,1,1,2,112,4,Hibernating/Lost,0,2
16070,22.0,2.0,852.15,4,2,3,423,9,New Customers,3,3
16071,45.0,4.0,1076.8,4,4,3,443,11,Champions,3,1
16072,288.0,4.0,4328.89,2,4,5,245,11,Can't Lose Them,0,1
16073,297.0,1.0,94.35,2,1,1,211,4,Hibernating/Lost,0,2
16074,390.0,1.0,265.25,2,1,1,211,4,Hibernating/Lost,0,2
16075,503.0,2.0,726.98,1,2,3,123,6,Hibernating/Lost,0,3
16076,3.0,10.0,2173.53,5,5,4,554,14,Champions,1,1
16077,626.0,1.0,600.0,1,1,2,112,4,Hibernating/Lost,0,2
16078,284.0,2.0,362.99,2,2,2,222,6,Hibernating/Lost,0,3
16079,17.0,3.0,1352.0,5,3,4,534,12,Loyal Customers,3,0
16080,82.0,4.0,472.9,3,4,2,342,9,Loyal Customers,3,1
16081,56.0,8.0,4460.18,4,5,5,455,14,Champions,1,1
16082,670.0,1.0,106.75,1,1,1,111,3,Hibernating/Lost,0,2
16083,101.0,4.0,2351.42,3,4,4,344,11,Loyal Customers,3,1
16084,299.0,1.0,436.18,2,1,2,212,5,Hibernating/Lost,0,2
16085,23.0,12.0,2337.73,4,5,4,454,13,Champions,1,1
16086,59.0,10.0,2862.91,4,5,4,454,13,Champions,1,1
16087,389.0,5.0,1739.92,2,4,4,244,10,Can't Lose Them,0,1
16088,576.0,2.0,1437.43,1,2,4,124,7,Hibernating/Lost,0,3
16089,386.0,2.0,271.44,2,2,2,222,6,Hibernating/Lost,0,3
16090,624.0,1.0,205.91,1,1,1,111,3,Hibernating/Lost,0,2
16091,155.0,2.0,315.06,3,2,2,322,7,Potential Loyalists,0,3
16092,115.0,6.0,1515.49,3,4,4,344,11,Loyal Customers,3,1
16093,107.0,1.0,17.0,3,1,1,311,5,Potential Loyalists,0,2
16094,12.0,11.0,3599.16,5,5,5,555,15,Champions,1,1
16095,456.0,1.0,447.05,1,1,2,112,4,Hibernating/Lost,0,2
16096,264.0,4.0,1584.97,2,4,4,244,10,Can't Lose Them,0,1
16097,240.0,1.0,185.04999999999998,2,1,1,211,4,Hibernating/Lost,0,2
16098,88.0,14.0,4448.1,3,5,5,355,13,Loyal Customers,1,1
16099,50.0,7.0,1568.25,4,4,4,444,12,Champions,3,1
16100,463.0,1.0,582.64,1,1,2,112,4,Hibernating/Lost,0,2
16101,71.0,4.0,3167.42,3,4,5,345,12,Loyal Customers,3,1
16102,42.0,3.0,1842.14,4,3,4,434,11,Loyal Customers,3,0
16103,7.0,22.0,6002.76,5,5,5,555,15,Champions,1,1
16104,62.0,9.0,2515.36,3,5,4,354,12,Loyal Customers,1,1
16105,249.0,5.0,2386.19,2,4,4,244,10,Can't Lose Them,0,1
16106,66.0,1.0,108.38,3,1,1,311,5,Potential Loyalists,3,2
16107,18.0,7.0,3204.1600000000003,5,4,5,545,14,Champions,1,1
16108,85.0,4.0,2171.93,3,4,4,344,11,Loyal Customers,3,1
16109,219.0,3.0,923.58,2,3,3,233,8,At Risk,0,0
16110,45.0,4.0,1819.27,4,4,4,444,12,Champions,3,1
16111,428.0,1.0,562.48,1,1,2,112,4,Hibernating/Lost,0,2
16112,143.0,4.0,195.73999999999998,3,4,1,341,8,Loyal Customers,0,1
16113,183.0,1.0,161.38,3,1,1,311,5,Potential Loyalists,0,2
16114,171.0,1.0,135.75000000000003,3,1,1,311,5,Potential Loyalists,0,2
16115,10.0,12.0,2575.14,5,5,4,554,14,Champions,1,1
16116,212.0,1.0,592.88,2,1,2,212,5,Hibernating/Lost,0,2
16117,190.0,3.0,650.05,2,3,3,233,8,At Risk,0,0
16118,653.0,1.0,4255.43,1,1,5,115,7,Hibernating/Lost,0,-1
16119,8.0,8.0,1720.81,5,5,4,554,14,Champions,1,1
16120,59.0,6.0,3041.91,4,4,5,445,13,Champions,3,1
16121,57.0,5.0,1457.19,4,4,4,444,12,Champions,3,1
16122,73.0,6.0,1001.34,3,4,3,343,10,Loyal Customers,3,1
16123,52.0,1.0,307.78,4,1,2,412,7,New Customers,3,2
16124,317.0,4.0,1709.39,2,4,4,244,10,Can't Lose Them,0,1
16125,367.0,14.0,4587.65,2,5,5,255,12,Can't Lose Them,1,-1
16126,29.0,15.0,14646.800000000001,4,5,5,455,14,Champions,1,-1
16127,39.0,2.0,801.31,4,2,3,423,9,New Customers,3,3
16128,18.0,11.0,3748.4,5,5,5,555,15,Champions,1,1
16129,407.0,3.0,1396.05,2,3,4,234,9,At Risk,0,0
16130,422.0,4.0,987.48,1,4,3,143,8,Can't Lose Them,0,1
16131,52.0,12.0,9866.27,4,5,5,455,14,Champions,1,-1
16132,544.0,2.0,664.1999999999999,1,2,3,123,6,Hibernating/Lost,0,3
16133,4.0,56.0,22228.88,5,5,5,555,15,Champions,2,-1
16134,22.0,5.0,2119.99,4,4,4,444,12,Champions,3,1
16135,263.0,2.0,819.45,2,2,3,223,7,Hibernating/Lost,0,3
16136,60.0,4.0,921.08,3,4,3,343,10,Loyal Customers,3,1
16137,680.0,1.0,422.7,1,1,2,112,4,Hibernating/Lost,0,2
16138,379.0,3.0,894.45,2,3,3,233,8,At Risk,0,0
16139,19.0,5.0,1111.15,5,4,3,543,12,Champions,3,1
16140,66.0,3.0,1536.19,3,3,4,334,10,Loyal Customers,3,0
16141,88.0,2.0,955.94,3,2,3,323,8,Potential Loyalists,3,3
16142,250.0,1.0,535.34,2,1,2,212,5,Hibernating/Lost,0,2
16143,3.0,12.0,4866.88,5,5,5,555,15,Champions,1,1
16144,247.0,1.0,175.2,2,1,1,211,4,Hibernating/Lost,0,2
16145,9.0,19.0,6693.6,5,5,5,555,15,Champions,1,1
16146,157.0,4.0,946.38,3,4,3,343,10,Loyal Customers,0,1
16147,134.0,5.0,2367.02,3,4,4,344,11,Loyal Customers,3,1
16148,296.0,2.0,370.37,2,2,2,222,6,Hibernating/Lost,0,3
16149,5.0,3.0,422.22,5,3,2,532,10,Loyal Customers,3,0
16150,43.0,10.0,4154.69,4,5,5,455,14,Champions,1,1
16152,269.0,1.0,1829.04,2,1,4,214,7,Hibernating/Lost,0,2
16153,50.0,11.0,5037.51,4,5,5,455,14,Champions,1,1
16155,382.0,5.0,781.05,2,4,3,243,9,Can't Lose Them,0,1
16156,9.0,20.0,5933.59,5,5,5,555,15,Champions,1,1
16157,16.0,3.0,644.24,5,3,3,533,11,Loyal Customers,3,0
16158,522.0,9.0,611.32,1,5,3,153,9,Can't Lose Them,0,-1
16159,282.0,4.0,1230.29,2,4,4,244,10,Can't Lose Them,0,1
16160,65.0,2.0,1009.4499999999999,3,2,3,323,8,Potential Loyalists,3,3
16161,2.0,43.0,12448.960000000001,5,5,5,555,15,Champions,1,-1
16162,252.0,1.0,37.4,2,1,1,211,4,Hibernating/Lost,0,2
16163,232.0,6.0,2263.63,2,4,4,244,10,Can't Lose Them,0,1
16164,17.0,3.0,802.53,5,3,3,533,11,Loyal Customers,3,0
16165,505.0,1.0,79.9,1,1,1,111,3,Hibernating/Lost,0,2
16166,428.0,2.0,327.48,1,2,2,122,5,Hibernating/Lost,0,3
16167,414.0,5.0,1149.8700000000001,1,4,3,143,8,Can't Lose Them,0,1
16168,11.0,66.0,10539.08,5,5,5,555,15,Champions,1,-1
16169,8.0,4.0,1822.97,5,4,4,544,13,Champions,3,1
16170,51.0,20.0,6813.67,4,5,5,455,14,Champions,1,1
16171,59.0,1.0,73.2,4,1,1,411,6,New Customers,3,2
16172,95.0,8.0,1884.55,3,5,4,354,12,Loyal Customers,3,1
16173,16.0,6.0,1406.57,5,4,4,544,13,Champions,3,1
16174,126.0,7.0,2246.75,3,4,4,344,11,Loyal Customers,3,1
16175,94.0,7.0,1836.44,3,4,4,344,11,Loyal Customers,3,1
16176,421.0,4.0,1964.04,1,4,4,144,9,Can't Lose Them,0,1
16177,50.0,8.0,2141.61,4,5,4,454,13,Champions,3,1
16178,138.0,2.0,612.6,3,2,3,323,8,Potential Loyalists,0,3
16179,61.0,1.0,215.83,3,1,1,311,5,Potential Loyalists,3,2
16180,100.0,13.0,16170.27,3,5,5,355,13,Loyal Customers,1,-1
16181,73.0,1.0,305.54,3,1,2,312,6,Potential Loyalists,0,2
16182,72.0,9.0,9971.65,3,5,5,355,13,Loyal Customers,1,-1
16183,67.0,4.0,1077.81,3,4,3,343,10,Loyal Customers,3,1
16184,64.0,6.0,1155.54,3,4,3,343,10,Loyal Customers,3,1
16185,17.0,3.0,644.72,5,3,3,533,11,Loyal Customers,3,0
16186,23.0,26.0,8983.91,4,5,5,455,14,Champions,1,1
16187,32.0,15.0,6841.24,4,5,5,455,14,Champions,1,1
16188,45.0,5.0,1077.71,4,4,3,443,11,Champions,3,1
16189,16.0,2.0,215.48,5,2,1,521,8,New Customers,3,3
16190,40.0,8.0,2723.55,4,5,4,454,13,Champions,1,1
16191,3.0,24.0,15162.12,5,5,5,555,15,Champions,1,-1
16192,736.0,1.0,351.3,1,1,2,112,4,Hibernating/Lost,0,2
16193,237.0,2.0,630.43,2,2,3,223,7,Hibernating/Lost,0,3
16194,375.0,1.0,308.59999999999997,2,1,2,212,5,Hibernating/Lost,0,2
16195,723.0,1.0,323.25,1,1,2,112,4,Hibernating/Lost,0,2
16196,489.0,1.0,93.3,1,1,1,111,3,Hibernating/Lost,0,2
16197,469.0,9.0,2016.71,1,5,4,154,10,Can't Lose Them,0,1
16198,75.0,2.0,1030.0410000000002,3,2,3,323,8,Potential Loyalists,3,3
16199,392.0,7.0,942.75,2,4,3,243,9,Can't Lose Them,0,1
16200,4.0,12.0,5629.95,5,5,5,555,15,Champions,1,1
16201,3.0,5.0,2070.17,5,4,4,544,13,Champions,3,1
16202,361.0,9.0,2467.04,2,5,4,254,11,Can't Lose Them,0,1
16203,59.0,6.0,1110.79,4,4,3,443,11,Champions,3,1
16204,23.0,3.0,939.24,4,3,3,433,10,Loyal Customers,3,0
16205,31.0,7.0,1830.61,4,4,4,444,12,Champions,3,1
16206,55.0,13.0,2597.37,4,5,4,454,13,Champions,1,1
16207,25.0,1.0,394.38,4,1,2,412,7,New Customers,3,2
16208,45.0,10.0,3440.45,4,5,5,455,14,Champions,1,1
16209,89.0,9.0,4146.78,3,5,5,355,13,Loyal Customers,1,1
16210,2.0,35.0,38304.06,5,5,5,555,15,Champions,2,-1
16211,89.0,3.0,1086.34,3,3,3,333,9,Loyal Customers,3,0
16212,19.0,4.0,1284.56,5,4,4,544,13,Champions,3,1
16213,79.0,1.0,159.0,3,1,1,311,5,Potential Loyalists,0,2
16214,171.0,4.0,2038.25,3,4,4,344,11,Loyal Customers,0,1
16215,81.0,1.0,242.35,3,1,1,311,5,Potential Loyalists,0,2
16216,267.0,1.0,914.9300000000001,2,1,3,213,6,Hibernating/Lost,0,2
16217,235.0,2.0,259.39000000000004,2,2,1,221,5,Hibernating/Lost,0,3
16218,30.0,13.0,4343.6,4,5,5,455,14,Champions,1,1
16219,501.0,1.0,40.8,1,1,1,111,3,Hibernating/Lost,0,2
16221,37.0,9.0,2229.0099999999998,4,5,4,454,13,Champions,1,1
16222,318.0,2.0,1345.22,2,2,4,224,8,Hibernating/Lost,0,3
16223,375.0,2.0,1102.3500000000001,2,2,3,223,7,Hibernating/Lost,0,3
16224,57.0,5.0,1616.54,4,4,4,444,12,Champions,3,1
16225,45.0,15.0,2821.9100000000003,4,5,4,454,13,Champions,1,1
16226,203.0,5.0,672.1700000000001,2,4,3,243,9,Can't Lose Them,0,1
16227,225.0,3.0,948.82,2,3,3,233,8,At Risk,0,0
16228,385.0,3.0,886.1600000000001,2,3,3,233,8,At Risk,0,0
16229,87.0,6.0,2835.36,3,4,4,344,11,Loyal Customers,3,1
16230,190.0,2.0,542.03,2,2,2,222,6,Hibernating/Lost,0,3
16231,379.0,4.0,1078.22,2,4,3,243,9,Can't Lose Them,0,1
16232,44.0,7.0,2692.02,4,4,4,444,12,Champions,3,1
16233,71.0,9.0,1818.71,3,5,4,354,12,Loyal Customers,1,1
16234,476.0,3.0,312.78,1,3,2,132,6,At Risk,0,0
16235,41.0,9.0,1990.6100000000001,4,5,4,454,13,Champions,1,1
16236,78.0,1.0,432.2,3,1,2,312,6,Potential Loyalists,0,2
16237,437.0,1.0,136.65,1,1,1,111,3,Hibernating/Lost,0,2
16238,423.0,1.0,63.66,1,1,1,111,3,Hibernating/Lost,0,2
16239,57.0,6.0,1450.9,4,4,4,444,12,Champions,3,1
16240,24.0,2.0,3693.81,4,2,5,425,11,New Customers,3,-1
16241,10.0,16.0,4329.31,5,5,5,555,15,Champions,1,1
16242,8.0,14.0,7433.3,5,5,5,555,15,Champions,1,1
16243,34.0,2.0,409.1,4,2,2,422,8,New Customers,3,3
16244,212.0,2.0,2579.38,2,2,4,224,8,Hibernating/Lost,0,3
16245,24.0,3.0,1352.3600000000001,4,3,4,434,11,Loyal Customers,3,0
16246,460.0,2.0,827.25,1,2,3,123,6,Hibernating/Lost,0,3
16247,170.0,1.0,114.56,3,1,1,311,5,Potential Loyalists,0,2
16248,62.0,1.0,152.94,3,1,1,311,5,Potential Loyalists,3,2
16249,53.0,5.0,1800.07,4,4,4,444,12,Champions,3,1
16250,261.0,3.0,791.38,2,3,3,233,8,At Risk,0,0
16251,512.0,1.0,128.31,1,1,1,111,3,Hibernating/Lost,0,2
16252,383.0,1.0,-295.09,2,1,1,211,4,Hibernating/Lost,0,2
16253,67.0,7.0,7276.91,3,4,5,345,12,Loyal Customers,1,-1
16254,378.0,3.0,985.14,2,3,3,233,8,At Risk,0,0
16255,17.0,15.0,4834.39,5,5,5,555,15,Champions,1,1
16256,267.0,3.0,1609.57,2,3,4,234,9,At Risk,0,0
16257,177.0,1.0,46.95,3,1,1,311,5,Potential Loyalists,0,2
16258,45.0,15.0,11833.52,4,5,5,455,14,Champions,1,-1
16259,410.0,3.0,361.94,2,3,2,232,7,At Risk,0,0
16260,51.0,1.0,1035.45,4,1,3,413,8,New Customers,3,2
16261,17.0,6.0,1059.45,5,4,3,543,12,Champions,3,1
16262,378.0,1.0,677.78,2,1,3,213,6,Hibernating/Lost,0,2
16263,423.0,1.0,351.01,1,1,2,112,4,Hibernating/Lost,0,2
16264,438.0,2.0,837.53,1,2,3,123,6,Hibernating/Lost,0,3
16265,9.0,12.0,6893.62,5,5,5,555,15,Champions,1,1
16266,74.0,14.0,1757.95,3,5,4,354,12,Loyal Customers,1,1
16267,591.0,1.0,186.66,1,1,1,111,3,Hibernating/Lost,0,2
16268,71.0,2.0,667.65,3,2,3,323,8,Potential Loyalists,3,3
16269,438.0,1.0,714.59,1,1,3,113,5,Hibernating/Lost,0,2
16270,353.0,1.0,1141.24,2,1,3,213,6,Hibernating/Lost,0,2
16271,3.0,10.0,3457.07,5,5,5,555,15,Champions,1,1
16272,117.0,1.0,411.7,3,1,2,312,6,Potential Loyalists,0,2
16273,648.0,2.0,336.03999999999996,1,2,2,122,5,Hibernating/Lost,0,3
16274,373.0,1.0,715.9,2,1,3,213,6,Hibernating/Lost,0,2
16275,197.0,3.0,2151.11,2,3,4,234,9,At Risk,0,0
16276,177.0,3.0,2629.3900000000003,3,3,4,334,10,Loyal Customers,0,0
16277,734.0,1.0,188.69,1,1,1,111,3,Hibernating/Lost,0,2
16278,100.0,3.0,1056.59,3,3,3,333,9,Loyal Customers,3,0
16279,21.0,9.0,5692.18,4,5,5,455,14,Champions,1,1
16280,725.0,1.0,238.05,1,1,1,111,3,Hibernating/Lost,0,2
16281,72.0,3.0,3416.52,3,3,5,335,11,Loyal Customers,3,0
16282,340.0,3.0,1307.58,2,3,4,234,9,At Risk,0,0
16283,6.0,8.0,4311.37,5,5,5,555,15,Champions,1,1
16284,31.0,3.0,1029.77,4,3,3,433,10,Loyal Customers,3,0
16285,646.0,1.0,176.9,1,1,1,111,3,Hibernating/Lost,0,2
16286,477.0,2.0,263.65,1,2,1,121,4,Hibernating/Lost,0,3
16287,170.0,5.0,1006.98,3,4,3,343,10,Loyal Customers,0,1
16288,470.0,1.0,129.85,1,1,1,111,3,Hibernating/Lost,0,2
16289,462.0,1.0,98.81,1,1,1,111,3,Hibernating/Lost,0,2
16290,465.0,4.0,2069.3,1,4,4,144,9,Can't Lose Them,0,1
16291,682.0,1.0,117.72,1,1,1,111,3,Hibernating/Lost,0,2
16292,122.0,5.0,1171.46,3,4,3,343,10,Loyal Customers,3,1
16293,22.0,15.0,4632.2,4,5,5,455,14,Champions,1,1
16294,477.0,1.0,126.05000000000001,1,1,1,111,3,Hibernating/Lost,0,2
16295,10.0,4.0,1328.55,5,4,4,544,13,Champions,3,1
16296,626.0,4.0,1245.97,1,4,4,144,9,Can't Lose Them,0,1
16297,269.0,1.0,275.4,2,1,2,212,5,Hibernating/Lost,0,2
16298,23.0,7.0,1080.0,4,4,3,443,11,Champions,3,1
16299,477.0,1.0,178.65,1,1,1,111,3,Hibernating/Lost,0,2
16300,430.0,3.0,1392.43,1,3,4,134,8,At Risk,0,0
16301,737.0,1.0,107.33,1,1,1,111,3,Hibernating/Lost,0,2
16302,127.0,1.0,212.82,3,1,1,311,5,Potential Loyalists,0,2
16303,26.0,7.0,7823.72,4,4,5,445,13,Champions,1,-1
16304,695.0,1.0,381.66,1,1,2,112,4,Hibernating/Lost,0,2
16305,139.0,1.0,361.21999999999997,3,1,2,312,6,Potential Loyalists,0,2
16306,214.0,7.0,1162.82,2,4,3,243,9,Can't Lose Them,0,1
16307,429.0,3.0,1194.92,1,3,3,133,7,At Risk,0,0
16308,38.0,7.0,5120.0,4,4,5,445,13,Champions,1,1
16309,106.0,2.0,686.67,3,2,3,323,8,Potential Loyalists,0,3
16310,414.0,2.0,460.08,1,2,2,122,5,Hibernating/Lost,0,3
16311,18.0,2.0,616.26,5,2,3,523,10,New Customers,3,3
16312,432.0,1.0,171.15,1,1,1,111,3,Hibernating/Lost,0,2
16313,3.0,2.0,274.15000000000003,5,2,2,522,9,New Customers,3,3
16314,390.0,3.0,1491.4,2,3,4,234,9,At Risk,0,0
16315,331.0,2.0,402.71,2,2,2,222,6,Hibernating/Lost,0,3
16316,64.0,13.0,5533.31,3,5,5,355,13,Loyal Customers,1,1
16317,120.0,5.0,2179.76,3,4,4,344,11,Loyal Customers,3,1
16318,35.0,1.0,328.15,4,1,2,412,7,New Customers,3,2
16319,218.0,1.0,404.40000000000003,2,1,2,212,5,Hibernating/Lost,0,2
16320,172.0,6.0,4428.849999999999,3,4,5,345,12,Loyal Customers,0,1
16321,72.0,7.0,265.5,3,4,1,341,8,Loyal Customers,3,1
16322,1.0,2.0,326.75,5,2,2,522,9,New Customers,3,-1
16323,196.0,2.0,353.66,2,2,2,222,6,Hibernating/Lost,0,3
16324,128.0,3.0,428.68,3,3,2,332,8,Loyal Customers,0,0
16325,47.0,12.0,3463.84,4,5,5,455,14,Champions,1,1
16326,6.0,24.0,4706.99,5,5,5,555,15,Champions,1,1
16327,14.0,16.0,10705.52,5,5,5,555,15,Champions,1,1
16328,563.0,1.0,310.83,1,1,2,112,4,Hibernating/Lost,0,2
16329,428.0,4.0,1703.07,1,4,4,144,9,Can't Lose Them,0,1
16330,18.0,7.0,624.63,5,4,3,543,12,Champions,3,1
16331,432.0,6.0,2037.7,1,4,4,144,9,Can't Lose Them,0,1
16332,28.0,11.0,1989.97,4,5,4,454,13,Champions,1,1
16333,8.0,22.0,26626.8,5,5,5,555,15,Champions,2,-1
16334,492.0,1.0,277.48,1,1,2,112,4,Hibernating/Lost,0,2
16335,552.0,7.0,2747.0,1,4,4,144,9,Can't Lose Them,0,1
16336,421.0,4.0,3517.69,1,4,5,145,10,Can't Lose Them,0,1
16337,37.0,1.0,151.05,4,1,1,411,6,New Customers,3,2
16338,157.0,1.0,214.79999999999998,3,1,1,311,5,Potential Loyalists,0,2
16339,284.0,1.0,109.95,2,1,1,211,4,Hibernating/Lost,0,2
16340,107.0,3.0,1526.06,3,3,4,334,10,Loyal Customers,3,0
16341,25.0,7.0,3832.29,4,4,5,445,13,Champions,1,1
16342,75.0,4.0,322.41,3,4,2,342,9,Loyal Customers,3,1
16343,16.0,3.0,687.0699999999999,5,3,3,533,11,Loyal Customers,3,0
16344,158.0,4.0,842.42,3,4,3,343,10,Loyal Customers,0,1
16345,44.0,2.0,1198.74,4,2,3,423,9,New Customers,3,3
16346,385.0,1.0,224.51,2,1,1,211,4,Hibernating/Lost,0,2
16347,11.0,11.0,3482.01,5,5,5,555,15,Champions,1,1
16348,32.0,8.0,1798.22,4,5,4,454,13,Champions,3,1
16349,291.0,1.0,53.5,2,1,1,211,4,Hibernating/Lost,0,2
16350,21.0,9.0,2206.49,4,5,4,454,13,Champions,1,1
16351,333.0,13.0,3279.13,2,5,5,255,12,Can't Lose Them,1,1
16352,18.0,2.0,494.44,5,2,2,522,9,New Customers,3,3
16353,4.0,38.0,9985.93,5,5,5,555,15,Champions,1,-1
16354,63.0,5.0,1129.51,3,4,3,343,10,Loyal Customers,3,1
16355,375.0,1.0,349.2,2,1,2,212,5,Hibernating/Lost,0,2
16356,198.0,6.0,414.42,2,4,2,242,8,Can't Lose Them,0,1
16357,33.0,4.0,868.37,4,4,3,443,11,Champions,3,1
16358,1.0,5.0,2917.1,5,4,5,545,14,Champions,3,7
16359,7.0,16.0,2379.4,5,5,4,554,14,Champions,1,1
16360,5.0,6.0,3411.69,5,4,5,545,14,Champions,1,1
16361,10.0,4.0,896.66,5,4,3,543,12,Champions,3,1
16362,32.0,6.0,841.74,4,4,3,443,11,Champions,3,1
16363,53.0,1.0,109.36000000000001,4,1,1,411,6,New Customers,3,2
16364,12.0,2.0,707.04,5,2,3,523,10,New Customers,3,3
16365,18.0,15.0,3296.7999999999997,5,5,5,555,15,Champions,1,1
16366,19.0,4.0,1548.1299999999999,5,4,4,544,13,Champions,3,1
16367,37.0,3.0,1362.4,4,3,4,434,11,Loyal Customers,3,0
16368,2.0,3.0,640.21,5,3,3,533,11,Loyal Customers,3,0
16369,18.0,7.0,2664.81,5,4,4,544,13,Champions,1,1
16370,82.0,4.0,1320.56,3,4,4,344,11,Loyal Customers,3,1
16371,449.0,1.0,157.2,1,1,1,111,3,Hibernating/Lost,0,2
16372,33.0,5.0,1298.61,4,4,4,444,12,Champions,3,1
16373,382.0,2.0,309.49,2,2,2,222,6,Hibernating/Lost,0,3
16374,66.0,5.0,1771.45,3,4,4,344,11,Loyal Customers,3,1
16375,470.0,2.0,104.0,1,2,1,121,4,Hibernating/Lost,0,3
16376,9.0,2.0,977.52,5,2,3,523,10,New Customers,3,3
16377,267.0,2.0,1308.48,2,2,4,224,8,Hibernating/Lost,0,3
16378,247.0,3.0,362.95,2,3,2,232,7,At Risk,0,0
16379,4.0,4.0,2131.9,5,4,4,544,13,Champions,3,1
16380,61.0,1.0,1780.59,3,1,4,314,8,Potential Loyalists,3,2
16381,396.0,2.0,258.7,2,2,1,221,5,Hibernating/Lost,0,3
16382,408.0,2.0,353.1,2,2,2,222,6,Hibernating/Lost,0,3
16383,75.0,7.0,2910.84,3,4,5,345,12,Loyal Customers,3,1
16384,90.0,4.0,1358.95,3,4,4,344,11,Loyal Customers,3,1
16385,60.0,5.0,1030.61,3,4,3,343,10,Loyal Customers,3,1
16386,29.0,3.0,1102.59,4,3,3,433,10,Loyal Customers,3,0
16387,323.0,5.0,918.55,2,4,3,243,9,Can't Lose Them,0,1
16388,654.0,1.0,186.05,1,1,1,111,3,Hibernating/Lost,0,2
16389,53.0,4.0,1362.27,4,4,4,444,12,Champions,3,1
16390,537.0,3.0,467.5,1,3,2,132,6,At Risk,0,0
16391,401.0,4.0,1103.61,2,4,3,243,9,Can't Lose Them,0,1
16392,270.0,3.0,763.05,2,3,3,233,8,At Risk,0,0
16393,2.0,23.0,5456.5,5,5,5,555,15,Champions,1,1
16394,57.0,5.0,1412.06,4,4,4,444,12,Champions,3,1
16395,61.0,14.0,3458.95,3,5,5,355,13,Loyal Customers,1,1
16396,476.0,1.0,102.69999999999999,1,1,1,111,3,Hibernating/Lost,0,2
16397,628.0,1.0,127.88,1,1,1,111,3,Hibernating/Lost,0,2
16398,154.0,2.0,1631.15,3,2,4,324,9,Potential Loyalists,0,3
16399,19.0,3.0,641.82,5,3,3,533,11,Loyal Customers,3,0
16400,95.0,9.0,3159.44,3,5,5,355,13,Loyal Customers,1,1
16401,1.0,23.0,6628.99,5,5,5,555,15,Champions,1,9
16402,265.0,2.0,511.4,2,2,2,222,6,Hibernating/Lost,0,3
16403,312.0,1.0,161.04999999999998,2,1,1,211,4,Hibernating/Lost,0,2
16404,70.0,1.0,430.3,3,1,2,312,6,Potential Loyalists,3,2
16405,302.0,2.0,167.25,2,2,1,221,5,Hibernating/Lost,0,3
16406,19.0,3.0,533.98,5,3,2,532,10,Loyal Customers,3,0
16407,13.0,14.0,2821.65,5,5,4,554,14,Champions,1,1
16408,591.0,1.0,231.93,1,1,1,111,3,Hibernating/Lost,0,2
16409,36.0,12.0,5709.04,4,5,5,455,14,Champions,1,1
16410,734.0,1.0,130.32,1,1,1,111,3,Hibernating/Lost,0,2
16411,19.0,4.0,910.1899999999999,5,4,3,543,12,Champions,3,1
16412,54.0,5.0,647.23,4,4,3,443,11,Champions,3,1
16413,57.0,2.0,528.98,4,2,2,422,8,New Customers,3,3
16414,22.0,5.0,559.71,4,4,2,442,10,Champions,3,1
16415,44.0,3.0,719.44,4,3,3,433,10,Loyal Customers,3,0
16416,27.0,9.0,2948.47,4,5,5,455,14,Champions,1,1
16417,493.0,1.0,35.7,1,1,1,111,3,Hibernating/Lost,0,2
16418,45.0,5.0,1101.94,4,4,3,443,11,Champions,3,1
16419,113.0,8.0,1474.67,3,5,4,354,12,Loyal Customers,3,1
16420,396.0,1.0,75.0,2,1,1,211,4,Hibernating/Lost,0,2
16421,376.0,3.0,526.27,2,3,2,232,7,At Risk,0,0
16422,17.0,109.0,61110.54,5,5,5,555,15,Champions,2,-1
16423,25.0,1.0,346.12,4,1,2,412,7,New Customers,3,2
16424,191.0,2.0,392.06,2,2,2,222,6,Hibernating/Lost,0,3
16425,302.0,1.0,302.7,2,1,2,212,5,Hibernating/Lost,0,2
16426,2.0,10.0,1908.25,5,5,4,554,14,Champions,1,1
16427,263.0,2.0,241.06,2,2,1,221,5,Hibernating/Lost,0,3
16428,414.0,3.0,657.33,1,3,3,133,7,At Risk,0,0
16429,106.0,1.0,284.55,3,1,2,312,6,Potential Loyalists,0,2
16430,57.0,7.0,1117.94,4,4,3,443,11,Champions,3,1
16431,213.0,3.0,642.81,2,3,3,233,8,At Risk,0,0
16432,64.0,1.0,287.4,3,1,2,312,6,Potential Loyalists,3,2
16433,28.0,2.0,384.52,4,2,2,422,8,New Customers,3,3
16434,29.0,12.0,2727.04,4,5,4,454,13,Champions,1,1
16435,512.0,3.0,1011.5699999999999,1,3,3,133,7,At Risk,0,0
16436,668.0,3.0,242.04,1,3,1,131,5,At Risk,0,0
16437,381.0,2.0,301.25,2,2,2,222,6,Hibernating/Lost,0,3
16438,6.0,5.0,798.35,5,4,3,543,12,Champions,3,1
16439,722.0,1.0,310.70000000000005,1,1,2,112,4,Hibernating/Lost,0,2
16440,8.0,6.0,3856.9700000000003,5,4,5,545,14,Champions,1,1
16441,67.0,5.0,1023.48,3,4,3,343,10,Loyal Customers,3,1
16442,2.0,5.0,899.47,5,4,3,543,12,Champions,3,1
16443,521.0,1.0,162.24,1,1,1,111,3,Hibernating/Lost,0,2
16444,46.0,17.0,3582.38,4,5,5,455,14,Champions,1,1
16445,34.0,4.0,602.73,4,4,3,443,11,Champions,3,1
16446,1.0,2.0,2.8999999999941792,5,2,1,521,8,New Customers,3,-1
16447,136.0,3.0,775.14,3,3,3,333,9,Loyal Customers,0,0
16448,198.0,2.0,367.87,2,2,2,222,6,Hibernating/Lost,0,3
16449,198.0,2.0,674.69,2,2,3,223,7,Hibernating/Lost,0,3
16450,150.0,3.0,1475.73,3,3,4,334,10,Loyal Customers,0,0
16451,88.0,3.0,1009.4,3,3,3,333,9,Loyal Customers,3,0
16452,631.0,2.0,332.17,1,2,2,122,5,Hibernating/Lost,0,3
16453,531.0,2.0,251.71,1,2,1,121,4,Hibernating/Lost,0,3
16454,45.0,3.0,-11.6,4,3,1,431,8,Loyal Customers,3,0
16455,64.0,11.0,4306.72,3,5,5,355,13,Loyal Customers,1,1
16456,99.0,13.0,6185.41,3,5,5,355,13,Loyal Customers,1,1
16457,218.0,1.0,208.36,2,1,1,211,4,Hibernating/Lost,0,2
16458,3.0,30.0,5715.34,5,5,5,555,15,Champions,1,1
16459,730.0,1.0,71.78999999999999,1,1,1,111,3,Hibernating/Lost,0,2
16460,28.0,3.0,814.72,4,3,3,433,10,Loyal Customers,3,0
16461,178.0,3.0,1615.22,3,3,4,334,10,Loyal Customers,0,0
16462,74.0,3.0,102.0,3,3,1,331,7,Loyal Customers,3,0
16463,21.0,4.0,1383.7,4,4,4,444,12,Champions,3,1
16464,20.0,3.0,1314.68,4,3,4,434,11,Loyal Customers,3,0
16465,421.0,2.0,726.34,1,2,3,123,6,Hibernating/Lost,0,3
16466,34.0,15.0,3713.59,4,5,5,455,14,Champions,1,1
16467,509.0,7.0,2862.4,1,4,4,144,9,Can't Lose Them,0,1
16468,74.0,3.0,787.52,3,3,3,333,9,Loyal Customers,3,0
16469,24.0,5.0,828.91,4,4,3,443,11,Champions,3,1
16470,52.0,11.0,2453.65,4,5,4,454,13,Champions,1,1
16471,275.0,4.0,1186.18,2,4,3,243,9,Can't Lose Them,0,1
16472,434.0,2.0,789.6,1,2,3,123,6,Hibernating/Lost,0,3
16473,165.0,4.0,469.58,3,4,2,342,9,Loyal Customers,0,1
16474,7.0,7.0,1811.47,5,4,4,544,13,Champions,3,1
16475,88.0,4.0,544.3,3,4,2,342,9,Loyal Customers,3,1
16476,432.0,1.0,337.0,1,1,2,112,4,Hibernating/Lost,0,2
16477,64.0,11.0,4320.02,3,5,5,355,13,Loyal Customers,1,1
16478,25.0,3.0,331.0,4,3,2,432,9,Loyal Customers,3,0
16479,10.0,2.0,300.83,5,2,2,522,9,New Customers,3,3
16480,76.0,1.0,769.29,3,1,3,313,7,Potential Loyalists,0,2
16481,682.0,1.0,428.23,1,1,2,112,4,Hibernating/Lost,0,2
16482,16.0,1.0,220.62,5,1,1,511,7,New Customers,3,2
16483,192.0,1.0,139.35,2,1,1,211,4,Hibernating/Lost,0,2
16484,174.0,2.0,379.4,3,2,2,322,7,Potential Loyalists,0,3
16485,77.0,5.0,2137.68,3,4,4,344,11,Loyal Customers,3,1
16486,538.0,1.0,134.36,1,1,1,111,3,Hibernating/Lost,0,2
16487,577.0,2.0,209.4,1,2,1,121,4,Hibernating/Lost,0,3
16488,33.0,3.0,492.2,4,3,2,432,9,Loyal Customers,3,0
16489,380.0,2.0,303.7,2,2,2,222,6,Hibernating/Lost,0,3
16490,436.0,1.0,179.16000000000003,1,1,1,111,3,Hibernating/Lost,0,2
16491,47.0,2.0,1524.31,4,2,4,424,10,New Customers,3,3
16492,541.0,1.0,385.56,1,1,2,112,4,Hibernating/Lost,0,2
16493,80.0,7.0,2110.12,3,4,4,344,11,Loyal Customers,3,1
16494,297.0,1.0,826.53,2,1,3,213,6,Hibernating/Lost,0,2
16495,3.0,3.0,684.41,5,3,3,533,11,Loyal Customers,3,0
16496,9.0,6.0,2293.47,5,4,4,544,13,Champions,3,1
16497,50.0,23.0,6695.28,4,5,5,455,14,Champions,1,1
16498,161.0,2.0,86.12,3,2,1,321,6,Potential Loyalists,0,3
16499,360.0,8.0,2491.7400000000002,2,5,4,254,11,Can't Lose Them,0,1
16500,5.0,9.0,835.96,5,5,3,553,13,Champions,1,1
16501,383.0,1.0,1237.23,2,1,4,214,7,Hibernating/Lost,0,2
16502,620.0,2.0,266.5,1,2,1,121,4,Hibernating/Lost,0,3
16503,107.0,11.0,3597.89,3,5,5,355,13,Loyal Customers,1,1
16504,25.0,1.0,484.38,4,1,2,412,7,New Customers,3,2
16505,32.0,1.0,777.6,4,1,3,413,8,New Customers,3,2
16506,20.0,2.0,90.30000000000001,4,2,1,421,7,New Customers,3,3
16507,572.0,1.0,152.76,1,1,1,111,3,Hibernating/Lost,0,2
16508,630.0,1.0,248.8,1,1,1,111,3,Hibernating/Lost,0,2
16509,297.0,1.0,363.7,2,1,2,212,5,Hibernating/Lost,0,2
16510,372.0,6.0,2100.0,2,4,4,244,10,Can't Lose Them,0,1
16511,22.0,6.0,1819.02,4,4,4,444,12,Champions,3,1
16513,5.0,4.0,874.59,5,4,3,543,12,Champions,3,1
16515,52.0,10.0,3216.3,4,5,5,455,14,Champions,1,1
16516,30.0,1.0,101.69999999999999,4,1,1,411,6,New Customers,3,2
16517,277.0,1.0,162.7,2,1,1,211,4,Hibernating/Lost,0,2
16518,61.0,4.0,938.27,3,4,3,343,10,Loyal Customers,3,1
16519,25.0,4.0,556.26,4,4,2,442,10,Champions,3,1
16520,186.0,6.0,2465.92,3,4,4,344,11,Loyal Customers,0,1
16521,415.0,3.0,1148.01,1,3,3,133,7,At Risk,0,0
16522,436.0,2.0,433.36,1,2,2,122,5,Hibernating/Lost,0,3
16523,2.0,28.0,11760.54,5,5,5,555,15,Champions,1,-1
16524,446.0,2.0,308.14,1,2,2,122,5,Hibernating/Lost,0,3
16525,2.0,48.0,23350.74,5,5,5,555,15,Champions,2,-1
16526,172.0,2.0,717.21,3,2,3,323,8,Potential Loyalists,0,3
16527,81.0,2.0,1272.44,3,2,4,324,9,Potential Loyalists,3,3
16528,4.0,1.0,244.41,5,1,1,511,7,New Customers,3,2
16529,190.0,4.0,2012.0,2,4,4,244,10,Can't Lose Them,0,1
16530,668.0,1.0,48.349999999999994,1,1,1,111,3,Hibernating/Lost,0,2
16531,22.0,11.0,2263.58,4,5,4,454,13,Champions,1,1
16532,18.0,5.0,8756.64,5,4,5,545,14,Champions,1,-1
16533,19.0,3.0,1026.94,5,3,3,533,11,Loyal Customers,3,0
16534,642.0,1.0,635.9,1,1,3,113,5,Hibernating/Lost,0,2
16535,5.0,3.0,1001.59,5,3,3,533,11,Loyal Customers,3,0
16536,110.0,1.0,539.02,3,1,2,312,6,Potential Loyalists,0,2
16537,641.0,1.0,23.35,1,1,1,111,3,Hibernating/Lost,0,2
16538,541.0,3.0,399.62,1,3,2,132,6,At Risk,0,0
16539,3.0,10.0,3732.01,5,5,5,555,15,Champions,1,1
16540,414.0,1.0,226.70000000000002,1,1,1,111,3,Hibernating/Lost,0,2
16541,735.0,1.0,419.78,1,1,2,112,4,Hibernating/Lost,0,2
16542,54.0,2.0,257.32,4,2,1,421,7,New Customers,3,3
16543,592.0,1.0,277.80999999999995,1,1,2,112,4,Hibernating/Lost,0,2
16544,520.0,4.0,110.3,1,4,1,141,6,Can't Lose Them,0,1
16545,165.0,2.0,689.82,3,2,3,323,8,Potential Loyalists,0,3
16546,291.0,5.0,3837.36,2,4,5,245,11,Can't Lose Them,0,1
16547,546.0,1.0,111.71,1,1,1,111,3,Hibernating/Lost,0,2
16548,599.0,1.0,30.15,1,1,1,111,3,Hibernating/Lost,0,2
16549,10.0,34.0,13159.64,5,5,5,555,15,Champions,1,6
16550,109.0,18.0,9169.32,3,5,5,355,13,Loyal Customers,1,-1
16551,96.0,7.0,2237.12,3,4,4,344,11,Loyal Customers,3,1
16552,243.0,2.0,475.02000000000004,2,2,2,222,6,Hibernating/Lost,0,3
16553,163.0,33.0,16555.87,3,5,5,355,13,Loyal Customers,1,-1
16554,42.0,8.0,2407.17,4,5,4,454,13,Champions,1,1
16555,35.0,6.0,285.89,4,4,2,442,10,Champions,3,1
16556,67.0,17.0,7610.2300000000005,3,5,5,355,13,Loyal Customers,1,1
16557,24.0,2.0,281.85,4,2,2,422,8,New Customers,3,3
16558,1.0,38.0,13718.960000000001,5,5,5,555,15,Champions,1,-1
16559,397.0,1.0,185.20000000000002,2,1,1,211,4,Hibernating/Lost,0,2
16560,27.0,8.0,3010.73,4,5,5,455,14,Champions,1,1
16561,6.0,2.0,511.12,5,2,2,522,9,New Customers,3,3
16562,477.0,1.0,223.85999999999999,1,1,1,111,3,Hibernating/Lost,0,2
16563,54.0,6.0,4412.56,4,4,5,445,13,Champions,1,1
16564,569.0,1.0,87.8,1,1,1,111,3,Hibernating/Lost,0,2
16565,364.0,4.0,700.45,2,4,3,243,9,Can't Lose Them,0,1
16566,15.0,5.0,614.01,5,4,3,543,12,Champions,3,1
16567,194.0,2.0,865.6,2,2,3,223,7,Hibernating/Lost,0,3
16568,428.0,2.0,1020.9000000000001,1,2,3,123,6,Hibernating/Lost,0,3
16569,3.0,5.0,1455.23,5,4,4,544,13,Champions,3,1
16570,15.0,20.0,6841.82,5,5,5,555,15,Champions,1,1
16571,27.0,10.0,4025.05,4,5,5,455,14,Champions,1,1
16572,127.0,3.0,999.7,3,3,3,333,9,Loyal Customers,0,0
16573,85.0,2.0,648.41,3,2,3,323,8,Potential Loyalists,3,3
16574,71.0,3.0,1301.78,3,3,4,334,10,Loyal Customers,3,0
16576,420.0,2.0,513.1700000000001,1,2,2,122,5,Hibernating/Lost,0,3
16577,667.0,1.0,380.0,1,1,2,112,4,Hibernating/Lost,0,2
16578,626.0,1.0,156.6,1,1,1,111,3,Hibernating/Lost,0,2
16579,426.0,1.0,233.85,1,1,1,111,3,Hibernating/Lost,0,2
16581,183.0,1.0,70.44,3,1,1,311,5,Potential Loyalists,0,2
16582,113.0,1.0,313.62,3,1,2,312,6,Potential Loyalists,0,2
16583,374.0,2.0,531.4,2,2,2,222,6,Hibernating/Lost,0,3
16584,80.0,5.0,3085.4700000000003,3,4,5,345,12,Loyal Customers,3,1
16585,594.0,2.0,341.59,1,2,2,122,5,Hibernating/Lost,0,3
16586,249.0,3.0,1462.78,2,3,4,234,9,At Risk,0,0
16587,232.0,1.0,225.15,2,1,1,211,4,Hibernating/Lost,0,2
16588,386.0,4.0,1361.28,2,4,4,244,10,Can't Lose Them,0,1
16589,71.0,4.0,612.36,3,4,3,343,10,Loyal Customers,3,1
16590,401.0,2.0,563.6,2,2,2,222,6,Hibernating/Lost,0,3
16591,69.0,1.0,213.5,3,1,1,311,5,Potential Loyalists,3,2
16592,4.0,28.0,7624.46,5,5,5,555,15,Champions,1,4
16593,51.0,8.0,1051.24,4,5,3,453,12,Champions,3,1
16594,75.0,1.0,181.09,3,1,1,311,5,Potential Loyalists,0,2
16595,61.0,5.0,1810.18,3,4,4,344,11,Loyal Customers,3,1
16596,16.0,4.0,579.63,5,4,2,542,11,Champions,3,1
16597,4.0,1.0,90.04,5,1,1,511,7,New Customers,3,2
16598,286.0,1.0,140.7,2,1,1,211,4,Hibernating/Lost,0,2
16599,386.0,1.0,172.8,2,1,1,211,4,Hibernating/Lost,0,2
16600,4.0,13.0,2093.56,5,5,4,554,14,Champions,1,1
16601,41.0,3.0,684.25,4,3,3,433,10,Loyal Customers,3,0
16602,36.0,2.0,711.63,4,2,3,423,9,New Customers,3,3
16603,75.0,2.0,482.47,3,2,2,322,7,Potential Loyalists,3,3
16604,563.0,2.0,326.25,1,2,2,122,5,Hibernating/Lost,0,3
16605,724.0,1.0,60.48,1,1,1,111,3,Hibernating/Lost,0,2
16606,404.0,2.0,357.66,2,2,2,222,6,Hibernating/Lost,0,3
16607,18.0,25.0,5375.18,5,5,5,555,15,Champions,1,1
16608,454.0,2.0,1288.72,1,2,4,124,7,Hibernating/Lost,0,3
16609,15.0,7.0,5450.96,5,4,5,545,14,Champions,1,1
16610,219.0,1.0,75.66,2,1,1,211,4,Hibernating/Lost,0,2
16611,186.0,6.0,1776.63,3,4,4,344,11,Loyal Customers,0,1
16612,33.0,9.0,3243.48,4,5,5,455,14,Champions,1,1
16613,70.0,1.0,618.59,3,1,3,313,7,Potential Loyalists,3,2
16614,183.0,3.0,1179.79,3,3,3,333,9,Loyal Customers,0,0
16615,626.0,1.0,264.5,1,1,1,111,3,Hibernating/Lost,0,2
16616,15.0,2.0,500.42,5,2,2,522,9,New Customers,3,3
16617,236.0,1.0,151.85,2,1,1,211,4,Hibernating/Lost,0,2
16618,31.0,5.0,2630.64,4,4,4,444,12,Champions,3,1
16619,264.0,4.0,1916.53,2,4,4,244,10,Can't Lose Them,0,1
16620,4.0,6.0,1758.93,5,4,4,544,13,Champions,3,1
16621,52.0,4.0,813.48,4,4,3,443,11,Champions,3,1
16622,544.0,1.0,205.6,1,1,1,111,3,Hibernating/Lost,0,2
16623,246.0,4.0,1002.49,2,4,3,243,9,Can't Lose Them,0,1
16624,81.0,2.0,810.5699999999999,3,2,3,323,8,Potential Loyalists,3,3
16625,275.0,5.0,1651.08,2,4,4,244,10,Can't Lose Them,0,1
16626,1.0,17.0,4379.65,5,5,5,555,15,Champions,1,-1
16627,79.0,1.0,322.8,3,1,2,312,6,Potential Loyalists,0,2
16628,30.0,7.0,2313.09,4,4,4,444,12,Champions,3,1
16629,74.0,2.0,417.73,3,2,2,322,7,Potential Loyalists,3,3
16630,407.0,1.0,104.30000000000001,2,1,1,211,4,Hibernating/Lost,0,2
16631,482.0,7.0,1867.02,1,4,4,144,9,Can't Lose Them,0,1
16632,486.0,2.0,406.4,1,2,2,122,5,Hibernating/Lost,0,3
16633,17.0,6.0,2878.15,5,4,4,544,13,Champions,3,1
16634,223.0,6.0,1363.1,2,4,4,244,10,Can't Lose Them,0,1
16635,407.0,1.0,473.0,2,1,2,212,5,Hibernating/Lost,0,2
16636,438.0,4.0,3802.04,1,4,5,145,10,Can't Lose Them,0,1
16637,32.0,4.0,1124.59,4,4,3,443,11,Champions,3,1
16638,23.0,15.0,2426.28,4,5,4,454,13,Champions,1,1
16639,31.0,4.0,1659.85,4,4,4,444,12,Champions,3,1
16640,398.0,1.0,179.4,2,1,1,211,4,Hibernating/Lost,0,2
16641,106.0,2.0,554.5,3,2,2,322,7,Potential Loyalists,0,3
16642,5.0,3.0,1051.46,5,3,3,533,11,Loyal Customers,3,0
16643,246.0,2.0,915.5600000000001,2,2,3,223,7,Hibernating/Lost,0,3
16644,178.0,2.0,833.78,3,2,3,323,8,Potential Loyalists,0,3
16645,736.0,1.0,160.39,1,1,1,111,3,Hibernating/Lost,0,2
16646,449.0,1.0,675.05,1,1,3,113,5,Hibernating/Lost,0,2
16647,170.0,4.0,541.9,3,4,2,342,9,Loyal Customers,0,1
16648,43.0,3.0,653.0,4,3,3,433,10,Loyal Customers,3,0
16649,520.0,1.0,306.58000000000004,1,1,2,112,4,Hibernating/Lost,0,2
16650,72.0,7.0,1916.11,3,4,4,344,11,Loyal Customers,3,1
16651,587.0,1.0,136.2,1,1,1,111,3,Hibernating/Lost,0,2
16652,59.0,16.0,17312.83,4,5,5,455,14,Champions,1,-1
16653,16.0,2.0,1166.92,5,2,3,523,10,New Customers,3,3
16654,141.0,8.0,1705.17,3,5,4,354,12,Loyal Customers,3,1
16655,18.0,13.0,6513.27,5,5,5,555,15,Champions,1,1
16656,22.0,30.0,16307.72,4,5,5,455,14,Champions,1,-1
16657,10.0,4.0,933.62,5,4,3,543,12,Champions,3,1
16658,368.0,6.0,696.72,2,4,3,243,9,Can't Lose Them,0,1
16659,189.0,1.0,39.12,2,1,1,211,4,Hibernating/Lost,0,2
16660,16.0,7.0,1422.35,5,4,4,544,13,Champions,3,1
16661,540.0,4.0,842.1800000000001,1,4,3,143,8,Can't Lose Them,0,1
16662,394.0,1.0,163.8,2,1,1,211,4,Hibernating/Lost,0,2
16663,729.0,1.0,165.0,1,2,1,121,4,Hibernating/Lost,0,2
16664,569.0,1.0,109.2,1,2,1,121,4,Hibernating/Lost,0,2
16665,362.0,1.0,135.39999999999998,2,2,1,221,5,Hibernating/Lost,0,2
16666,19.0,2.0,225.94,5,2,1,521,8,New Customers,3,3
16667,68.0,2.0,570.13,3,2,2,322,7,Potential Loyalists,3,3
16668,15.0,13.0,862.42,5,5,3,553,13,Champions,1,1
16669,24.0,3.0,226.14000000000001,4,3,1,431,8,Loyal Customers,3,0
16670,17.0,20.0,7786.66,5,5,5,555,15,Champions,1,1
16671,28.0,3.0,1692.27,4,3,4,434,11,Loyal Customers,3,0
16672,2.0,20.0,8093.59,5,5,5,555,15,Champions,1,4
16673,679.0,1.0,188.83,1,2,1,121,4,Hibernating/Lost,0,2
16674,55.0,2.0,319.61,4,2,2,422,8,New Customers,3,3
16675,442.0,2.0,608.86,1,2,3,123,6,Hibernating/Lost,0,3
16676,34.0,6.0,2328.5,4,4,4,444,12,Champions,3,1
16677,411.0,2.0,849.77,1,2,3,123,6,Hibernating/Lost,0,3
16678,3.0,12.0,3013.83,5,5,5,555,15,Champions,1,1
16679,366.0,3.0,793.06,2,3,3,233,8,At Risk,0,0
16680,43.0,3.0,821.45,4,3,3,433,10,Loyal Customers,3,0
16681,73.0,7.0,1921.84,3,4,4,344,11,Loyal Customers,3,1
16682,5.0,5.0,1028.0,5,4,3,543,12,Champions,3,1
16683,534.0,1.0,309.35,1,2,2,122,5,Hibernating/Lost,0,2
16684,4.0,55.0,141502.25,5,5,5,555,15,Champions,2,-1
16685,61.0,2.0,324.24,3,2,2,322,7,Potential Loyalists,3,3
16686,47.0,16.0,5051.57,4,5,5,455,14,Champions,1,1
16687,391.0,1.0,157.63,2,2,1,221,5,Hibernating/Lost,0,2
16688,1.0,4.0,1260.86,5,4,4,544,13,Champions,3,7
16689,76.0,2.0,303.26,3,2,2,322,7,Potential Loyalists,3,3
16690,72.0,4.0,336.08,3,4,2,342,9,Loyal Customers,3,1
16691,418.0,2.0,178.83,1,2,1,121,4,Hibernating/Lost,0,3
16692,256.0,4.0,1914.6999999999998,2,4,4,244,10,Can't Lose Them,0,1
16693,69.0,5.0,1199.46,3,4,3,343,10,Loyal Customers,3,1
16694,723.0,1.0,98.30000000000001,1,2,1,121,4,Hibernating/Lost,0,2
16695,562.0,2.0,193.15,1,2,1,121,4,Hibernating/Lost,0,3
16696,135.0,4.0,657.9000000000001,3,4,3,343,10,Loyal Customers,0,1
16697,241.0,1.0,112.75,2,2,1,221,5,Hibernating/Lost,0,2
16698,227.0,2.0,1998.0,2,2,4,224,8,Hibernating/Lost,0,3
16699,380.0,7.0,964.9,2,4,3,243,9,Can't Lose Them,0,1
16700,9.0,25.0,9084.06,5,5,5,555,15,Champions,1,10
16701,9.0,26.0,9614.59,5,5,5,555,15,Champions,1,10
16702,415.0,4.0,1100.8799999999999,1,4,3,143,8,Can't Lose Them,0,1
16704,618.0,2.0,695.66,1,2,3,123,6,Hibernating/Lost,0,3
16705,1.0,42.0,42653.141,5,5,5,555,15,Champions,2,-1
16706,37.0,3.0,531.35,4,3,2,432,9,Loyal Customers,3,0
16707,400.0,4.0,551.11,2,4,2,242,8,Can't Lose Them,0,1
16708,46.0,1.0,656.63,4,2,3,423,9,New Customers,3,2
16709,85.0,14.0,9087.460000000001,3,5,5,355,13,Loyal Customers,1,-1
16710,19.0,22.0,6336.34,5,5,5,555,15,Champions,1,1
16711,3.0,9.0,2751.48,5,5,4,554,14,Champions,1,1
16712,9.0,13.0,4266.99,5,5,5,555,15,Champions,1,1
16713,19.0,32.0,14380.54,5,5,5,555,15,Champions,1,-1
16714,219.0,4.0,1254.71,2,4,4,244,10,Can't Lose Them,0,1
16715,78.0,2.0,625.52,3,2,3,323,8,Potential Loyalists,3,3
16716,267.0,3.0,1568.2800000000002,2,3,4,234,9,At Risk,0,0
16717,24.0,14.0,6309.96,4,5,5,455,14,Champions,1,1
16718,369.0,5.0,3647.53,2,4,5,245,11,Can't Lose Them,0,1
16719,15.0,14.0,3828.55,5,5,5,555,15,Champions,1,1
16720,26.0,3.0,593.43,4,3,2,432,9,Loyal Customers,3,0
16721,262.0,1.0,292.47,2,2,2,222,6,Hibernating/Lost,0,2
16722,17.0,22.0,8967.83,5,5,5,555,15,Champions,1,1
16723,91.0,4.0,1301.63,3,4,4,344,11,Loyal Customers,3,1
16724,405.0,1.0,147.35,2,2,1,221,5,Hibernating/Lost,0,2
16725,302.0,14.0,1870.71,2,5,4,254,11,Can't Lose Them,1,-1
16726,26.0,7.0,2088.41,4,4,4,444,12,Champions,3,1
16727,364.0,4.0,1437.42,2,4,4,244,10,Can't Lose Them,0,1
16728,46.0,4.0,1054.67,4,4,3,443,11,Champions,3,1
16729,38.0,21.0,7076.28,4,5,5,455,14,Champions,1,1
16730,52.0,3.0,702.79,4,3,3,433,10,Loyal Customers,3,0
16731,648.0,1.0,174.05,1,2,1,121,4,Hibernating/Lost,0,2
16732,32.0,4.0,3966.79,4,4,5,445,13,Champions,3,-1
16733,530.0,1.0,259.68,1,2,1,121,4,Hibernating/Lost,0,2
16734,52.0,3.0,650.51,4,3,3,433,10,Loyal Customers,3,0
16735,79.0,14.0,5632.01,3,5,5,355,13,Loyal Customers,1,1
16736,506.0,5.0,2904.51,1,4,5,145,10,Can't Lose Them,0,1
16737,53.0,2.0,835.1999999999999,4,2,3,423,9,New Customers,3,3
16738,298.0,1.0,3.75,2,2,1,221,5,Hibernating/Lost,0,2
16739,177.0,2.0,772.23,3,2,3,323,8,Potential Loyalists,0,3
16740,395.0,1.0,236.81,2,2,1,221,5,Hibernating/Lost,0,2
16741,625.0,1.0,173.06,1,2,1,121,4,Hibernating/Lost,0,2
16742,47.0,14.0,2387.71,4,5,4,454,13,Champions,1,1
16743,29.0,14.0,4207.01,4,5,5,455,14,Champions,1,1
16744,11.0,7.0,1304.76,5,4,4,544,13,Champions,3,1
16745,87.0,17.0,7170.7,3,5,5,355,13,Loyal Customers,1,1
16746,5.0,42.0,18031.85,5,5,5,555,15,Champions,2,-1
16747,38.0,2.0,826.96,4,2,3,423,9,New Customers,3,3
16748,18.0,14.0,3632.29,5,5,5,555,15,Champions,1,1
16749,591.0,2.0,4387.08,1,2,5,125,8,Hibernating/Lost,0,-1
16750,45.0,5.0,623.93,4,4,3,443,11,Champions,3,1
16751,31.0,1.0,1764.72,4,2,4,424,10,New Customers,3,2
16752,373.0,1.0,415.0,2,2,2,222,6,Hibernating/Lost,0,2
16753,58.0,1.0,223.92000000000002,4,2,1,421,7,New Customers,3,2
16754,372.0,29.0,56560.58,2,5,5,255,12,Can't Lose Them,2,-1
16755,114.0,7.0,2882.03,3,4,5,345,12,Loyal Customers,3,1
16756,215.0,7.0,1287.42,2,4,4,244,10,Can't Lose Them,0,1
16757,319.0,2.0,270.48,2,2,1,221,5,Hibernating/Lost,0,3
16758,65.0,1.0,369.34000000000003,3,2,2,322,7,Potential Loyalists,3,2
16759,8.0,3.0,772.84,5,3,3,533,11,Loyal Customers,3,0
16760,430.0,1.0,228.0,1,2,1,121,4,Hibernating/Lost,0,2
16761,97.0,1.0,316.62,3,2,2,322,7,Potential Loyalists,0,2
16762,20.0,3.0,1501.38,4,3,4,434,11,Loyal Customers,3,0
16763,199.0,2.0,947.75,2,2,3,223,7,Hibernating/Lost,0,3
16764,4.0,13.0,2758.25,5,5,4,554,14,Champions,1,1
16765,294.0,2.0,454.75,2,2,2,222,6,Hibernating/Lost,0,3
16766,273.0,2.0,1145.6,2,2,3,223,7,Hibernating/Lost,0,3
16767,31.0,15.0,7971.8,4,5,5,455,14,Champions,1,1
16768,48.0,9.0,1647.07,4,5,4,454,13,Champions,1,1
16769,260.0,4.0,1141.75,2,4,3,243,9,Can't Lose Them,0,1
16770,58.0,9.0,1900.03,4,5,4,454,13,Champions,1,1
16771,33.0,10.0,3967.6,4,5,5,455,14,Champions,1,1
16772,423.0,3.0,2785.6,1,3,4,134,8,At Risk,0,0
16773,57.0,3.0,421.24,4,3,2,432,9,Loyal Customers,3,0
16774,68.0,8.0,1587.85,3,5,4,354,12,Loyal Customers,3,1
16775,10.0,16.0,2975.29,5,5,5,555,15,Champions,1,1
16776,60.0,2.0,619.85,3,2,3,323,8,Potential Loyalists,3,3
16777,80.0,5.0,1277.01,3,4,4,344,11,Loyal Customers,3,1
16778,74.0,2.0,245.94,3,2,1,321,6,Potential Loyalists,3,3
16779,2.0,53.0,32981.61,5,5,5,555,15,Champions,2,-1
16780,100.0,3.0,605.55,3,3,3,333,9,Loyal Customers,3,0
16781,372.0,2.0,901.05,2,2,3,223,7,Hibernating/Lost,0,3
16782,10.0,38.0,10348.960000000001,5,5,5,555,15,Champions,1,6
16783,437.0,1.0,391.95,1,2,2,122,5,Hibernating/Lost,0,2
16784,20.0,5.0,896.53,4,4,3,443,11,Champions,3,1
16785,410.0,1.0,533.78,2,2,2,222,6,Hibernating/Lost,0,2
16786,394.0,1.0,51.839999999999996,2,2,1,221,5,Hibernating/Lost,0,2
16787,398.0,4.0,1035.43,2,4,3,243,9,Can't Lose Them,0,1
16788,123.0,5.0,1950.3,3,4,4,344,11,Loyal Customers,3,1
16789,8.0,1.0,80.8,5,2,1,521,8,New Customers,3,2
16790,4.0,6.0,1520.1200000000001,5,4,4,544,13,Champions,3,1
16791,29.0,15.0,3946.12,4,5,5,455,14,Champions,1,1
16792,282.0,5.0,623.46,2,4,3,243,9,Can't Lose Them,0,1
16793,57.0,1.0,243.84,4,2,1,421,7,New Customers,3,2
16794,1.0,15.0,2069.71,5,5,4,554,14,Champions,1,-1
16795,365.0,3.0,2465.19,2,3,4,234,9,At Risk,0,0
16796,89.0,1.0,305.62,3,2,2,322,7,Potential Loyalists,0,2
16797,393.0,5.0,1786.77,2,4,4,244,10,Can't Lose Them,0,1
16798,554.0,3.0,837.56,1,3,3,133,7,At Risk,0,0
16799,432.0,2.0,491.03000000000003,1,2,2,122,5,Hibernating/Lost,0,3
16800,11.0,1.0,1201.49,5,2,3,523,10,New Customers,3,2
16801,163.0,4.0,867.83,3,4,3,343,10,Loyal Customers,0,1
16802,679.0,2.0,582.61,1,2,2,122,5,Hibernating/Lost,0,3
16803,65.0,1.0,332.3,3,2,2,322,7,Potential Loyalists,3,2
16804,23.0,3.0,536.99,4,3,2,432,9,Loyal Customers,3,0
16805,174.0,5.0,1097.24,3,4,3,343,10,Loyal Customers,0,1
16806,103.0,4.0,801.49,3,4,3,343,10,Loyal Customers,3,1
16807,143.0,6.0,2064.88,3,4,4,344,11,Loyal Customers,3,1
16808,99.0,2.0,288.42,3,2,2,322,7,Potential Loyalists,0,3
16809,23.0,9.0,1725.48,4,5,4,454,13,Champions,1,1
16810,192.0,2.0,786.14,2,2,3,223,7,Hibernating/Lost,0,3
16811,5.0,2.0,547.07,5,2,2,522,9,New Customers,3,3
16812,361.0,4.0,2216.8,2,4,4,244,10,Can't Lose Them,0,1
16813,8.0,10.0,1692.98,5,5,4,554,14,Champions,1,1
16814,14.0,36.0,12491.210000000001,5,5,5,555,15,Champions,1,6
16815,454.0,2.0,410.97,1,2,2,122,5,Hibernating/Lost,0,3
16816,103.0,4.0,417.06,3,4,2,342,9,Loyal Customers,3,1
16817,3.0,13.0,2594.55,5,5,4,554,14,Champions,1,1
16818,11.0,11.0,3317.97,5,5,5,555,15,Champions,1,1
16819,465.0,2.0,182.59,1,2,1,121,4,Hibernating/Lost,0,3
16820,96.0,1.0,497.61,3,2,2,322,7,Potential Loyalists,0,2
16821,382.0,1.0,113.35,2,2,1,221,5,Hibernating/Lost,0,2
16822,686.0,1.0,144.84,1,2,1,121,4,Hibernating/Lost,0,2
16823,227.0,7.0,2253.14,2,4,4,244,10,Can't Lose Them,0,1
16824,16.0,3.0,686.24,5,3,3,533,11,Loyal Customers,3,0
16825,39.0,5.0,1826.89,4,4,4,444,12,Champions,3,1
16826,51.0,1.0,341.7,4,2,2,422,8,New Customers,3,2
16827,393.0,5.0,392.13,2,4,2,242,8,Can't Lose Them,0,1
16828,93.0,2.0,128.5,3,2,1,321,6,Potential Loyalists,0,3
16829,157.0,2.0,513.32,3,2,2,322,7,Potential Loyalists,0,3
16830,39.0,4.0,1183.7,4,4,3,443,11,Champions,3,1
16831,565.0,1.0,91.8,1,2,1,121,4,Hibernating/Lost,0,2
16832,184.0,5.0,417.61,3,4,2,342,9,Loyal Customers,0,1
16833,1.0,6.0,2409.04,5,4,4,544,13,Champions,1,7
16834,228.0,2.0,898.96,2,3,3,233,8,At Risk,0,3
16835,128.0,6.0,1471.51,3,4,4,344,11,Loyal Customers,3,1
16836,40.0,4.0,782.37,4,4,3,443,11,Champions,3,1
16837,31.0,11.0,3167.73,4,5,5,455,14,Champions,1,1
16838,197.0,4.0,1126.66,2,4,3,243,9,Can't Lose Them,0,1
16839,9.0,44.0,20968.27,5,5,5,555,15,Champions,2,-1
16840,603.0,2.0,126.71000000000001,1,3,1,131,5,At Risk,0,3
16841,37.0,12.0,3841.16,4,5,5,455,14,Champions,1,1
16842,101.0,3.0,1260.44,3,3,4,334,10,Loyal Customers,3,0
16843,43.0,35.0,19528.78,4,5,5,455,14,Champions,2,-1
16844,563.0,2.0,614.34,1,3,3,133,7,At Risk,0,3
16845,618.0,1.0,253.88,1,2,1,121,4,Hibernating/Lost,0,2
16846,50.0,3.0,842.41,4,3,3,433,10,Loyal Customers,3,0
16847,43.0,2.0,614.89,4,3,3,433,10,Loyal Customers,3,3
16848,53.0,4.0,1411.62,4,4,4,444,12,Champions,3,1
16849,187.0,1.0,124.57,3,2,1,321,6,Potential Loyalists,0,2
16850,334.0,1.0,332.41,2,2,2,222,6,Hibernating/Lost,0,2
16851,4.0,3.0,342.45,5,3,2,532,10,Loyal Customers,3,0
16852,10.0,2.0,144.91000000000003,5,3,1,531,9,Loyal Customers,3,3
16854,417.0,2.0,1408.96,1,3,4,134,8,At Risk,0,3
16855,24.0,2.0,328.4,4,3,2,432,9,Loyal Customers,3,3
16856,15.0,3.0,358.49,5,3,2,532,10,Loyal Customers,3,0
16857,443.0,1.0,352.8,1,2,2,122,5,Hibernating/Lost,0,2
16858,369.0,10.0,4431.63,2,5,5,255,12,Can't Lose Them,1,1
16859,145.0,7.0,1657.74,3,4,4,344,11,Loyal Customers,3,1
16860,453.0,3.0,1593.67,1,3,4,134,8,At Risk,0,0
16861,60.0,5.0,902.37,3,4,3,343,10,Loyal Customers,3,1
16862,547.0,4.0,662.33,1,4,3,143,8,Can't Lose Them,0,1
16863,31.0,3.0,977.07,4,3,3,433,10,Loyal Customers,3,0
16864,434.0,2.0,409.25,1,3,2,132,6,At Risk,0,3
16865,402.0,1.0,130.95,2,2,1,221,5,Hibernating/Lost,0,2
16866,141.0,3.0,207.73999999999998,3,3,1,331,7,Loyal Customers,0,0
16867,690.0,1.0,76.74000000000001,1,2,1,121,4,Hibernating/Lost,0,2
16868,394.0,3.0,393.39,2,3,2,232,7,At Risk,0,0
16869,23.0,4.0,805.62,4,4,3,443,11,Champions,3,1
16870,469.0,1.0,450.15999999999997,1,2,2,122,5,Hibernating/Lost,0,2
16871,22.0,6.0,2761.4900000000002,4,4,4,444,12,Champions,3,1
16872,77.0,6.0,1213.13,3,4,4,344,11,Loyal Customers,3,1
16873,5.0,12.0,14547.03,5,5,5,555,15,Champions,1,-1
16874,379.0,1.0,217.74,2,2,1,221,5,Hibernating/Lost,0,2
16875,67.0,11.0,4053.2,3,5,5,355,13,Loyal Customers,1,1
16876,404.0,1.0,136.01,2,2,1,221,5,Hibernating/Lost,0,2
16877,12.0,6.0,853.72,5,4,3,543,12,Champions,3,1
16878,84.0,1.0,0.0,3,2,1,321,6,Potential Loyalists,0,2
16880,31.0,8.0,1840.86,4,5,4,454,13,Champions,3,1
16881,67.0,1.0,432.0,3,2,2,322,7,Potential Loyalists,3,2
16882,67.0,3.0,705.12,3,3,3,333,9,Loyal Customers,3,0
16883,187.0,19.0,2386.64,3,5,4,354,12,Loyal Customers,1,-1
16884,38.0,4.0,1073.92,4,4,3,443,11,Champions,3,1
16885,15.0,4.0,710.74,5,4,3,543,12,Champions,3,1
16886,456.0,1.0,0.0,1,2,1,121,4,Hibernating/Lost,0,2
16887,35.0,3.0,660.72,4,3,3,433,10,Loyal Customers,3,0
16888,401.0,3.0,437.15,2,3,2,232,7,At Risk,0,0
16889,195.0,6.0,2530.9,2,4,4,244,10,Can't Lose Them,0,1
16890,477.0,3.0,285.41,1,3,2,132,6,At Risk,0,0
16891,2.0,11.0,2056.82,5,5,4,554,14,Champions,1,1
16892,1.0,7.0,733.4,5,4,3,543,12,Champions,3,-1
16893,367.0,2.0,401.77,2,3,2,232,7,At Risk,0,3
16894,502.0,3.0,1282.36,1,3,4,134,8,At Risk,0,0
16895,65.0,5.0,1121.42,3,4,3,343,10,Loyal Customers,3,1
16896,555.0,1.0,103.95,1,2,1,121,4,Hibernating/Lost,0,2
16897,299.0,2.0,213.03,2,3,1,231,6,At Risk,0,3
16898,26.0,5.0,887.67,4,4,3,443,11,Champions,3,1
16899,8.0,8.0,1721.02,5,5,4,554,14,Champions,1,1
16900,17.0,3.0,187.6900000000001,5,3,1,531,9,Loyal Customers,3,0
16901,729.0,1.0,204.26,1,2,1,121,4,Hibernating/Lost,0,2
16902,116.0,1.0,1706.88,3,2,4,324,9,Potential Loyalists,0,2
16903,29.0,3.0,1029.98,4,3,3,433,10,Loyal Customers,3,0
16904,4.0,21.0,5132.37,5,5,5,555,15,Champions,1,1
16905,5.0,17.0,5004.5,5,5,5,555,15,Champions,1,1
16906,82.0,7.0,1448.8,3,4,4,344,11,Loyal Customers,3,1
16907,29.0,9.0,1707.9,4,5,4,454,13,Champions,1,1
16908,722.0,1.0,153.59,1,2,1,121,4,Hibernating/Lost,0,2
16909,72.0,1.0,364.14,3,2,2,322,7,Potential Loyalists,3,2
16910,4.0,8.0,1510.06,5,5,4,554,14,Champions,1,1
16911,636.0,2.0,251.35,1,3,1,131,5,At Risk,0,3
16912,29.0,15.0,4433.6,4,5,5,455,14,Champions,1,1
16913,290.0,3.0,423.90999999999997,2,3,2,232,7,At Risk,0,0
16914,36.0,1.0,208.46,4,2,1,421,7,New Customers,3,2
16915,9.0,11.0,1543.18,5,5,4,554,14,Champions,1,1
16916,24.0,4.0,1123.4,4,4,3,443,11,Champions,3,1
16917,277.0,2.0,1848.88,2,3,4,234,9,At Risk,0,3
16918,50.0,16.0,3138.06,4,5,5,455,14,Champions,1,1
16919,156.0,24.0,5053.81,3,5,5,355,13,Loyal Customers,1,-1
16920,411.0,1.0,355.45,1,2,2,122,5,Hibernating/Lost,0,2
16921,61.0,3.0,446.67,3,3,2,332,8,Loyal Customers,3,0
16922,573.0,1.0,611.08,1,2,3,123,6,Hibernating/Lost,0,2
16923,12.0,32.0,12793.380000000001,5,5,5,555,15,Champions,1,6
16924,21.0,3.0,739.5,4,3,3,433,10,Loyal Customers,3,0
16925,540.0,1.0,125.65,1,2,1,121,4,Hibernating/Lost,0,2
16926,371.0,5.0,1410.4,2,4,4,244,10,Can't Lose Them,0,1
16927,116.0,3.0,543.05,3,3,2,332,8,Loyal Customers,0,0
16928,80.0,29.0,3993.58,3,5,5,355,13,Loyal Customers,1,-1
16929,4.0,7.0,1295.39,5,4,4,544,13,Champions,3,1
16930,26.0,3.0,380.55,4,3,2,432,9,Loyal Customers,3,0
16931,5.0,23.0,5233.62,5,5,5,555,15,Champions,1,1
16932,53.0,3.0,440.71,4,3,2,432,9,Loyal Customers,3,0
16933,1.0,9.0,3099.6,5,5,5,555,15,Champions,1,5
16934,55.0,6.0,2090.7400000000002,4,4,4,444,12,Champions,3,1
16935,382.0,3.0,535.1,2,3,2,232,7,At Risk,0,0
16936,26.0,2.0,551.17,4,3,2,432,9,Loyal Customers,3,3
16937,499.0,1.0,202.1,1,2,1,121,4,Hibernating/Lost,0,2
16938,9.0,9.0,6209.93,5,5,5,555,15,Champions,1,1
16939,489.0,3.0,449.0,1,3,2,132,6,At Risk,0,0
16940,52.0,8.0,6245.41,4,5,5,455,14,Champions,1,1
16941,612.0,1.0,33.0,1,2,1,121,4,Hibernating/Lost,0,2
16942,13.0,9.0,1894.11,5,5,4,554,14,Champions,1,1
16943,212.0,5.0,816.73,2,4,3,243,9,Can't Lose Them,0,1
16944,610.0,1.0,101.36,1,2,1,121,4,Hibernating/Lost,0,2
16945,22.0,33.0,8530.66,4,5,5,455,14,Champions,1,-1
16946,383.0,5.0,1199.54,2,4,3,243,9,Can't Lose Them,0,1
16947,236.0,5.0,896.73,2,4,3,243,9,Can't Lose Them,0,1
16948,139.0,7.0,868.77,3,4,3,343,10,Loyal Customers,3,1
16949,4.0,6.0,1161.27,5,4,3,543,12,Champions,3,1
16950,57.0,10.0,3725.19,4,5,5,455,14,Champions,1,1
16951,135.0,3.0,1262.75,3,3,4,334,10,Loyal Customers,0,0
16952,109.0,5.0,798.78,3,4,3,343,10,Loyal Customers,3,1
16953,30.0,1.0,20.8,4,2,1,421,7,New Customers,3,2
16954,1.0,20.0,6037.33,5,5,5,555,15,Champions,1,9
16955,185.0,6.0,1261.16,3,4,4,344,11,Loyal Customers,0,1
16956,18.0,1.0,292.34,5,2,2,522,9,New Customers,3,2
16957,239.0,2.0,416.64,2,3,2,232,7,At Risk,0,3
16958,435.0,1.0,809.44,1,2,3,123,6,Hibernating/Lost,0,2
16959,87.0,1.0,117.35000000000001,3,2,1,321,6,Potential Loyalists,0,2
16960,39.0,8.0,2021.98,4,5,4,454,13,Champions,3,1
16961,116.0,3.0,773.01,3,3,3,333,9,Loyal Customers,0,0
16962,410.0,1.0,251.04,2,2,1,221,5,Hibernating/Lost,0,2
16963,187.0,1.0,110.55000000000001,3,2,1,321,6,Potential Loyalists,0,2
16964,733.0,2.0,207.85,1,3,1,131,5,At Risk,0,3
16965,227.0,1.0,201.19,2,2,1,221,5,Hibernating/Lost,0,2
16966,8.0,7.0,2148.47,5,4,4,544,13,Champions,1,1
16967,189.0,1.0,319.02,3,2,2,322,7,Potential Loyalists,0,2
16968,4.0,2.0,439.43,5,3,2,532,10,Loyal Customers,3,3
16969,39.0,3.0,650.41,4,3,3,433,10,Loyal Customers,3,0
16970,626.0,1.0,71.4,1,2,1,121,4,Hibernating/Lost,0,2
16971,38.0,1.0,232.20999999999998,4,2,1,421,7,New Customers,3,2
16972,383.0,2.0,786.25,2,3,3,233,8,At Risk,0,3
16973,386.0,1.0,127.0,2,2,1,221,5,Hibernating/Lost,0,2
16974,523.0,2.0,365.5,1,3,2,132,6,At Risk,0,3
16975,423.0,3.0,902.4200000000001,1,3,3,133,7,At Risk,0,0
16976,267.0,1.0,251.51999999999998,2,2,1,221,5,Hibernating/Lost,0,2
16977,395.0,4.0,496.0,2,4,2,242,8,Can't Lose Them,0,1
16978,78.0,3.0,768.88,3,3,3,333,9,Loyal Customers,3,0
16979,4.0,9.0,2787.09,5,5,4,554,14,Champions,1,1
16980,255.0,3.0,1473.3300000000002,2,3,4,234,9,At Risk,0,0
16982,61.0,1.0,384.06,3,2,2,322,7,Potential Loyalists,3,2
16983,13.0,11.0,3699.17,5,5,5,555,15,Champions,1,1
16984,88.0,9.0,10599.42,3,5,5,355,13,Loyal Customers,1,-1
16985,17.0,23.0,10545.76,5,5,5,555,15,Champions,1,-1
16986,30.0,11.0,4888.75,4,5,5,455,14,Champions,1,1
16987,3.0,11.0,2524.0,5,5,4,554,14,Champions,1,1
16988,5.0,2.0,382.67,5,3,2,532,10,Loyal Customers,3,3
16989,7.0,6.0,1133.25,5,4,3,543,12,Champions,3,1
16990,219.0,2.0,344.0,2,3,2,232,7,At Risk,0,3
16991,421.0,1.0,1041.21,1,2,3,123,6,Hibernating/Lost,0,2
16992,11.0,13.0,5460.1,5,5,5,555,15,Champions,1,1
16993,464.0,2.0,1688.15,1,3,4,134,8,At Risk,0,3
16996,30.0,9.0,2044.16,4,5,4,454,13,Champions,1,1
16997,288.0,3.0,702.0,2,3,3,233,8,At Risk,0,0
16998,150.0,5.0,394.02000000000004,3,4,2,342,9,Loyal Customers,0,1
16999,23.0,2.0,484.82,4,3,2,432,9,Loyal Customers,3,3
17000,396.0,2.0,406.3,2,3,2,232,7,At Risk,0,3
17001,1.0,19.0,6640.8,5,5,5,555,15,Champions,1,9
17002,86.0,7.0,2565.6,3,4,4,344,11,Loyal Customers,3,1
17003,402.0,4.0,830.16,2,4,3,243,9,Can't Lose Them,0,1
17004,46.0,4.0,2425.16,4,4,4,444,12,Champions,3,1
17005,471.0,2.0,732.41,1,3,3,133,7,At Risk,0,3
17006,5.0,8.0,1636.32,5,5,4,554,14,Champions,1,1
17007,51.0,7.0,1107.6,4,4,3,443,11,Champions,3,1
17008,429.0,1.0,81.36,1,2,1,121,4,Hibernating/Lost,0,2
17009,551.0,1.0,242.06,1,2,1,121,4,Hibernating/Lost,0,2
17010,18.0,1.0,185.46,5,2,1,521,8,New Customers,3,2
17011,30.0,3.0,536.7,4,3,2,432,9,Loyal Customers,3,0
17012,725.0,1.0,384.16,1,2,2,122,5,Hibernating/Lost,0,2
17014,8.0,3.0,565.58,5,3,2,532,10,Loyal Customers,3,0
17015,29.0,3.0,1842.56,4,3,4,434,11,Loyal Customers,3,0
17016,577.0,1.0,552.4,1,2,2,122,5,Hibernating/Lost,0,2
17017,3.0,29.0,8087.41,5,5,5,555,15,Champions,1,4
17018,41.0,6.0,2287.7,4,4,4,444,12,Champions,3,1
17019,11.0,11.0,3951.5,5,5,5,555,15,Champions,1,1
17020,542.0,2.0,935.62,1,3,3,133,7,At Risk,0,3
17021,442.0,6.0,1182.22,1,4,3,143,8,Can't Lose Them,0,1
17022,31.0,2.0,260.0,4,3,1,431,8,Loyal Customers,3,3
17023,417.0,3.0,800.18,1,3,3,133,7,At Risk,0,0
17024,45.0,3.0,95.85,4,3,1,431,8,Loyal Customers,3,0
17025,61.0,5.0,1510.6399999999999,3,4,4,344,11,Loyal Customers,3,1
17026,185.0,3.0,208.98,3,3,1,331,7,Loyal Customers,0,0
17027,79.0,9.0,1285.41,3,5,4,354,12,Loyal Customers,3,1
17028,581.0,3.0,1593.83,1,3,4,134,8,At Risk,0,0
17029,111.0,7.0,2137.3,3,4,4,344,11,Loyal Customers,3,1
17030,64.0,1.0,146.87,3,2,1,321,6,Potential Loyalists,3,2
17031,12.0,6.0,2773.85,5,4,4,544,13,Champions,3,1
17032,548.0,8.0,2150.06,1,5,4,154,10,Can't Lose Them,0,1
17033,86.0,4.0,1332.79,3,4,4,344,11,Loyal Customers,3,1
17034,16.0,5.0,1239.32,5,4,4,544,13,Champions,3,1
17035,246.0,4.0,568.39,2,4,2,242,8,Can't Lose Them,0,1
17036,383.0,1.0,176.9,2,2,1,221,5,Hibernating/Lost,0,2
17037,88.0,1.0,1253.22,3,2,4,324,9,Potential Loyalists,0,2
17038,30.0,2.0,743.17,4,3,3,433,10,Loyal Customers,3,3
17039,604.0,1.0,1954.99,1,2,4,124,7,Hibernating/Lost,0,2
17040,138.0,2.0,463.25,3,3,2,332,8,Loyal Customers,0,3
17041,27.0,6.0,1670.48,4,4,4,444,12,Champions,3,1
17042,3.0,5.0,1044.3799999999999,5,4,3,543,12,Champions,3,1
17043,32.0,8.0,2616.55,4,5,4,454,13,Champions,1,1
17044,25.0,12.0,11867.6,4,5,5,455,14,Champions,1,-1
17045,113.0,5.0,827.6800000000001,3,4,3,343,10,Loyal Customers,3,1
17046,157.0,5.0,1906.07,3,4,4,344,11,Loyal Customers,0,1
17047,85.0,6.0,2289.23,3,4,4,344,11,Loyal Customers,3,1
17048,118.0,7.0,1991.45,3,4,4,344,11,Loyal Customers,3,1
17049,3.0,19.0,9593.78,5,5,5,555,15,Champions,1,-1
17050,96.0,11.0,4391.66,3,5,5,355,13,Loyal Customers,1,1
17051,194.0,4.0,714.39,2,4,3,243,9,Can't Lose Them,0,1
17052,28.0,1.0,413.75,4,2,2,422,8,New Customers,3,2
17053,131.0,1.0,496.38,3,2,2,322,7,Potential Loyalists,0,2
17054,28.0,5.0,1353.83,4,4,4,444,12,Champions,3,1
17055,446.0,1.0,239.55,1,2,1,121,4,Hibernating/Lost,0,2
17056,738.0,1.0,128.60000000000002,1,2,1,121,4,Hibernating/Lost,0,2
17057,596.0,1.0,294.74,1,2,2,122,5,Hibernating/Lost,0,2
17058,82.0,3.0,1179.89,3,3,3,333,9,Loyal Customers,3,0
17059,30.0,9.0,5584.83,4,5,5,455,14,Champions,1,1
17060,266.0,1.0,234.24,2,2,1,221,5,Hibernating/Lost,0,2
17061,74.0,11.0,5116.13,3,5,5,355,13,Loyal Customers,1,1
17062,314.0,6.0,1204.32,2,4,3,243,9,Can't Lose Them,0,1
17063,21.0,13.0,3576.88,4,5,5,455,14,Champions,1,1
17064,59.0,3.0,859.35,4,3,3,433,10,Loyal Customers,3,0
17065,638.0,2.0,82.35,1,3,1,131,5,At Risk,0,3
17066,726.0,1.0,228.34,1,2,1,121,4,Hibernating/Lost,0,2
17067,725.0,3.0,454.54,1,3,2,132,6,At Risk,0,0
17068,12.0,47.0,9126.43,5,5,5,555,15,Champions,1,-1
17069,28.0,14.0,5718.4,4,5,5,455,14,Champions,1,1
17070,114.0,2.0,445.32,3,3,2,332,8,Loyal Customers,0,3
17071,28.0,13.0,3738.45,4,5,5,455,14,Champions,1,1
17072,625.0,1.0,282.05,1,2,2,122,5,Hibernating/Lost,0,2
17073,18.0,4.0,1446.09,5,4,4,544,13,Champions,3,1
17074,563.0,1.0,203.05,1,2,1,121,4,Hibernating/Lost,0,2
17075,18.0,10.0,2221.38,5,5,4,554,14,Champions,1,1
17076,36.0,6.0,1242.75,4,4,4,444,12,Champions,3,1
17077,578.0,1.0,306.0,1,2,2,122,5,Hibernating/Lost,0,2
17078,36.0,2.0,378.2,4,3,2,432,9,Loyal Customers,3,3
17079,78.0,1.0,118.80000000000001,3,2,1,321,6,Potential Loyalists,0,2
17080,22.0,7.0,955.41,4,4,3,443,11,Champions,3,1
17081,25.0,6.0,964.39,4,4,3,443,11,Champions,3,1
17082,33.0,6.0,4732.03,4,4,5,445,13,Champions,1,1
17083,109.0,9.0,4035.08,3,5,5,355,13,Loyal Customers,1,1
17084,35.0,3.0,5199.72,4,3,5,435,12,Loyal Customers,3,-1
17085,123.0,28.0,7757.41,3,5,5,355,13,Loyal Customers,1,-1
17086,7.0,6.0,2050.08,5,4,4,544,13,Champions,3,1
17087,738.0,1.0,221.53,1,2,1,121,4,Hibernating/Lost,0,2
17088,28.0,4.0,1991.01,4,4,4,444,12,Champions,3,1
17089,386.0,1.0,128.45,2,2,1,221,5,Hibernating/Lost,0,2
17090,4.0,13.0,3055.94,5,5,5,555,15,Champions,1,1
17091,3.0,19.0,7777.5,5,5,5,555,15,Champions,1,4
17092,50.0,11.0,5563.31,4,5,5,455,14,Champions,1,1
17093,593.0,1.0,235.88,1,2,1,121,4,Hibernating/Lost,0,2
17094,322.0,2.0,370.40000000000003,2,3,2,232,7,At Risk,0,3
17095,23.0,7.0,2312.59,4,4,4,444,12,Champions,3,1
17096,15.0,11.0,3690.83,5,5,5,555,15,Champions,1,1
17097,2.0,9.0,1323.95,5,5,4,554,14,Champions,1,1
17098,382.0,3.0,591.0699999999999,2,3,2,232,7,At Risk,0,0
17099,533.0,1.0,582.17,1,2,2,122,5,Hibernating/Lost,0,2
17100,18.0,2.0,971.74,5,3,3,533,11,Loyal Customers,3,3
17101,10.0,7.0,2507.05,5,4,4,544,13,Champions,1,1
17102,262.0,1.0,25.5,2,2,1,221,5,Hibernating/Lost,0,2
17103,722.0,1.0,424.3,1,2,2,122,5,Hibernating/Lost,0,2
17104,424.0,1.0,474.03,1,2,2,122,5,Hibernating/Lost,0,2
17105,159.0,2.0,665.78,3,3,3,333,9,Loyal Customers,0,3
17106,389.0,1.0,491.23,2,2,2,222,6,Hibernating/Lost,0,2
17107,33.0,10.0,15616.82,4,5,5,455,14,Champions,1,-1
17108,664.0,1.0,174.95,1,2,1,121,4,Hibernating/Lost,0,2
17109,29.0,8.0,1280.1,4,5,4,454,13,Champions,3,1
17110,165.0,3.0,510.7,3,3,2,332,8,Loyal Customers,0,0
17111,47.0,2.0,476.58,4,3,2,432,9,Loyal Customers,3,3
17112,503.0,1.0,205.17,1,2,1,121,4,Hibernating/Lost,0,2
17113,574.0,6.0,2109.16,1,4,4,144,9,Can't Lose Them,0,1
17114,6.0,8.0,747.22,5,5,3,553,13,Champions,3,1
17115,8.0,7.0,2616.29,5,4,4,544,13,Champions,1,1
17116,648.0,1.0,389.78,1,2,2,122,5,Hibernating/Lost,0,2
17117,288.0,1.0,116.19999999999999,2,2,1,221,5,Hibernating/Lost,0,2
17118,318.0,1.0,157.02,2,2,1,221,5,Hibernating/Lost,0,2
17119,3.0,2.0,593.61,5,3,2,532,10,Loyal Customers,3,3
17120,233.0,1.0,307.46,2,2,2,222,6,Hibernating/Lost,0,2
17121,403.0,1.0,314.74,2,2,2,222,6,Hibernating/Lost,0,2
17122,119.0,4.0,570.5,3,4,2,342,9,Loyal Customers,3,1
17123,162.0,3.0,977.17,3,3,3,333,9,Loyal Customers,0,0
17124,185.0,1.0,298.89,3,2,2,322,7,Potential Loyalists,0,2
17125,50.0,1.0,259.35,4,2,1,421,7,New Customers,3,2
17126,152.0,9.0,2057.54,3,5,4,354,12,Loyal Customers,3,1
17127,429.0,5.0,1155.0300000000002,1,4,3,143,8,Can't Lose Them,0,1
17128,335.0,1.0,157.09,2,2,1,221,5,Hibernating/Lost,0,2
17129,520.0,1.0,31.85,1,2,1,121,4,Hibernating/Lost,0,2
17131,5.0,5.0,2463.17,5,4,4,544,13,Champions,3,1
17132,452.0,2.0,1272.8,1,3,4,134,8,At Risk,0,3
17133,16.0,12.0,12972.09,5,5,5,555,15,Champions,1,-1
17134,107.0,3.0,637.1,3,3,3,333,9,Loyal Customers,3,0
17135,16.0,10.0,1943.24,5,5,4,554,14,Champions,1,1
17136,662.0,1.0,231.68,1,2,1,121,4,Hibernating/Lost,0,2
17137,416.0,6.0,1133.63,1,4,3,143,8,Can't Lose Them,0,1
17138,276.0,7.0,4417.27,2,4,5,245,11,Can't Lose Them,0,1
17139,16.0,25.0,19491.61,5,5,5,555,15,Champions,2,-1
17140,247.0,1.0,465.32,2,2,2,222,6,Hibernating/Lost,0,2
17141,418.0,4.0,754.33,1,4,3,143,8,Can't Lose Them,0,1
17142,239.0,4.0,1283.75,2,4,4,244,10,Can't Lose Them,0,1
17143,417.0,2.0,924.11,1,3,3,133,7,At Risk,0,3
17144,1.0,2.0,984.57,5,3,3,533,11,Loyal Customers,3,-1
17145,513.0,4.0,3014.64,1,4,5,145,10,Can't Lose Them,0,1
17146,106.0,13.0,5795.99,3,5,5,355,13,Loyal Customers,1,1
17147,23.0,9.0,3069.15,4,5,5,455,14,Champions,1,1
17148,52.0,1.0,124.88,4,2,1,421,7,New Customers,3,2
17149,451.0,1.0,143.10000000000002,1,2,1,121,4,Hibernating/Lost,0,2
17150,377.0,6.0,1375.65,2,4,4,244,10,Can't Lose Them,0,1
17151,735.0,1.0,231.90000000000003,1,2,1,121,4,Hibernating/Lost,0,2
17152,195.0,4.0,1830.5,2,4,4,244,10,Can't Lose Them,0,1
17153,24.0,1.0,213.78,4,2,1,421,7,New Customers,3,2
17154,75.0,1.0,329.34,3,2,2,322,7,Potential Loyalists,0,2
17155,18.0,7.0,892.46,5,4,3,543,12,Champions,3,1
17156,492.0,1.0,572.07,1,2,2,122,5,Hibernating/Lost,0,2
17157,8.0,19.0,5139.45,5,5,5,555,15,Champions,1,1
17158,32.0,5.0,1962.3,4,4,4,444,12,Champions,3,1
17159,22.0,5.0,2095.44,4,4,4,444,12,Champions,3,1
17160,31.0,17.0,10201.36,4,5,5,455,14,Champions,1,1
17161,444.0,1.0,856.01,1,2,3,123,6,Hibernating/Lost,0,2
17162,29.0,10.0,1707.21,4,5,4,454,13,Champions,1,1
17163,22.0,4.0,699.78,4,4,3,443,11,Champions,3,1
17164,33.0,7.0,2466.4,4,4,4,444,12,Champions,3,1
17165,284.0,6.0,1783.63,2,4,4,244,10,Can't Lose Them,0,1
17166,39.0,2.0,189.49,4,3,1,431,8,Loyal Customers,3,3
17167,380.0,3.0,867.11,2,3,3,233,8,At Risk,0,0
17168,499.0,1.0,400.2,1,2,2,122,5,Hibernating/Lost,0,2
17169,58.0,3.0,1129.8799999999999,4,3,3,433,10,Loyal Customers,3,0
17170,374.0,2.0,118.98,2,3,1,231,6,At Risk,0,3
17171,289.0,2.0,384.59,2,3,2,232,7,At Risk,0,3
17172,79.0,3.0,910.99,3,3,3,333,9,Loyal Customers,3,0
17173,5.0,8.0,3755.65,5,5,5,555,15,Champions,1,1
17174,218.0,1.0,59.9,2,2,1,221,5,Hibernating/Lost,0,2
17175,44.0,4.0,1430.94,4,4,4,444,12,Champions,3,1
17176,202.0,3.0,902.3199999999999,2,3,3,233,8,At Risk,0,0
17177,505.0,1.0,119.5,1,2,1,121,4,Hibernating/Lost,0,2
17178,731.0,1.0,436.71,1,2,2,122,5,Hibernating/Lost,0,2
17179,178.0,6.0,1507.26,3,4,4,344,11,Loyal Customers,0,1
17180,56.0,11.0,2236.33,4,5,4,454,13,Champions,1,1
17181,57.0,3.0,465.37,4,3,2,432,9,Loyal Customers,3,0
17182,423.0,2.0,321.3,1,3,2,132,6,At Risk,0,3
17183,8.0,6.0,3286.9100000000003,5,4,5,545,14,Champions,1,1
17184,569.0,2.0,198.41000000000003,1,3,1,131,5,At Risk,0,3
17185,592.0,3.0,229.46,1,3,1,131,5,At Risk,0,0
17186,47.0,2.0,144.0,4,3,1,431,8,Loyal Customers,3,3
17187,227.0,2.0,467.71,2,3,2,232,7,At Risk,0,3
17188,11.0,13.0,4361.83,5,5,5,555,15,Champions,1,1
17189,106.0,5.0,957.63,3,4,3,343,10,Loyal Customers,3,1
17190,59.0,7.0,1548.04,4,4,4,444,12,Champions,3,1
17191,28.0,15.0,4810.55,4,5,5,455,14,Champions,1,1
17192,536.0,1.0,77.83,1,2,1,121,4,Hibernating/Lost,0,2
17193,36.0,9.0,2254.6,4,5,4,454,13,Champions,1,1
17194,274.0,3.0,812.5,2,3,3,233,8,At Risk,0,0
17195,655.0,1.0,562.98,1,2,2,122,5,Hibernating/Lost,0,2
17196,428.0,1.0,352.9,1,2,2,122,5,Hibernating/Lost,0,2
17197,30.0,1.0,1013.01,4,2,3,423,9,New Customers,3,2
17198,24.0,3.0,1213.88,4,3,4,434,11,Loyal Customers,3,0
17199,582.0,1.0,145.12,1,2,1,121,4,Hibernating/Lost,0,2
17200,387.0,4.0,356.71,2,4,2,242,8,Can't Lose Them,0,1
17201,54.0,4.0,1226.44,4,4,4,444,12,Champions,3,1
17202,421.0,1.0,160.65,1,2,1,121,4,Hibernating/Lost,0,2
17203,36.0,10.0,5575.88,4,5,5,455,14,Champions,1,1
17204,175.0,9.0,5263.69,3,5,5,355,13,Loyal Customers,1,1
17205,54.0,3.0,999.35,4,3,3,433,10,Loyal Customers,3,0
17206,53.0,1.0,204.24,4,2,1,421,7,New Customers,3,2
17207,652.0,1.0,303.21999999999997,1,2,2,122,5,Hibernating/Lost,0,2
17208,396.0,1.0,115.35,2,2,1,221,5,Hibernating/Lost,0,2
17209,649.0,3.0,611.6,1,3,3,133,7,At Risk,0,0
17210,393.0,1.0,253.37,2,2,1,221,5,Hibernating/Lost,0,2
17211,27.0,13.0,4002.1,4,5,5,455,14,Champions,1,1
17212,253.0,3.0,794.41,2,3,3,233,8,At Risk,0,0
17213,40.0,13.0,5078.93,4,5,5,455,14,Champions,1,1
17214,60.0,6.0,984.12,3,4,3,343,10,Loyal Customers,3,1
17215,464.0,1.0,186.15,1,2,1,121,4,Hibernating/Lost,0,2
17216,554.0,1.0,65.05,1,2,1,121,4,Hibernating/Lost,0,2
17217,234.0,2.0,218.0,2,3,1,231,6,At Risk,0,3
17218,4.0,18.0,4192.68,5,5,5,555,15,Champions,1,1
17219,32.0,2.0,259.13,4,3,1,431,8,Loyal Customers,3,3
17220,24.0,21.0,4481.75,4,5,5,455,14,Champions,1,1
17221,7.0,5.0,978.52,5,4,3,543,12,Champions,3,1
17222,65.0,6.0,1605.01,3,4,4,344,11,Loyal Customers,3,1
17223,310.0,3.0,873.53,2,3,3,233,8,At Risk,0,0
17224,501.0,1.0,100.86,1,2,1,121,4,Hibernating/Lost,0,2
17225,582.0,1.0,131.15,1,2,1,121,4,Hibernating/Lost,0,2
17226,309.0,3.0,900.12,2,3,3,233,8,At Risk,0,0
17227,19.0,12.0,2022.03,5,5,4,554,14,Champions,1,1
17228,16.0,13.0,3177.24,5,5,5,555,15,Champions,1,1
17229,96.0,2.0,318.76,3,3,2,332,8,Loyal Customers,0,3
17230,264.0,18.0,9695.91,2,5,5,255,12,Can't Lose Them,1,-1
17231,12.0,25.0,7091.07,5,5,5,555,15,Champions,1,-1
17232,3.0,2.0,421.52,5,3,2,532,10,Loyal Customers,3,3
17233,35.0,3.0,560.86,4,3,2,432,9,Loyal Customers,3,0
17234,183.0,1.0,149.89000000000001,3,2,1,321,6,Potential Loyalists,0,2
17235,25.0,8.0,1904.8799999999999,4,5,4,454,13,Champions,1,1
17236,13.0,12.0,1929.26,5,5,4,554,14,Champions,1,1
17237,11.0,4.0,1002.08,5,4,3,543,12,Champions,3,1
17238,3.0,32.0,7783.1,5,5,5,555,15,Champions,1,4
17239,313.0,4.0,1174.15,2,4,3,243,9,Can't Lose Them,0,1
17240,596.0,1.0,130.6,1,2,1,121,4,Hibernating/Lost,0,2
17241,385.0,12.0,2744.14,2,5,4,254,11,Can't Lose Them,1,1
17242,108.0,5.0,2889.28,3,4,5,345,12,Loyal Customers,3,1
17243,1.0,69.0,20709.21,5,5,5,555,15,Champions,2,-1
17244,53.0,5.0,1826.04,4,4,4,444,12,Champions,3,1
17245,205.0,2.0,371.63,2,3,2,232,7,At Risk,0,3
17246,547.0,2.0,38.92,1,3,1,131,5,At Risk,0,3
17247,15.0,1.0,282.19,5,2,2,522,9,New Customers,3,2
17248,120.0,2.0,546.16,3,3,2,332,8,Loyal Customers,0,3
17249,429.0,1.0,68.03,1,2,1,121,4,Hibernating/Lost,0,2
17250,4.0,2.0,384.52,5,3,2,532,10,Loyal Customers,3,3
17251,363.0,3.0,803.73,2,3,3,233,8,At Risk,0,0
17252,117.0,2.0,353.86,3,3,2,332,8,Loyal Customers,0,3
17253,18.0,1.0,178.26,5,2,1,521,8,New Customers,3,2
17254,5.0,3.0,470.73,5,3,2,532,10,Loyal Customers,3,0
17255,41.0,4.0,799.13,4,4,3,443,11,Champions,3,1
17256,107.0,5.0,498.93,3,4,2,342,9,Loyal Customers,3,1
17257,436.0,2.0,192.73,1,3,1,131,5,At Risk,0,3
17258,397.0,2.0,417.3,2,3,2,232,7,At Risk,0,3
17259,148.0,6.0,1889.34,3,4,4,344,11,Loyal Customers,3,1
17260,411.0,1.0,120.95,1,2,1,121,4,Hibernating/Lost,0,2
17261,510.0,1.0,230.44,1,2,1,121,4,Hibernating/Lost,0,2
17262,52.0,11.0,2757.62,4,5,4,454,13,Champions,1,1
17263,208.0,1.0,63.440000000000005,2,2,1,221,5,Hibernating/Lost,0,2
17264,424.0,1.0,279.59,1,2,2,122,5,Hibernating/Lost,0,2
17265,139.0,2.0,562.9,3,3,2,332,8,Loyal Customers,0,3
17266,2.0,5.0,517.73,5,4,2,542,11,Champions,3,1
17267,127.0,2.0,317.62,3,3,2,332,8,Loyal Customers,0,3
17268,108.0,11.0,1733.8899999999999,3,5,4,354,12,Loyal Customers,1,1
17269,386.0,1.0,537.46,2,2,2,222,6,Hibernating/Lost,0,2
17270,469.0,2.0,604.4,1,3,3,133,7,At Risk,0,3
17271,736.0,1.0,210.39,1,2,1,121,4,Hibernating/Lost,0,2
17272,42.0,4.0,2144.53,4,4,4,444,12,Champions,3,1
17273,424.0,1.0,141.12,1,2,1,121,4,Hibernating/Lost,0,2
17274,35.0,2.0,577.38,4,3,2,432,9,Loyal Customers,3,3
17275,383.0,1.0,114.52,2,2,1,221,5,Hibernating/Lost,0,2
17276,402.0,1.0,451.34000000000003,2,2,2,222,6,Hibernating/Lost,0,2
17277,228.0,2.0,1065.3500000000001,2,3,3,233,8,At Risk,0,3
17278,241.0,2.0,271.24,2,3,1,231,6,At Risk,0,3
17279,58.0,1.0,187.82999999999998,4,2,1,421,7,New Customers,3,2
17280,438.0,1.0,118.85999999999999,1,2,1,121,4,Hibernating/Lost,0,2
17281,374.0,6.0,797.8499999999999,2,4,3,243,9,Can't Lose Them,0,1
17282,130.0,5.0,2339.66,3,4,4,344,11,Loyal Customers,3,1
17283,379.0,1.0,188.46,2,2,1,221,5,Hibernating/Lost,0,2
17284,60.0,8.0,2328.22,3,5,4,354,12,Loyal Customers,1,1
17285,628.0,2.0,428.34,1,3,2,132,6,At Risk,0,3
17286,22.0,3.0,395.48,4,3,2,432,9,Loyal Customers,3,0
17287,26.0,21.0,4095.71,4,5,5,455,14,Champions,1,1
17288,9.0,11.0,2499.98,5,5,4,554,14,Champions,1,1
17289,32.0,9.0,2069.89,4,5,4,454,13,Champions,1,1
17290,4.0,8.0,1501.44,5,5,4,554,14,Champions,1,1
17291,308.0,1.0,550.8000000000001,2,2,2,222,6,Hibernating/Lost,0,2
17292,472.0,2.0,271.75,1,3,2,132,6,At Risk,0,3
17293,8.0,17.0,3774.23,5,5,5,555,15,Champions,1,1
17294,669.0,2.0,467.78999999999996,1,3,2,132,6,At Risk,0,3
17295,29.0,3.0,556.95,4,3,2,432,9,Loyal Customers,3,0
17296,730.0,1.0,338.13,1,2,2,122,5,Hibernating/Lost,0,2
17297,17.0,1.0,131.78,5,2,1,521,8,New Customers,3,2
17298,101.0,5.0,952.52,3,4,3,343,10,Loyal Customers,3,1
17299,12.0,6.0,1016.08,5,4,3,543,12,Champions,3,1
17300,391.0,2.0,393.64,2,3,2,232,7,At Risk,0,3
17301,21.0,2.0,330.43,4,3,2,432,9,Loyal Customers,3,3
17302,15.0,5.0,1119.93,5,4,3,543,12,Champions,3,1
17303,361.0,1.0,250.04,2,2,1,221,5,Hibernating/Lost,0,2
17304,534.0,1.0,111.5,1,2,1,121,4,Hibernating/Lost,0,2
17305,649.0,1.0,2135.46,1,2,4,124,7,Hibernating/Lost,0,2
17306,11.0,21.0,9751.77,5,5,5,555,15,Champions,1,10
17307,395.0,11.0,3225.67,2,5,5,255,12,Can't Lose Them,0,1
17308,393.0,2.0,4511.76,2,3,5,235,10,At Risk,0,-1
17309,95.0,3.0,330.59000000000003,3,3,2,332,8,Loyal Customers,3,0
17310,387.0,2.0,1025.1,2,3,3,233,8,At Risk,0,3
17311,78.0,6.0,3490.66,3,4,5,345,12,Loyal Customers,3,1
17312,139.0,3.0,644.3,3,3,3,333,9,Loyal Customers,0,0
17313,31.0,1.0,2288.13,4,2,4,424,10,New Customers,3,-1
17314,25.0,17.0,4514.7,4,5,5,455,14,Champions,1,1
17315,2.0,43.0,9558.55,5,5,5,555,15,Champions,1,-1
17316,420.0,1.0,124.45,1,2,1,121,4,Hibernating/Lost,0,2
17317,46.0,3.0,2524.02,4,3,4,434,11,Loyal Customers,3,0
17318,725.0,1.0,164.28,1,2,1,121,4,Hibernating/Lost,0,2
17319,669.0,1.0,29.1,1,2,1,121,4,Hibernating/Lost,0,2
17320,100.0,6.0,2895.77,3,4,5,345,12,Loyal Customers,3,1
17321,8.0,6.0,1741.18,5,4,4,544,13,Champions,3,1
17322,376.0,5.0,900.64,2,4,3,243,9,Can't Lose Them,0,1
17323,15.0,12.0,1553.51,5,5,4,554,14,Champions,1,1
17324,18.0,12.0,2148.87,5,5,4,554,14,Champions,1,1
17325,280.0,3.0,609.5699999999999,2,3,3,233,8,At Risk,0,0
17326,408.0,2.0,321.95,2,3,2,232,7,At Risk,0,3
17327,410.0,2.0,152.35,2,3,1,231,6,At Risk,0,3
17328,673.0,1.0,104.7,1,2,1,121,4,Hibernating/Lost,0,2
17329,14.0,5.0,1004.4300000000001,5,4,3,543,12,Champions,3,1
17330,23.0,4.0,423.8,4,4,2,442,10,Champions,3,1
17331,124.0,1.0,175.2,3,2,1,321,6,Potential Loyalists,0,2
17332,528.0,5.0,838.27,1,4,3,143,8,Can't Lose Them,0,1
17333,86.0,1.0,494.25,3,2,2,322,7,Potential Loyalists,0,2
17334,302.0,3.0,634.73,2,3,3,233,8,At Risk,0,0
17335,384.0,2.0,508.0,2,3,2,232,7,At Risk,0,3
17336,472.0,1.0,81.12,1,2,1,121,4,Hibernating/Lost,0,2
17337,151.0,4.0,1944.32,3,4,4,344,11,Loyal Customers,0,1
17338,17.0,17.0,12036.57,5,5,5,555,15,Champions,1,11
17339,94.0,3.0,303.36,3,3,2,332,8,Loyal Customers,3,0
17340,30.0,18.0,21411.64,4,5,5,455,14,Champions,2,-1
17341,157.0,5.0,1889.83,3,4,4,344,11,Loyal Customers,0,1
17342,380.0,4.0,1155.8400000000001,2,4,3,243,9,Can't Lose Them,0,1
17343,355.0,6.0,1259.94,2,4,4,244,10,Can't Lose Them,0,1
17344,46.0,2.0,454.61,4,3,2,432,9,Loyal Customers,3,3
17345,15.0,10.0,1484.3799999999999,5,5,4,554,14,Champions,1,1
17346,4.0,26.0,5258.02,5,5,5,555,15,Champions,1,1
17347,86.0,1.0,228.96,3,2,1,321,6,Potential Loyalists,0,2
17348,15.0,9.0,2476.41,5,5,4,554,14,Champions,1,1
17349,179.0,5.0,852.25,3,4,3,343,10,Loyal Customers,0,1
17350,8.0,7.0,1876.161,5,4,4,544,13,Champions,3,1
17351,36.0,12.0,1988.23,4,5,4,454,13,Champions,1,1
17352,696.0,1.0,36.25,1,2,1,121,4,Hibernating/Lost,0,2
17353,129.0,4.0,3155.55,3,4,5,345,12,Loyal Customers,3,1
17354,51.0,4.0,3143.46,4,4,5,445,13,Champions,3,1
17355,386.0,1.0,285.11,2,2,2,222,6,Hibernating/Lost,0,2
17356,312.0,5.0,946.47,2,4,3,243,9,Can't Lose Them,0,1
17357,24.0,2.0,388.14,4,3,2,432,9,Loyal Customers,3,3
17358,303.0,5.0,866.05,2,4,3,243,9,Can't Lose Them,0,1
17359,11.0,2.0,284.46,5,3,2,532,10,Loyal Customers,3,3
17360,17.0,6.0,1201.43,5,4,3,543,12,Champions,3,1
17361,49.0,5.0,880.64,4,4,3,443,11,Champions,3,1
17362,239.0,7.0,1010.54,2,4,3,243,9,Can't Lose Them,0,1
17363,395.0,3.0,940.86,2,3,3,233,8,At Risk,0,0
17364,1.0,28.0,11684.55,5,5,5,555,15,Champions,1,-1
17365,13.0,15.0,8205.83,5,5,5,555,15,Champions,1,1
17366,432.0,2.0,1094.59,1,3,3,133,7,At Risk,0,3
17367,238.0,1.0,168.4,2,2,1,221,5,Hibernating/Lost,0,2
17368,23.0,14.0,2213.24,4,5,4,454,13,Champions,1,1
17369,456.0,1.0,979.1999999999999,1,2,3,123,6,Hibernating/Lost,0,2
17370,73.0,4.0,446.18,3,4,2,342,9,Loyal Customers,3,1
17371,17.0,6.0,662.55,5,4,3,543,12,Champions,3,1
17372,41.0,28.0,4325.43,4,5,5,455,14,Champions,1,-1
17373,40.0,7.0,1167.5,4,4,3,443,11,Champions,3,1
17374,219.0,3.0,711.21,2,3,3,233,8,At Risk,0,0
17375,199.0,4.0,632.95,2,4,3,243,9,Can't Lose Them,0,1
17376,71.0,4.0,453.64,3,4,2,342,9,Loyal Customers,3,1
17377,24.0,78.0,17851.41,4,5,5,455,14,Champions,2,-1
17378,374.0,1.0,0.0,2,2,1,221,5,Hibernating/Lost,0,2
17379,11.0,1.0,404.66,5,2,2,522,9,New Customers,3,2
17380,434.0,3.0,643.75,1,3,3,133,7,At Risk,0,0
17381,9.0,38.0,39999.19,5,5,5,555,15,Champions,2,-1
17382,65.0,8.0,902.28,3,5,3,353,11,Loyal Customers,3,1
17383,4.0,2.0,309.99,5,3,2,532,10,Loyal Customers,3,3
17384,19.0,3.0,507.55,5,3,2,532,10,Loyal Customers,3,0
17385,15.0,1.0,261.11,5,2,1,521,8,New Customers,3,2
17386,8.0,7.0,2812.77,5,4,4,544,13,Champions,1,1
17387,20.0,2.0,784.11,4,3,3,433,10,Loyal Customers,3,3
17388,78.0,11.0,2691.57,3,5,4,354,12,Loyal Customers,1,1
17389,1.0,61.0,54587.03,5,5,5,555,15,Champions,2,-1
17390,421.0,1.0,149.3,1,2,1,121,4,Hibernating/Lost,0,2
17391,164.0,2.0,508.8,3,3,2,332,8,Loyal Customers,0,3
17392,307.0,3.0,626.56,2,3,3,233,8,At Risk,0,0
17393,411.0,2.0,381.15,1,3,2,132,6,At Risk,0,3
17394,219.0,1.0,203.86999999999998,2,2,1,221,5,Hibernating/Lost,0,2
17395,508.0,1.0,97.5,1,2,1,121,4,Hibernating/Lost,0,2
17396,39.0,14.0,8529.6,4,5,5,455,14,Champions,1,1
17397,22.0,3.0,1233.18,4,3,4,434,11,Loyal Customers,3,0
17398,115.0,3.0,653.38,3,3,3,333,9,Loyal Customers,0,0
17400,126.0,8.0,4677.05,3,5,5,355,13,Loyal Customers,1,1
17401,541.0,1.0,114.85,1,2,1,121,4,Hibernating/Lost,0,2
17402,5.0,23.0,5047.08,5,5,5,555,15,Champions,1,1
17403,36.0,2.0,400.57,4,3,2,432,9,Loyal Customers,3,3
17404,4.0,23.0,46006.82,5,5,5,555,15,Champions,2,-1
17405,1.0,3.0,967.22,5,3,3,533,11,Loyal Customers,3,8
17406,333.0,13.0,4592.1,2,5,5,255,12,Can't Lose Them,1,1
17407,412.0,1.0,552.9,1,2,2,122,5,Hibernating/Lost,0,2
17408,163.0,3.0,164.89000000000001,3,3,1,331,7,Loyal Customers,0,0
17409,185.0,10.0,7793.51,3,5,5,355,13,Loyal Customers,1,-1
17410,16.0,5.0,1214.72,5,4,4,544,13,Champions,3,1
17411,12.0,5.0,1286.53,5,4,4,544,13,Champions,3,1
17412,3.0,16.0,4384.98,5,5,5,555,15,Champions,1,1
17413,405.0,2.0,560.14,2,3,2,232,7,At Risk,0,3
17414,44.0,6.0,2249.52,4,4,4,444,12,Champions,3,1
17415,80.0,1.0,507.84,3,2,2,322,7,Potential Loyalists,0,2
17416,30.0,22.0,17221.47,4,5,5,455,14,Champions,1,-1
17417,549.0,1.0,164.18,1,2,1,121,4,Hibernating/Lost,0,2
17418,42.0,3.0,670.0600000000001,4,3,3,433,10,Loyal Customers,3,0
17419,11.0,18.0,6474.92,5,5,5,555,15,Champions,1,1
17420,50.0,6.0,1074.53,4,4,3,443,11,Champions,3,1
17421,386.0,3.0,1059.41,2,3,3,233,8,At Risk,0,0
17422,16.0,11.0,3341.65,5,5,5,555,15,Champions,1,1
17423,46.0,3.0,1084.17,4,3,3,433,10,Loyal Customers,3,0
17425,19.0,2.0,759.17,5,3,3,533,11,Loyal Customers,3,3
17426,8.0,13.0,7606.37,5,5,5,555,15,Champions,1,1
17427,72.0,1.0,100.8,3,2,1,321,6,Potential Loyalists,0,2
17428,1.0,45.0,31238.06,5,5,5,555,15,Champions,2,-1
17429,128.0,5.0,1342.16,3,4,4,344,11,Loyal Customers,3,1
17430,33.0,4.0,735.17,4,4,3,443,11,Champions,3,1
17431,313.0,1.0,403.3,2,2,2,222,6,Hibernating/Lost,0,2
17432,18.0,9.0,1751.39,5,5,4,554,14,Champions,1,1
17433,88.0,2.0,569.96,3,3,2,332,8,Loyal Customers,3,3
17434,2.0,7.0,2333.42,5,4,4,544,13,Champions,1,1
17435,411.0,1.0,331.35,1,2,2,122,5,Hibernating/Lost,0,2
17436,2.0,5.0,521.31,5,4,2,542,11,Champions,3,1
17437,530.0,1.0,373.17,1,2,2,122,5,Hibernating/Lost,0,2
17438,254.0,5.0,1412.6200000000001,2,4,4,244,10,Can't Lose Them,0,1
17439,656.0,1.0,325.74,1,2,2,122,5,Hibernating/Lost,0,2
17440,157.0,4.0,314.26,3,4,2,342,9,Loyal Customers,0,1
17441,732.0,1.0,293.35,1,2,2,122,5,Hibernating/Lost,0,2
17442,37.0,15.0,4500.7,4,5,5,455,14,Champions,1,1
17443,220.0,1.0,534.24,2,2,2,222,6,Hibernating/Lost,0,2
17444,148.0,3.0,2940.04,3,3,5,335,11,Loyal Customers,0,0
17446,177.0,2.0,120.9,3,3,1,331,7,Loyal Customers,0,3
17447,40.0,2.0,541.53,4,3,2,432,9,Loyal Customers,3,3
17448,497.0,46.0,10192.73,1,5,5,155,11,Can't Lose Them,1,-1
17449,2.0,13.0,4935.15,5,5,5,555,15,Champions,1,1
17450,8.0,51.0,233579.38999999998,5,5,5,555,15,Champions,2,-1
17451,1.0,7.0,1648.95,5,4,4,544,13,Champions,1,-1
17453,18.0,2.0,486.71999999999997,5,3,2,532,10,Loyal Customers,3,3
17454,192.0,10.0,1532.64,2,5,4,254,11,Can't Lose Them,3,1
17455,204.0,1.0,131.7,2,2,1,221,5,Hibernating/Lost,0,2
17456,365.0,2.0,1225.42,2,3,4,234,9,At Risk,0,3
17457,127.0,14.0,5799.01,3,5,5,355,13,Loyal Customers,1,1
17458,15.0,2.0,529.58,5,3,2,532,10,Loyal Customers,3,3
17459,43.0,2.0,657.3,4,3,3,433,10,Loyal Customers,3,3
17460,94.0,16.0,2007.4,3,5,4,354,12,Loyal Customers,1,1
17461,23.0,3.0,757.46,4,3,3,433,10,Loyal Customers,3,0
17462,60.0,2.0,662.94,3,3,3,333,9,Loyal Customers,3,3
17463,16.0,7.0,2537.91,5,4,4,544,13,Champions,1,1
17464,158.0,3.0,879.74,3,3,3,333,9,Loyal Customers,0,0
17465,426.0,7.0,2533.64,1,4,4,144,9,Can't Lose Them,0,1
17466,10.0,2.0,763.28,5,3,3,533,11,Loyal Customers,3,3
17467,395.0,1.0,102.6,2,2,1,221,5,Hibernating/Lost,0,2
17468,10.0,3.0,194.8,5,3,1,531,9,Loyal Customers,3,0
17469,16.0,17.0,4958.34,5,5,5,555,15,Champions,1,1
17470,45.0,11.0,2804.87,4,5,4,454,13,Champions,1,1
17471,475.0,1.0,321.65000000000003,1,2,2,122,5,Hibernating/Lost,0,2
17472,191.0,4.0,935.1,2,4,3,243,9,Can't Lose Them,0,1
17473,409.0,2.0,592.15,2,3,2,232,7,At Risk,0,3
17474,600.0,1.0,1047.0,1,2,3,123,6,Hibernating/Lost,0,2
17475,79.0,1.0,194.37,3,2,1,321,6,Potential Loyalists,0,2
17476,396.0,2.0,446.51,2,3,2,232,7,At Risk,0,3
17477,613.0,2.0,1079.0,1,3,3,133,7,At Risk,0,3
17478,408.0,2.0,1272.8,2,3,4,234,9,At Risk,0,3
17479,633.0,1.0,389.26000000000005,1,2,2,122,5,Hibernating/Lost,0,2
17480,78.0,2.0,896.72,3,3,3,333,9,Loyal Customers,3,3
17481,4.0,4.0,1249.34,5,4,4,544,13,Champions,3,1
17482,487.0,2.0,778.19,1,3,3,133,7,At Risk,0,3
17483,65.0,4.0,591.73,3,4,2,342,9,Loyal Customers,3,1
17484,576.0,2.0,209.57,1,3,1,131,5,At Risk,0,3
17486,261.0,1.0,396.87,2,2,2,222,6,Hibernating/Lost,0,2
17487,728.0,1.0,160.55,1,2,1,121,4,Hibernating/Lost,0,2
17488,641.0,1.0,336.5,1,2,2,122,5,Hibernating/Lost,0,2
17489,59.0,2.0,376.64,4,3,2,432,9,Loyal Customers,3,3
17490,1.0,9.0,2585.06,5,5,4,554,14,Champions,1,5
17491,1.0,17.0,5964.12,5,5,5,555,15,Champions,1,9
17492,248.0,3.0,1122.42,2,3,3,233,8,At Risk,0,0
17493,385.0,1.0,100.91000000000001,2,2,1,221,5,Hibernating/Lost,0,2
17494,502.0,1.0,54.699999999999996,1,2,1,121,4,Hibernating/Lost,0,2
17495,8.0,3.0,759.07,5,3,3,533,11,Loyal Customers,3,0
17496,359.0,4.0,1385.89,2,4,4,244,10,Can't Lose Them,0,1
17497,390.0,2.0,287.25,2,3,2,232,7,At Risk,0,3
17498,76.0,1.0,272.22,3,2,2,322,7,Potential Loyalists,0,2
17499,290.0,2.0,1296.84,2,3,4,234,9,At Risk,0,3
17500,17.0,3.0,1138.0,5,3,3,533,11,Loyal Customers,3,0
17501,221.0,2.0,288.6,2,3,2,232,7,At Risk,0,3
17502,9.0,4.0,689.1,5,4,3,543,12,Champions,3,1
17503,3.0,2.0,558.96,5,3,2,532,10,Loyal Customers,3,3
17504,206.0,18.0,9313.37,2,5,5,255,12,Can't Lose Them,1,-1
17505,162.0,5.0,2435.48,3,4,4,344,11,Loyal Customers,0,1
17506,76.0,1.0,294.29,3,2,2,322,7,Potential Loyalists,0,2
17507,262.0,2.0,605.58,2,3,3,233,8,At Risk,0,3
17508,281.0,8.0,4546.78,2,5,5,255,12,Can't Lose Them,0,1
17509,58.0,8.0,6100.74,4,5,5,455,14,Champions,1,1
17510,25.0,2.0,514.56,4,3,2,432,9,Loyal Customers,3,3
17511,3.0,60.0,171885.98,5,5,5,555,15,Champions,2,-1
17512,29.0,18.0,5432.27,4,5,5,455,14,Champions,1,1
17513,72.0,3.0,1158.8,3,3,3,333,9,Loyal Customers,3,0
17514,128.0,2.0,542.83,3,3,2,332,8,Loyal Customers,0,3
17515,31.0,9.0,1617.46,4,5,4,454,13,Champions,1,1
17516,15.0,6.0,957.55,5,4,3,543,12,Champions,3,1
17517,309.0,1.0,153.94,2,2,1,221,5,Hibernating/Lost,0,2
17518,426.0,2.0,329.42,1,3,2,132,6,At Risk,0,3
17519,17.0,15.0,5102.8,5,5,5,555,15,Champions,1,1
17520,54.0,1.0,546.81,4,2,2,422,8,New Customers,3,2
17521,30.0,5.0,1276.81,4,4,4,444,12,Champions,3,1
17522,2.0,5.0,1070.71,5,4,3,543,12,Champions,3,1
17523,11.0,4.0,652.74,5,4,3,543,12,Champions,3,1
17524,361.0,3.0,508.9,2,3,2,232,7,At Risk,0,0
17525,360.0,3.0,1161.9,2,3,3,233,8,At Risk,0,0
17526,5.0,12.0,3676.84,5,5,5,555,15,Champions,1,1
17527,54.0,4.0,888.86,4,4,3,443,11,Champions,3,1
17528,1.0,8.0,3540.1,5,5,5,555,15,Champions,1,5
17529,610.0,2.0,1240.25,1,3,4,134,8,At Risk,0,3
17530,1.0,12.0,3140.56,5,5,5,555,15,Champions,1,5
17531,190.0,3.0,1191.22,2,3,3,233,8,At Risk,0,0
17532,386.0,1.0,65.34,2,2,1,221,5,Hibernating/Lost,0,2
17533,435.0,1.0,34.8,1,2,1,121,4,Hibernating/Lost,0,2
17534,54.0,5.0,1668.83,4,4,4,444,12,Champions,3,1
17535,280.0,1.0,164.4,2,2,1,221,5,Hibernating/Lost,0,2
17536,177.0,3.0,364.83,3,3,2,332,8,Loyal Customers,0,0
17537,30.0,2.0,897.62,4,3,3,433,10,Loyal Customers,3,3
17538,26.0,1.0,98.42,4,2,1,421,7,New Customers,3,2
17539,618.0,4.0,1047.07,1,4,3,143,8,Can't Lose Them,0,1
17540,25.0,6.0,1582.1000000000001,4,4,4,444,12,Champions,3,1
17541,510.0,1.0,124.46,1,2,1,121,4,Hibernating/Lost,0,2
17542,270.0,3.0,341.7,2,3,2,232,7,At Risk,0,0
17543,550.0,1.0,120.05,1,2,1,121,4,Hibernating/Lost,0,2
17544,390.0,3.0,960.69,2,3,3,233,8,At Risk,0,0
17545,43.0,6.0,1448.54,4,4,4,444,12,Champions,3,1
17547,376.0,2.0,680.5500000000001,2,3,3,233,8,At Risk,0,3
17548,234.0,4.0,345.0,2,4,2,242,8,Can't Lose Them,0,1
17549,24.0,2.0,148.86,4,3,1,431,8,Loyal Customers,3,3
17550,197.0,9.0,2206.54,2,5,4,254,11,Can't Lose Them,0,1
17551,359.0,1.0,306.84,2,2,2,222,6,Hibernating/Lost,0,2
17552,60.0,12.0,3039.2,3,5,5,355,13,Loyal Customers,1,1
17553,130.0,4.0,3757.6,3,4,5,345,12,Loyal Customers,3,1
17554,1.0,5.0,1952.45,5,4,4,544,13,Champions,3,7
17555,20.0,5.0,1057.74,4,4,3,443,11,Champions,3,1
17556,206.0,2.0,300.67,2,3,2,232,7,At Risk,0,3
17557,14.0,4.0,575.46,5,4,2,542,11,Champions,3,1
17558,393.0,1.0,259.17,2,2,1,221,5,Hibernating/Lost,0,2
17559,513.0,1.0,167.62,1,2,1,121,4,Hibernating/Lost,0,2
17560,95.0,8.0,1895.8,3,5,4,354,12,Loyal Customers,3,1
17561,19.0,4.0,722.34,5,4,3,543,12,Champions,3,1
17562,14.0,7.0,1107.38,5,4,3,543,12,Champions,3,1
17563,578.0,2.0,309.28000000000003,1,3,2,132,6,At Risk,0,3
17564,24.0,3.0,454.01,4,3,2,432,9,Loyal Customers,3,0
17565,587.0,1.0,131.83,1,2,1,121,4,Hibernating/Lost,0,2
17566,8.0,2.0,901.21,5,3,3,533,11,Loyal Customers,3,3
17567,7.0,9.0,5037.11,5,5,5,555,15,Champions,1,1
17568,633.0,1.0,382.79,1,2,2,122,5,Hibernating/Lost,0,2
17569,332.0,1.0,344.14,2,2,2,222,6,Hibernating/Lost,0,2
17570,382.0,1.0,0.0,2,2,1,221,5,Hibernating/Lost,0,2
17571,50.0,5.0,1703.75,4,4,4,444,12,Champions,3,1
17572,71.0,10.0,723.01,3,5,3,353,11,Loyal Customers,3,1
17573,29.0,3.0,362.9,4,3,2,432,9,Loyal Customers,3,0
17574,243.0,1.0,185.65,2,2,1,221,5,Hibernating/Lost,0,2
17575,667.0,1.0,171.7,1,2,1,121,4,Hibernating/Lost,0,2
17576,8.0,41.0,8885.66,5,5,5,555,15,Champions,1,-1
17577,645.0,2.0,348.75,1,3,2,132,6,At Risk,0,3
17578,218.0,7.0,1003.73,2,4,3,243,9,Can't Lose Them,0,1
17579,5.0,4.0,744.58,5,4,3,543,12,Champions,3,1
17580,253.0,5.0,545.27,2,4,2,242,8,Can't Lose Them,0,1
17581,1.0,43.0,18247.47,5,5,5,555,15,Champions,2,-1
17582,236.0,5.0,1433.7,2,4,4,244,10,Can't Lose Them,0,1
17583,560.0,1.0,135.95,1,2,1,121,4,Hibernating/Lost,0,2
17584,7.0,6.0,5294.42,5,4,5,545,14,Champions,1,1
17585,109.0,7.0,2093.3,3,4,4,344,11,Loyal Customers,3,1
17586,619.0,1.0,167.4,1,2,1,121,4,Hibernating/Lost,0,2
17587,628.0,1.0,181.66,1,2,1,121,4,Hibernating/Lost,0,2
17588,100.0,7.0,2901.65,3,4,5,345,12,Loyal Customers,3,1
17589,60.0,18.0,13904.82,3,5,5,355,13,Loyal Customers,1,-1
17590,2.0,3.0,1479.22,5,3,4,534,12,Loyal Customers,3,0
17591,73.0,8.0,2765.7200000000003,3,5,4,354,12,Loyal Customers,1,1
17592,739.0,1.0,0.0,1,2,1,121,4,Hibernating/Lost,0,2
17593,4.0,11.0,8044.0,5,5,5,555,15,Champions,1,-1
17594,85.0,4.0,2497.88,3,4,4,344,11,Loyal Customers,3,1
17595,12.0,2.0,388.79,5,3,2,532,10,Loyal Customers,3,3
17596,23.0,13.0,4907.32,4,5,5,455,14,Champions,1,1
17597,214.0,5.0,3425.29,2,4,5,245,11,Can't Lose Them,0,1
17598,381.0,1.0,409.98,2,2,2,222,6,Hibernating/Lost,0,2
17599,478.0,1.0,44.55,1,2,1,121,4,Hibernating/Lost,0,2
17600,18.0,1.0,161.67000000000002,5,2,1,521,8,New Customers,3,2
17601,239.0,2.0,421.48,2,3,2,232,7,At Risk,0,3
17602,2.0,14.0,7337.43,5,5,5,555,15,Champions,1,-1
17603,78.0,4.0,120.01000000000002,3,4,1,341,8,Loyal Customers,3,1
17604,217.0,6.0,945.9300000000001,2,4,3,243,9,Can't Lose Them,0,1
17605,590.0,1.0,160.75,1,2,1,121,4,Hibernating/Lost,0,2
17606,737.0,1.0,87.30000000000001,1,2,1,121,4,Hibernating/Lost,0,2
17607,376.0,1.0,333.81,2,2,2,222,6,Hibernating/Lost,0,2
17608,33.0,4.0,498.53,4,4,2,442,10,Champions,3,1
17609,41.0,11.0,1758.99,4,5,4,454,13,Champions,1,1
17610,540.0,5.0,1427.84,1,4,4,144,9,Can't Lose Them,0,1
17611,7.0,28.0,8205.38,5,5,5,555,15,Champions,1,10
17612,53.0,18.0,5156.14,4,5,5,455,14,Champions,1,1
17613,23.0,14.0,4509.37,4,5,5,455,14,Champions,1,1
17614,57.0,1.0,390.07,4,2,2,422,8,New Customers,3,2
17615,130.0,6.0,725.7,3,4,3,343,10,Loyal Customers,3,1
17616,174.0,4.0,1060.8,3,4,3,343,10,Loyal Customers,0,1
17617,559.0,1.0,237.28,1,2,1,121,4,Hibernating/Lost,0,2
17618,6.0,11.0,4047.94,5,5,5,555,15,Champions,1,1
17619,312.0,1.0,218.52,2,2,1,221,5,Hibernating/Lost,0,2
17620,60.0,1.0,81.44,3,2,1,321,6,Potential Loyalists,3,2
17621,21.0,6.0,3029.32,4,4,5,445,13,Champions,3,1
17622,598.0,2.0,1125.17,1,3,3,133,7,At Risk,0,3
17623,33.0,7.0,2383.67,4,4,4,444,12,Champions,3,1
17624,15.0,4.0,1568.63,5,4,4,544,13,Champions,3,1
17625,18.0,8.0,6067.8,5,5,5,555,15,Champions,1,1
17626,603.0,1.0,254.0,1,2,1,121,4,Hibernating/Lost,0,2
17627,479.0,1.0,285.11,1,2,2,122,5,Hibernating/Lost,0,2
17628,81.0,1.0,75.75,3,2,1,321,6,Potential Loyalists,0,2
17629,6.0,10.0,2425.52,5,5,4,554,14,Champions,1,1
17630,170.0,2.0,503.59999999999997,3,3,2,332,8,Loyal Customers,0,3
17631,2.0,7.0,998.49,5,4,3,543,12,Champions,3,1
17633,31.0,7.0,1974.89,4,4,4,444,12,Champions,3,1
17634,36.0,9.0,2361.9700000000003,4,5,4,454,13,Champions,1,1
17635,424.0,3.0,1256.83,1,3,4,134,8,At Risk,0,0
17636,19.0,1.0,265.93,5,2,1,521,8,New Customers,3,2
17637,31.0,2.0,547.0600000000001,4,3,2,432,9,Loyal Customers,3,3
17638,647.0,2.0,842.4,1,3,3,133,7,At Risk,0,3
17639,276.0,6.0,615.17,2,4,3,243,9,Can't Lose Them,0,1
17640,87.0,6.0,3107.59,3,4,5,345,12,Loyal Customers,3,1
17642,120.0,5.0,1824.49,3,4,4,344,11,Loyal Customers,3,1
17643,373.0,2.0,541.25,2,3,2,232,7,At Risk,0,3
17644,1.0,20.0,5864.54,5,5,5,555,15,Champions,1,9
17646,219.0,12.0,4094.1600000000003,2,5,5,255,12,Can't Lose Them,1,1
17647,65.0,3.0,331.65999999999997,3,3,2,332,8,Loyal Customers,3,0
17648,61.0,5.0,2208.42,3,4,4,344,11,Loyal Customers,3,1
17649,138.0,3.0,1542.44,3,3,4,334,10,Loyal Customers,0,0
17650,21.0,1.0,166.08,4,2,1,421,7,New Customers,3,2
17651,12.0,16.0,5632.59,5,5,5,555,15,Champions,1,1
17652,25.0,12.0,4737.13,4,5,5,455,14,Champions,1,1
17653,37.0,4.0,1175.88,4,4,3,443,11,Champions,3,1
17654,277.0,1.0,117.55,2,2,1,221,5,Hibernating/Lost,0,2
17655,11.0,9.0,3585.28,5,5,5,555,15,Champions,1,1
17656,73.0,5.0,1674.69,3,4,4,344,11,Loyal Customers,3,1
17657,430.0,1.0,126.0,1,2,1,121,4,Hibernating/Lost,0,2
17658,26.0,2.0,485.88,4,3,2,432,9,Loyal Customers,3,3
17659,17.0,14.0,3784.13,5,5,5,555,15,Champions,1,1
17660,141.0,2.0,359.47,3,3,2,332,8,Loyal Customers,0,3
17662,662.0,2.0,412.92,1,3,2,132,6,At Risk,0,3
17663,26.0,17.0,5081.04,4,5,5,455,14,Champions,1,1
17664,19.0,4.0,1166.23,5,4,3,543,12,Champions,3,1
17665,493.0,1.0,563.1,1,2,2,122,5,Hibernating/Lost,0,2
17666,4.0,5.0,2047.8,5,4,4,544,13,Champions,3,1
17667,66.0,9.0,3883.8,3,5,5,355,13,Loyal Customers,1,1
17668,1.0,2.0,347.75,5,3,2,532,10,Loyal Customers,3,-1
17669,43.0,10.0,6142.35,4,5,5,455,14,Champions,1,1
17670,228.0,1.0,205.7,2,2,1,221,5,Hibernating/Lost,0,2
17671,16.0,5.0,2114.71,5,4,4,544,13,Champions,3,1
17672,50.0,7.0,5707.08,4,4,5,445,13,Champions,1,1
17673,2.0,13.0,4216.33,5,5,5,555,15,Champions,1,1
17674,74.0,2.0,851.7,3,3,3,333,9,Loyal Customers,3,3
17675,1.0,70.0,37605.840000000004,5,5,5,555,15,Champions,2,-1
17676,4.0,10.0,2722.52,5,5,4,554,14,Champions,1,1
17677,2.0,54.0,35866.63,5,5,5,555,15,Champions,2,-1
17678,264.0,2.0,579.81,2,3,2,232,7,At Risk,0,3
17679,53.0,7.0,3166.56,4,4,5,445,13,Champions,1,1
17680,24.0,3.0,462.5,4,3,2,432,9,Loyal Customers,3,0
17681,597.0,5.0,529.6,1,4,2,142,7,Can't Lose Them,0,1
17682,10.0,11.0,4441.78,5,5,5,555,15,Champions,1,1
17683,386.0,3.0,819.01,2,3,3,233,8,At Risk,0,0
17684,44.0,1.0,239.41,4,2,1,421,7,New Customers,3,2
17685,17.0,12.0,5928.17,5,5,5,555,15,Champions,1,1
17686,7.0,9.0,8296.81,5,5,5,555,15,Champions,1,-1
17687,421.0,1.0,432.68,1,2,2,122,5,Hibernating/Lost,0,2
17688,394.0,1.0,286.5,2,2,2,222,6,Hibernating/Lost,0,2
17689,388.0,2.0,317.08,2,3,2,232,7,At Risk,0,3
17690,30.0,20.0,7438.6,4,5,5,455,14,Champions,1,1
17691,358.0,4.0,769.85,2,4,3,243,9,Can't Lose Them,0,1
17692,127.0,12.0,2962.4,3,5,5,355,13,Loyal Customers,1,1
17693,137.0,1.0,187.02,3,2,1,321,6,Potential Loyalists,0,2
17694,142.0,3.0,1695.97,3,3,4,334,10,Loyal Customers,0,0
17695,132.0,5.0,1720.54,3,4,4,344,11,Loyal Customers,3,1
17696,38.0,27.0,7380.89,4,5,5,455,14,Champions,1,1
17697,236.0,1.0,338.95,2,2,2,222,6,Hibernating/Lost,0,2
17698,261.0,1.0,154.95,2,2,1,221,5,Hibernating/Lost,0,2
17699,477.0,2.0,442.0,1,3,2,132,6,At Risk,0,3
17700,17.0,14.0,6630.87,5,5,5,555,15,Champions,1,1
17701,253.0,1.0,417.95,2,2,2,222,6,Hibernating/Lost,0,2
17702,30.0,6.0,2911.79,4,4,5,445,13,Champions,3,1
17703,35.0,4.0,1094.84,4,4,3,443,11,Champions,3,1
17704,169.0,2.0,885.19,3,3,3,333,9,Loyal Customers,0,3
17705,3.0,11.0,2041.5,5,5,4,554,14,Champions,1,1
17706,4.0,31.0,19543.9,5,5,5,555,15,Champions,2,-1
17707,185.0,8.0,605.0500000000001,3,5,3,353,11,Loyal Customers,0,1
17708,188.0,4.0,887.9300000000001,3,4,3,343,10,Loyal Customers,0,1
17709,170.0,5.0,671.01,3,4,3,343,10,Loyal Customers,0,1
17710,424.0,1.0,293.5,1,2,2,122,5,Hibernating/Lost,0,2
17711,11.0,2.0,385.1,5,3,2,532,10,Loyal Customers,3,3
17712,45.0,1.0,522.91,4,2,2,422,8,New Customers,3,2
17713,382.0,4.0,1198.09,2,4,3,243,9,Can't Lose Them,0,1
17714,321.0,5.0,1376.58,2,4,4,244,10,Can't Lose Them,0,1
17715,201.0,2.0,489.59999999999997,2,3,2,232,7,At Risk,0,3
17716,23.0,24.0,15671.32,4,5,5,455,14,Champions,1,-1
17717,421.0,1.0,376.92,1,2,2,122,5,Hibernating/Lost,0,2
17718,232.0,2.0,386.98,2,3,2,232,7,At Risk,0,3
17719,38.0,15.0,5367.8,4,5,5,455,14,Champions,1,1
17720,26.0,10.0,2715.06,4,5,4,454,13,Champions,1,1
17721,659.0,1.0,307.21000000000004,1,2,2,122,5,Hibernating/Lost,0,2
17722,96.0,5.0,4386.96,3,4,5,345,12,Loyal Customers,3,1
17723,127.0,7.0,3378.4000000000005,3,4,5,345,12,Loyal Customers,3,1
17724,71.0,3.0,995.6500000000001,3,3,3,333,9,Loyal Customers,3,0
17725,16.0,11.0,3371.13,5,5,5,555,15,Champions,1,1
17726,395.0,7.0,1089.56,2,4,3,243,9,Can't Lose Them,0,1
17727,15.0,1.0,1042.55,5,2,3,523,10,New Customers,3,2
17728,4.0,5.0,3861.13,5,4,5,545,14,Champions,3,-1
17729,596.0,1.0,438.65000000000003,1,2,2,122,5,Hibernating/Lost,0,2
17730,3.0,20.0,7757.35,5,5,5,555,15,Champions,1,4
17731,79.0,6.0,1347.08,3,4,4,344,11,Loyal Customers,3,1
17732,373.0,8.0,2448.14,2,5,4,254,11,Can't Lose Them,0,1
17733,39.0,2.0,692.19,4,3,3,433,10,Loyal Customers,3,3
17734,54.0,6.0,1442.32,4,4,4,444,12,Champions,3,1
17735,2.0,26.0,17162.58,5,5,5,555,15,Champions,2,-1
17736,9.0,3.0,337.49,5,3,2,532,10,Loyal Customers,3,0
17737,9.0,2.0,168.24,5,3,1,531,9,Loyal Customers,3,3
17738,19.0,13.0,4145.36,5,5,5,555,15,Champions,1,1
17739,12.0,18.0,7718.14,5,5,5,555,15,Champions,1,1
17740,389.0,6.0,426.9,2,4,2,242,8,Can't Lose Them,0,1
17741,407.0,2.0,101.1,2,3,1,231,6,At Risk,0,3
17742,113.0,11.0,2098.48,3,5,4,354,12,Loyal Customers,1,1
17743,448.0,1.0,208.85,1,2,1,121,4,Hibernating/Lost,0,2
17744,4.0,7.0,2617.82,5,4,4,544,13,Champions,1,1
17745,478.0,2.0,600.34,1,3,2,132,6,At Risk,0,3
17746,240.0,4.0,873.4300000000001,2,4,3,243,9,Can't Lose Them,0,1
17747,113.0,1.0,64.65,3,2,1,321,6,Potential Loyalists,0,2
17748,527.0,1.0,358.15,1,2,2,122,5,Hibernating/Lost,0,2
17749,178.0,3.0,1026.18,3,3,3,333,9,Loyal Customers,0,0
17750,5.0,9.0,1797.57,5,5,4,554,14,Champions,1,1
17751,421.0,1.0,157.85999999999999,1,2,1,121,4,Hibernating/Lost,0,2
17752,359.0,1.0,80.64,2,2,1,221,5,Hibernating/Lost,0,2
17753,464.0,4.0,388.06,1,4,2,142,7,Can't Lose Them,0,1
17754,1.0,13.0,4509.39,5,5,5,555,15,Champions,1,5
17756,376.0,3.0,733.7,2,3,3,233,8,At Risk,0,0
17757,1.0,56.0,9342.84,5,5,5,555,15,Champions,1,-1
17758,19.0,12.0,5012.53,5,5,5,555,15,Champions,1,1
17759,17.0,5.0,1276.91,5,4,4,544,13,Champions,3,1
17760,22.0,6.0,911.68,4,4,3,443,11,Champions,3,1
17761,33.0,1.0,712.78,4,2,3,423,9,New Customers,3,2
17762,456.0,1.0,129.75,1,2,1,121,4,Hibernating/Lost,0,2
17763,263.0,4.0,51.15,2,4,1,241,7,Can't Lose Them,0,1
17764,51.0,5.0,1623.64,4,4,4,444,12,Champions,3,1
17765,159.0,4.0,530.8,3,4,2,342,9,Loyal Customers,0,1
17766,381.0,2.0,299.61,2,3,2,232,7,At Risk,0,3
17767,15.0,2.0,413.05,5,3,2,532,10,Loyal Customers,3,3
17768,8.0,7.0,3504.56,5,4,5,545,14,Champions,1,1
17769,13.0,17.0,6994.66,5,5,5,555,15,Champions,1,1
17770,199.0,5.0,1143.27,2,4,3,243,9,Can't Lose Them,0,1
17771,57.0,4.0,387.41,4,4,2,442,10,Champions,3,1
17772,11.0,3.0,384.77,5,3,2,532,10,Loyal Customers,3,0
17773,514.0,2.0,585.27,1,3,2,132,6,At Risk,0,3
17774,97.0,9.0,2945.7,3,5,5,355,13,Loyal Customers,1,1
17775,255.0,1.0,56.4,2,2,1,221,5,Hibernating/Lost,0,2
17776,387.0,2.0,331.81,2,3,2,232,7,At Risk,0,3
17777,25.0,3.0,665.86,4,3,3,433,10,Loyal Customers,3,0
17778,662.0,1.0,197.70000000000002,1,2,1,121,4,Hibernating/Lost,0,2
17779,21.0,3.0,642.17,4,3,3,433,10,Loyal Customers,3,0
17780,667.0,3.0,352.91,1,3,2,132,6,At Risk,0,0
17781,159.0,2.0,188.02,3,3,1,331,7,Loyal Customers,0,3
17782,383.0,2.0,679.02,2,3,3,233,8,At Risk,0,3
17783,72.0,3.0,379.91,3,3,2,332,8,Loyal Customers,3,0
17784,550.0,1.0,112.86,1,2,1,121,4,Hibernating/Lost,0,2
17785,53.0,3.0,403.38,4,3,2,432,9,Loyal Customers,3,0
17786,85.0,2.0,278.74,3,3,2,332,8,Loyal Customers,3,3
17787,153.0,4.0,2601.4700000000003,3,4,4,344,11,Loyal Customers,0,1
17788,74.0,2.0,1117.9,3,3,3,333,9,Loyal Customers,3,3
17789,281.0,2.0,397.15,2,3,2,232,7,At Risk,0,3
17790,27.0,20.0,2783.61,4,5,4,454,13,Champions,1,1
17791,30.0,1.0,106.1,4,2,1,421,7,New Customers,3,2
17792,467.0,2.0,370.05,1,3,2,132,6,At Risk,0,3
17793,25.0,1.0,323.04,4,2,2,422,8,New Customers,3,2
17794,687.0,2.0,147.3,1,3,1,131,5,At Risk,0,3
17795,180.0,2.0,350.39,3,3,2,332,8,Loyal Customers,0,3
17796,40.0,7.0,1361.99,4,4,4,444,12,Champions,3,1
17797,22.0,8.0,1985.87,4,5,4,454,13,Champions,1,1
17798,582.0,1.0,183.09,1,2,1,121,4,Hibernating/Lost,0,2
17799,22.0,20.0,6216.74,4,5,5,455,14,Champions,1,1
17800,37.0,9.0,1199.01,4,5,3,453,12,Champions,3,1
17801,451.0,3.0,795.78,1,3,3,133,7,At Risk,0,0
17802,82.0,10.0,4915.84,3,5,5,355,13,Loyal Customers,1,1
17803,392.0,1.0,184.66,2,2,1,221,5,Hibernating/Lost,0,2
17804,376.0,3.0,380.13,2,3,2,232,7,At Risk,0,0
17805,74.0,2.0,927.03,3,3,3,333,9,Loyal Customers,3,3
17806,11.0,1.0,546.04,5,2,2,522,9,New Customers,3,2
17807,395.0,3.0,437.87,2,3,2,232,7,At Risk,0,0
17808,549.0,4.0,262.64,1,4,1,141,6,Can't Lose Them,0,1
17809,16.0,20.0,10498.85,5,5,5,555,15,Champions,1,-1
17810,669.0,2.0,344.86,1,3,2,132,6,At Risk,0,3
17811,4.0,47.0,9448.53,5,5,5,555,15,Champions,1,-1
17812,13.0,7.0,1165.8899999999999,5,4,3,543,12,Champions,3,1
17813,14.0,5.0,1714.6,5,4,4,544,13,Champions,3,1
17814,375.0,2.0,1617.32,2,3,4,234,9,At Risk,0,3
17815,393.0,1.0,591.96,2,2,2,222,6,Hibernating/Lost,0,2
17816,37.0,6.0,112.32,4,4,1,441,9,Champions,3,1
17817,4.0,6.0,801.15,5,4,3,543,12,Champions,3,1
17818,738.0,1.0,130.18,1,2,1,121,4,Hibernating/Lost,0,2
17819,72.0,12.0,6568.719999999999,3,5,5,355,13,Loyal Customers,1,1
17820,374.0,1.0,159.51,2,2,1,221,5,Hibernating/Lost,0,2
17821,406.0,1.0,334.62,2,2,2,222,6,Hibernating/Lost,0,2
17822,420.0,5.0,2188.5,1,4,4,144,9,Can't Lose Them,0,1
17823,421.0,2.0,494.25,1,3,2,132,6,At Risk,0,3
17824,51.0,1.0,298.4,4,2,2,422,8,New Customers,3,2
17825,599.0,4.0,731.96,1,4,3,143,8,Can't Lose Them,0,1
17826,374.0,1.0,134.59,2,2,1,221,5,Hibernating/Lost,0,2
17827,5.0,6.0,2381.3,5,4,4,544,13,Champions,3,1
17828,23.0,4.0,1599.97,4,4,4,444,12,Champions,3,1
17829,299.0,5.0,4680.42,2,4,5,245,11,Can't Lose Them,0,1
17830,2.0,3.0,398.7,5,3,2,532,10,Loyal Customers,3,0
17831,33.0,1.0,35.400000000000006,4,2,1,421,7,New Customers,3,2
17832,50.0,1.0,155.37,4,2,1,421,7,New Customers,3,2
17833,723.0,1.0,342.36,1,2,2,122,5,Hibernating/Lost,0,2
17834,415.0,2.0,730.47,1,3,3,133,7,At Risk,0,3
17835,3.0,3.0,350.64,5,3,2,532,10,Loyal Customers,3,0
17836,47.0,1.0,110.21000000000001,4,2,1,421,7,New Customers,3,2
17837,42.0,8.0,1560.53,4,5,4,454,13,Champions,3,1
17838,27.0,13.0,6239.55,4,5,5,455,14,Champions,1,1
17839,42.0,1.0,338.8,4,2,2,422,8,New Customers,3,2
17840,444.0,1.0,185.72,1,2,1,121,4,Hibernating/Lost,0,2
17841,2.0,211.0,69516.19,5,5,5,555,15,Champions,2,-1
17842,602.0,1.0,430.69,1,2,2,122,5,Hibernating/Lost,0,2
17843,303.0,2.0,326.23,2,3,2,232,7,At Risk,0,3
17844,107.0,1.0,51.559999999999995,3,2,1,321,6,Potential Loyalists,0,2
17845,555.0,4.0,598.19,1,4,2,142,7,Can't Lose Them,0,1
17846,85.0,1.0,2033.1,3,2,4,324,9,Potential Loyalists,0,2
17847,516.0,2.0,129.69,1,3,1,131,5,At Risk,0,3
17848,81.0,30.0,3638.15,3,5,5,355,13,Loyal Customers,1,-1
17849,218.0,8.0,1063.76,2,5,3,253,10,Can't Lose Them,0,1
17850,372.0,155.0,55703.130000000005,2,5,5,255,12,Can't Lose Them,2,-1
17851,422.0,6.0,1563.34,1,4,4,144,9,Can't Lose Them,0,1
17852,12.0,5.0,663.21,5,4,3,543,12,Champions,3,1
17853,407.0,3.0,1608.19,2,3,4,234,9,At Risk,0,0
17854,185.0,6.0,1071.45,3,4,3,343,10,Loyal Customers,0,1
17855,373.0,1.0,417.94,2,2,2,222,6,Hibernating/Lost,0,2
17856,2.0,4.0,1393.79,5,4,4,544,13,Champions,3,1
17857,4.0,24.0,28566.54,5,5,5,555,15,Champions,2,-1
17858,6.0,30.0,12723.3,5,5,5,555,15,Champions,1,12
17859,305.0,1.0,148.21,2,2,1,221,5,Hibernating/Lost,0,2
17860,369.0,4.0,1015.54,2,4,3,243,9,Can't Lose Them,0,1
17861,3.0,18.0,5064.59,5,5,5,555,15,Champions,1,1
17862,324.0,4.0,1279.09,2,4,4,244,10,Can't Lose Them,0,1
17863,59.0,12.0,5745.2,4,5,5,455,14,Champions,1,1
17864,13.0,5.0,924.32,5,4,3,543,12,Champions,3,1
17865,31.0,46.0,25649.05,4,5,5,455,14,Champions,2,-1
17866,143.0,3.0,1131.0,3,3,3,333,9,Loyal Customers,0,0
17867,30.0,15.0,895.78,4,5,3,453,12,Champions,1,-1
17868,386.0,1.0,234.65,2,2,1,221,5,Hibernating/Lost,0,2
17869,107.0,7.0,1036.16,3,4,3,343,10,Loyal Customers,3,1
17870,2.0,13.0,3103.2,5,5,5,555,15,Champions,1,1
17871,205.0,5.0,1118.99,2,4,3,243,9,Can't Lose Them,0,1
17872,382.0,1.0,235.87,2,2,1,221,5,Hibernating/Lost,0,2
17873,80.0,18.0,6229.56,3,5,5,355,13,Loyal Customers,1,1
17874,185.0,6.0,658.26,3,4,3,343,10,Loyal Customers,0,1
17875,688.0,1.0,167.1,1,2,1,121,4,Hibernating/Lost,0,2
17876,400.0,3.0,3424.02,2,3,5,235,10,At Risk,0,0
17877,170.0,1.0,237.61,3,2,1,321,6,Potential Loyalists,0,2
17878,44.0,3.0,1412.33,4,3,4,434,11,Loyal Customers,3,0
17879,174.0,1.0,178.51999999999998,3,2,1,321,6,Potential Loyalists,0,2
17880,365.0,3.0,824.9200000000001,2,3,3,233,8,At Risk,0,0
17881,304.0,1.0,133.35000000000002,2,2,1,221,5,Hibernating/Lost,0,2
17882,379.0,2.0,313.46,2,3,2,232,7,At Risk,0,3
17883,3.0,7.0,979.95,5,4,3,543,12,Champions,3,1
17884,4.0,20.0,3028.89,5,5,5,555,15,Champions,1,1
17885,12.0,1.0,190.19,5,2,1,521,8,New Customers,3,2
17886,32.0,6.0,1598.43,4,4,4,444,12,Champions,3,1
17887,129.0,1.0,111.35,3,2,1,321,6,Potential Loyalists,0,2
17888,21.0,25.0,1318.9,4,5,4,454,13,Champions,1,-1
17889,212.0,7.0,774.87,2,4,3,243,9,Can't Lose Them,0,1
17890,323.0,2.0,602.09,2,3,3,233,8,At Risk,0,3
17891,162.0,1.0,203.85999999999999,3,2,1,321,6,Potential Loyalists,0,2
17892,56.0,3.0,244.1,4,3,1,431,8,Loyal Customers,3,0
17893,225.0,1.0,112.25,2,2,1,221,5,Hibernating/Lost,0,2
17894,72.0,18.0,2397.66,3,5,4,354,12,Loyal Customers,1,1
17895,44.0,1.0,98.0,4,2,1,421,7,New Customers,3,2
17896,23.0,1.0,256.32,4,2,1,421,7,New Customers,3,2
17897,173.0,9.0,2534.0,3,5,4,354,12,Loyal Customers,1,1
17898,85.0,4.0,299.18,3,4,2,342,9,Loyal Customers,3,1
17899,159.0,1.0,155.8,3,2,1,321,6,Potential Loyalists,0,2
17900,190.0,2.0,15.0,2,3,1,231,6,At Risk,0,3
17901,29.0,3.0,260.08,4,3,1,431,8,Loyal Customers,3,0
17902,547.0,1.0,216.39999999999998,1,2,1,121,4,Hibernating/Lost,0,2
17903,394.0,1.0,381.09000000000003,2,2,2,222,6,Hibernating/Lost,0,2
17904,21.0,1.0,178.92,4,2,1,421,7,New Customers,3,2
17905,71.0,13.0,2374.22,3,5,4,354,12,Loyal Customers,1,1
17906,247.0,1.0,72.9,2,2,1,221,5,Hibernating/Lost,0,2
17907,641.0,1.0,291.76,1,2,2,122,5,Hibernating/Lost,0,2
17908,374.0,5.0,1357.89,2,4,4,244,10,Can't Lose Them,0,1
17909,737.0,1.0,132.55,1,2,1,121,4,Hibernating/Lost,0,2
17910,726.0,1.0,261.7,1,2,1,121,4,Hibernating/Lost,0,2
17911,9.0,1.0,366.23,5,2,2,522,9,New Customers,3,2
17912,310.0,6.0,360.1,2,4,2,242,8,Can't Lose Them,0,1
17913,59.0,14.0,3479.64,4,5,5,455,14,Champions,1,1
17914,4.0,1.0,336.43,5,2,2,522,9,New Customers,3,2
17915,551.0,1.0,242.13,1,2,1,121,4,Hibernating/Lost,0,2
17916,629.0,2.0,43.87,1,3,1,131,5,At Risk,0,3
17917,45.0,3.0,341.28,4,3,2,432,9,Loyal Customers,3,0
17918,501.0,3.0,396.39,1,3,2,132,6,At Risk,0,0
17919,88.0,2.0,1840.32,3,3,4,334,10,Loyal Customers,3,3
17920,4.0,54.0,24509.91,5,5,5,555,15,Champions,2,-1
17921,64.0,10.0,2383.35,3,5,4,354,12,Loyal Customers,1,1
17922,543.0,1.0,170.4,1,2,1,121,4,Hibernating/Lost,0,2
17923,282.0,3.0,497.0,2,3,2,232,7,At Risk,0,0
17924,12.0,8.0,3445.28,5,5,5,555,15,Champions,1,1
17925,373.0,1.0,488.16,2,2,2,222,6,Hibernating/Lost,0,2
17926,133.0,5.0,1035.49,3,4,3,343,10,Loyal Customers,3,1
17927,722.0,1.0,294.0,1,2,2,122,5,Hibernating/Lost,0,2
17928,45.0,3.0,341.24,4,3,2,432,9,Loyal Customers,3,0
17929,11.0,12.0,3073.6,5,5,5,555,15,Champions,1,1
17930,36.0,13.0,4242.92,4,5,5,455,14,Champions,1,1
17931,134.0,14.0,3305.96,3,5,5,355,13,Loyal Customers,1,1
17932,29.0,3.0,1331.57,4,3,4,434,11,Loyal Customers,3,0
17933,632.0,1.0,114.69,1,2,1,121,4,Hibernating/Lost,0,2
17934,52.0,3.0,1049.15,4,3,3,433,10,Loyal Customers,3,0
17935,138.0,7.0,655.54,3,4,3,343,10,Loyal Customers,3,1
17936,5.0,1.0,389.84,5,2,2,522,9,New Customers,3,2
17937,9.0,7.0,4301.22,5,4,5,545,14,Champions,1,1
17938,420.0,1.0,144.29,1,2,1,121,4,Hibernating/Lost,0,2
17939,160.0,1.0,99.14,3,2,1,321,6,Potential Loyalists,0,2
17940,49.0,16.0,26960.02,4,5,5,455,14,Champions,2,-1
17941,131.0,4.0,1433.28,3,4,4,344,11,Loyal Customers,0,1
17942,8.0,1.0,77.50000000000001,5,2,1,521,8,New Customers,3,2
17944,423.0,1.0,75.41,1,2,1,121,4,Hibernating/Lost,0,2
17945,697.0,3.0,360.35,1,3,2,132,6,At Risk,0,0
17946,233.0,2.0,149.57999999999998,2,3,1,231,6,At Risk,0,3
17947,37.0,1.0,176.68,4,2,1,421,7,New Customers,3,2
17948,147.0,1.0,358.56000000000006,3,2,2,322,7,Potential Loyalists,0,2
17949,1.0,118.0,98895.59,5,5,5,555,15,Champions,2,-1
17950,72.0,7.0,1412.65,3,4,4,344,11,Loyal Customers,3,1
17951,40.0,4.0,1618.38,4,4,4,444,12,Champions,3,1
17952,378.0,4.0,819.61,2,4,3,243,9,Can't Lose Them,0,1
17953,540.0,1.0,160.82,1,2,1,121,4,Hibernating/Lost,0,2
17954,5.0,19.0,3831.56,5,5,5,555,15,Champions,1,1
17955,199.0,6.0,949.9,2,4,3,243,9,Can't Lose Them,0,1
17956,249.0,1.0,12.75,2,2,1,221,5,Hibernating/Lost,0,2
17957,66.0,1.0,111.68,3,2,1,321,6,Potential Loyalists,3,2
17958,117.0,2.0,973.88,3,3,3,333,9,Loyal Customers,0,3
17959,592.0,1.0,140.75,1,2,1,121,4,Hibernating/Lost,0,2
17960,171.0,3.0,135.08,3,3,1,331,7,Loyal Customers,0,0
17961,21.0,100.0,2979.09,4,5,5,455,14,Champions,1,-1
17962,142.0,4.0,673.02,3,4,3,343,10,Loyal Customers,0,1
17963,471.0,4.0,651.51,1,4,3,143,8,Can't Lose Them,0,1
17964,32.0,2.0,733.46,4,3,3,433,10,Loyal Customers,3,3
17965,38.0,29.0,7117.78,4,5,5,455,14,Champions,1,-1
17966,38.0,10.0,1974.42,4,5,4,454,13,Champions,1,1
17967,372.0,2.0,357.28999999999996,2,3,2,232,7,At Risk,0,3
17968,374.0,4.0,888.04,2,4,3,243,9,Can't Lose Them,0,1
17969,166.0,20.0,2251.19,3,5,4,354,12,Loyal Customers,1,-1
17970,211.0,1.0,582.59,2,2,2,222,6,Hibernating/Lost,0,2
17971,548.0,1.0,161.94,1,2,1,121,4,Hibernating/Lost,0,2
17972,242.0,1.0,136.04,2,2,1,221,5,Hibernating/Lost,0,2
17973,52.0,1.0,337.04,4,2,2,422,8,New Customers,3,2
17974,25.0,6.0,1858.06,4,4,4,444,12,Champions,3,1
17975,15.0,24.0,6927.68,5,5,5,555,15,Champions,1,1
17976,372.0,1.0,706.38,2,2,3,223,7,Hibernating/Lost,0,2
17977,29.0,2.0,1507.73,4,3,4,434,11,Loyal Customers,3,3
17978,365.0,4.0,1461.76,2,4,4,244,10,Can't Lose Them,0,1
17979,36.0,4.0,737.81,4,4,3,443,11,Champions,3,1
17980,166.0,4.0,1033.42,3,4,3,343,10,Loyal Customers,0,1
17981,411.0,1.0,239.12,1,2,1,121,4,Hibernating/Lost,0,2
17982,681.0,1.0,138.18,1,2,1,121,4,Hibernating/Lost,0,2
17983,395.0,1.0,171.71,2,2,1,221,5,Hibernating/Lost,0,2
17984,145.0,5.0,1191.27,3,4,3,343,10,Loyal Customers,0,1
17985,22.0,1.0,634.95,4,2,3,423,9,New Customers,3,2
17986,56.0,1.0,20.8,4,2,1,421,7,New Customers,3,2
17987,185.0,5.0,928.12,3,4,3,343,10,Loyal Customers,0,1
17988,12.0,14.0,479.59,5,5,2,552,12,Champions,1,-1
17989,379.0,1.0,228.82999999999998,2,2,1,221,5,Hibernating/Lost,0,2
17990,237.0,6.0,1522.5700000000002,2,4,4,244,10,Can't Lose Them,0,1
17991,225.0,3.0,320.55,2,3,2,232,7,At Risk,0,0
17992,389.0,1.0,254.13,2,2,1,221,5,Hibernating/Lost,0,2
17993,617.0,1.0,235.19,1,2,1,121,4,Hibernating/Lost,0,2
17994,122.0,11.0,2262.87,3,5,4,354,12,Loyal Customers,1,1
17995,282.0,3.0,495.48,2,3,2,232,7,At Risk,0,0
17996,380.0,3.0,482.33,2,3,2,232,7,At Risk,0,0
17997,74.0,8.0,1511.3,3,5,4,354,12,Loyal Customers,3,1
17998,380.0,3.0,601.74,2,3,3,233,8,At Risk,0,0
17999,37.0,3.0,730.9,4,3,3,433,10,Loyal Customers,3,0
18000,564.0,1.0,124.25,1,2,1,121,4,Hibernating/Lost,0,2
18001,12.0,6.0,953.84,5,4,3,543,12,Champions,3,1
18002,376.0,4.0,249.92,2,4,1,241,7,Can't Lose Them,0,1
18003,376.0,1.0,358.61,2,2,2,222,6,Hibernating/Lost,0,2
18004,362.0,1.0,169.47,2,2,1,221,5,Hibernating/Lost,0,2
18005,4.0,2.0,249.72,5,3,1,531,9,Loyal Customers,3,3
18006,23.0,4.0,997.86,4,4,3,443,11,Champions,3,1
18007,393.0,1.0,220.32,2,2,1,221,5,Hibernating/Lost,0,2
18008,70.0,23.0,19787.13,3,5,5,355,13,Loyal Customers,2,-1
18009,235.0,8.0,2077.08,2,5,4,254,11,Can't Lose Them,0,1
18010,257.0,1.0,174.8,2,2,1,221,5,Hibernating/Lost,0,2
18011,373.0,2.0,527.03,2,3,2,232,7,At Risk,0,3
18012,723.0,1.0,115.3,1,2,1,121,4,Hibernating/Lost,0,2
18013,155.0,2.0,187.29,3,3,1,331,7,Loyal Customers,0,3
18014,28.0,1.0,166.42,4,2,1,421,7,New Customers,3,2
18015,4.0,1.0,120.03,5,2,1,521,8,New Customers,3,2
18016,32.0,7.0,1960.46,4,4,4,444,12,Champions,3,1
18017,81.0,4.0,688.0,3,4,3,343,10,Loyal Customers,3,1
18018,108.0,4.0,156.69,3,4,1,341,8,Loyal Customers,3,1
18019,52.0,1.0,38.45,4,2,1,421,7,New Customers,3,2
18020,544.0,1.0,129.28,1,2,1,121,4,Hibernating/Lost,0,2
18021,510.0,2.0,227.06,1,3,1,131,5,At Risk,0,3
18022,36.0,5.0,1651.79,4,4,4,444,12,Champions,3,1
18024,153.0,2.0,236.77999999999997,3,3,1,331,7,Loyal Customers,0,3
18025,380.0,6.0,1177.72,2,4,3,243,9,Can't Lose Them,0,1
18026,501.0,2.0,2074.07,1,3,4,134,8,At Risk,0,3
18027,99.0,1.0,115.31,3,2,1,321,6,Potential Loyalists,0,2
18028,583.0,1.0,192.05,1,2,1,121,4,Hibernating/Lost,0,2
18029,642.0,1.0,433.77,1,2,2,122,5,Hibernating/Lost,0,2
18030,4.0,2.0,220.7,5,3,1,531,9,Loyal Customers,3,3
18031,379.0,1.0,462.09999999999997,2,2,2,222,6,Hibernating/Lost,0,2
18032,334.0,1.0,73.5,2,2,1,221,5,Hibernating/Lost,0,2
18033,65.0,1.0,97.97,3,2,1,321,6,Potential Loyalists,3,2
18034,22.0,3.0,793.7,4,3,3,433,10,Loyal Customers,3,0
18035,36.0,5.0,1276.74,4,4,4,444,12,Champions,3,1
18036,32.0,11.0,1563.6399999999999,4,5,4,454,13,Champions,1,1
18037,154.0,15.0,167.42,3,5,1,351,9,Loyal Customers,1,-1
18038,556.0,1.0,149.41,1,2,1,121,4,Hibernating/Lost,0,2
18039,374.0,4.0,579.17,2,4,2,242,8,Can't Lose Them,0,1
18040,19.0,2.0,357.20000000000005,5,3,2,532,10,Loyal Customers,3,3
18041,12.0,38.0,8669.65,5,5,5,555,15,Champions,1,-1
18042,54.0,2.0,281.15,4,3,2,432,9,Loyal Customers,3,3
18043,25.0,3.0,875.97,4,3,3,433,10,Loyal Customers,3,0
18044,4.0,18.0,3502.66,5,5,5,555,15,Champions,1,1
18045,45.0,1.0,189.4,4,2,1,421,7,New Customers,3,2
18046,650.0,1.0,189.63,1,2,1,121,4,Hibernating/Lost,0,2
18047,381.0,2.0,342.69,2,3,2,232,7,At Risk,0,3
18048,203.0,3.0,401.73,2,3,2,232,7,At Risk,0,0
18049,437.0,2.0,556.52,1,3,2,132,6,At Risk,0,3
18050,359.0,2.0,412.06,2,3,2,232,7,At Risk,0,3
18051,634.0,7.0,2275.98,1,4,4,144,9,Can't Lose Them,0,1
18052,565.0,1.0,10877.18,1,2,5,125,8,Hibernating/Lost,0,-1
18053,71.0,3.0,527.77,3,3,2,332,8,Loyal Customers,3,0
18054,393.0,1.0,176.5,2,2,1,221,5,Hibernating/Lost,0,2
18055,7.0,14.0,11163.52,5,5,5,555,15,Champions,1,-1
18056,288.0,2.0,539.75,2,3,2,232,7,At Risk,0,3
18057,393.0,3.0,1203.56,2,3,3,233,8,At Risk,0,0
18058,10.0,3.0,774.06,5,3,3,533,11,Loyal Customers,3,0
18059,23.0,3.0,296.71,4,3,2,432,9,Loyal Customers,3,0
18060,408.0,2.0,1185.46,2,3,3,233,8,At Risk,0,3
18061,22.0,28.0,6480.47,4,5,5,455,14,Champions,1,-1
18062,173.0,6.0,1523.3700000000001,3,4,4,344,11,Loyal Customers,0,1
18063,391.0,2.0,186.60000000000002,2,3,1,231,6,At Risk,0,3
18064,133.0,11.0,4441.18,3,5,5,355,13,Loyal Customers,1,1
18065,6.0,29.0,5836.88,5,5,5,555,15,Champions,1,-1
18066,75.0,3.0,1440.4,3,3,4,334,10,Loyal Customers,3,0
18067,40.0,1.0,396.33,4,2,2,422,8,New Customers,3,2
18068,289.0,1.0,101.69999999999999,2,2,1,221,5,Hibernating/Lost,0,2
18069,26.0,11.0,4525.71,4,5,5,455,14,Champions,1,1
18070,669.0,1.0,307.75,1,2,2,122,5,Hibernating/Lost,0,2
18071,258.0,6.0,1428.63,2,4,4,244,10,Can't Lose Them,0,1
18072,186.0,1.0,-5.329070518200751e-15,3,2,1,321,6,Potential Loyalists,0,2
18073,114.0,12.0,3864.44,3,5,5,355,13,Loyal Customers,1,1
18074,374.0,2.0,1509.04,2,3,4,234,9,At Risk,0,3
18075,23.0,20.0,5579.91,4,5,5,455,14,Champions,1,1
18076,380.0,1.0,151.49,2,2,1,221,5,Hibernating/Lost,0,2
18077,8.0,18.0,4338.56,5,5,5,555,15,Champions,1,1
18078,217.0,4.0,844.6,2,4,3,243,9,Can't Lose Them,0,1
18079,45.0,5.0,4242.75,4,4,5,445,13,Champions,3,1
18080,19.0,2.0,1231.5,5,3,4,534,12,Loyal Customers,3,3
18081,36.0,3.0,343.45,4,3,2,432,9,Loyal Customers,3,0
18082,26.0,1.0,703.37,4,2,3,423,9,New Customers,3,2
18083,398.0,1.0,470.72999999999996,2,2,2,222,6,Hibernating/Lost,0,2
18084,16.0,3.0,193.72999999999996,5,3,1,531,9,Loyal Customers,3,0
18085,330.0,4.0,1645.75,2,4,4,244,10,Can't Lose Them,0,1
18086,274.0,1.0,101.34,2,2,1,221,5,Hibernating/Lost,0,2
18087,98.0,17.0,14411.619999999999,3,5,5,355,13,Loyal Customers,1,-1
18088,61.0,1.0,167.67000000000002,3,2,1,321,6,Potential Loyalists,3,2
18089,447.0,1.0,428.45,1,2,2,122,5,Hibernating/Lost,0,2
18090,422.0,1.0,349.4,1,2,2,122,5,Hibernating/Lost,0,2
18091,593.0,1.0,360.85,1,2,2,122,5,Hibernating/Lost,0,2
18092,2.0,18.0,16173.19,5,5,5,555,15,Champions,1,-1
18093,93.0,8.0,4429.61,3,5,5,355,13,Loyal Customers,1,1
18094,82.0,13.0,6322.62,3,5,5,355,13,Loyal Customers,1,1
18095,313.0,5.0,2303.09,2,4,4,244,10,Can't Lose Them,0,1
18096,12.0,6.0,1805.28,5,4,4,544,13,Champions,3,1
18097,8.0,11.0,4652.17,5,5,5,555,15,Champions,1,1
18098,396.0,1.0,550.84,2,2,2,222,6,Hibernating/Lost,0,2
18099,127.0,1.0,168.31,3,2,1,321,6,Potential Loyalists,0,2
18100,550.0,1.0,451.56,1,2,2,122,5,Hibernating/Lost,0,2
18101,11.0,5.0,629.16,5,4,3,543,12,Champions,3,1
18102,1.0,145.0,598215.22,5,5,5,555,15,Champions,2,-1
18103,549.0,1.0,105.8,1,2,1,121,4,Hibernating/Lost,0,2
18104,37.0,1.0,754.64,4,2,3,423,9,New Customers,3,2
18105,38.0,1.0,113.48000000000002,4,2,1,421,7,New Customers,3,2
18106,330.0,6.0,1461.46,2,4,4,244,10,Can't Lose Them,0,1
18107,442.0,1.0,167.13,1,2,1,121,4,Hibernating/Lost,0,2
18108,254.0,3.0,842.46,2,3,3,233,8,At Risk,0,0
18109,2.0,38.0,9754.66,5,5,5,555,15,Champions,1,-1
18110,20.0,2.0,405.18,4,3,2,432,9,Loyal Customers,3,3
18111,589.0,1.0,398.9,1,2,2,122,5,Hibernating/Lost,0,2
18112,12.0,4.0,775.96,5,4,3,543,12,Champions,3,1
18113,369.0,1.0,152.64000000000001,2,2,1,221,5,Hibernating/Lost,0,2
18114,290.0,1.0,220.1,2,2,1,221,5,Hibernating/Lost,0,2
18115,698.0,1.0,9.700000000000001,1,2,1,121,4,Hibernating/Lost,0,2
18116,68.0,13.0,2154.3,3,5,4,354,12,Loyal Customers,1,1
18117,26.0,1.0,320.72,4,2,2,422,8,New Customers,3,2
18118,11.0,29.0,6670.07,5,5,5,555,15,Champions,1,-1
18119,368.0,1.0,362.24,2,2,2,222,6,Hibernating/Lost,0,2
18120,214.0,1.0,111.15,2,2,1,221,5,Hibernating/Lost,0,2
18121,149.0,2.0,673.1,3,3,3,333,9,Loyal Customers,0,3
18122,8.0,6.0,1826.21,5,4,4,544,13,Champions,3,1
18123,24.0,3.0,684.59,4,3,3,433,10,Loyal Customers,3,0
18124,472.0,1.0,111.53,1,2,1,121,4,Hibernating/Lost,0,2
18125,30.0,4.0,1141.34,4,4,3,443,11,Champions,3,1
18126,61.0,1.0,206.82999999999998,3,2,1,321,6,Potential Loyalists,3,2
18127,19.0,4.0,561.53,5,4,2,542,11,Champions,3,1
18128,537.0,1.0,420.04,1,2,2,122,5,Hibernating/Lost,0,2
18129,243.0,1.0,112.55000000000001,2,2,1,221,5,Hibernating/Lost,0,2
18130,15.0,3.0,1045.74,5,3,3,533,11,Loyal Customers,3,0
18131,632.0,1.0,222.95999999999998,1,2,1,121,4,Hibernating/Lost,0,2
18132,504.0,1.0,226.9,1,2,1,121,4,Hibernating/Lost,0,2
18133,212.0,1.0,715.4999999999999,2,2,3,223,7,Hibernating/Lost,0,2
18134,598.0,2.0,445.0,1,3,2,132,6,At Risk,0,3
18135,29.0,10.0,1229.22,4,5,4,454,13,Champions,1,1
18136,63.0,5.0,1531.71,3,4,4,344,11,Loyal Customers,3,1
18137,551.0,2.0,145.99,1,3,1,131,5,At Risk,0,3
18138,295.0,1.0,152.65,2,2,1,221,5,Hibernating/Lost,0,2
18139,18.0,6.0,8393.22,5,4,5,545,14,Champions,1,-1
18140,474.0,1.0,536.41,1,2,2,122,5,Hibernating/Lost,0,2
18141,402.0,2.0,838.57,2,3,3,233,8,At Risk,0,3
18142,157.0,2.0,1014.9,3,3,3,333,9,Loyal Customers,0,3
18143,117.0,2.0,1000.16,3,3,3,333,9,Loyal Customers,0,3
18144,8.0,19.0,5058.0,5,5,5,555,15,Champions,1,1
18145,13.0,11.0,5600.09,5,5,5,555,15,Champions,1,1
18146,141.0,2.0,160.35000000000002,3,3,1,331,7,Loyal Customers,0,3
18147,46.0,2.0,179.33999999999997,4,3,1,431,8,Loyal Customers,3,3
18148,647.0,1.0,114.10000000000001,1,2,1,121,4,Hibernating/Lost,0,2
18149,51.0,7.0,1624.71,4,4,4,444,12,Champions,3,1
18150,32.0,3.0,566.58,4,3,2,432,9,Loyal Customers,3,0
18151,135.0,6.0,1853.94,3,4,4,344,11,Loyal Customers,3,1
18152,646.0,1.0,426.69,1,2,2,122,5,Hibernating/Lost,0,2
18153,659.0,1.0,246.22,1,2,1,121,4,Hibernating/Lost,0,2
18154,3.0,5.0,932.6,5,4,3,543,12,Champions,3,1
18155,75.0,3.0,347.82,3,3,2,332,8,Loyal Customers,3,0
18156,13.0,2.0,941.1700000000001,5,3,3,533,11,Loyal Customers,3,3
18157,571.0,1.0,215.35,1,2,1,121,4,Hibernating/Lost,0,2
18158,9.0,2.0,451.75,5,3,2,532,10,Loyal Customers,3,3
18159,301.0,1.0,530.15,2,2,2,222,6,Hibernating/Lost,0,2
18160,57.0,3.0,1003.88,4,3,3,433,10,Loyal Customers,3,0
18161,15.0,6.0,1797.2,5,4,4,544,13,Champions,3,1
18162,732.0,1.0,379.16,1,2,2,122,5,Hibernating/Lost,0,2
18163,584.0,1.0,639.34,1,2,3,123,6,Hibernating/Lost,0,2
18164,37.0,1.0,394.7,4,2,2,422,8,New Customers,3,2
18165,177.0,1.0,302.46000000000004,3,2,2,322,7,Potential Loyalists,0,2
18166,624.0,1.0,175.5,1,2,1,121,4,Hibernating/Lost,0,2
18167,23.0,3.0,1355.51,4,3,4,434,11,Loyal Customers,3,0
18168,176.0,16.0,3670.12,3,5,5,355,13,Loyal Customers,1,-1
18169,61.0,1.0,202.65,3,2,1,321,6,Potential Loyalists,3,2
18170,33.0,9.0,2878.0,4,5,4,454,13,Champions,1,1
18171,59.0,9.0,2414.51,4,5,4,454,13,Champions,1,1
18172,15.0,52.0,17301.83,5,5,5,555,15,Champions,2,-1
18173,87.0,5.0,2696.36,3,4,4,344,11,Loyal Customers,3,1
18174,7.0,2.0,162.5,5,3,1,531,9,Loyal Customers,3,3
18175,676.0,1.0,176.1,1,2,1,121,4,Hibernating/Lost,0,2
18176,358.0,1.0,448.65,2,2,2,222,6,Hibernating/Lost,0,2
18177,31.0,9.0,2189.62,4,5,4,454,13,Champions,1,1
18178,129.0,11.0,6054.49,3,5,5,355,13,Loyal Customers,1,1
18179,9.0,8.0,2547.55,5,5,4,554,14,Champions,1,1
18180,5.0,6.0,1843.75,5,4,4,544,13,Champions,3,1
18181,24.0,5.0,1184.21,4,4,3,443,11,Champions,3,1
18182,463.0,1.0,291.13,1,2,2,122,5,Hibernating/Lost,0,2
18183,227.0,2.0,600.52,2,3,2,232,7,At Risk,0,3
18184,15.0,1.0,49.8,5,2,1,521,8,New Customers,3,2
18185,249.0,1.0,304.25,2,2,2,222,6,Hibernating/Lost,0,2
18186,723.0,1.0,329.58,1,2,2,122,5,Hibernating/Lost,0,2
18187,632.0,1.0,682.19,1,2,3,123,6,Hibernating/Lost,0,2
18188,15.0,6.0,3263.19,5,4,5,545,14,Champions,3,1
18189,78.0,3.0,1396.58,3,3,4,334,10,Loyal Customers,3,0
18190,192.0,5.0,735.6700000000001,2,4,3,243,9,Can't Lose Them,0,1
18191,262.0,2.0,529.4,2,3,2,232,7,At Risk,0,3
18192,72.0,1.0,957.97,3,2,3,323,8,Potential Loyalists,3,2
18193,165.0,3.0,1155.7,3,3,3,333,9,Loyal Customers,0,0
18194,82.0,6.0,4084.2000000000003,3,4,5,345,12,Loyal Customers,3,1
18195,387.0,1.0,101.16,2,2,1,221,5,Hibernating/Lost,0,2
18196,95.0,4.0,1464.31,3,4,4,344,11,Loyal Customers,3,1
18197,576.0,1.0,221.4,1,2,1,121,4,Hibernating/Lost,0,2
18198,4.0,17.0,5083.06,5,5,5,555,15,Champions,1,1
18199,684.0,1.0,342.2,1,2,2,122,5,Hibernating/Lost,0,2
18200,106.0,1.0,163.8,3,2,1,321,6,Potential Loyalists,0,2
18201,723.0,1.0,447.53000000000003,1,2,2,122,5,Hibernating/Lost,0,2
18202,200.0,3.0,1396.99,2,3,4,234,9,At Risk,0,0
18203,157.0,4.0,504.42,3,4,2,342,9,Loyal Customers,0,1
18204,71.0,3.0,1979.3,3,3,4,334,10,Loyal Customers,3,0
18205,36.0,2.0,517.36,4,3,2,432,9,Loyal Customers,3,3
18206,553.0,1.0,314.65999999999997,1,2,2,122,5,Hibernating/Lost,0,2
18207,499.0,1.0,505.12,1,2,2,122,5,Hibernating/Lost,0,2
18208,566.0,1.0,360.08,1,2,2,122,5,Hibernating/Lost,0,2
18209,29.0,1.0,139.10000000000002,4,2,1,421,7,New Customers,3,2
18210,2.0,7.0,2768.83,5,4,4,544,13,Champions,1,1
18211,26.0,5.0,600.07,4,4,2,442,10,Champions,3,1
18212,326.0,2.0,546.72,2,3,2,232,7,At Risk,0,3
18213,237.0,1.0,232.48000000000002,2,2,1,221,5,Hibernating/Lost,0,2
18214,531.0,4.0,1480.99,1,4,4,144,9,Can't Lose Them,0,1
18215,89.0,5.0,2238.9900000000002,3,4,4,344,11,Loyal Customers,3,1
18216,31.0,1.0,481.75,4,2,2,422,8,New Customers,3,2
18217,29.0,4.0,902.8,4,4,3,443,11,Champions,3,1
18218,211.0,4.0,1106.3,2,4,3,243,9,Can't Lose Them,0,1
18219,3.0,17.0,3507.39,5,5,5,555,15,Champions,1,1
18220,227.0,6.0,1771.7,2,4,4,244,10,Can't Lose Them,0,1
18221,22.0,6.0,1370.34,4,4,4,444,12,Champions,3,1
18222,93.0,1.0,443.0,3,2,2,322,7,Potential Loyalists,0,2
18223,5.0,26.0,13497.58,5,5,5,555,15,Champions,1,12
18224,264.0,1.0,158.95000000000002,2,2,1,221,5,Hibernating/Lost,0,2
18225,3.0,26.0,12650.91,5,5,5,555,15,Champions,1,-1
18226,44.0,26.0,11748.58,4,5,5,455,14,Champions,1,-1
18227,218.0,2.0,93.75,2,3,1,231,6,At Risk,0,3
18228,57.0,2.0,769.2,4,3,3,433,10,Loyal Customers,3,3
18229,12.0,28.0,10803.710000000001,5,5,5,555,15,Champions,1,6
18230,9.0,9.0,4190.71,5,5,5,555,15,Champions,1,1
18231,192.0,28.0,6848.17,2,5,5,255,12,Can't Lose Them,1,-1
18232,82.0,4.0,582.47,3,4,2,342,9,Loyal Customers,3,1
18233,326.0,1.0,440.0,2,2,2,222,6,Hibernating/Lost,0,2
18234,552.0,1.0,179.6,1,2,1,121,4,Hibernating/Lost,0,2
18235,72.0,3.0,1796.48,3,3,4,334,10,Loyal Customers,3,0
18236,30.0,12.0,1795.3500000000001,4,5,4,454,13,Champions,1,1
18237,3.0,5.0,987.1,5,4,3,543,12,Champions,3,1
18238,515.0,1.0,270.92,1,2,1,121,4,Hibernating/Lost,0,2
18239,219.0,6.0,2150.36,2,4,4,244,10,Can't Lose Them,0,1
18240,46.0,1.0,422.58,4,2,2,422,8,New Customers,3,2
18241,10.0,21.0,2954.09,5,5,5,555,15,Champions,1,-1
18242,72.0,8.0,3605.21,3,5,5,355,13,Loyal Customers,1,1
18243,414.0,1.0,515.78,1,2,2,122,5,Hibernating/Lost,0,2
18244,431.0,2.0,568.64,1,3,2,132,6,At Risk,0,3
18245,7.0,20.0,6236.2300000000005,5,5,5,555,15,Champions,1,1
18246,24.0,3.0,758.8199999999999,4,3,3,433,10,Loyal Customers,3,0
18247,415.0,3.0,721.43,1,3,3,133,7,At Risk,0,0
18248,123.0,2.0,783.02,3,3,3,333,9,Loyal Customers,0,3
18249,17.0,1.0,95.34,5,2,1,521,8,New Customers,3,2
18250,310.0,1.0,342.92,2,2,2,222,6,Hibernating/Lost,0,2
18251,87.0,9.0,26278.86,3,5,5,355,13,Loyal Customers,2,-1
18252,51.0,7.0,1465.59,4,4,4,444,12,Champions,3,1
18253,643.0,1.0,317.88,1,2,2,122,5,Hibernating/Lost,0,2
18254,581.0,1.0,267.9,1,2,1,121,4,Hibernating/Lost,0,2
18255,89.0,2.0,303.15,3,3,2,332,8,Loyal Customers,3,3
18256,388.0,1.0,60.599999999999994,2,2,1,221,5,Hibernating/Lost,0,2
18257,39.0,12.0,4496.8,4,5,5,455,14,Champions,1,1
18258,464.0,6.0,2040.97,1,4,4,144,9,Can't Lose Them,0,1
18259,25.0,7.0,4318.200000000001,4,4,5,445,13,Champions,1,1
18260,173.0,23.0,9751.95,3,5,5,355,13,Loyal Customers,1,-1
18261,43.0,2.0,324.24,4,3,2,432,9,Loyal Customers,3,3
18262,140.0,3.0,577.54,3,3,2,332,8,Loyal Customers,0,0
18263,26.0,3.0,1211.08,4,3,4,434,11,Loyal Customers,3,0
18264,499.0,1.0,603.25,1,2,3,123,6,Hibernating/Lost,0,2
18265,72.0,2.0,801.51,3,3,3,333,9,Loyal Customers,3,3
18266,434.0,1.0,251.1,1,2,1,121,4,Hibernating/Lost,0,2
18267,673.0,1.0,252.87,1,2,1,121,4,Hibernating/Lost,0,2
18268,134.0,6.0,1451.22,3,4,4,344,11,Loyal Customers,3,1
18269,366.0,1.0,307.5,2,2,2,222,6,Hibernating/Lost,0,2
18270,38.0,3.0,400.35,4,3,2,432,9,Loyal Customers,3,0
18271,610.0,2.0,680.85,1,3,3,133,7,At Risk,0,3
18272,3.0,9.0,4347.33,5,5,5,555,15,Champions,1,1
18273,2.0,4.0,357.0,5,4,2,542,11,Champions,3,1
18274,30.0,1.0,1.7763568394002505e-15,4,2,1,421,7,New Customers,3,2
18275,578.0,2.0,741.85,1,3,3,133,7,At Risk,0,3
18276,44.0,6.0,1620.67,4,4,4,444,12,Champions,3,1
18277,58.0,5.0,1111.38,4,4,3,443,11,Champions,3,1
18278,74.0,2.0,414.20000000000005,3,3,2,332,8,Loyal Customers,3,3
18279,519.0,1.0,231.33999999999997,1,2,1,121,4,Hibernating/Lost,0,2
18280,278.0,2.0,472.45000000000005,2,3,2,232,7,At Risk,0,3
18281,181.0,2.0,201.14,3,3,1,331,7,Loyal Customers,0,3
18282,8.0,2.0,176.6,5,3,1,531,9,Loyal Customers,3,3
18283,4.0,22.0,2736.65,5,5,4,554,14,Champions,1,1
18284,432.0,1.0,436.68,1,2,2,122,5,Hibernating/Lost,0,2
18285,661.0,1.0,427.0,1,2,2,122,5,Hibernating/Lost,0,2
18286,477.0,2.0,1188.43,1,3,3,133,7,At Risk,0,3
18287,43.0,7.0,4177.89,4,4,5,445,13,Champions,1,1
