Customer ID,Recency,Frequency,Monetary,R_score,F_score,M_score,RFM_score,RFM_sum,Segment
12346,326.0,3.0,-263.679999999993,2,3,1,231,6,At Risk
12347,2.0,8.0,5633.32,5,4,5,545,14,Champions
12348,75.0,5.0,2019.4,3,4,4,344,11,Loyal Customers
12349,19.0,4.0,4404.54,4,3,5,435,12,Loyal Customers
12350,310.0,1.0,334.4,2,1,2,212,5,Hibernating/Lost
12351,375.0,1.0,300.93,2,1,2,212,5,Hibernating/Lost
12352,36.0,10.0,1889.21,4,5,4,454,13,Champions
12353,204.0,2.0,406.76,2,2,2,222,6,Hibernating/Lost
12354,232.0,1.0,1079.4,2,1,3,213,6,Hibernating/Lost
12355,214.0,2.0,947.61,2,2,3,223,7,Hibernating/Lost
12356,23.0,6.0,6373.68,4,4,5,445,13,Champions
12357,33.0,3.0,18287.66,4,3,5,435,12,Loyal Customers
12358,2.0,5.0,3887.07,5,4,5,545,14,Champions
12359,58.0,10.0,8714.89,4,5,5,455,14,Champions
12360,52.0,8.0,4212.89,4,4,5,445,13,Champions
12361,287.0,4.0,511.25,2,3,2,232,7,At Risk
12362,3.0,11.0,5284.58,5,5,5,555,15,Champions
12363,110.0,2.0,552.0,3,2,2,322,7,Potential Loyalists
12364,8.0,4.0,1313.1,5,3,4,534,12,Loyal Customers
12365,291.0,2.0,320.69,2,2,2,222,6,Hibernating/Lost
12366,634.0,1.0,500.24,1,1,2,112,4,Hibernating/Lost
12367,4.0,1.0,168.9,5,1,1,511,7,New Customers
12368,628.0,1.0,917.6999999999999,1,1,3,113,5,Hibernating/Lost
12369,413.0,3.0,1791.15,1,3,4,134,8,At Risk
12370,51.0,7.0,4320.31,4,4,5,445,13,Champions
12371,45.0,5.0,4067.38,4,4,5,445,13,Champions
12372,72.0,3.0,1298.04,3,3,4,334,10,Loyal Customers
12373,311.0,3.0,1127.65,2,3,3,233,8,At Risk
12374,25.0,4.0,2989.2200000000003,4,3,5,435,12,Loyal Customers
12375,11.0,2.0,455.42,5,2,2,522,9,New Customers
12376,390.0,2.0,503.15,2,2,2,222,6,Hibernating/Lost
12377,315.0,4.0,3426.32,2,3,5,235,10,At Risk
12378,130.0,2.0,5416.32,3,2,5,325,10,Potential Loyalists
12379,82.0,4.0,1618.27,3,3,4,334,10,Loyal Customers
12380,22.0,11.0,7888.0,4,5,5,455,14,Champions
12381,5.0,5.0,1803.96,5,4,4,544,13,Champions
12383,185.0,5.0,1839.31,3,4,4,344,11,Loyal Customers
12384,29.0,2.0,566.16,4,2,2,422,8,New Customers
12385,379.0,1.0,1923.4,2,1,4,214,7,Hibernating/Lost
12386,338.0,2.0,660.8,2,2,3,223,7,Hibernating/Lost
12387,415.0,1.0,143.94,1,1,1,111,3,Hibernating/Lost
12388,16.0,8.0,3901.11,5,4,5,545,14,Champions
12389,403.0,3.0,1433.33,2,3,4,234,9,At Risk
12390,80.0,1.0,549.84,3,1,2,312,6,Potential Loyalists
12391,22.0,6.0,2747.82,4,4,4,444,12,Champions
12392,591.0,1.0,234.75000000000003,1,1,1,111,3,Hibernating/Lost
12393,72.0,6.0,2376.75,3,4,4,344,11,Loyal Customers
12394,64.0,2.0,1272.48,3,2,4,324,9,Potential Loyalists
12395,19.0,15.0,5046.92,4,5,5,455,14,Champions
12396,674.0,1.0,931.43,1,1,3,113,5,Hibernating/Lost
12397,36.0,2.0,2409.9,4,2,4,424,10,New Customers
12398,46.0,1.0,1635.6599999999999,4,1,4,414,9,New Customers
12399,119.0,7.0,1962.3,3,4,4,344,11,Loyal Customers
12400,414.0,1.0,205.25,1,1,1,111,3,Hibernating/Lost
12401,303.0,1.0,84.3,2,1,1,211,4,Hibernating/Lost
12402,323.0,6.0,1244.15,2,4,4,244,10,Can't Lose Them
12403,50.0,2.0,1001.36,4,2,3,423,9,New Customers
12404,682.0,1.0,63.24,1,1,1,111,3,Hibernating/Lost
12405,149.0,1.0,1710.39,3,1,4,314,8,Potential Loyalists
12406,22.0,5.0,6072.21,4,4,5,445,13,Champions
12407,50.0,5.0,1708.1200000000001,4,4,4,444,12,Champions
12408,33.0,8.0,4279.64,4,4,5,445,13,Champions
12409,79.0,7.0,23090.47,3,4,5,345,12,Loyal Customers
12410,309.0,3.0,1001.46,2,3,3,233,8,At Risk
12411,410.0,1.0,346.9,1,1,2,112,4,Hibernating/Lost
12412,75.0,6.0,2581.03,3,4,4,344,11,Loyal Customers
12413,67.0,4.0,935.5,3,3,3,333,9,Loyal Customers
12414,217.0,6.0,692.41,2,4,3,243,9,Can't Lose Them
12415,24.0,28.0,143269.29,4,5,5,455,14,Champions
12416,657.0,1.0,202.56,1,1,1,111,3,Hibernating/Lost
12417,3.0,20.0,6708.21,5,5,5,555,15,Champions
12418,113.0,4.0,2016.95,3,3,4,334,10,Loyal Customers
12419,386.0,2.0,503.01,2,2,2,222,6,Hibernating/Lost
12420,64.0,1.0,600.39,3,1,2,312,6,Potential Loyalists
12421,16.0,6.0,1092.83,5,4,3,543,12,Champions
12422,96.0,17.0,4119.35,3,5,5,355,13,Loyal Customers
12423,1.0,10.0,2612.19,5,5,4,554,14,Champions
12424,163.0,4.0,3289.78,3,3,5,335,11,Loyal Customers
12425,78.0,2.0,1680.81,3,2,4,324,9,Potential Loyalists
12426,195.0,2.0,1311.41,2,2,4,224,8,Hibernating/Lost
12427,22.0,3.0,1011.87,4,3,3,433,10,Loyal Customers
12428,26.0,9.0,7877.2,4,5,5,455,14,Champions
12429,9.0,8.0,7435.51,5,4,5,545,14,Champions
12430,43.0,1.0,256.4,4,1,1,411,6,New Customers
12431,36.0,27.0,10719.41,4,5,5,455,14,Champions
12432,43.0,5.0,5059.32,4,4,5,445,13,Champions
12433,1.0,10.0,20428.86,5,5,5,555,15,Champions
12434,85.0,3.0,1062.48,3,3,3,333,9,Loyal Customers
12435,80.0,6.0,13925.93,3,4,5,345,12,Loyal Customers
12436,100.0,1.0,509.01,3,1,2,312,6,Potential Loyalists
12437,2.0,39.0,12394.85,5,5,5,555,15,Champions
12438,14.0,2.0,2906.85,5,2,5,525,12,New Customers
12439,683.0,2.0,1104.48,1,2,3,123,6,Hibernating/Lost
12440,462.0,2.0,768.15,1,2,3,123,6,Hibernating/Lost
12441,367.0,1.0,347.1,2,1,2,212,5,Hibernating/Lost
12442,3.0,1.0,172.06,5,1,1,511,7,New Customers
12443,732.0,1.0,485.31,1,1,2,112,4,Hibernating/Lost
12444,21.0,5.0,5005.46,4,4,5,445,13,Champions
12445,22.0,2.0,426.48,4,2,2,422,8,New Customers
12446,58.0,1.0,1002.3100000000001,4,1,3,413,8,New Customers
12447,243.0,1.0,476.49,2,1,2,212,5,Hibernating/Lost
12448,44.0,1.0,449.45,4,1,2,412,7,New Customers
12449,22.0,6.0,4835.89,4,4,5,445,13,Champions
12450,156.0,5.0,666.95,3,4,3,343,10,Loyal Customers
12451,11.0,8.0,12546.53,5,4,5,545,14,Champions
12452,17.0,2.0,428.57,5,2,2,522,9,New Customers
12453,134.0,1.0,707.09,3,1,3,313,7,Potential Loyalists
12454,56.0,5.0,4292.71,4,4,5,445,13,Champions
12455,73.0,10.0,5879.95,3,5,5,355,13,Loyal Customers
12456,44.0,3.0,3153.89,4,3,5,435,12,Loyal Customers
12457,66.0,8.0,2472.31,3,4,4,344,11,Loyal Customers
12458,71.0,4.0,1777.49,3,3,4,334,10,Loyal Customers
12459,605.0,1.0,454.36,1,1,2,112,4,Hibernating/Lost
12460,456.0,1.0,326.65,1,1,2,112,4,Hibernating/Lost
12461,94.0,2.0,826.88,3,2,3,323,8,Potential Loyalists
12462,19.0,2.0,1124.01,4,2,3,423,9,New Customers
12463,53.0,4.0,1303.63,4,3,4,434,11,Loyal Customers
12464,10.0,8.0,1212.05,5,4,4,544,13,Champions
12465,17.0,2.0,733.89,5,2,3,523,10,New Customers
12466,682.0,1.0,56.73,1,1,1,111,3,Hibernating/Lost
12467,423.0,1.0,0.0,1,1,1,111,3,Hibernating/Lost
12468,188.0,5.0,3624.55,3,4,5,345,12,Loyal Customers
12469,523.0,2.0,3070.54,1,2,5,125,8,Hibernating/Lost
12470,690.0,1.0,211.95,1,1,1,111,3,Hibernating/Lost
12471,2.0,79.0,37948.61,5,5,5,555,15,Champions
12472,32.0,19.0,16956.69,4,5,5,455,14,Champions
12473,29.0,5.0,2848.23,4,4,4,444,12,Champions
12474,17.0,31.0,11966.45,5,5,5,555,15,Champions
12475,54.0,2.0,1149.64,4,2,3,423,9,New Customers
12476,16.0,23.0,13715.62,5,5,5,555,15,Champions
12477,23.0,9.0,20173.64,4,5,5,455,14,Champions
12478,4.0,1.0,680.99,5,1,3,513,9,New Customers
12479,11.0,1.0,477.3,5,1,2,512,8,New Customers
12480,28.0,7.0,5435.1,4,4,5,445,13,Champions
12481,23.0,15.0,12217.03,4,5,5,455,14,Champions
12482,576.0,29.0,21893.53,1,5,5,155,11,Can't Lose Them
12483,17.0,19.0,4846.87,5,5,5,555,15,Champions
12484,33.0,12.0,6303.85,4,5,5,455,14,Champions
12485,529.0,1.0,708.1,1,1,3,113,5,Hibernating/Lost
12486,432.0,1.0,1037.28,1,1,3,113,5,Hibernating/Lost
12487,731.0,1.0,259.79999999999995,1,1,1,111,3,Hibernating/Lost
12488,10.0,3.0,1298.66,5,3,4,534,12,Loyal Customers
12489,336.0,1.0,334.93,2,1,2,212,5,Hibernating/Lost
12490,5.0,21.0,9818.64,5,5,5,555,15,Champions
12491,39.0,1.0,460.40000000000003,4,1,2,412,7,New Customers
12492,63.0,3.0,715.21,3,3,3,333,9,Loyal Customers
12493,166.0,2.0,416.79,3,2,2,322,7,Potential Loyalists
12494,16.0,9.0,1743.52,5,5,4,554,14,Champions
12495,641.0,1.0,323.4,1,1,2,112,4,Hibernating/Lost
12496,620.0,2.0,54.09,1,2,1,121,4,Hibernating/Lost
12497,82.0,3.0,6211.75,3,3,5,335,11,Loyal Customers
12498,21.0,3.0,403.70000000000005,4,3,2,432,9,Loyal Customers
12499,560.0,1.0,393.72,1,1,2,112,4,Hibernating/Lost
12500,23.0,19.0,5872.31,4,5,5,455,14,Champions
12501,337.0,1.0,2089.68,2,1,4,214,7,Hibernating/Lost
12502,96.0,5.0,3723.87,3,4,5,345,12,Loyal Customers
12503,584.0,1.0,0.0,1,1,1,111,3,Hibernating/Lost
12504,18.0,4.0,411.0,5,3,2,532,10,Loyal Customers
12505,409.0,1.0,908.0,2,1,3,213,6,Hibernating/Lost
12506,233.0,1.0,73.5,2,1,1,211,4,Hibernating/Lost
12507,134.0,4.0,1797.31,3,3,4,334,10,Loyal Customers
12508,26.0,2.0,398.27,4,2,2,422,8,New Customers
12509,284.0,1.0,176.5,2,1,1,211,4,Hibernating/Lost
12510,143.0,9.0,3689.33,3,5,5,355,13,Loyal Customers
12511,429.0,1.0,3065.77,1,1,5,115,7,Hibernating/Lost
12512,66.0,2.0,138.03,3,2,1,321,6,Potential Loyalists
12513,113.0,1.0,586.79,3,1,2,312,6,Potential Loyalists
12514,267.0,2.0,1597.76,2,2,4,224,8,Hibernating/Lost
12515,353.0,1.0,383.7,2,1,2,212,5,Hibernating/Lost
12516,78.0,4.0,2648.62,3,3,4,334,10,Loyal Customers
12517,28.0,5.0,2464.89,4,4,4,444,12,Champions
12518,1.0,5.0,2056.89,5,4,4,544,13,Champions
12519,64.0,2.0,695.19,3,2,3,323,8,Potential Loyalists
12520,79.0,5.0,2582.51,3,4,4,344,11,Loyal Customers
12521,143.0,1.0,599.68,3,1,2,312,6,Potential Loyalists
12522,39.0,2.0,192.72,4,2,1,421,7,New Customers
12523,19.0,23.0,4220.85,4,5,5,455,14,Champions
12524,9.0,17.0,11091.36,5,5,5,555,15,Champions
12525,498.0,3.0,835.1800000000001,1,3,3,133,7,At Risk
12526,1.0,3.0,1316.66,5,3,4,534,12,Loyal Customers
12527,82.0,5.0,735.51,3,4,3,343,10,Loyal Customers
12528,9.0,6.0,1922.28,5,4,4,544,13,Champions
12529,528.0,1.0,311.78000000000003,1,1,2,112,4,Hibernating/Lost
12530,60.0,9.0,3689.86,3,5,5,355,13,Loyal Customers
12531,15.0,2.0,1899.05,5,2,4,524,11,New Customers
12532,30.0,1.0,349.83000000000004,4,1,2,412,7,New Customers
12533,628.0,2.0,1149.99,1,2,3,123,6,Hibernating/Lost
12534,131.0,1.0,1089.18,3,1,3,313,7,Potential Loyalists
12535,92.0,2.0,716.35,3,2,3,323,8,Potential Loyalists
12536,43.0,3.0,4106.82,4,3,5,435,12,Loyal Customers
12537,409.0,1.0,732.94,2,1,3,213,6,Hibernating/Lost
12538,29.0,2.0,640.45,4,2,3,423,9,New Customers
12539,22.0,7.0,9498.9,4,4,5,445,13,Champions
12540,20.0,33.0,22107.29,4,5,5,455,14,Champions
12541,30.0,3.0,981.18,4,3,3,433,10,Loyal Customers
12542,484.0,2.0,423.38,1,2,2,122,5,Hibernating/Lost
12543,448.0,1.0,980.25,1,1,3,113,5,Hibernating/Lost
12544,36.0,1.0,355.7,4,1,2,412,7,New Customers
12545,75.0,2.0,1000.39,3,2,3,323,8,Potential Loyalists
12546,47.0,2.0,1141.5,4,2,3,423,9,New Customers
12547,198.0,3.0,383.58,2,3,2,232,7,At Risk
12548,166.0,1.0,95.19999999999999,3,1,1,311,5,Potential Loyalists
12549,576.0,6.0,1575.68,1,4,4,144,9,Can't Lose Them
12550,79.0,1.0,964.83,3,1,3,313,7,Potential Loyalists
12551,358.0,1.0,168.0,2,1,1,211,4,Hibernating/Lost
12552,39.0,2.0,437.82,4,2,2,422,8,New Customers
12553,8.0,12.0,4548.82,5,5,5,555,15,Champions
12554,449.0,1.0,468.5,1,1,2,112,4,Hibernating/Lost
12555,682.0,1.0,129.23,1,1,1,111,3,Hibernating/Lost
12556,50.0,2.0,603.71,4,2,3,423,9,New Customers
12557,16.0,8.0,18716.14,5,4,5,545,14,Champions
12558,8.0,1.0,1.0658141036401503e-14,5,1,1,511,7,New Customers
12559,311.0,2.0,536.21,2,2,2,222,6,Hibernating/Lost
12560,5.0,3.0,2101.39,5,3,4,534,12,Loyal Customers
12561,303.0,1.0,238.85,2,1,1,211,4,Hibernating/Lost
12562,8.0,9.0,4966.92,5,5,5,555,15,Champions
12563,409.0,1.0,249.24,2,1,1,211,4,Hibernating/Lost
12564,261.0,1.0,456.9,2,1,2,212,5,Hibernating/Lost
12565,289.0,1.0,131.17,2,1,1,211,4,Hibernating/Lost
12566,86.0,1.0,346.7,3,1,2,312,6,Potential Loyalists
12567,23.0,15.0,13393.82,4,5,5,455,14,Champions
12568,645.0,1.0,70.0,1,1,1,111,3,Hibernating/Lost
12569,2.0,32.0,4064.9900000000002,5,5,5,555,15,Champions
12570,682.0,1.0,77.52,1,1,1,111,3,Hibernating/Lost
12571,40.0,2.0,519.61,4,2,2,422,8,New Customers
12572,9.0,2.0,1004.72,5,2,3,523,10,New Customers
12573,227.0,5.0,717.41,2,4,3,243,9,Can't Lose Them
12574,316.0,1.0,218.45,2,1,1,211,4,Hibernating/Lost
12575,457.0,2.0,622.8199999999999,1,2,3,123,6,Hibernating/Lost
12576,36.0,8.0,2083.87,4,4,4,444,12,Champions
12577,35.0,8.0,1591.35,4,4,4,444,12,Champions
12578,21.0,4.0,4572.45,4,3,5,435,12,Loyal Customers
12579,78.0,1.0,410.72,3,1,2,312,6,Potential Loyalists
12580,247.0,2.0,1052.9,2,2,3,223,7,Hibernating/Lost
12581,40.0,1.0,197.71,4,1,1,411,6,New Customers
12582,239.0,4.0,1980.4,2,3,4,234,9,At Risk
12583,3.0,27.0,14344.9,5,5,5,555,15,Champions
12584,4.0,9.0,1893.95,5,5,4,554,14,Champions
12585,234.0,2.0,1982.81,2,2,4,224,8,Hibernating/Lost
12586,17.0,4.0,2028.67,5,3,4,534,12,Loyal Customers
12587,8.0,1.0,144.0,5,1,1,511,7,New Customers
12588,39.0,4.0,938.98,4,3,3,433,10,Loyal Customers
12589,29.0,8.0,3094.17,4,4,5,445,13,Champions
12590,211.0,2.0,9853.48,2,2,5,225,9,Hibernating/Lost
12591,317.0,3.0,1352.15,2,3,4,234,9,At Risk
12592,92.0,5.0,1152.62,3,4,3,343,10,Loyal Customers
12593,109.0,3.0,418.09999999999997,3,3,2,332,8,Loyal Customers
12594,38.0,15.0,5044.51,4,5,5,455,14,Champions
12595,505.0,1.0,299.02,1,1,2,112,4,Hibernating/Lost
12596,51.0,2.0,618.27,4,2,3,423,9,New Customers
12597,19.0,4.0,3683.13,4,3,5,435,12,Loyal Customers
12598,10.0,11.0,4414.67,5,5,5,555,15,Champions
12599,29.0,13.0,2296.72,4,5,4,454,13,Champions
12600,29.0,21.0,4955.79,4,5,5,455,14,Champions
12601,190.0,6.0,673.76,2,4,3,243,9,Can't Lose Them
12602,59.0,1.0,153.12,3,1,1,311,5,Potential Loyalists
12603,22.0,1.0,739.1999999999999,4,1,3,413,8,New Customers
12604,79.0,2.0,254.18,3,2,1,321,6,Potential Loyalists
12605,376.0,4.0,1217.95,2,3,4,234,9,At Risk
12606,682.0,1.0,21.0,1,1,1,111,3,Hibernating/Lost
12607,60.0,1.0,3.552713678800501e-15,3,1,1,311,5,Potential Loyalists
12608,405.0,1.0,415.79,2,1,2,212,5,Hibernating/Lost
12609,78.0,9.0,3417.86,3,5,5,355,13,Loyal Customers
12610,23.0,5.0,2057.99,4,4,4,444,12,Champions
12611,52.0,1.0,1193.32,4,1,3,413,8,New Customers
12612,74.0,1.0,643.59,3,1,3,313,7,Potential Loyalists
12613,57.0,10.0,6591.52,4,5,5,455,14,Champions
12614,278.0,1.0,315.6,2,1,2,212,5,Hibernating/Lost
12615,2.0,8.0,5564.88,5,4,5,545,14,Champions
12616,95.0,3.0,1045.35,3,3,3,333,9,Loyal Customers
12617,29.0,1.0,355.53,4,1,2,412,7,New Customers
12618,22.0,1.0,177.31,4,1,1,411,6,New Customers
12619,16.0,10.0,3354.95,5,5,5,555,15,Champions
12620,15.0,3.0,1339.41,5,3,4,534,12,Loyal Customers
12621,2.0,35.0,24579.31,5,5,5,555,15,Champions
12622,232.0,1.0,180.1,2,1,1,211,4,Hibernating/Lost
12623,276.0,7.0,3639.84,2,4,5,245,11,Can't Lose Them
12624,106.0,2.0,641.13,3,2,3,323,8,Potential Loyalists
12625,212.0,4.0,5095.38,2,3,5,235,10,At Risk
12626,23.0,9.0,6388.35,4,5,5,455,14,Champions
12627,11.0,7.0,4478.53,5,4,5,545,14,Champions
12628,4.0,3.0,769.61,5,3,3,533,11,Loyal Customers
12629,386.0,2.0,1558.22,2,2,4,224,8,Hibernating/Lost
12630,10.0,2.0,1270.88,5,2,4,524,11,New Customers
12631,57.0,6.0,3452.27,4,4,5,445,13,Champions
12632,521.0,2.0,738.88,1,2,3,123,6,Hibernating/Lost
12633,59.0,7.0,5595.21,3,4,5,345,12,Loyal Customers
12634,536.0,2.0,490.0,1,2,2,122,5,Hibernating/Lost
12635,90.0,4.0,2930.41,3,3,5,335,11,Loyal Customers
12636,739.0,1.0,141.0,1,1,1,111,3,Hibernating/Lost
12637,67.0,12.0,8271.66,3,5,5,355,13,Loyal Customers
12638,33.0,2.0,921.49,4,2,3,423,9,New Customers
12639,239.0,3.0,1312.37,2,3,4,234,9,At Risk
12640,24.0,3.0,1174.58,4,3,3,433,10,Loyal Customers
12641,115.0,1.0,185.9,3,1,1,311,5,Potential Loyalists
12642,25.0,3.0,1013.26,4,3,3,433,10,Loyal Customers
12643,128.0,12.0,7880.9,3,5,5,355,13,Loyal Customers
12644,130.0,4.0,1815.54,3,3,4,334,10,Loyal Customers
12645,34.0,8.0,3499.1,4,4,5,445,13,Champions
12646,5.0,2.0,1346.97,5,2,4,524,11,New Customers
12647,22.0,36.0,17682.79,4,5,5,455,14,Champions
12648,155.0,4.0,1097.0,3,3,3,333,9,Loyal Customers
12649,107.0,8.0,2238.7,3,4,4,344,11,Loyal Customers
12650,3.0,1.0,314.44,5,1,2,512,8,New Customers
12651,335.0,4.0,365.3,2,3,2,232,7,At Risk
12652,331.0,2.0,1011.58,2,2,3,223,7,Hibernating/Lost
12653,149.0,3.0,4160.83,3,3,5,335,11,Loyal Customers
12654,11.0,5.0,601.98,5,4,3,543,12,Champions
12655,424.0,1.0,261.35,1,1,1,111,3,Hibernating/Lost
12656,17.0,8.0,6320.78,5,4,5,545,14,Champions
12657,11.0,4.0,1152.06,5,3,3,533,11,Loyal Customers
12658,19.0,1.0,686.05,4,1,3,413,8,New Customers
12659,30.0,1.0,91.68,4,1,1,411,6,New Customers
12660,11.0,1.0,245.1,5,1,1,511,7,New Customers
12661,436.0,1.0,162.0,1,1,1,111,3,Hibernating/Lost
12662,1.0,20.0,6949.17,5,5,5,555,15,Champions
12663,625.0,2.0,204.0,1,2,1,121,4,Hibernating/Lost
12664,8.0,11.0,6052.04,5,5,5,555,15,Champions
12665,325.0,3.0,301.45,2,3,2,232,7,At Risk
12666,394.0,1.0,1020.98,2,1,3,213,6,Hibernating/Lost
12667,58.0,1.0,620.13,4,1,3,413,8,New Customers
12668,12.0,10.0,11380.710000000001,5,5,5,555,15,Champions
12669,151.0,3.0,1607.73,3,3,4,334,10,Loyal Customers
12670,10.0,7.0,3750.39,5,4,5,545,14,Champions
12671,606.0,1.0,2622.481,1,1,4,114,6,Hibernating/Lost
12672,330.0,2.0,410.5,2,2,2,222,6,Hibernating/Lost
12673,5.0,3.0,1230.02,5,3,4,534,12,Loyal Customers
12674,39.0,4.0,1919.31,4,3,4,434,11,Loyal Customers
12675,554.0,2.0,934.8,1,2,3,123,6,Hibernating/Lost
12676,25.0,11.0,2773.09,4,5,4,454,13,Champions
12677,555.0,2.0,389.3,1,2,2,122,5,Hibernating/Lost
12678,42.0,21.0,33851.13,4,5,5,455,14,Champions
12679,59.0,4.0,1058.67,3,3,3,333,9,Loyal Customers
12680,1.0,4.0,880.81,5,3,3,533,11,Loyal Customers
12681,15.0,45.0,30551.76,5,5,5,555,15,Champions
12682,4.0,52.0,23945.81,5,5,5,555,15,Champions
12683,4.0,21.0,12418.6,5,5,5,555,15,Champions
12684,8.0,7.0,2283.63,5,4,4,544,13,Champions
12685,28.0,6.0,2863.08,4,4,4,444,12,Champions
12686,372.0,1.0,178.28,2,1,1,211,4,Hibernating/Lost
12687,481.0,2.0,2138.91,1,2,4,124,7,Hibernating/Lost
12688,114.0,1.0,4873.8099999999995,3,1,5,315,9,Potential Loyalists
12689,26.0,2.0,1247.61,4,2,4,424,10,New Customers
12690,206.0,1.0,389.01,2,1,2,212,5,Hibernating/Lost
12691,28.0,7.0,1170.4,4,4,3,443,11,Champions
12692,637.0,1.0,110.95,1,1,1,111,3,Hibernating/Lost
12693,127.0,7.0,1640.42,3,4,4,344,11,Loyal Customers
12694,70.0,3.0,1839.45,3,3,4,334,10,Loyal Customers
12695,7.0,7.0,1407.1200000000001,5,4,4,544,13,Champions
12696,435.0,2.0,801.15,1,2,3,123,6,Hibernating/Lost
12697,29.0,3.0,939.02,4,3,3,433,10,Loyal Customers
12698,590.0,1.0,339.75,1,1,2,112,4,Hibernating/Lost
12699,418.0,1.0,638.11,1,1,3,113,5,Hibernating/Lost
12700,8.0,4.0,4867.99,5,3,5,535,13,Loyal Customers
12701,80.0,6.0,2446.41,3,4,4,344,11,Loyal Customers
12702,20.0,1.0,219.0,4,1,1,411,6,New Customers
12703,71.0,4.0,892.18,3,3,3,333,9,Loyal Customers
12704,7.0,8.0,2220.84,5,4,4,544,13,Champions
12705,15.0,14.0,11554.0,5,5,5,555,15,Champions
12707,292.0,1.0,603.42,2,1,3,213,6,Hibernating/Lost
12708,30.0,18.0,5118.16,4,5,5,455,14,Champions
12709,15.0,34.0,30312.61,5,5,5,555,15,Champions
12710,97.0,3.0,1130.57,3,3,3,333,9,Loyal Customers
12711,612.0,2.0,1339.05,1,2,4,124,7,Hibernating/Lost
12712,29.0,21.0,6979.66,4,5,5,455,14,Champions
12713,1.0,1.0,848.55,5,1,3,513,9,New Customers
12714,9.0,12.0,14093.71,5,5,5,555,15,Champions
12715,106.0,1.0,353.86,3,1,2,312,6,Potential Loyalists
12716,4.0,2.0,1053.49,5,2,3,523,10,New Customers
12717,151.0,3.0,1258.91,3,3,4,334,10,Loyal Customers
12718,71.0,1.0,238.25,3,1,1,311,5,Potential Loyalists
12719,5.0,2.0,608.1,5,2,3,523,10,New Customers
12720,3.0,30.0,8047.88,5,5,5,555,15,Champions
12721,32.0,8.0,3906.68,4,4,5,445,13,Champions
12722,85.0,4.0,904.33,3,3,3,333,9,Loyal Customers
12723,4.0,5.0,725.07,5,4,3,543,12,Champions
12724,5.0,7.0,2317.52,5,4,4,544,13,Champions
12725,371.0,4.0,2694.56,2,3,4,234,9,At Risk
12726,28.0,11.0,4014.6,4,5,5,455,14,Champions
12727,11.0,10.0,5646.53,5,5,5,555,15,Champions
12728,71.0,5.0,1070.17,3,4,3,343,10,Loyal Customers
12729,114.0,1.0,453.01,3,1,2,312,6,Potential Loyalists
12730,522.0,1.0,829.25,1,1,3,113,5,Hibernating/Lost
12731,24.0,17.0,25673.21,4,5,5,455,14,Champions
12732,180.0,1.0,236.26000000000002,3,1,1,311,5,Potential Loyalists
12733,234.0,4.0,2326.82,2,3,4,234,9,At Risk
12734,353.0,3.0,639.65,2,3,3,233,8,At Risk
12735,315.0,2.0,779.5699999999999,2,2,3,223,7,Hibernating/Lost
12736,333.0,1.0,234.0,2,1,1,211,4,Hibernating/Lost
12737,499.0,2.0,3710.5,1,2,5,125,8,Hibernating/Lost
12738,372.0,1.0,310.7,2,1,2,212,5,Hibernating/Lost
12739,78.0,4.0,2726.73,3,3,4,334,10,Loyal Customers
12740,64.0,1.0,427.6,3,1,2,312,6,Potential Loyalists
12741,529.0,2.0,406.07,1,2,2,122,5,Hibernating/Lost
12742,626.0,1.0,1185.02,1,1,3,113,5,Hibernating/Lost
12743,134.0,2.0,546.43,3,2,2,322,7,Potential Loyalists
12744,52.0,11.0,13158.16,4,5,5,455,14,Champions
12745,487.0,3.0,925.41,1,3,3,133,7,At Risk
12746,541.0,1.0,230.85000000000002,1,1,1,111,3,Hibernating/Lost
12747,2.0,26.0,9164.59,5,5,5,555,15,Champions
12748,1.0,336.0,49970.13,5,5,5,555,15,Champions
12749,4.0,9.0,6328.49,5,5,5,555,15,Champions
12750,129.0,1.0,275.88,3,1,2,312,6,Potential Loyalists
12751,445.0,1.0,268.27,1,1,1,111,3,Hibernating/Lost
12752,81.0,1.0,4366.78,3,1,5,315,9,Potential Loyalists
12753,23.0,6.0,21024.01,4,4,5,445,13,Champions
12754,236.0,3.0,2949.12,2,3,5,235,10,At Risk
12755,281.0,11.0,6406.349999999999,2,5,5,255,12,Can't Lose Them
12756,87.0,1.0,112.07999999999998,3,1,1,311,5,Potential Loyalists
12757,16.0,13.0,4227.7,5,5,5,555,15,Champions
12758,117.0,7.0,9779.0,3,4,5,345,12,Loyal Customers
12759,52.0,8.0,5020.74,4,4,5,445,13,Champions
12760,456.0,1.0,347.8,1,1,2,112,4,Hibernating/Lost
12761,458.0,2.0,782.95,1,2,3,123,6,Hibernating/Lost
12762,8.0,2.0,1898.52,5,2,4,524,11,New Customers
12763,138.0,2.0,814.16,3,2,3,323,8,Potential Loyalists
12764,317.0,1.0,1693.88,2,1,4,214,7,Hibernating/Lost
12765,472.0,6.0,1404.58,1,4,4,144,9,Can't Lose Them
12766,4.0,9.0,10026.43,5,5,5,555,15,Champions
12767,376.0,1.0,949.82,2,1,3,213,6,Hibernating/Lost
12768,451.0,1.0,3.552713678800501e-15,1,1,1,111,3,Hibernating/Lost
12769,239.0,1.0,1143.6,2,1,3,213,6,Hibernating/Lost
12770,211.0,2.0,2975.95,2,2,5,225,9,Hibernating/Lost
12771,486.0,1.0,262.5,1,1,1,111,3,Hibernating/Lost
12772,60.0,1.0,892.47,3,1,3,313,7,Potential Loyalists
12773,564.0,1.0,1.7763568394002505e-15,1,1,1,111,3,Hibernating/Lost
12774,536.0,1.0,98.7,1,1,1,111,3,Hibernating/Lost
12775,17.0,7.0,1651.32,5,4,4,544,13,Champions
12776,668.0,1.0,55.5,1,1,1,111,3,Hibernating/Lost
12777,458.0,1.0,519.45,1,1,2,112,4,Hibernating/Lost
12778,20.0,9.0,1757.68,4,5,4,454,13,Champions
12779,38.0,14.0,6406.76,4,5,5,455,14,Champions
12780,599.0,1.0,337.4,1,1,2,112,4,Hibernating/Lost
12781,64.0,2.0,707.72,3,2,3,323,8,Potential Loyalists
12782,5.0,11.0,4526.04,5,5,5,555,15,Champions
12783,2.0,6.0,1603.87,5,4,4,544,13,Champions
12784,9.0,3.0,1804.75,5,3,4,534,12,Loyal Customers
12785,364.0,3.0,1079.31,2,3,3,233,8,At Risk
12786,610.0,1.0,728.5,1,1,3,113,5,Hibernating/Lost
12787,10.0,4.0,859.18,5,3,3,533,11,Loyal Customers
12788,463.0,4.0,444.9,1,3,2,132,6,At Risk
12789,65.0,3.0,273.35,3,3,2,332,8,Loyal Customers
12790,192.0,2.0,563.45,2,2,2,222,6,Hibernating/Lost
12791,374.0,6.0,777.75,2,4,3,243,9,Can't Lose Them
12792,257.0,2.0,813.88,2,2,3,223,7,Hibernating/Lost
12793,335.0,3.0,1017.33,2,3,3,233,8,At Risk
12794,53.0,2.0,860.41,4,2,3,423,9,New Customers
12795,19.0,1.0,430.48,4,1,2,412,7,New Customers
12796,628.0,1.0,381.0,1,1,2,112,4,Hibernating/Lost
12797,366.0,2.0,725.46,2,2,3,223,7,Hibernating/Lost
12798,10.0,4.0,8510.93,5,3,5,535,13,Loyal Customers
12799,529.0,1.0,219.35,1,1,1,111,3,Hibernating/Lost
12800,470.0,3.0,584.25,1,3,2,132,6,At Risk
12801,501.0,1.0,1031.87,1,1,3,113,5,Hibernating/Lost
12802,187.0,7.0,2350.42,3,4,4,344,11,Loyal Customers
12803,393.0,1.0,1092.81,2,1,3,213,6,Hibernating/Lost
12804,466.0,2.0,327.02,1,2,2,122,5,Hibernating/Lost
12805,382.0,4.0,1434.95,2,3,4,234,9,At Risk
12806,435.0,4.0,2878.96,1,3,4,134,8,At Risk
12807,383.0,1.0,269.95,2,1,1,211,4,Hibernating/Lost
12808,37.0,5.0,906.1,4,4,3,443,11,Champions
12809,178.0,3.0,1705.34,3,3,4,334,10,Loyal Customers
12810,535.0,2.0,534.99,1,2,2,122,5,Hibernating/Lost
12811,261.0,5.0,1033.9,2,4,3,243,9,Can't Lose Them
12812,45.0,1.0,229.64000000000001,4,1,1,411,6,New Customers
12813,502.0,3.0,1687.8,1,3,4,134,8,At Risk
12814,102.0,1.0,125.92,3,1,1,311,5,Potential Loyalists
12815,148.0,2.0,1063.46,3,2,3,323,8,Potential Loyalists
12816,96.0,2.0,572.2,3,2,2,322,7,Potential Loyalists
12817,281.0,3.0,690.98,2,3,3,233,8,At Risk
12818,262.0,1.0,1517.88,2,1,4,214,7,Hibernating/Lost
12819,458.0,1.0,540.52,1,1,2,112,4,Hibernating/Lost
12820,3.0,11.0,2647.94,5,5,4,554,14,Champions
12821,214.0,2.0,220.8,2,2,1,221,5,Hibernating/Lost
12822,71.0,2.0,918.98,3,2,3,323,8,Potential Loyalists
12823,75.0,18.0,6501.5,3,5,5,355,13,Loyal Customers
12824,60.0,1.0,397.12,3,1,2,312,6,Potential Loyalists
12825,521.0,2.0,518.63,1,2,2,122,5,Hibernating/Lost
12826,3.0,12.0,2928.69,5,5,5,555,15,Champions
12827,6.0,3.0,430.15000000000003,5,3,2,532,10,Loyal Customers
12828,3.0,6.0,1018.71,5,4,3,543,12,Champions
12829,337.0,3.0,345.35,2,3,2,232,7,At Risk
12830,38.0,6.0,6748.4,4,4,5,445,13,Champions
12831,262.0,3.0,451.11,2,3,2,232,7,At Risk
12832,32.0,2.0,383.03,4,2,2,422,8,New Customers
12833,145.0,1.0,417.38,3,1,2,312,6,Potential Loyalists
12834,283.0,1.0,312.38,2,1,2,212,5,Hibernating/Lost
12835,428.0,41.0,6018.67,1,5,5,155,11,Can't Lose Them
12836,59.0,15.0,6546.47,3,5,5,355,13,Loyal Customers
12837,173.0,2.0,688.41,3,2,3,323,8,Potential Loyalists
12838,34.0,10.0,3376.03,4,5,5,455,14,Champions
12839,3.0,26.0,9927.83,5,5,5,555,15,Champions
12840,144.0,7.0,4013.87,3,4,5,345,12,Loyal Customers
12841,5.0,40.0,7390.4800000000005,5,5,5,555,15,Champions
12842,70.0,4.0,1917.99,3,3,4,334,10,Loyal Customers
12843,66.0,30.0,6345.61,3,5,5,355,13,Loyal Customers
12844,29.0,4.0,648.6,4,3,3,433,10,Loyal Customers
12845,267.0,4.0,354.09,2,3,2,232,7,At Risk
12846,682.0,1.0,15.58,1,1,1,111,3,Hibernating/Lost
12847,22.0,2.0,1636.8999999999999,4,2,4,424,10,New Customers
12848,676.0,1.0,208.0,1,1,1,111,3,Hibernating/Lost
12849,31.0,6.0,3090.56,4,4,5,445,13,Champions
12850,446.0,1.0,330.0,1,1,2,112,4,Hibernating/Lost
12851,97.0,2.0,284.13,3,2,2,322,7,Potential Loyalists
12852,295.0,1.0,299.75,2,1,2,212,5,Hibernating/Lost
12853,135.0,11.0,3728.5,3,5,5,355,13,Loyal Customers
12854,79.0,7.0,2922.37,3,4,5,345,12,Loyal Customers
12855,373.0,4.0,650.9399999999999,2,3,3,233,8,At Risk
12856,8.0,6.0,2162.68,5,4,4,544,13,Champions
12857,211.0,6.0,3684.25,2,4,5,245,11,Can't Lose Them
12858,383.0,1.0,151.73,2,1,1,211,4,Hibernating/Lost
12859,459.0,1.0,575.1,1,1,2,112,4,Hibernating/Lost
12860,693.0,1.0,55.47,1,1,1,111,3,Hibernating/Lost
12861,620.0,1.0,68.25,1,1,1,111,3,Hibernating/Lost
12862,426.0,2.0,1008.3199999999999,1,2,3,123,6,Hibernating/Lost
12863,52.0,6.0,2775.5499999999997,4,4,4,444,12,Champions
12864,138.0,2.0,299.57,3,2,2,322,7,Potential Loyalists
12865,26.0,4.0,3303.31,4,3,5,435,12,Loyal Customers
12866,283.0,3.0,1227.35,2,3,4,234,9,At Risk
12867,26.0,13.0,7862.69,4,5,5,455,14,Champions
12868,186.0,8.0,2247.06,3,4,4,344,11,Loyal Customers
12869,682.0,1.0,337.66999999999996,1,1,2,112,4,Hibernating/Lost
12870,375.0,3.0,1647.15,2,3,4,234,9,At Risk
12871,84.0,3.0,744.02,3,3,3,333,9,Loyal Customers
12872,327.0,12.0,3678.34,2,5,5,255,12,Can't Lose Them
12873,282.0,3.0,2027.3,2,3,4,234,9,At Risk
12874,385.0,2.0,933.42,2,2,3,223,7,Hibernating/Lost
12875,143.0,5.0,1356.99,3,4,4,344,11,Loyal Customers
12876,58.0,4.0,4068.59,4,3,5,435,12,Loyal Customers
12877,4.0,20.0,2955.17,5,5,5,555,15,Champions
12878,236.0,2.0,841.64,2,2,3,223,7,Hibernating/Lost
12879,45.0,3.0,552.5699999999999,4,3,2,432,9,Loyal Customers
12880,382.0,2.0,640.13,2,2,3,223,7,Hibernating/Lost
12881,276.0,1.0,298.0,2,1,2,212,5,Hibernating/Lost
12882,9.0,2.0,1463.04,5,2,4,524,11,New Customers
12883,25.0,4.0,703.47,4,3,3,433,10,Loyal Customers
12884,88.0,1.0,309.05,3,1,2,312,6,Potential Loyalists
12885,63.0,3.0,1158.27,3,3,3,333,9,Loyal Customers
12886,68.0,2.0,1351.09,3,2,4,324,9,Potential Loyalists
12887,384.0,1.0,222.4,2,1,1,211,4,Hibernating/Lost
12888,214.0,2.0,313.77,2,2,2,222,6,Hibernating/Lost
12889,381.0,4.0,365.66,2,3,2,232,7,At Risk
12890,24.0,2.0,717.27,4,2,3,423,9,New Customers
12891,186.0,11.0,819.5,3,5,3,353,11,Loyal Customers
12892,397.0,1.0,263.38,2,1,1,211,4,Hibernating/Lost
12893,31.0,1.0,188.14,4,1,1,411,6,New Customers
12894,575.0,1.0,157.35,1,1,1,111,3,Hibernating/Lost
12895,42.0,2.0,347.3,4,2,2,422,8,New Customers
12897,205.0,4.0,514.25,2,3,2,232,7,At Risk
12898,464.0,2.0,310.96000000000004,1,2,2,122,5,Hibernating/Lost
12899,414.0,1.0,366.4,1,1,2,112,4,Hibernating/Lost
12900,422.0,1.0,340.33,1,1,2,112,4,Hibernating/Lost
12901,9.0,28.0,16293.1,5,5,5,555,15,Champions
12902,265.0,1.0,138.68,2,1,1,211,4,Hibernating/Lost
12903,429.0,1.0,833.53,1,1,3,113,5,Hibernating/Lost
12904,18.0,2.0,509.58,5,2,2,522,9,New Customers
12905,577.0,2.0,1011.82,1,2,3,123,6,Hibernating/Lost
12906,12.0,5.0,2919.81,5,4,5,545,14,Champions
12907,396.0,2.0,440.36,2,2,2,222,6,Hibernating/Lost
12908,176.0,5.0,1272.0,3,4,4,344,11,Loyal Customers
12909,40.0,8.0,3034.77,4,4,5,445,13,Champions
12910,23.0,13.0,5747.02,4,5,5,455,14,Champions
12911,552.0,1.0,1680.47,1,1,4,114,6,Hibernating/Lost
12912,3.0,5.0,1662.3,5,4,4,544,13,Champions
12913,5.0,13.0,6700.860000000001,5,5,5,555,15,Champions
12914,401.0,1.0,223.98,2,1,1,211,4,Hibernating/Lost
12915,149.0,4.0,1084.85,3,3,3,333,9,Loyal Customers
12916,139.0,7.0,4630.22,3,4,5,345,12,Loyal Customers
12917,128.0,6.0,4329.5,3,4,5,345,12,Loyal Customers
12918,626.0,1.0,-10953.5,1,1,1,111,3,Hibernating/Lost
12919,8.0,6.0,1301.44,5,4,4,544,13,Champions
12920,17.0,4.0,488.09000000000003,5,3,2,532,10,Loyal Customers
12921,9.0,74.0,34639.45,5,5,5,555,15,Champions
12922,161.0,1.0,405.38,3,1,2,312,6,Potential Loyalists
12923,64.0,3.0,789.87,3,3,3,333,9,Loyal Customers
12924,88.0,12.0,2423.15,3,5,4,354,12,Loyal Customers
12925,5.0,3.0,729.3299999999999,5,3,3,533,11,Loyal Customers
12926,411.0,4.0,1548.46,1,3,4,134,8,At Risk
12927,395.0,1.0,197.31,2,1,1,211,4,Hibernating/Lost
12928,35.0,12.0,4304.89,4,5,5,455,14,Champions
12929,312.0,1.0,105.1,2,1,1,211,4,Hibernating/Lost
12930,78.0,2.0,409.9,3,2,2,322,7,Potential Loyalists
12931,22.0,57.0,71299.67,4,5,5,455,14,Champions
12932,539.0,8.0,1698.56,1,4,4,144,9,Can't Lose Them
12933,24.0,8.0,1627.28,4,4,4,444,12,Champions
12934,737.0,1.0,181.65,1,1,1,111,3,Hibernating/Lost
12935,2.0,15.0,4182.01,5,5,5,555,15,Champions
12936,17.0,4.0,1012.9,5,3,3,533,11,Loyal Customers
12937,15.0,9.0,3097.61,5,5,5,555,15,Champions
12938,26.0,1.0,114.14,4,1,1,411,6,New Customers
12939,64.0,20.0,25264.8,3,5,5,355,13,Loyal Customers
12940,55.0,2.0,876.29,4,2,3,423,9,New Customers
12941,724.0,1.0,377.49,1,1,2,112,4,Hibernating/Lost
12942,131.0,3.0,942.65,3,3,3,333,9,Loyal Customers
12943,558.0,2.0,489.0,1,2,2,122,5,Hibernating/Lost
12944,36.0,2.0,604.51,4,2,3,423,9,New Customers
12945,288.0,2.0,900.11,2,2,3,223,7,Hibernating/Lost
12946,437.0,1.0,324.45,1,1,2,112,4,Hibernating/Lost
12947,144.0,6.0,1711.33,3,4,4,344,11,Loyal Customers
12948,16.0,9.0,2306.18,5,5,4,554,14,Champions
12949,31.0,22.0,15391.0,4,5,5,455,14,Champions
12950,2.0,3.0,1843.0,5,3,4,534,12,Loyal Customers
12951,9.0,15.0,3164.42,5,5,5,555,15,Champions
12952,6.0,4.0,1382.8400000000001,5,3,4,534,12,Loyal Customers
12953,10.0,2.0,828.8100000000001,5,2,3,523,10,New Customers
12954,639.0,1.0,162.45,1,1,1,111,3,Hibernating/Lost
12955,1.0,11.0,4734.26,5,5,5,555,15,Champions
12956,306.0,4.0,521.89,2,3,2,232,7,At Risk
12957,10.0,13.0,8628.42,5,5,5,555,15,Champions
12958,400.0,2.0,539.49,2,2,2,222,6,Hibernating/Lost
12959,484.0,1.0,133.35,1,1,1,111,3,Hibernating/Lost
12960,414.0,4.0,1322.07,1,3,4,134,8,At Risk
12961,379.0,1.0,211.99,2,1,1,211,4,Hibernating/Lost
12962,7.0,2.0,266.39,5,2,1,521,8,New Customers
12963,8.0,12.0,3512.79,5,5,5,555,15,Champions
12964,437.0,1.0,132.24,1,1,1,111,3,Hibernating/Lost
12965,89.0,1.0,771.91,3,1,3,313,7,Potential Loyalists
12966,10.0,1.0,160.18,5,1,1,511,7,New Customers
12967,358.0,3.0,3840.77,2,3,5,235,10,At Risk
12968,112.0,1.0,135.95,3,1,1,311,5,Potential Loyalists
12969,603.0,1.0,122.45,1,1,1,111,3,Hibernating/Lost
12970,7.0,10.0,1524.97,5,5,4,554,14,Champions
12971,4.0,116.0,15482.74,5,5,5,555,15,Champions
12972,414.0,4.0,1115.95,1,3,3,133,7,At Risk
12973,414.0,1.0,385.55,1,1,2,112,4,Hibernating/Lost
12974,198.0,2.0,408.95,2,2,2,222,6,Hibernating/Lost
12975,437.0,6.0,1993.99,1,4,4,144,9,Can't Lose Them
12976,212.0,8.0,3156.38,2,4,5,245,11,Can't Lose Them
12977,156.0,4.0,517.63,3,3,2,332,8,Loyal Customers
12978,385.0,5.0,2496.07,2,4,4,244,10,Can't Lose Them
12979,729.0,1.0,479.53999999999996,1,1,2,112,4,Hibernating/Lost
12980,158.0,21.0,15909.390000000001,3,5,5,355,13,Loyal Customers
12981,30.0,2.0,372.21999999999997,4,2,2,422,8,New Customers
12982,243.0,8.0,2562.12,2,4,4,244,10,Can't Lose Them
12983,598.0,1.0,490.08000000000004,1,1,2,112,4,Hibernating/Lost
12984,19.0,1.0,97.5,4,1,1,411,6,New Customers
12985,1.0,2.0,1215.6200000000001,5,2,4,524,11,New Customers
12986,429.0,10.0,1991.5900000000001,1,5,4,154,10,Can't Lose Them
12987,74.0,5.0,1298.51,3,4,4,344,11,Loyal Customers
12988,292.0,1.0,535.32,2,1,2,212,5,Hibernating/Lost
12989,3.0,33.0,12846.8,5,5,5,555,15,Champions
12990,31.0,7.0,955.5,4,4,3,443,11,Champions
12991,23.0,3.0,764.82,4,3,3,433,10,Loyal Customers
12992,725.0,1.0,93.35000000000001,1,1,1,111,3,Hibernating/Lost
12993,23.0,8.0,1191.26,4,4,3,443,11,Champions
12994,4.0,3.0,902.22,5,3,3,533,11,Loyal Customers
12995,85.0,1.0,200.72,3,1,1,311,5,Potential Loyalists
12996,376.0,1.0,355.5,2,1,2,212,5,Hibernating/Lost
12997,22.0,8.0,2065.11,4,4,4,444,12,Champions
12998,493.0,3.0,897.38,1,3,3,133,7,At Risk
12999,196.0,3.0,455.88,2,3,2,232,7,At Risk
13000,107.0,4.0,965.0,3,3,3,333,9,Loyal Customers
13001,4.0,33.0,24136.05,5,5,5,555,15,Champions
13002,318.0,3.0,414.13,2,3,2,232,7,At Risk
13003,106.0,3.0,149.05,3,3,1,331,7,Loyal Customers
13004,12.0,36.0,11143.99,5,5,5,555,15,Champions
13005,174.0,4.0,935.03,3,3,3,333,9,Loyal Customers
13006,56.0,1.0,81.57,4,1,1,411,6,New Customers
13007,580.0,1.0,175.25,1,1,1,111,3,Hibernating/Lost
13008,323.0,3.0,543.28,2,3,2,232,7,At Risk
13009,673.0,1.0,234.0,1,1,1,111,3,Hibernating/Lost
13010,374.0,2.0,330.12,2,2,2,222,6,Hibernating/Lost
13011,372.0,1.0,101.10000000000001,2,1,1,211,4,Hibernating/Lost
13012,9.0,11.0,2591.1800000000003,5,5,4,554,14,Champions
13013,1.0,29.0,12601.82,5,5,5,555,15,Champions
13014,11.0,11.0,5220.83,5,5,5,555,15,Champions
13015,53.0,11.0,6465.72,4,5,5,455,14,Champions
13016,73.0,3.0,789.89,3,3,3,333,9,Loyal Customers
13017,7.0,1.0,204.0,5,1,1,511,7,New Customers
13018,16.0,35.0,9742.81,5,5,5,555,15,Champions
13019,379.0,6.0,1212.95,2,4,4,244,10,Can't Lose Them
13020,563.0,2.0,606.96,1,2,3,123,6,Hibernating/Lost
13021,4.0,17.0,4786.38,5,5,5,555,15,Champions
13022,430.0,1.0,65.3,1,1,1,111,3,Hibernating/Lost
13023,64.0,3.0,1449.03,3,3,4,334,10,Loyal Customers
13024,471.0,2.0,535.42,1,2,2,122,5,Hibernating/Lost
13025,732.0,1.0,323.39,1,1,2,112,4,Hibernating/Lost
13026,1.0,9.0,1690.12,5,5,4,554,14,Champions
13027,114.0,19.0,17148.0,3,5,5,355,13,Loyal Customers
13028,23.0,2.0,659.68,4,2,3,423,9,New Customers
13029,31.0,5.0,1927.3,4,4,4,444,12,Champions
13030,11.0,2.0,1227.22,5,2,4,524,11,New Customers
13031,407.0,5.0,3419.27,2,4,5,245,11,Can't Lose Them
13032,52.0,9.0,2817.59,4,5,4,454,13,Champions
13033,357.0,2.0,220.55,2,2,1,221,5,Hibernating/Lost
13034,55.0,3.0,922.68,4,3,3,433,10,Loyal Customers
13035,74.0,3.0,1328.95,3,3,4,334,10,Loyal Customers
13036,685.0,1.0,307.1,1,1,2,112,4,Hibernating/Lost
13037,138.0,12.0,3842.55,3,5,5,355,13,Loyal Customers
13038,80.0,3.0,908.46,3,3,3,333,9,Loyal Customers
13039,584.0,4.0,1010.73,1,3,3,133,7,At Risk
13040,9.0,2.0,676.99,5,2,3,523,10,New Customers
13041,451.0,4.0,799.13,1,3,3,133,7,At Risk
13042,598.0,3.0,1522.79,1,3,4,134,8,At Risk
13043,273.0,1.0,471.57,2,1,2,212,5,Hibernating/Lost
13044,291.0,11.0,4824.2,2,5,5,255,12,Can't Lose Them
13045,99.0,3.0,808.92,3,3,3,333,9,Loyal Customers
13046,31.0,3.0,949.25,4,3,3,433,10,Loyal Customers
13047,32.0,24.0,8466.72,4,5,5,455,14,Champions
13048,14.0,9.0,4035.16,5,5,5,555,15,Champions
13049,64.0,4.0,1384.14,3,3,4,334,10,Loyal Customers
13050,15.0,35.0,11822.44,5,5,5,555,15,Champions
13051,579.0,2.0,155.8,1,2,1,121,4,Hibernating/Lost
13052,212.0,7.0,3168.53,2,4,5,245,11,Can't Lose Them
13053,622.0,1.0,127.65,1,1,1,111,3,Hibernating/Lost
13055,78.0,4.0,2292.5099999999998,3,3,4,334,10,Loyal Customers
13056,551.0,1.0,209.48,1,1,1,111,3,Hibernating/Lost
13057,530.0,3.0,540.74,1,3,2,132,6,At Risk
13058,25.0,3.0,271.40000000000003,4,3,1,431,8,Loyal Customers
13059,250.0,10.0,2272.62,2,5,4,254,11,Can't Lose Them
13060,254.0,1.0,307.53,2,1,2,212,5,Hibernating/Lost
13061,72.0,1.0,248.61,3,1,1,311,5,Potential Loyalists
13062,191.0,1.0,346.98,2,1,2,212,5,Hibernating/Lost
13063,481.0,1.0,188.4,1,1,1,111,3,Hibernating/Lost
13064,13.0,6.0,1680.74,5,4,4,544,13,Champions
13065,373.0,5.0,1255.96,2,4,4,244,10,Can't Lose Them
13066,24.0,2.0,430.9,4,2,2,422,8,New Customers
13067,82.0,3.0,508.51,3,3,2,332,8,Loyal Customers
13068,10.0,2.0,344.0,5,2,2,522,9,New Customers
13069,1.0,38.0,8747.47,5,5,5,555,15,Champions
13070,192.0,4.0,743.9,2,3,3,233,8,At Risk
13071,612.0,1.0,129.22,1,1,1,111,3,Hibernating/Lost
13072,267.0,1.0,177.15,2,1,1,211,4,Hibernating/Lost
13073,411.0,2.0,418.08,1,2,2,122,5,Hibernating/Lost
13074,511.0,4.0,1362.8400000000001,1,3,4,134,8,At Risk
13075,130.0,1.0,919.61,3,1,3,313,7,Potential Loyalists
13076,458.0,1.0,135.4,1,1,1,111,3,Hibernating/Lost
13077,1.0,11.0,3040.17,5,5,5,555,15,Champions
13078,3.0,57.0,28883.83,5,5,5,555,15,Champions
13079,4.0,6.0,419.18,5,4,2,542,11,Champions
13080,179.0,4.0,260.83,3,3,1,331,7,Loyal Customers
13081,12.0,28.0,58328.15,5,5,5,555,15,Champions
13082,126.0,21.0,7268.92,3,5,5,355,13,Loyal Customers
13083,4.0,3.0,395.43,5,3,2,532,10,Loyal Customers
13084,492.0,1.0,116.44999999999999,1,1,1,111,3,Hibernating/Lost
13085,158.0,8.0,1459.46,3,4,4,344,11,Loyal Customers
13086,383.0,1.0,439.33000000000004,2,1,2,212,5,Hibernating/Lost
13087,726.0,1.0,313.64,1,1,2,112,4,Hibernating/Lost
13088,417.0,1.0,236.11,1,1,1,111,3,Hibernating/Lost
13089,3.0,203.0,113214.19,5,5,5,555,15,Champions
13090,9.0,24.0,13771.28,5,5,5,555,15,Champions
13091,28.0,3.0,-130.21999999999997,4,3,1,431,8,Loyal Customers
13092,71.0,12.0,2007.33,3,5,4,354,12,Loyal Customers
13093,276.0,55.0,54073.729999999996,2,5,5,255,12,Can't Lose Them
13094,21.0,13.0,2214.6600000000003,4,5,4,454,13,Champions
13095,71.0,1.0,74.39999999999999,3,1,1,311,5,Potential Loyalists
13096,394.0,1.0,419.70000000000005,2,1,2,212,5,Hibernating/Lost
13097,33.0,28.0,12861.73,4,5,5,455,14,Champions
13098,1.0,28.0,28658.88,5,5,5,555,15,Champions
13099,99.0,1.0,207.35999999999999,3,1,1,311,5,Potential Loyalists
13101,234.0,4.0,695.4,2,3,3,233,8,At Risk
13102,1.0,37.0,11440.12,5,5,5,555,15,Champions
13103,40.0,3.0,709.64,4,3,3,433,10,Loyal Customers
13104,3.0,9.0,1709.1,5,5,4,554,14,Champions
13105,436.0,1.0,72.0,1,1,1,111,3,Hibernating/Lost
13106,133.0,2.0,586.46,3,2,2,322,7,Potential Loyalists
13107,44.0,9.0,5109.62,4,5,5,455,14,Champions
13108,373.0,2.0,1098.52,2,2,3,223,7,Hibernating/Lost
13109,60.0,3.0,1107.58,3,3,3,333,9,Loyal Customers
13110,31.0,12.0,2896.17,4,5,5,455,14,Champions
13111,719.0,1.0,321.88000000000005,1,1,2,112,4,Hibernating/Lost
13112,541.0,1.0,-5.44,1,1,1,111,3,Hibernating/Lost
13113,1.0,37.0,16600.25,5,5,5,555,15,Champions
13114,731.0,1.0,234.38,1,1,1,111,3,Hibernating/Lost
13115,12.0,10.0,5374.45,5,5,5,555,15,Champions
13116,138.0,1.0,485.19,3,1,2,312,6,Potential Loyalists
13117,22.0,18.0,2642.11,4,5,4,454,13,Champions
13118,20.0,9.0,2334.1,4,5,4,454,13,Champions
13119,669.0,1.0,134.9,1,1,1,111,3,Hibernating/Lost
13120,239.0,1.0,30.599999999999998,2,1,1,211,4,Hibernating/Lost
13121,269.0,1.0,254.73,2,1,1,211,4,Hibernating/Lost
13122,94.0,2.0,922.39,3,2,3,323,8,Potential Loyalists
13123,473.0,2.0,506.75,1,2,2,122,5,Hibernating/Lost
13124,90.0,4.0,4782.45,3,3,5,335,11,Loyal Customers
13125,524.0,1.0,158.57,1,1,1,111,3,Hibernating/Lost
13126,5.0,13.0,3902.47,5,5,5,555,15,Champions
13127,78.0,1.0,259.17,3,1,1,311,5,Potential Loyalists
13128,631.0,1.0,263.5,1,1,1,111,3,Hibernating/Lost
13129,452.0,2.0,233.25,1,2,1,121,4,Hibernating/Lost
13130,94.0,1.0,64.0,3,1,1,311,5,Potential Loyalists
13131,23.0,7.0,3279.77,4,4,5,445,13,Champions
13132,262.0,1.0,77.3,2,1,1,211,4,Hibernating/Lost
13133,274.0,3.0,200.45000000000002,2,3,1,231,6,At Risk
13134,86.0,6.0,2422.28,3,4,4,344,11,Loyal Customers
13135,197.0,2.0,3371.45,2,2,5,225,9,Hibernating/Lost
13136,56.0,13.0,6077.8,4,5,5,455,14,Champions
13137,11.0,16.0,7667.37,5,5,5,555,15,Champions
13138,22.0,7.0,1454.49,4,4,4,444,12,Champions
13139,16.0,8.0,8193.83,5,4,5,545,14,Champions
13140,108.0,5.0,1215.68,3,4,4,344,11,Loyal Customers
13141,85.0,17.0,7536.63,3,5,5,355,13,Loyal Customers
13142,19.0,1.0,307.09,4,1,2,412,7,New Customers
13143,585.0,1.0,399.2,1,1,2,112,4,Hibernating/Lost
13144,333.0,2.0,135.35,2,2,1,221,5,Hibernating/Lost
13145,40.0,7.0,1419.77,4,4,4,444,12,Champions
13146,26.0,1.0,228.91,4,1,1,411,6,New Customers
13147,10.0,4.0,712.8000000000001,5,3,3,533,11,Loyal Customers
13148,29.0,26.0,8123.6,4,5,5,455,14,Champions
13149,14.0,4.0,1676.06,5,3,4,534,12,Loyal Customers
13150,484.0,3.0,435.02,1,3,2,132,6,At Risk
13151,296.0,3.0,2511.69,2,3,4,234,9,At Risk
13152,417.0,7.0,2114.98,1,4,4,144,9,Can't Lose Them
13153,6.0,1.0,486.22,5,1,2,512,8,New Customers
13154,399.0,3.0,997.4300000000001,2,3,3,233,8,At Risk
13155,33.0,6.0,1750.18,4,4,4,444,12,Champions
13156,385.0,3.0,1586.54,2,3,4,234,9,At Risk
13157,49.0,9.0,5667.71,4,5,5,455,14,Champions
13158,95.0,5.0,1508.18,3,4,4,344,11,Loyal Customers
13159,9.0,4.0,1379.75,5,3,4,534,12,Loyal Customers
13160,22.0,1.0,91.8,4,1,1,411,6,New Customers
13161,313.0,2.0,478.88,2,2,2,222,6,Hibernating/Lost
13162,122.0,16.0,9116.94,3,5,5,355,13,Loyal Customers
13163,610.0,1.0,0.0,1,1,1,111,3,Hibernating/Lost
13164,569.0,2.0,297.46000000000004,1,2,2,122,5,Hibernating/Lost
13165,46.0,3.0,1451.16,4,3,4,434,11,Loyal Customers
13166,283.0,2.0,881.68,2,2,3,223,7,Hibernating/Lost
13167,19.0,5.0,1125.15,4,4,3,443,11,Champions
13168,36.0,5.0,1866.26,4,4,4,444,12,Champions
13169,64.0,3.0,840.08,3,3,3,333,9,Loyal Customers
13170,27.0,1.0,116.00999999999999,4,1,1,411,6,New Customers
13171,22.0,3.0,426.81,4,3,2,432,9,Loyal Customers
13172,400.0,1.0,69.6,2,1,1,211,4,Hibernating/Lost
13173,4.0,11.0,2620.5,5,5,4,554,14,Champions
13174,16.0,12.0,9494.84,5,5,5,555,15,Champions
13175,582.0,2.0,793.1,1,2,3,123,6,Hibernating/Lost
13176,46.0,1.0,492.84,4,1,2,412,7,New Customers
13177,65.0,2.0,512.2,3,2,2,322,7,Potential Loyalists
13178,26.0,21.0,13997.89,4,5,5,455,14,Champions
13179,619.0,1.0,572.3100000000001,1,1,2,112,4,Hibernating/Lost
13180,607.0,1.0,86.10000000000001,1,1,1,111,3,Hibernating/Lost
13181,381.0,1.0,359.69,2,1,2,212,5,Hibernating/Lost
13182,45.0,1.0,121.18,4,1,1,411,6,New Customers
13183,8.0,15.0,7010.88,5,5,5,555,15,Champions
13184,15.0,10.0,1648.79,5,5,4,554,14,Champions
13185,268.0,1.0,71.4,2,1,1,211,4,Hibernating/Lost
13186,40.0,3.0,1539.69,4,3,4,434,11,Loyal Customers
13187,337.0,4.0,348.31,2,3,2,232,7,At Risk
13188,11.0,1.0,114.60000000000001,5,1,1,511,7,New Customers
13189,19.0,2.0,260.68,4,2,1,421,7,New Customers
13190,544.0,3.0,518.76,1,3,2,132,6,At Risk
13191,658.0,1.0,164.69,1,1,1,111,3,Hibernating/Lost
13192,95.0,6.0,2544.53,3,4,4,344,11,Loyal Customers
13193,61.0,1.0,117.88,3,1,1,311,5,Potential Loyalists
13194,136.0,2.0,472.78,3,2,2,322,7,Potential Loyalists
13195,414.0,1.0,172.38,1,1,1,111,3,Hibernating/Lost
13196,11.0,7.0,3059.64,5,4,5,545,14,Champions
13197,610.0,1.0,373.01000000000005,1,1,2,112,4,Hibernating/Lost
13198,10.0,8.0,4912.28,5,4,5,545,14,Champions
13199,4.0,67.0,16404.98,5,5,5,555,15,Champions
13200,19.0,4.0,870.09,4,3,3,433,10,Loyal Customers
13201,502.0,4.0,1240.6100000000001,1,3,4,134,8,At Risk
13202,394.0,7.0,1571.35,2,4,4,244,10,Can't Lose Them
13203,10.0,10.0,2630.55,5,5,4,554,14,Champions
13204,731.0,1.0,966.6600000000001,1,1,3,113,5,Hibernating/Lost
13205,443.0,1.0,2803.2,1,1,4,114,6,Hibernating/Lost
13206,400.0,13.0,8280.13,2,5,5,255,12,Can't Lose Them
13207,15.0,4.0,535.86,5,3,2,532,10,Loyal Customers
13208,59.0,9.0,1970.5,3,5,4,354,12,Loyal Customers
13209,30.0,13.0,8438.06,4,5,5,455,14,Champions
13210,94.0,1.0,353.48,3,1,2,312,6,Potential Loyalists
13211,10.0,10.0,2706.87,5,5,4,554,14,Champions
13212,20.0,3.0,780.58,4,3,3,433,10,Loyal Customers
13213,57.0,11.0,3834.62,4,5,5,455,14,Champions
13214,418.0,7.0,3264.23,1,4,5,145,10,Can't Lose Them
13215,402.0,1.0,81.6,2,1,1,211,4,Hibernating/Lost
13216,268.0,1.0,333.74,2,1,2,212,5,Hibernating/Lost
13217,122.0,4.0,266.12,3,3,1,331,7,Loyal Customers
13218,127.0,1.0,62.63999999999999,3,1,1,311,5,Potential Loyalists
13219,618.0,1.0,76.23,1,1,1,111,3,Hibernating/Lost
13220,78.0,5.0,1336.0900000000001,3,4,4,344,11,Loyal Customers
13221,240.0,2.0,847.41,2,2,3,223,7,Hibernating/Lost
13222,577.0,1.0,88.5,1,1,1,111,3,Hibernating/Lost
13223,200.0,6.0,969.1200000000001,2,4,3,243,9,Can't Lose Them
13224,60.0,2.0,2150.85,3,2,4,324,9,Potential Loyalists
13225,3.0,16.0,15879.27,5,5,5,555,15,Champions
13226,273.0,2.0,312.46,2,2,2,222,6,Hibernating/Lost
13227,202.0,1.0,257.7,2,1,1,211,4,Hibernating/Lost
13228,81.0,1.0,358.0,3,1,2,312,6,Potential Loyalists
13229,226.0,1.0,160.95,2,1,1,211,4,Hibernating/Lost
13230,4.0,30.0,6317.22,5,5,5,555,15,Champions
13232,13.0,7.0,1357.6,5,4,4,544,13,Champions
13233,74.0,4.0,1176.46,3,3,3,333,9,Loyal Customers
13234,673.0,2.0,356.95,1,2,2,122,5,Hibernating/Lost
13235,212.0,1.0,101.17000000000007,2,1,1,211,4,Hibernating/Lost
13236,25.0,2.0,727.27,4,2,3,423,9,New Customers
13237,388.0,1.0,643.0,2,1,3,213,6,Hibernating/Lost
13238,17.0,6.0,986.73,5,4,3,543,12,Champions
13239,262.0,5.0,1579.84,2,4,4,244,10,Can't Lose Them
13240,96.0,8.0,1661.17,3,4,4,344,11,Loyal Customers
13241,412.0,1.0,115.58,1,1,1,111,3,Hibernating/Lost
13242,112.0,7.0,699.4,3,4,3,343,10,Loyal Customers
13243,203.0,5.0,1278.04,2,4,4,244,10,Can't Lose Them
13244,93.0,1.0,121.74000000000001,3,1,1,311,5,Potential Loyalists
13245,51.0,2.0,989.22,4,2,3,423,9,New Customers
13246,18.0,11.0,3277.68,5,5,5,555,15,Champions
13247,18.0,4.0,501.12,5,3,2,532,10,Loyal Customers
13248,125.0,2.0,465.68,3,2,2,322,7,Potential Loyalists
13249,92.0,9.0,1608.93,3,5,4,354,12,Loyal Customers
13250,461.0,2.0,248.54000000000002,1,2,1,121,4,Hibernating/Lost
13251,402.0,1.0,252.68,2,1,1,211,4,Hibernating/Lost
13252,394.0,2.0,341.3,2,2,2,222,6,Hibernating/Lost
13253,157.0,4.0,2951.11,3,3,5,335,11,Loyal Customers
13254,376.0,1.0,51.410000000000004,2,1,1,211,4,Hibernating/Lost
13255,9.0,3.0,895.61,5,3,3,533,11,Loyal Customers
13257,436.0,1.0,117.95,1,1,1,111,3,Hibernating/Lost
13258,12.0,5.0,1035.18,5,4,3,543,12,Champions
13259,62.0,9.0,1433.38,3,5,4,354,12,Loyal Customers
13260,61.0,1.0,557.62,3,1,2,312,6,Potential Loyalists
13261,269.0,2.0,944.1,2,2,3,223,7,Hibernating/Lost
13262,263.0,3.0,573.45,2,3,2,232,7,At Risk
13263,1.0,39.0,8704.69,5,5,5,555,15,Champions
13264,443.0,1.0,722.5600000000001,1,1,3,113,5,Hibernating/Lost
13265,53.0,5.0,2107.66,4,4,4,444,12,Champions
13266,11.0,19.0,5965.3,5,5,5,555,15,Champions
13267,3.0,36.0,9512.210000000001,5,5,5,555,15,Champions
13268,18.0,11.0,3167.64,5,5,5,555,15,Champions
13269,1.0,28.0,8861.39,5,5,5,555,15,Champions
13270,366.0,1.0,1180.0,2,1,3,213,6,Hibernating/Lost
13271,37.0,1.0,178.26,4,1,1,411,6,New Customers
13272,31.0,2.0,276.56,4,2,2,422,8,New Customers
13273,113.0,1.0,138.98,3,1,1,311,5,Potential Loyalists
13274,409.0,1.0,360.85,2,1,2,212,5,Hibernating/Lost
13275,384.0,2.0,241.66,2,2,1,221,5,Hibernating/Lost
13276,64.0,5.0,1918.56,3,4,4,344,11,Loyal Customers
13277,16.0,7.0,523.3,5,4,2,542,11,Champions
13278,41.0,4.0,1428.2,4,3,4,434,11,Loyal Customers
13279,78.0,1.0,126.30000000000001,3,1,1,311,5,Potential Loyalists
13280,122.0,7.0,2297.13,3,4,4,344,11,Loyal Customers
13281,439.0,1.0,306.45,1,1,2,112,4,Hibernating/Lost
13282,18.0,4.0,1228.89,5,3,4,534,12,Loyal Customers
13283,60.0,4.0,373.36,3,3,2,332,8,Loyal Customers
13284,331.0,1.0,196.15,2,1,1,211,4,Hibernating/Lost
13285,23.0,6.0,3364.59,4,4,5,445,13,Champions
13286,600.0,1.0,734.91,1,1,3,113,5,Hibernating/Lost
13287,603.0,3.0,519.67,1,3,2,132,6,At Risk
13288,443.0,5.0,892.16,1,4,3,143,8,Can't Lose Them
13289,724.0,1.0,307.95,1,1,2,112,4,Hibernating/Lost
13290,438.0,1.0,-208.63,1,1,1,111,3,Hibernating/Lost
13291,156.0,11.0,3320.84,3,5,5,355,13,Loyal Customers
13292,39.0,5.0,987.79,4,4,3,443,11,Champions
13293,392.0,6.0,1180.34,2,4,3,243,9,Can't Lose Them
13294,190.0,3.0,1689.53,2,3,4,234,9,At Risk
13295,360.0,4.0,1058.02,2,3,3,233,8,At Risk
13296,137.0,6.0,792.51,3,4,3,343,10,Loyal Customers
13297,8.0,7.0,4352.67,5,4,5,545,14,Champions
13298,1.0,1.0,360.0,5,1,2,512,8,New Customers
13299,268.0,3.0,1173.3,2,3,3,233,8,At Risk
13300,169.0,3.0,1267.21,3,3,4,334,10,Loyal Customers
13301,104.0,4.0,618.09,3,3,3,333,9,Loyal Customers
13302,155.0,2.0,159.2,3,2,1,321,6,Potential Loyalists
13303,400.0,1.0,61.72,2,1,1,211,4,Hibernating/Lost
13304,351.0,4.0,1120.79,2,3,3,233,8,At Risk
13305,4.0,16.0,3754.71,5,5,5,555,15,Champions
13306,430.0,1.0,53.65,1,1,1,111,3,Hibernating/Lost
13307,120.0,3.0,273.34,3,3,2,332,8,Loyal Customers
13308,23.0,4.0,1652.47,4,3,4,434,11,Loyal Customers
13309,7.0,6.0,1706.3700000000001,5,4,4,544,13,Champions
13310,28.0,5.0,1492.8,4,4,4,444,12,Champions
13311,4.0,2.0,598.57,5,2,2,522,9,New Customers
13312,451.0,1.0,124.75,1,1,1,111,3,Hibernating/Lost
13313,22.0,12.0,3423.27,4,5,5,455,14,Champions
13314,2.0,3.0,578.66,5,3,2,532,10,Loyal Customers
13315,689.0,1.0,310.26,1,1,2,112,4,Hibernating/Lost
13316,37.0,10.0,12906.93,4,5,5,455,14,Champions
13317,66.0,19.0,6068.531,3,5,5,355,13,Loyal Customers
13318,1.0,3.0,640.76,5,3,3,533,11,Loyal Customers
13319,5.0,58.0,21706.09,5,5,5,555,15,Champions
13320,78.0,6.0,2160.95,3,4,4,344,11,Loyal Customers
13321,72.0,2.0,567.36,3,2,2,322,7,Potential Loyalists
13322,17.0,1.0,199.48000000000002,5,1,1,511,7,New Customers
13323,3.0,5.0,787.85,5,4,3,543,12,Champions
13324,36.0,18.0,10421.369999999999,4,5,5,455,14,Champions
13325,82.0,1.0,675.3,3,1,3,313,7,Potential Loyalists
13326,432.0,1.0,281.76,1,1,2,112,4,Hibernating/Lost
13327,39.0,20.0,9741.03,4,5,5,455,14,Champions
13328,316.0,1.0,1308.48,2,1,4,214,7,Hibernating/Lost
13329,32.0,8.0,4977.0199999999995,4,4,5,445,13,Champions
13330,93.0,6.0,2806.18,3,4,4,344,11,Loyal Customers
13331,402.0,1.0,262.4,2,1,1,211,4,Hibernating/Lost
13332,14.0,1.0,350.9,5,1,2,512,8,New Customers
13333,411.0,3.0,1015.74,1,3,3,133,7,At Risk
13334,82.0,5.0,6257.0,3,4,5,345,12,Loyal Customers
13336,77.0,1.0,795.12,3,1,3,313,7,Potential Loyalists
13337,546.0,1.0,1548.55,1,1,4,114,6,Hibernating/Lost
13338,158.0,4.0,2223.62,3,3,4,334,10,Loyal Customers
13339,201.0,1.0,860.12,2,1,3,213,6,Hibernating/Lost
13340,45.0,12.0,22100.56,4,5,5,455,14,Champions
13341,261.0,1.0,775.85,2,1,3,213,6,Hibernating/Lost
13343,178.0,1.0,303.93,3,1,2,312,6,Potential Loyalists
13344,68.0,3.0,2543.72,3,3,4,334,10,Loyal Customers
13345,288.0,1.0,377.6,2,1,2,212,5,Hibernating/Lost
13346,463.0,6.0,299.4,1,4,2,142,7,Can't Lose Them
13347,70.0,1.0,341.36,3,1,2,312,6,Potential Loyalists
13348,64.0,1.0,233.76,3,1,1,311,5,Potential Loyalists
13349,11.0,1.0,247.32,5,1,1,511,7,New Customers
13350,16.0,2.0,910.72,5,2,3,523,10,New Customers
13351,66.0,1.0,373.94,3,1,2,312,6,Potential Loyalists
13352,60.0,1.0,389.28,3,1,2,312,6,Potential Loyalists
13354,71.0,1.0,743.53,3,1,3,313,7,Potential Loyalists
13355,122.0,1.0,674.7,3,1,3,313,7,Potential Loyalists
13356,80.0,1.0,768.24,3,1,3,313,7,Potential Loyalists
13357,257.0,5.0,3838.36,2,4,5,245,11,Can't Lose Them
13358,269.0,1.0,439.03,2,1,2,212,5,Hibernating/Lost
13359,64.0,2.0,1001.96,3,2,3,323,8,Potential Loyalists
13360,432.0,4.0,1464.1,1,3,4,134,8,At Risk
13361,472.0,2.0,1450.5,1,2,4,124,7,Hibernating/Lost
13362,9.0,7.0,5357.57,5,4,5,545,14,Champions
13363,18.0,3.0,1723.86,5,3,4,534,12,Loyal Customers
13364,71.0,1.0,0.0,3,1,1,311,5,Potential Loyalists
13365,34.0,2.0,2164.32,4,2,4,424,10,New Customers
13366,50.0,1.0,56.160000000000004,4,1,1,411,6,New Customers
13367,432.0,1.0,510.20000000000005,1,1,2,112,4,Hibernating/Lost
13368,257.0,4.0,1086.1,2,3,3,233,8,At Risk
13369,366.0,1.0,572.03,2,1,2,212,5,Hibernating/Lost
13370,372.0,1.0,1442.64,2,1,4,214,7,Hibernating/Lost
13371,505.0,2.0,2271.46,1,2,4,124,7,Hibernating/Lost
13372,90.0,1.0,378.64,3,1,2,312,6,Potential Loyalists
13373,61.0,6.0,7587.1900000000005,3,4,5,345,12,Loyal Customers
13374,415.0,2.0,422.8,1,2,2,122,5,Hibernating/Lost
13375,89.0,2.0,1786.48,3,2,4,324,9,Potential Loyalists
13376,99.0,3.0,1019.76,3,3,3,333,9,Loyal Customers
13377,397.0,2.0,1495.43,2,2,4,224,8,Hibernating/Lost
13379,26.0,3.0,572.56,4,3,2,432,9,Loyal Customers
13380,433.0,1.0,62.4,1,1,1,111,3,Hibernating/Lost
13381,32.0,12.0,8185.02,4,5,5,455,14,Champions
13382,281.0,5.0,1387.58,2,4,4,244,10,Can't Lose Them
13383,544.0,1.0,305.28000000000003,1,1,2,112,4,Hibernating/Lost
13384,31.0,11.0,6635.09,4,5,5,455,14,Champions
13385,330.0,1.0,534.57,2,1,2,212,5,Hibernating/Lost
13386,414.0,2.0,835.46,1,2,3,123,6,Hibernating/Lost
13387,417.0,1.0,189.44,1,1,1,111,3,Hibernating/Lost
13388,131.0,3.0,1135.7,3,3,3,333,9,Loyal Customers
13389,11.0,3.0,797.96,5,3,3,533,11,Loyal Customers
13390,75.0,1.0,544.08,3,1,2,312,6,Potential Loyalists
13391,204.0,1.0,59.8,2,1,1,211,4,Hibernating/Lost
13392,677.0,1.0,91.14,1,1,1,111,3,Hibernating/Lost
13393,584.0,4.0,1105.85,1,3,3,133,7,At Risk
13394,2.0,19.0,6323.88,5,5,5,555,15,Champions
13395,185.0,3.0,1180.23,3,3,3,333,9,Loyal Customers
13396,29.0,2.0,1325.29,4,2,4,424,10,New Customers
13397,73.0,10.0,3094.11,3,5,5,355,13,Loyal Customers
13398,192.0,2.0,670.34,2,2,3,223,7,Hibernating/Lost
13399,464.0,3.0,275.4,1,3,2,132,6,At Risk
13400,583.0,1.0,300.93,1,1,2,112,4,Hibernating/Lost
13402,127.0,4.0,1535.13,3,3,4,334,10,Loyal Customers
13403,18.0,3.0,229.5,5,3,1,531,9,Loyal Customers
13404,1.0,2.0,252.49,5,2,1,521,8,New Customers
13405,74.0,6.0,1196.561,3,4,3,343,10,Loyal Customers
13406,427.0,2.0,557.22,1,2,2,122,5,Hibernating/Lost
13407,579.0,3.0,2111.89,1,3,4,134,8,At Risk
13408,2.0,106.0,50852.852,5,5,5,555,15,Champions
13410,24.0,9.0,2172.51,4,5,4,454,13,Champions
13411,107.0,1.0,213.55,3,1,1,311,5,Potential Loyalists
13412,620.0,1.0,487.34999999999997,1,1,2,112,4,Hibernating/Lost
13413,640.0,6.0,345.8,1,4,2,142,7,Can't Lose Them
13414,134.0,6.0,2482.24,3,4,4,344,11,Loyal Customers
13415,473.0,4.0,681.92,1,3,3,133,7,At Risk
13416,44.0,3.0,940.8000000000001,4,3,3,433,10,Loyal Customers
13417,5.0,6.0,1593.89,5,4,4,544,13,Champions
13418,12.0,31.0,11916.16,5,5,5,555,15,Champions
13419,64.0,1.0,221.06,3,1,1,311,5,Potential Loyalists
13420,150.0,2.0,140.35,3,2,1,321,6,Potential Loyalists
13421,40.0,8.0,4088.82,4,4,5,445,13,Champions
13422,64.0,1.0,2601.55,3,1,4,314,8,Potential Loyalists
13423,429.0,1.0,217.03,1,1,1,111,3,Hibernating/Lost
13424,450.0,1.0,557.92,1,1,2,112,4,Hibernating/Lost
13425,108.0,5.0,3375.9300000000003,3,4,5,345,12,Loyal Customers
13426,1.0,22.0,8076.76,5,5,5,555,15,Champions
13427,19.0,6.0,1006.53,5,4,3,543,12,Champions
13428,10.0,3.0,499.98,5,3,2,532,10,Loyal Customers
13429,11.0,4.0,1006.8,5,3,3,533,11,Loyal Customers
13430,19.0,2.0,648.6899999999999,5,2,3,523,10,New Customers
13431,67.0,8.0,3289.24,3,4,5,345,12,Loyal Customers
13432,571.0,2.0,439.1,1,2,2,122,5,Hibernating/Lost
13433,501.0,4.0,656.87,1,3,3,133,7,At Risk
13434,74.0,5.0,1666.8600000000001,3,4,4,344,11,Loyal Customers
13435,5.0,9.0,4459.83,5,5,5,555,15,Champions
13436,2.0,1.0,196.89,5,1,1,511,7,New Customers
13437,14.0,7.0,3408.06,5,4,5,545,14,Champions
13438,547.0,1.0,46.5,1,1,1,111,3,Hibernating/Lost
13439,255.0,3.0,986.61,2,3,3,233,8,At Risk
13440,423.0,7.0,1213.95,1,4,4,144,9,Can't Lose Them
13441,92.0,2.0,720.9,3,2,3,323,8,Potential Loyalists
13442,667.0,3.0,419.87,1,3,2,132,6,At Risk
13443,449.0,6.0,1247.71,1,4,4,144,9,Can't Lose Them
13444,374.0,2.0,631.6800000000001,2,2,3,223,7,Hibernating/Lost
13445,626.0,1.0,241.89999999999998,1,1,1,111,3,Hibernating/Lost
13446,430.0,11.0,3608.86,1,5,5,155,11,Can't Lose Them
13447,23.0,3.0,1104.23,4,3,3,433,10,Loyal Customers
13448,17.0,13.0,8447.75,5,5,5,555,15,Champions
13449,24.0,1.0,291.88,4,1,2,412,7,New Customers
13450,27.0,13.0,4117.54,4,5,5,455,14,Champions
13451,26.0,11.0,7119.97,4,5,5,455,14,Champions
13452,259.0,3.0,729.8,2,3,3,233,8,At Risk
13453,166.0,3.0,758.99,3,3,3,333,9,Loyal Customers
13454,641.0,1.0,219.87,1,1,1,111,3,Hibernating/Lost
13455,25.0,6.0,2773.82,4,4,4,444,12,Champions
13456,18.0,6.0,1737.8200000000002,5,4,4,544,13,Champions
13457,689.0,2.0,143.27,1,2,1,121,4,Hibernating/Lost
13458,7.0,16.0,11850.62,5,5,5,555,15,Champions
13459,625.0,2.0,1160.4099999999999,1,2,3,123,6,Hibernating/Lost
13460,29.0,2.0,183.44,4,2,1,421,7,New Customers
13461,39.0,6.0,4138.5,4,4,5,445,13,Champions
13462,253.0,5.0,1145.6,2,4,3,243,9,Can't Lose Them
13464,58.0,6.0,3083.89,4,4,5,445,13,Champions
13465,446.0,2.0,931.12,1,2,3,123,6,Hibernating/Lost
13466,184.0,5.0,952.25,3,4,3,343,10,Loyal Customers
13467,11.0,2.0,1083.71,5,2,3,523,10,New Customers
13468,2.0,72.0,13091.61,5,5,5,555,15,Champions
13469,653.0,1.0,82.4,1,1,1,111,3,Hibernating/Lost
13470,99.0,2.0,165.0,3,2,1,321,6,Potential Loyalists
13471,1.0,4.0,2531.58,5,3,4,534,12,Loyal Customers
13472,464.0,2.0,592.24,1,2,2,122,5,Hibernating/Lost
13473,61.0,8.0,2410.98,3,4,4,344,11,Loyal Customers
13474,236.0,3.0,663.79,2,3,3,233,8,At Risk
13475,191.0,4.0,1431.78,2,3,4,234,9,At Risk
13476,179.0,5.0,1915.77,3,4,4,344,11,Loyal Customers
13477,38.0,11.0,2821.12,4,5,4,454,13,Champions
13478,469.0,5.0,2068.03,1,4,4,144,9,Can't Lose Them
13479,201.0,4.0,808.5,2,3,3,233,8,At Risk
13480,417.0,2.0,627.82,1,2,3,123,6,Hibernating/Lost
13481,46.0,11.0,3798.84,4,5,5,455,14,Champions
13482,232.0,2.0,336.09,2,2,2,222,6,Hibernating/Lost
13483,66.0,1.0,140.34,3,1,1,311,5,Potential Loyalists
13484,241.0,3.0,767.32,2,3,3,233,8,At Risk
13485,233.0,11.0,2957.92,2,5,5,255,12,Can't Lose Them
13486,78.0,3.0,1122.41,3,3,3,333,9,Loyal Customers
13487,58.0,5.0,846.87,4,4,3,443,11,Champions
13488,17.0,23.0,15513.73,5,5,5,555,15,Champions
13489,105.0,4.0,449.52,3,3,2,332,8,Loyal Customers
13490,654.0,1.0,154.25,1,1,1,111,3,Hibernating/Lost
13491,52.0,27.0,4566.56,4,5,5,455,14,Champions
13492,136.0,3.0,1269.84,3,3,4,334,10,Loyal Customers
13493,275.0,2.0,618.63,2,2,3,223,7,Hibernating/Lost
13494,312.0,1.0,316.26000000000005,2,1,2,212,5,Hibernating/Lost
13495,8.0,10.0,5246.61,5,5,5,555,15,Champions
13496,11.0,2.0,617.93,5,2,3,523,10,New Customers
13497,283.0,6.0,1266.33,2,4,4,244,10,Can't Lose Them
13498,730.0,1.0,327.38,1,1,2,112,4,Hibernating/Lost
13499,18.0,5.0,1146.96,5,4,3,543,12,Champions
13500,23.0,4.0,1436.3,4,3,4,434,11,Loyal Customers
13501,288.0,3.0,2840.26,2,3,4,234,9,At Risk
13502,17.0,5.0,774.6,5,4,3,543,12,Champions
13503,71.0,6.0,1793.54,3,4,4,344,11,Loyal Customers
13504,64.0,1.0,295.93,3,1,2,312,6,Potential Loyalists
13505,73.0,4.0,4282.88,3,3,5,335,11,Loyal Customers
13506,316.0,5.0,1609.65,2,4,4,244,10,Can't Lose Them
13507,3.0,4.0,2479.16,5,3,4,534,12,Loyal Customers
13508,244.0,2.0,287.05,2,2,2,222,6,Hibernating/Lost
13509,9.0,8.0,1114.72,5,4,3,543,12,Champions
13510,1.0,11.0,4488.39,5,5,5,555,15,Champions
13511,677.0,1.0,244.61,1,1,1,111,3,Hibernating/Lost
13512,261.0,4.0,713.39,2,3,3,233,8,At Risk
13513,127.0,3.0,796.99,3,3,3,333,9,Loyal Customers
13514,74.0,4.0,815.9000000000001,3,3,3,333,9,Loyal Customers
13515,73.0,6.0,1265.82,3,4,4,344,11,Loyal Customers
13516,21.0,4.0,1685.26,4,3,4,434,11,Loyal Customers
13517,60.0,3.0,2109.07,3,3,4,334,10,Loyal Customers
13518,86.0,1.0,659.4399999999999,3,1,3,313,7,Potential Loyalists
13519,78.0,2.0,331.26,3,2,2,322,7,Potential Loyalists
13520,59.0,11.0,6680.65,3,5,5,355,13,Loyal Customers
13521,1.0,3.0,1093.65,5,3,3,533,11,Loyal Customers
13522,30.0,1.0,125.80000000000001,4,1,1,411,6,New Customers
13523,33.0,6.0,4892.02,4,4,5,445,13,Champions
13524,41.0,5.0,680.1800000000001,4,4,3,443,11,Champions
13525,15.0,2.0,628.78,5,2,3,523,10,New Customers
13526,738.0,2.0,942.5999999999999,1,2,3,123,6,Hibernating/Lost
13527,34.0,12.0,4650.04,4,5,5,455,14,Champions
13529,79.0,2.0,307.76,3,2,2,322,7,Potential Loyalists
13530,634.0,1.0,402.97999999999996,1,1,2,112,4,Hibernating/Lost
13531,205.0,6.0,1738.52,2,4,4,244,10,Can't Lose Them
13532,34.0,1.0,210.31,4,1,1,411,6,New Customers
13533,183.0,3.0,270.79,3,3,1,331,7,Loyal Customers
13534,2.0,35.0,7324.5,5,5,5,555,15,Champions
13535,403.0,1.0,89.5,2,1,1,211,4,Hibernating/Lost
13536,1.0,7.0,3448.29,5,4,5,545,14,Champions
13537,426.0,2.0,717.85,1,2,3,123,6,Hibernating/Lost
13538,43.0,12.0,3112.73,4,5,5,455,14,Champions
13539,86.0,7.0,1531.26,3,4,4,344,11,Loyal Customers
13540,467.0,3.0,632.39,1,3,3,133,7,At Risk
13541,427.0,2.0,717.9,1,2,3,123,6,Hibernating/Lost
13542,377.0,17.0,3970.77,2,5,5,255,12,Can't Lose Them
13543,634.0,2.0,1439.6100000000001,1,2,4,124,7,Hibernating/Lost
13544,40.0,6.0,820.5,4,4,3,443,11,Champions
13545,391.0,2.0,347.35,2,2,2,222,6,Hibernating/Lost
13546,12.0,5.0,1092.14,5,4,3,543,12,Champions
13547,408.0,1.0,175.53,2,1,1,211,4,Hibernating/Lost
13548,96.0,3.0,908.99,3,3,3,333,9,Loyal Customers
13549,26.0,8.0,1003.72,4,4,3,443,11,Champions
13550,383.0,1.0,349.51,2,1,2,212,5,Hibernating/Lost
13551,319.0,2.0,244.2,2,2,1,221,5,Hibernating/Lost
13552,66.0,22.0,6618.63,3,5,5,355,13,Loyal Customers
13553,675.0,1.0,517.8,1,1,2,112,4,Hibernating/Lost
13554,380.0,7.0,1556.3899999999999,2,4,4,244,10,Can't Lose Them
13555,74.0,13.0,8906.34,3,5,5,355,13,Loyal Customers
13556,429.0,2.0,200.82,1,2,1,121,4,Hibernating/Lost
13557,28.0,13.0,2980.08,4,5,5,455,14,Champions
13558,6.0,4.0,605.06,5,3,3,533,11,Loyal Customers
13559,513.0,2.0,990.0,1,2,3,123,6,Hibernating/Lost
13560,7.0,1.0,174.37,5,1,1,511,7,New Customers
13561,216.0,11.0,1820.72,2,5,4,254,11,Can't Lose Them
13562,82.0,8.0,4838.18,3,4,5,345,12,Loyal Customers
13563,84.0,2.0,777.53,3,2,3,323,8,Potential Loyalists
13564,144.0,37.0,15786.720000000001,3,5,5,355,13,Loyal Customers
13565,19.0,3.0,414.8,5,3,2,532,10,Loyal Customers
13566,41.0,5.0,1708.1200000000001,4,4,4,444,12,Champions
13567,428.0,4.0,1078.59,1,3,3,133,7,At Risk
13568,173.0,1.0,192.85,3,1,1,311,5,Potential Loyalists
13569,17.0,4.0,893.78,5,3,3,533,11,Loyal Customers
13570,243.0,1.0,239.49,2,1,1,211,4,Hibernating/Lost
13571,13.0,26.0,4546.54,5,5,5,555,15,Champions
13572,206.0,1.0,1384.25,2,1,4,214,7,Hibernating/Lost
13573,50.0,6.0,916.47,4,4,3,443,11,Champions
13574,411.0,1.0,421.25,1,1,2,112,4,Hibernating/Lost
13575,23.0,5.0,732.0699999999999,4,4,3,443,11,Champions
13576,10.0,28.0,11516.15,5,5,5,555,15,Champions
13577,25.0,11.0,3346.62,4,5,5,455,14,Champions
13578,409.0,1.0,147.66,2,1,1,211,4,Hibernating/Lost
13579,15.0,5.0,1535.84,5,4,4,544,13,Champions
13580,406.0,1.0,107.75,2,1,1,211,4,Hibernating/Lost
13581,309.0,2.0,280.53000000000003,2,2,2,222,6,Hibernating/Lost
13582,390.0,2.0,241.68,2,2,1,221,5,Hibernating/Lost
13583,156.0,2.0,1445.031,3,2,4,324,9,Potential Loyalists
13584,307.0,3.0,347.15,2,3,2,232,7,At Risk
13585,531.0,3.0,674.46,1,3,3,133,7,At Risk
13586,541.0,1.0,131.53,1,1,1,111,3,Hibernating/Lost
13587,64.0,4.0,1308.1,3,3,4,334,10,Loyal Customers
13588,16.0,9.0,2445.12,5,5,4,554,14,Champions
13589,15.0,6.0,1120.74,5,4,3,543,12,Champions
13590,11.0,18.0,6298.29,5,5,5,555,15,Champions
13591,65.0,7.0,2081.19,3,4,4,344,11,Loyal Customers
13592,36.0,4.0,247.95999999999998,4,3,1,431,8,Loyal Customers
13593,108.0,14.0,5475.21,3,5,5,355,13,Loyal Customers
13594,53.0,2.0,508.42,4,2,2,422,8,New Customers
13595,517.0,3.0,818.22,1,3,3,133,7,At Risk
13596,6.0,2.0,697.04,5,2,3,523,10,New Customers
13597,400.0,2.0,372.21,2,2,2,222,6,Hibernating/Lost
13598,47.0,5.0,776.84,4,4,3,443,11,Champions
13599,1.0,33.0,9790.34,5,5,5,555,15,Champions
13600,312.0,2.0,518.42,2,2,2,222,6,Hibernating/Lost
13601,45.0,4.0,1185.14,4,3,3,433,10,Loyal Customers
13602,65.0,4.0,1025.17,3,3,3,333,9,Loyal Customers
13603,26.0,1.0,164.34,4,1,1,411,6,New Customers
13604,659.0,1.0,713.39,1,1,3,113,5,Hibernating/Lost
13605,387.0,2.0,522.67,2,2,2,222,6,Hibernating/Lost
13606,29.0,3.0,280.53999999999996,4,3,2,432,9,Loyal Customers
13607,40.0,2.0,1060.6100000000001,4,2,3,423,9,New Customers
13608,541.0,1.0,236.2,1,1,1,111,3,Hibernating/Lost
13609,593.0,1.0,167.35,1,1,1,111,3,Hibernating/Lost
13610,12.0,14.0,2144.13,5,5,4,554,14,Champions
13611,89.0,10.0,3281.03,3,5,5,355,13,Loyal Customers
13612,633.0,1.0,777.79,1,1,3,113,5,Hibernating/Lost
13613,453.0,5.0,1039.8500000000001,1,4,3,143,8,Can't Lose Them
13614,24.0,6.0,2359.19,4,4,4,444,12,Champions
13615,319.0,8.0,6212.2300000000005,2,4,5,245,11,Can't Lose Them
13616,568.0,2.0,288.1,1,2,2,122,5,Hibernating/Lost
13617,40.0,8.0,1263.8,4,4,4,444,12,Champions
13618,174.0,1.0,177.34,3,1,1,311,5,Potential Loyalists
13619,545.0,2.0,231.69,1,2,1,121,4,Hibernating/Lost
13620,528.0,1.0,112.34,1,1,1,111,3,Hibernating/Lost
13621,117.0,1.0,213.85,3,1,1,311,5,Potential Loyalists
13622,696.0,1.0,651.45,1,1,3,113,5,Hibernating/Lost
13623,31.0,10.0,2446.36,4,5,4,454,13,Champions
13624,388.0,1.0,427.18,2,1,2,212,5,Hibernating/Lost
13625,597.0,1.0,301.26,1,1,2,112,4,Hibernating/Lost
13626,253.0,2.0,689.49,2,2,3,223,7,Hibernating/Lost
13627,59.0,7.0,2217.55,3,4,4,344,11,Loyal Customers
13628,676.0,1.0,310.14,1,1,2,112,4,Hibernating/Lost
13629,23.0,19.0,13370.86,4,5,5,455,14,Champions
13630,5.0,7.0,1995.68,5,4,4,544,13,Champions
13631,100.0,11.0,3021.77,3,5,5,355,13,Loyal Customers
13632,25.0,8.0,3634.7000000000003,4,4,5,445,13,Champions
13634,33.0,16.0,4519.55,4,5,5,455,14,Champions
13635,68.0,4.0,2948.22,3,3,5,335,11,Loyal Customers
13636,37.0,5.0,941.62,4,4,3,443,11,Champions
13637,52.0,3.0,810.5,4,3,3,433,10,Loyal Customers
13638,16.0,1.0,122.64,5,1,1,511,7,New Customers
13639,74.0,2.0,1346.27,3,2,4,324,9,Potential Loyalists
13640,611.0,1.0,405.0,1,1,2,112,4,Hibernating/Lost
13641,641.0,5.0,921.82,1,4,3,143,8,Can't Lose Them
13642,216.0,4.0,501.97,2,3,2,232,7,At Risk
13643,31.0,10.0,2112.17,4,5,4,454,13,Champions
13644,16.0,4.0,2597.52,5,3,4,534,12,Loyal Customers
13645,120.0,1.0,252.1,3,1,1,311,5,Potential Loyalists
13646,400.0,2.0,323.3,2,2,2,222,6,Hibernating/Lost
13647,10.0,8.0,3063.78,5,4,5,545,14,Champions
13648,400.0,8.0,1679.01,2,4,4,244,10,Can't Lose Them
13649,257.0,6.0,1678.88,2,4,4,244,10,Can't Lose Them
13650,17.0,10.0,3098.5,5,5,5,555,15,Champions
13651,35.0,3.0,208.95,4,3,1,431,8,Loyal Customers
13652,46.0,5.0,2570.85,4,4,4,444,12,Champions
13653,488.0,1.0,152.2,1,1,1,111,3,Hibernating/Lost
13654,43.0,11.0,6308.0,4,5,5,455,14,Champions
13655,114.0,6.0,2259.3,3,4,4,344,11,Loyal Customers
13656,165.0,4.0,1053.35,3,3,3,333,9,Loyal Customers
13657,11.0,2.0,382.14,5,2,2,522,9,New Customers
13658,10.0,9.0,5772.07,5,5,5,555,15,Champions
13659,206.0,12.0,4716.63,2,5,5,255,12,Can't Lose Them
13660,400.0,1.0,303.69,2,1,2,212,5,Hibernating/Lost
13661,603.0,1.0,325.24,1,1,2,112,4,Hibernating/Lost
13662,86.0,11.0,2183.13,3,5,4,354,12,Loyal Customers
13663,179.0,5.0,2013.6100000000001,3,4,4,344,11,Loyal Customers
13665,386.0,3.0,1711.6599999999999,2,3,4,234,9,At Risk
13666,60.0,5.0,127.89999999999999,3,4,1,341,8,Loyal Customers
13667,149.0,1.0,305.02,3,1,2,312,6,Potential Loyalists
13668,3.0,35.0,12749.14,5,5,5,555,15,Champions
13669,51.0,3.0,413.55,4,3,2,432,9,Loyal Customers
13670,75.0,1.0,349.7,3,1,2,312,6,Potential Loyalists
13671,395.0,1.0,194.95,2,1,1,211,4,Hibernating/Lost
13672,301.0,3.0,162.07000000000002,2,3,1,231,6,At Risk
13673,19.0,2.0,396.92,5,2,2,522,9,New Customers
13674,433.0,1.0,215.88,1,1,1,111,3,Hibernating/Lost
13675,151.0,2.0,486.82000000000005,3,2,2,322,7,Potential Loyalists
13676,539.0,2.0,153.15,1,2,1,121,4,Hibernating/Lost
13677,405.0,2.0,556.1899999999999,2,2,2,222,6,Hibernating/Lost
13678,152.0,1.0,232.6,3,1,1,311,5,Potential Loyalists
13679,494.0,3.0,281.26,1,3,2,132,6,At Risk
13680,1.0,12.0,9915.56,5,5,5,555,15,Champions
13681,18.0,4.0,827.83,5,3,3,533,11,Loyal Customers
13682,187.0,1.0,59.5,3,1,1,311,5,Potential Loyalists
13683,458.0,1.0,258.6,1,1,1,111,3,Hibernating/Lost
13684,286.0,4.0,546.52,2,3,2,232,7,At Risk
13685,3.0,7.0,3119.44,5,4,5,545,14,Champions
13686,183.0,3.0,409.04,3,3,2,332,8,Loyal Customers
13687,438.0,1.0,11880.84,1,1,5,115,7,Hibernating/Lost
13688,635.0,1.0,375.5,1,1,2,112,4,Hibernating/Lost
13689,63.0,2.0,1259.5,3,2,4,324,9,Potential Loyalists
13690,59.0,1.0,172.25,3,1,1,311,5,Potential Loyalists
13691,396.0,1.0,212.78,2,1,1,211,4,Hibernating/Lost
13692,25.0,5.0,3016.4500000000003,4,4,5,445,13,Champions
13693,374.0,9.0,1948.32,2,5,4,254,11,Can't Lose Them
13694,4.0,143.0,190825.52,5,5,5,555,15,Champions
13695,31.0,16.0,2770.73,4,5,4,454,13,Champions
13696,422.0,3.0,2008.7,1,3,4,134,8,At Risk
13697,39.0,1.0,151.29999999999998,4,1,1,411,6,New Customers
13698,597.0,2.0,465.53000000000003,1,2,2,122,5,Hibernating/Lost
13699,155.0,2.0,711.4,3,2,3,323,8,Potential Loyalists
13700,26.0,13.0,2586.21,4,5,4,454,13,Champions
13701,447.0,1.0,159.55,1,1,1,111,3,Hibernating/Lost
13702,446.0,1.0,135.18,1,1,1,111,3,Hibernating/Lost
13703,318.0,2.0,99.5,2,2,1,221,5,Hibernating/Lost
13704,5.0,9.0,2295.31,5,5,4,554,14,Champions
13705,8.0,7.0,2035.33,5,4,4,544,13,Champions
13706,303.0,2.0,631.17,2,2,3,223,7,Hibernating/Lost
13707,267.0,5.0,3365.86,2,4,5,245,11,Can't Lose Them
13708,271.0,1.0,296.88,2,1,2,212,5,Hibernating/Lost
13709,4.0,18.0,7512.81,5,5,5,555,15,Champions
13710,32.0,3.0,509.52,4,3,2,432,9,Loyal Customers
13711,219.0,9.0,1632.6100000000001,2,5,4,254,11,Can't Lose Them
13712,247.0,2.0,766.42,2,2,3,223,7,Hibernating/Lost
13713,408.0,3.0,743.26,2,3,3,233,8,At Risk
13714,465.0,1.0,161.35,1,1,1,111,3,Hibernating/Lost
13715,281.0,17.0,8438.34,2,5,5,255,12,Can't Lose Them
13716,269.0,1.0,138.28,2,1,1,211,4,Hibernating/Lost
13717,32.0,8.0,1748.05,4,4,4,444,12,Champions
13718,246.0,2.0,306.55,2,2,2,222,6,Hibernating/Lost
13719,15.0,11.0,2815.25,5,5,4,554,14,Champions
13720,117.0,4.0,799.9,3,3,3,333,9,Loyal Customers
13721,36.0,2.0,741.54,4,2,3,423,9,New Customers
13722,132.0,10.0,5629.16,3,5,5,355,13,Loyal Customers
13723,217.0,6.0,1209.2,2,4,3,243,9,Can't Lose Them
13724,637.0,1.0,213.01,1,1,1,111,3,Hibernating/Lost
13725,50.0,8.0,1809.81,4,4,4,444,12,Champions
13726,39.0,2.0,1079.6599999999999,4,2,3,423,9,New Customers
13727,29.0,8.0,1067.3,4,4,3,443,11,Champions
13728,37.0,16.0,2855.17,4,5,4,454,13,Champions
13729,436.0,3.0,676.4300000000001,1,3,3,133,7,At Risk
13730,136.0,2.0,752.6,3,2,3,323,8,Potential Loyalists
13731,219.0,2.0,610.59,2,2,3,223,7,Hibernating/Lost
13732,28.0,1.0,491.86,4,1,2,412,7,New Customers
13733,411.0,2.0,484.53000000000003,1,2,2,122,5,Hibernating/Lost
13734,509.0,4.0,3451.2900000000004,1,3,5,135,9,At Risk
13735,25.0,13.0,9472.81,4,5,5,455,14,Champions
13736,5.0,7.0,2715.01,5,4,4,544,13,Champions
13737,200.0,1.0,339.59999999999997,2,1,2,212,5,Hibernating/Lost
13738,396.0,1.0,440.93,2,1,2,212,5,Hibernating/Lost
13739,18.0,2.0,292.2,5,2,2,522,9,New Customers
13740,241.0,5.0,1597.77,2,4,4,244,10,Can't Lose Them
13741,72.0,3.0,666.33,3,3,3,333,9,Loyal Customers
13742,17.0,12.0,3102.42,5,5,5,555,15,Champions
13743,3.0,7.0,1340.1499999999999,5,4,4,544,13,Champions
13744,95.0,2.0,1156.36,3,2,3,323,8,Potential Loyalists
13745,162.0,2.0,761.27,3,2,3,323,8,Potential Loyalists
13746,414.0,1.0,176.69,1,1,1,111,3,Hibernating/Lost
13747,374.0,2.0,249.39999999999998,2,2,1,221,5,Hibernating/Lost
13748,96.0,9.0,2268.35,3,5,4,354,12,Loyal Customers
13750,54.0,11.0,3563.6,4,5,5,455,14,Champions
13751,288.0,1.0,296.25,2,1,2,212,5,Hibernating/Lost
13752,124.0,7.0,1590.73,3,4,4,344,11,Loyal Customers
13753,288.0,4.0,2094.57,2,3,4,234,9,At Risk
13754,152.0,3.0,447.05,3,3,2,332,8,Loyal Customers
13755,4.0,9.0,2154.68,5,5,4,554,14,Champions
13756,2.0,23.0,9147.2,5,5,5,555,15,Champions
13757,675.0,1.0,195.55,1,1,1,111,3,Hibernating/Lost
13758,12.0,15.0,9263.14,5,5,5,555,15,Champions
13759,33.0,2.0,659.4100000000001,4,2,3,423,9,New Customers
13760,54.0,5.0,1358.6399999999999,4,4,4,444,12,Champions
13761,50.0,6.0,1952.17,4,4,4,444,12,Champions
13762,219.0,5.0,2165.76,2,4,4,244,10,Can't Lose Them
13763,63.0,3.0,5181.99,3,3,5,335,11,Loyal Customers
13764,71.0,6.0,2953.26,3,4,5,345,12,Loyal Customers
13765,653.0,1.0,352.821,1,1,2,112,4,Hibernating/Lost
13766,495.0,1.0,190.35,1,1,1,111,3,Hibernating/Lost
13767,2.0,73.0,35115.68,5,5,5,555,15,Champions
13768,727.0,2.0,758.07,1,2,3,123,6,Hibernating/Lost
13769,2.0,20.0,5766.63,5,5,5,555,15,Champions
13770,422.0,4.0,785.37,1,3,3,133,7,At Risk
13771,64.0,9.0,5726.07,3,5,5,355,13,Loyal Customers
13772,34.0,8.0,3094.72,4,4,5,445,13,Champions
13773,397.0,2.0,301.54,2,2,2,222,6,Hibernating/Lost
13774,82.0,1.0,345.0,3,1,2,312,6,Potential Loyalists
13775,591.0,1.0,1049.66,1,1,3,113,5,Hibernating/Lost
13776,428.0,2.0,-340.17,1,2,1,121,4,Hibernating/Lost
13777,1.0,61.0,56016.57,5,5,5,555,15,Champions
13778,103.0,4.0,1116.54,3,3,3,333,9,Loyal Customers
13779,516.0,1.0,161.13,1,1,1,111,3,Hibernating/Lost
13780,7.0,3.0,735.82,5,3,3,533,11,Loyal Customers
13781,251.0,3.0,770.88,2,3,3,233,8,At Risk
13782,13.0,13.0,1785.77,5,5,4,554,14,Champions
13783,488.0,4.0,1542.09,1,3,4,134,8,At Risk
13784,10.0,14.0,2897.18,5,5,5,555,15,Champions
13785,429.0,4.0,542.49,1,3,2,132,6,At Risk
13786,367.0,6.0,2736.41,2,4,4,244,10,Can't Lose Them
13787,76.0,6.0,1173.7,3,4,3,343,10,Loyal Customers
13788,505.0,1.0,3.75,1,1,1,111,3,Hibernating/Lost
13789,388.0,1.0,239.45999999999998,2,1,1,211,4,Hibernating/Lost
13790,4.0,1.0,348.8,5,1,2,512,8,New Customers
13791,128.0,2.0,1047.68,3,2,3,323,8,Potential Loyalists
13792,66.0,3.0,383.95,3,3,2,332,8,Loyal Customers
13793,647.0,1.0,96.0,1,1,1,111,3,Hibernating/Lost
13794,547.0,1.0,126.03,1,1,1,111,3,Hibernating/Lost
13795,388.0,4.0,836.3,2,3,3,233,8,At Risk
13796,499.0,1.0,289.7,1,1,2,112,4,Hibernating/Lost
13797,437.0,3.0,1168.45,1,3,3,133,7,At Risk
13798,1.0,110.0,73573.47,5,5,5,555,15,Champions
13799,117.0,9.0,2039.82,3,5,4,354,12,Loyal Customers
13800,310.0,3.0,1679.56,2,3,4,234,9,At Risk
13801,67.0,1.0,324.8,3,1,2,312,6,Potential Loyalists
13802,139.0,19.0,25491.56,3,5,5,355,13,Loyal Customers
13803,255.0,3.0,1319.1100000000001,2,3,4,234,9,At Risk
13804,31.0,9.0,3208.52,4,5,5,455,14,Champions
13805,52.0,2.0,924.6,4,2,3,423,9,New Customers
13806,64.0,1.0,256.38,3,1,1,311,5,Potential Loyalists
13807,367.0,3.0,509.9,2,3,2,232,7,At Risk
13808,6.0,5.0,1747.66,5,4,4,544,13,Champions
13809,305.0,3.0,679.7,2,3,3,233,8,At Risk
13810,29.0,3.0,899.51,4,3,3,433,10,Loyal Customers
13811,184.0,3.0,591.75,3,3,2,332,8,Loyal Customers
13812,42.0,3.0,539.0,4,3,2,432,9,Loyal Customers
13813,40.0,8.0,2686.42,4,4,4,444,12,Champions
13814,92.0,3.0,2239.07,3,3,4,334,10,Loyal Customers
13815,22.0,8.0,7285.79,4,4,5,445,13,Champions
13816,24.0,2.0,555.04,4,2,2,422,8,New Customers
13817,29.0,2.0,382.98,4,2,2,422,8,New Customers
13818,430.0,1.0,61.28,1,1,1,111,3,Hibernating/Lost
13819,302.0,6.0,2631.1,2,4,4,244,10,Can't Lose Them
13820,418.0,3.0,640.4,1,3,3,133,7,At Risk
13821,145.0,6.0,1387.03,3,4,4,344,11,Loyal Customers
13822,6.0,2.0,632.0,5,2,3,523,10,New Customers
13823,19.0,7.0,3358.55,5,4,5,545,14,Champions
13824,33.0,12.0,3273.36,4,5,5,455,14,Champions
13825,622.0,2.0,255.59,1,2,1,121,4,Hibernating/Lost
13826,176.0,1.0,174.65,3,1,1,311,5,Potential Loyalists
13827,58.0,3.0,412.05,4,3,2,432,9,Loyal Customers
13828,22.0,1.0,209.49,4,1,1,411,6,New Customers
13829,421.0,1.0,0.0,1,1,1,111,3,Hibernating/Lost
13830,582.0,1.0,135.95000000000002,1,1,1,111,3,Hibernating/Lost
13831,16.0,18.0,7009.18,5,5,5,555,15,Champions
13832,19.0,2.0,602.4399999999999,5,2,3,523,10,New Customers
13833,159.0,2.0,701.36,3,2,3,323,8,Potential Loyalists
13834,577.0,2.0,247.89,1,2,1,121,4,Hibernating/Lost
13835,25.0,7.0,1044.82,4,4,3,443,11,Champions
13836,399.0,2.0,602.52,2,2,3,223,7,Hibernating/Lost
13837,212.0,2.0,271.24,2,2,1,221,5,Hibernating/Lost
13838,6.0,10.0,1966.09,5,5,4,554,14,Champions
13839,486.0,1.0,139.95000000000002,1,1,1,111,3,Hibernating/Lost
13840,416.0,1.0,651.4,1,1,3,113,5,Hibernating/Lost
13841,253.0,1.0,85.0,2,1,1,211,4,Hibernating/Lost
13842,59.0,18.0,5604.96,3,5,5,355,13,Loyal Customers
13843,381.0,1.0,319.75,2,1,2,212,5,Hibernating/Lost
13844,11.0,1.0,361.62,5,1,2,512,8,New Customers
13845,65.0,1.0,312.98,3,1,2,312,6,Potential Loyalists
13846,25.0,4.0,1290.34,4,3,4,434,11,Loyal Customers
13847,720.0,1.0,310.72,1,1,2,112,4,Hibernating/Lost
13848,92.0,8.0,3335.0,3,4,5,345,12,Loyal Customers
13849,52.0,5.0,3443.8,4,4,5,445,13,Champions
13850,129.0,1.0,1586.81,3,1,4,314,8,Potential Loyalists
13851,96.0,8.0,4516.76,3,4,5,345,12,Loyal Customers
13852,611.0,1.0,170.45000000000002,1,1,1,111,3,Hibernating/Lost
13853,57.0,1.0,1056.94,4,1,3,413,8,New Customers
13854,9.0,39.0,12158.21,5,5,5,555,15,Champions
13855,501.0,4.0,1253.94,1,3,4,134,8,At Risk
13856,169.0,11.0,1058.88,3,5,3,353,11,Loyal Customers
13857,393.0,6.0,997.11,2,4,3,243,9,Can't Lose Them
13858,57.0,1.0,216.17,4,1,1,411,6,New Customers
13859,326.0,2.0,515.86,2,2,2,222,6,Hibernating/Lost
13860,1.0,5.0,1240.0,5,4,4,544,13,Champions
13861,429.0,2.0,251.31,1,2,1,121,4,Hibernating/Lost
13862,18.0,9.0,2534.04,5,5,4,554,14,Champions
13863,248.0,4.0,1217.63,2,3,4,234,9,At Risk
13864,387.0,1.0,662.4000000000001,2,1,3,213,6,Hibernating/Lost
13865,58.0,4.0,501.56,4,3,2,432,9,Loyal Customers
13866,74.0,1.0,145.67000000000002,3,1,1,311,5,Potential Loyalists
13867,31.0,3.0,1015.29,4,3,3,433,10,Loyal Customers
13868,7.0,2.0,3192.54,5,2,5,525,12,New Customers
13869,123.0,10.0,8111.57,3,5,5,355,13,Loyal Customers
13870,2.0,15.0,5689.84,5,5,5,555,15,Champions
13871,23.0,17.0,7804.95,4,5,5,455,14,Champions
13872,527.0,3.0,891.32,1,3,3,133,7,At Risk
13873,120.0,8.0,1031.02,3,4,3,343,10,Loyal Customers
13874,358.0,7.0,1989.2,2,4,4,244,10,Can't Lose Them
13875,54.0,14.0,4814.37,4,5,5,455,14,Champions
13876,64.0,1.0,122.7,3,1,1,311,5,Potential Loyalists
13877,86.0,3.0,446.33,3,3,2,332,8,Loyal Customers
13878,55.0,4.0,2473.06,4,3,4,434,11,Loyal Customers
13879,646.0,1.0,395.5,1,1,2,112,4,Hibernating/Lost
13880,21.0,17.0,4391.66,4,5,5,455,14,Champions
13881,4.0,43.0,44392.5,5,5,5,555,15,Champions
13882,3.0,5.0,1131.28,5,4,3,543,12,Champions
13883,11.0,15.0,6342.74,5,5,5,555,15,Champions
13884,7.0,10.0,1852.38,5,5,4,554,14,Champions
13885,189.0,2.0,506.8,2,2,2,222,6,Hibernating/Lost
13886,71.0,1.0,243.56,3,1,1,311,5,Potential Loyalists
13887,204.0,1.0,349.55,2,1,2,212,5,Hibernating/Lost
13888,120.0,7.0,2169.05,3,4,4,344,11,Loyal Customers
13889,93.0,6.0,1855.73,3,4,4,344,11,Loyal Customers
13890,1.0,14.0,2858.73,5,5,4,554,14,Champions
13891,378.0,3.0,863.5600000000001,2,3,3,233,8,At Risk
13892,27.0,6.0,1267.6499999999999,4,4,4,444,12,Champions
13893,298.0,1.0,821.1,2,1,3,213,6,Hibernating/Lost
13894,24.0,3.0,535.97,4,3,2,432,9,Loyal Customers
13895,28.0,6.0,3923.62,4,4,5,445,13,Champions
13896,626.0,1.0,388.55,1,1,2,112,4,Hibernating/Lost
13897,50.0,3.0,1160.72,4,3,3,433,10,Loyal Customers
13898,326.0,2.0,686.4,2,2,3,223,7,Hibernating/Lost
13899,16.0,2.0,388.52,5,2,2,522,9,New Customers
13900,183.0,6.0,1608.09,3,4,4,344,11,Loyal Customers
13901,72.0,15.0,5599.34,3,5,5,355,13,Loyal Customers
13902,632.0,5.0,30411.26,1,4,5,145,10,Can't Lose Them
13903,400.0,1.0,165.45000000000002,2,1,1,211,4,Hibernating/Lost
13904,37.0,2.0,332.64,4,2,2,422,8,New Customers
13905,733.0,1.0,244.45,1,1,1,111,3,Hibernating/Lost
13906,409.0,1.0,42.0,2,1,1,211,4,Hibernating/Lost
13907,692.0,1.0,136.8,1,1,1,111,3,Hibernating/Lost
13908,80.0,4.0,2347.05,3,3,4,334,10,Loyal Customers
13909,423.0,2.0,286.6,1,2,2,122,5,Hibernating/Lost
13911,57.0,20.0,4200.04,4,5,5,455,14,Champions
13912,424.0,1.0,124.95,1,1,1,111,3,Hibernating/Lost
13913,507.0,1.0,42.22,1,1,1,111,3,Hibernating/Lost
13914,12.0,2.0,613.95,5,2,3,523,10,New Customers
13915,394.0,1.0,31.200000000000003,2,1,1,211,4,Hibernating/Lost
13916,464.0,4.0,1260.51,1,3,4,134,8,At Risk
13917,50.0,2.0,272.04,4,2,2,422,8,New Customers
13918,50.0,2.0,1212.8400000000001,4,2,4,424,10,New Customers
13919,59.0,4.0,1326.03,3,3,4,334,10,Loyal Customers
13920,432.0,4.0,1734.88,1,3,4,134,8,At Risk
13921,402.0,4.0,720.75,2,3,3,233,8,At Risk
13922,352.0,3.0,824.7,2,3,3,233,8,At Risk
13923,54.0,1.0,351.13,4,1,2,412,7,New Customers
13924,2.0,6.0,1682.08,5,4,4,544,13,Champions
13925,93.0,4.0,616.65,3,3,3,333,9,Loyal Customers
13926,23.0,1.0,223.85000000000002,4,1,1,411,6,New Customers
13927,75.0,2.0,689.96,3,2,3,323,8,Potential Loyalists
13928,11.0,4.0,464.57,5,3,2,532,10,Loyal Customers
13929,169.0,11.0,3318.1,3,5,5,355,13,Loyal Customers
13930,58.0,2.0,337.34,4,2,2,422,8,New Customers
13931,96.0,11.0,5250.78,3,5,5,355,13,Loyal Customers
13932,295.0,1.0,307.4,2,1,2,212,5,Hibernating/Lost
13933,109.0,2.0,608.7900000000001,3,2,3,323,8,Potential Loyalists
13934,264.0,1.0,922.1,2,1,3,213,6,Hibernating/Lost
13935,597.0,3.0,6116.92,1,3,5,135,9,At Risk
13936,180.0,3.0,924.36,3,3,3,333,9,Loyal Customers
13937,169.0,2.0,867.38,3,2,3,323,8,Potential Loyalists
13938,35.0,1.0,71.66,4,1,1,411,6,New Customers
13939,23.0,7.0,1533.66,4,4,4,444,12,Champions
13940,17.0,4.0,839.14,5,3,3,533,11,Loyal Customers
13941,22.0,15.0,10846.15,4,5,5,455,14,Champions
13942,535.0,1.0,320.0,1,1,2,112,4,Hibernating/Lost
13943,578.0,1.0,246.54,1,1,1,111,3,Hibernating/Lost
13944,653.0,1.0,200.43,1,1,1,111,3,Hibernating/Lost
13945,395.0,2.0,854.15,2,2,3,223,7,Hibernating/Lost
13946,79.0,6.0,1745.43,3,4,4,344,11,Loyal Customers
13947,65.0,1.0,90.6,3,1,1,311,5,Potential Loyalists
13948,361.0,4.0,536.86,2,3,2,232,7,At Risk
13949,3.0,6.0,2427.32,5,4,4,544,13,Champions
13950,11.0,4.0,728.56,5,3,3,533,11,Loyal Customers
13951,176.0,3.0,674.45,3,3,3,333,9,Loyal Customers
13952,218.0,14.0,12790.891,2,5,5,255,12,Can't Lose Them
13953,7.0,12.0,6640.68,5,5,5,555,15,Champions
13954,2.0,2.0,378.59,5,2,2,522,9,New Customers
13955,154.0,3.0,545.17,3,3,2,332,8,Loyal Customers
13956,5.0,5.0,1026.42,5,4,3,543,12,Champions
13957,418.0,3.0,458.25,1,3,2,132,6,At Risk
13958,380.0,8.0,4402.33,2,4,5,245,11,Can't Lose Them
13959,79.0,6.0,1076.18,3,4,3,343,10,Loyal Customers
13960,21.0,2.0,230.22,4,2,1,421,7,New Customers
13961,392.0,1.0,498.7,2,1,2,212,5,Hibernating/Lost
13962,22.0,3.0,362.8,4,3,2,432,9,Loyal Customers
13963,308.0,17.0,2899.62,2,5,5,255,12,Can't Lose Them
13964,387.0,2.0,421.9,2,2,2,222,6,Hibernating/Lost
13965,477.0,3.0,777.6600000000001,1,3,3,133,7,At Risk
13966,435.0,1.0,390.86,1,1,2,112,4,Hibernating/Lost
13967,146.0,2.0,166.3,3,2,1,321,6,Potential Loyalists
13968,423.0,1.0,123.66,1,1,1,111,3,Hibernating/Lost
13969,7.0,35.0,13212.77,5,5,5,555,15,Champions
13970,386.0,2.0,846.55,2,2,3,223,7,Hibernating/Lost
13971,19.0,14.0,4593.83,5,5,5,555,15,Champions
13972,71.0,2.0,190.25,3,2,1,321,6,Potential Loyalists
13973,287.0,1.0,264.7,2,1,1,211,4,Hibernating/Lost
13974,49.0,2.0,663.52,4,2,3,423,9,New Customers
13975,31.0,12.0,5327.29,4,5,5,455,14,Champions
13976,207.0,4.0,1192.36,2,3,3,233,8,At Risk
13977,411.0,1.0,519.8100000000001,1,1,2,112,4,Hibernating/Lost
13978,15.0,2.0,196.79000000000002,5,2,1,521,8,New Customers
13979,73.0,7.0,3326.83,3,4,5,345,12,Loyal Customers
13980,60.0,5.0,753.12,3,4,3,343,10,Loyal Customers
13981,416.0,1.0,327.39,1,1,2,112,4,Hibernating/Lost
13982,39.0,9.0,4418.79,4,5,5,455,14,Champions
13983,30.0,21.0,6993.41,4,5,5,455,14,Champions
13984,27.0,12.0,1616.1200000000001,4,5,4,454,13,Champions
13985,4.0,22.0,9982.31,5,5,5,555,15,Champions
13986,17.0,1.0,320.46,5,1,2,512,8,New Customers
13987,380.0,2.0,682.54,2,2,3,223,7,Hibernating/Lost
13988,20.0,8.0,4708.64,4,4,5,445,13,Champions
13989,66.0,5.0,2026.06,3,4,4,344,11,Loyal Customers
13990,213.0,1.0,311.3,2,1,2,212,5,Hibernating/Lost
13991,12.0,6.0,850.63,5,4,3,543,12,Champions
13992,30.0,3.0,219.5,4,3,1,431,8,Loyal Customers
13993,43.0,19.0,6690.36,4,5,5,455,14,Champions
13994,4.0,6.0,2313.14,5,4,4,544,13,Champions
13995,15.0,14.0,3836.26,5,5,5,555,15,Champions
13996,386.0,2.0,895.76,2,2,3,223,7,Hibernating/Lost
13997,519.0,3.0,382.31,1,3,2,132,6,At Risk
13998,447.0,3.0,566.7,1,3,2,132,6,At Risk
13999,10.0,29.0,9438.01,5,5,5,555,15,Champions
14000,211.0,5.0,1877.5900000000001,2,4,4,244,10,Can't Lose Them
14001,46.0,9.0,4517.34,4,5,5,455,14,Champions
14002,134.0,2.0,529.73,3,2,2,322,7,Potential Loyalists
14003,733.0,1.0,209.41,1,1,1,111,3,Hibernating/Lost
14004,43.0,11.0,6258.45,4,5,5,455,14,Champions
14005,10.0,5.0,2874.72,5,4,4,544,13,Champions
14006,116.0,7.0,2196.67,3,4,4,344,11,Loyal Customers
14007,513.0,1.0,79.48,1,1,1,111,3,Hibernating/Lost
14008,432.0,1.0,493.74,1,1,2,112,4,Hibernating/Lost
14009,198.0,3.0,1090.23,2,3,3,233,8,At Risk
14010,565.0,2.0,288.09999999999997,1,2,2,122,5,Hibernating/Lost
14011,480.0,2.0,451.91999999999996,1,2,2,122,5,Hibernating/Lost
14012,278.0,1.0,328.8,2,1,2,212,5,Hibernating/Lost
14013,110.0,5.0,1006.22,3,4,3,343,10,Loyal Customers
14014,77.0,3.0,1948.21,3,3,4,334,10,Loyal Customers
14015,53.0,1.0,917.34,4,1,3,413,8,New Customers
14016,162.0,11.0,11379.71,3,5,5,355,13,Loyal Customers
14017,571.0,1.0,229.75,1,1,1,111,3,Hibernating/Lost
14018,645.0,1.0,367.15000000000003,1,1,2,112,4,Hibernating/Lost
14019,47.0,3.0,1398.96,4,3,4,434,11,Loyal Customers
14020,17.0,4.0,1213.26,5,3,4,534,12,Loyal Customers
14021,155.0,7.0,1716.58,3,4,4,344,11,Loyal Customers
14022,225.0,2.0,792.15,2,2,3,223,7,Hibernating/Lost
14023,7.0,2.0,584.07,5,2,2,522,9,New Customers
14024,122.0,3.0,645.74,3,3,3,333,9,Loyal Customers
14025,465.0,8.0,3969.1,1,4,5,145,10,Can't Lose Them
14026,471.0,2.0,713.11,1,2,3,123,6,Hibernating/Lost
14027,61.0,1.0,104.82,3,1,1,311,5,Potential Loyalists
14028,550.0,3.0,3175.5,1,3,5,135,9,At Risk
14029,63.0,2.0,467.66,3,2,2,322,7,Potential Loyalists
14030,18.0,20.0,8145.59,5,5,5,555,15,Champions
14031,7.0,44.0,38025.97,5,5,5,555,15,Champions
14032,2.0,16.0,4786.07,5,5,5,555,15,Champions
14033,555.0,1.0,109.44,1,1,1,111,3,Hibernating/Lost
14034,22.0,3.0,512.02,4,3,2,432,9,Loyal Customers
14035,29.0,9.0,2852.47,4,5,4,454,13,Champions
14036,285.0,1.0,626.65,2,1,3,213,6,Hibernating/Lost
14037,176.0,6.0,755.95,3,4,3,343,10,Loyal Customers
14038,78.0,5.0,3000.93,3,4,5,345,12,Loyal Customers
14039,33.0,2.0,267.28000000000003,4,2,1,421,7,New Customers
14040,41.0,35.0,12457.84,4,5,5,455,14,Champions
14041,266.0,1.0,141.41,2,1,1,211,4,Hibernating/Lost
14042,725.0,1.0,431.98,1,1,2,112,4,Hibernating/Lost
14043,491.0,2.0,301.3,1,2,2,122,5,Hibernating/Lost
14044,27.0,10.0,3106.15,4,5,5,455,14,Champions
14045,109.0,16.0,9660.63,3,5,5,355,13,Loyal Customers
14046,284.0,1.0,154.99,2,1,1,211,4,Hibernating/Lost
14047,9.0,14.0,4158.7300000000005,5,5,5,555,15,Champions
14048,305.0,3.0,713.89,2,3,3,233,8,At Risk
14049,17.0,13.0,13064.03,5,5,5,555,15,Champions
14050,32.0,2.0,746.36,4,2,3,423,9,New Customers
14051,1.0,37.0,22104.5,5,5,5,555,15,Champions
14052,20.0,2.0,480.81,4,2,2,422,8,New Customers
14053,124.0,4.0,572.3,3,3,2,332,8,Loyal Customers
14054,65.0,1.0,92.46,3,1,1,311,5,Potential Loyalists
14055,106.0,3.0,1520.96,3,3,4,334,10,Loyal Customers
14056,1.0,23.0,8124.4,5,5,5,555,15,Champions
14057,24.0,22.0,8338.28,4,5,5,455,14,Champions
14058,463.0,2.0,469.19,1,2,2,122,5,Hibernating/Lost
14059,267.0,1.0,183.6,2,1,1,211,4,Hibernating/Lost
14060,5.0,30.0,9503.14,5,5,5,555,15,Champions
14061,507.0,3.0,917.4300000000001,1,3,3,133,7,At Risk
14062,10.0,24.0,25434.83,5,5,5,555,15,Champions
14063,438.0,9.0,-3767.1999999999994,1,5,1,151,7,Can't Lose Them
14064,29.0,15.0,3039.75,4,5,5,455,14,Champions
14065,389.0,3.0,889.37,2,3,3,233,8,At Risk
14066,267.0,1.0,152.55,2,1,1,211,4,Hibernating/Lost
14067,64.0,2.0,374.7,3,2,2,322,7,Potential Loyalists
14068,320.0,4.0,1504.97,2,3,4,234,9,At Risk
14069,515.0,2.0,230.06,1,2,1,121,4,Hibernating/Lost
14070,685.0,1.0,326.55,1,1,2,112,4,Hibernating/Lost
14071,4.0,8.0,1307.41,5,4,4,544,13,Champions
14072,667.0,1.0,390.85,1,1,2,112,4,Hibernating/Lost
14073,32.0,1.0,139.54,4,1,1,411,6,New Customers
14074,623.0,1.0,219.39999999999998,1,1,1,111,3,Hibernating/Lost
14075,5.0,6.0,1734.87,5,4,4,544,13,Champions
14076,129.0,1.0,122.47,3,1,1,311,5,Potential Loyalists
14077,41.0,6.0,615.0799999999999,4,4,3,443,11,Champions
14078,102.0,9.0,1692.6299999999999,3,5,4,354,12,Loyal Customers
14079,125.0,2.0,618.73,3,2,3,323,8,Potential Loyalists
14080,33.0,5.0,1075.73,4,4,3,443,11,Champions
14081,302.0,10.0,5250.05,2,5,5,255,12,Can't Lose Them
14082,365.0,2.0,413.36,2,2,2,222,6,Hibernating/Lost
14083,4.0,11.0,1407.26,5,5,4,554,14,Champions
14084,512.0,1.0,150.5,1,1,1,111,3,Hibernating/Lost
14085,2.0,33.0,10092.22,5,5,5,555,15,Champions
14086,463.0,1.0,39.95,1,1,1,111,3,Hibernating/Lost
14087,3.0,3.0,803.47,5,3,3,533,11,Loyal Customers
14088,10.0,16.0,62400.02,5,5,5,555,15,Champions
14089,57.0,1.0,161.0,4,1,1,411,6,New Customers
14090,325.0,1.0,76.32000000000001,2,1,1,211,4,Hibernating/Lost
14091,654.0,2.0,9530.08,1,2,5,125,8,Hibernating/Lost
14092,8.0,24.0,7209.74,5,5,5,555,15,Champions
14093,12.0,1.0,442.85,5,1,2,512,8,New Customers
14094,440.0,1.0,334.27,1,1,2,112,4,Hibernating/Lost
14095,723.0,1.0,2.95,1,1,1,111,3,Hibernating/Lost
14096,4.0,17.0,57120.909999999996,5,5,5,555,15,Champions
14097,481.0,2.0,422.85999999999996,1,2,2,122,5,Hibernating/Lost
14098,37.0,1.0,147.35,4,1,1,411,6,New Customers
14099,16.0,20.0,5700.51,5,5,5,555,15,Champions
14100,138.0,1.0,194.9,3,1,1,311,5,Potential Loyalists
14101,74.0,13.0,9942.13,3,5,5,355,13,Loyal Customers
14102,5.0,5.0,1314.73,5,4,4,544,13,Champions
14104,155.0,5.0,771.5799999999999,3,4,3,343,10,Loyal Customers
14105,239.0,5.0,5703.9800000000005,2,4,5,245,11,Can't Lose Them
14106,737.0,1.0,214.79999999999998,1,1,1,111,3,Hibernating/Lost
14107,52.0,11.0,4853.7,4,5,5,455,14,Champions
14108,31.0,4.0,1041.21,4,3,3,433,10,Loyal Customers
14109,73.0,1.0,80.2,3,1,1,311,5,Potential Loyalists
14110,4.0,33.0,12957.6,5,5,5,555,15,Champions
14111,14.0,4.0,688.6,5,3,3,533,11,Loyal Customers
14112,23.0,13.0,5524.51,4,5,5,455,14,Champions
14113,4.0,16.0,6156.75,5,5,5,555,15,Champions
14114,274.0,7.0,1364.09,2,4,4,244,10,Can't Lose Them
14115,502.0,2.0,622.6700000000001,1,2,3,123,6,Hibernating/Lost
14116,20.0,5.0,1382.74,4,4,4,444,12,Champions
14117,144.0,1.0,90.0,3,1,1,311,5,Potential Loyalists
14118,429.0,1.0,458.45,1,1,2,112,4,Hibernating/Lost
14119,376.0,2.0,163.47,2,2,1,221,5,Hibernating/Lost
14121,4.0,4.0,2740.3,5,3,4,534,12,Loyal Customers
14122,406.0,3.0,309.77,2,3,2,232,7,At Risk
14123,733.0,1.0,436.18,1,1,2,112,4,Hibernating/Lost
14124,84.0,1.0,419.58000000000004,3,1,2,312,6,Potential Loyalists
14125,11.0,3.0,2740.43,5,3,4,534,12,Loyal Customers
14126,8.0,4.0,1109.96,5,3,3,533,11,Loyal Customers
14127,123.0,6.0,1900.0800000000002,3,4,4,344,11,Loyal Customers
14128,61.0,3.0,909.36,3,3,3,333,9,Loyal Customers
14129,2.0,9.0,2591.34,5,5,4,554,14,Champions
14130,319.0,4.0,1882.67,2,3,4,234,9,At Risk
14131,649.0,1.0,187.87,1,1,1,111,3,Hibernating/Lost
14132,2.0,11.0,3580.13,5,5,5,555,15,Champions
14133,130.0,4.0,895.8399999999999,3,3,3,333,9,Loyal Customers
14134,383.0,15.0,11123.35,2,5,5,255,12,Can't Lose Them
14135,2.0,24.0,9605.05,5,5,5,555,15,Champions
14136,401.0,5.0,1553.96,2,4,4,244,10,Can't Lose Them
14137,696.0,1.0,294.1,1,1,2,112,4,Hibernating/Lost
14138,2.0,2.0,982.3800000000001,5,2,3,523,10,New Customers
14139,46.0,4.0,1086.8,4,3,3,433,10,Loyal Customers
14140,4.0,2.0,920.05,5,2,3,523,10,New Customers
14141,3.0,4.0,879.0300000000001,5,3,3,533,11,Loyal Customers
14142,373.0,2.0,967.75,2,2,3,223,7,Hibernating/Lost
14143,134.0,1.0,115.8,3,1,1,311,5,Potential Loyalists
14144,486.0,1.0,30.599999999999998,1,1,1,111,3,Hibernating/Lost
14145,47.0,7.0,7006.05,4,4,5,445,13,Champions
14146,9.0,12.0,8208.87,5,5,5,555,15,Champions
14147,78.0,9.0,2019.3,3,5,4,354,12,Loyal Customers
14148,234.0,2.0,466.29,2,2,2,222,6,Hibernating/Lost
14149,221.0,1.0,259.43,2,1,1,211,4,Hibernating/Lost
14150,36.0,2.0,658.64,4,2,3,423,9,New Customers
14151,673.0,2.0,666.7,1,2,3,123,6,Hibernating/Lost
14152,75.0,7.0,1975.44,3,4,4,344,11,Loyal Customers
14153,483.0,1.0,233.4,1,1,1,111,3,Hibernating/Lost
14154,239.0,8.0,6263.6,2,4,5,245,11,Can't Lose Them
14155,266.0,1.0,118.75,2,1,1,211,4,Hibernating/Lost
14156,10.0,156.0,296564.69,5,5,5,555,15,Champions
14157,20.0,5.0,970.33,4,4,3,443,11,Champions
14158,40.0,1.0,507.66,4,1,2,412,7,New Customers
14159,20.0,20.0,7571.88,4,5,5,455,14,Champions
14160,610.0,7.0,8421.47,1,4,5,145,10,Can't Lose Them
14161,216.0,7.0,3318.88,2,4,5,245,11,Can't Lose Them
14162,174.0,2.0,289.36,3,2,2,322,7,Potential Loyalists
14163,87.0,5.0,2594.62,3,4,4,344,11,Loyal Customers
14164,71.0,2.0,1631.77,3,2,4,324,9,Potential Loyalists
14165,276.0,1.0,122.53999999999999,2,1,1,211,4,Hibernating/Lost
14166,505.0,2.0,256.85,1,2,1,121,4,Hibernating/Lost
14167,39.0,8.0,1296.49,4,4,4,444,12,Champions
14168,421.0,2.0,305.9,1,2,2,122,5,Hibernating/Lost
14169,431.0,2.0,624.4300000000001,1,2,3,123,6,Hibernating/Lost
14170,375.0,3.0,597.33,2,3,2,232,7,At Risk
14171,98.0,2.0,498.79,3,2,2,322,7,Potential Loyalists
14172,605.0,3.0,389.97,1,3,2,132,6,At Risk
14173,11.0,6.0,566.95,5,4,2,542,11,Champions
14174,33.0,1.0,134.46,4,1,1,411,6,New Customers
14175,60.0,8.0,7350.44,3,4,5,345,12,Loyal Customers
14176,297.0,5.0,913.11,2,4,3,243,9,Can't Lose Them
14177,86.0,13.0,2224.39,3,5,4,354,12,Loyal Customers
14178,9.0,7.0,1620.93,5,4,4,544,13,Champions
14179,41.0,2.0,719.78,4,2,3,423,9,New Customers
14180,11.0,33.0,6110.75,5,5,5,555,15,Champions
14181,411.0,2.0,310.55,1,2,2,122,5,Hibernating/Lost
14182,444.0,4.0,660.07,1,3,3,133,7,At Risk
14183,411.0,2.0,286.29,1,2,2,122,5,Hibernating/Lost
14184,67.0,1.0,452.89,3,1,2,312,6,Potential Loyalists
14185,331.0,1.0,197.65,2,1,1,211,4,Hibernating/Lost
14186,427.0,5.0,1550.63,1,4,4,144,9,Can't Lose Them
14187,474.0,1.0,123.5,1,1,1,111,3,Hibernating/Lost
14188,31.0,6.0,2018.91,4,4,4,444,12,Champions
14189,2.0,16.0,5764.62,5,5,5,555,15,Champions
14190,666.0,1.0,79.9,1,1,1,111,3,Hibernating/Lost
14191,2.0,15.0,4713.41,5,5,5,555,15,Champions
14192,388.0,1.0,293.74,2,1,2,212,5,Hibernating/Lost
14193,68.0,3.0,1210.19,3,3,4,334,10,Loyal Customers
14194,5.0,36.0,18442.87,5,5,5,555,15,Champions
14195,202.0,6.0,2381.24,2,4,4,244,10,Can't Lose Them
14196,107.0,1.0,335.52,3,1,2,312,6,Potential Loyalists
14197,411.0,1.0,390.05,1,1,2,112,4,Hibernating/Lost
14198,18.0,9.0,1527.58,5,5,4,554,14,Champions
14199,218.0,4.0,916.4999999999999,2,3,3,233,8,At Risk
14200,617.0,1.0,379.2,1,1,2,112,4,Hibernating/Lost
14201,60.0,10.0,1134.14,3,5,3,353,11,Loyal Customers
14202,381.0,3.0,847.76,2,3,3,233,8,At Risk
14203,397.0,1.0,339.34,2,1,2,212,5,Hibernating/Lost
14204,2.0,4.0,1062.96,5,3,3,533,11,Loyal Customers
14205,17.0,9.0,1908.38,5,5,4,554,14,Champions
14206,239.0,3.0,1145.21,2,3,3,233,8,At Risk
14207,688.0,1.0,157.8,1,1,1,111,3,Hibernating/Lost
14208,95.0,2.0,567.05,3,2,2,322,7,Potential Loyalists
14209,11.0,15.0,4937.37,5,5,5,555,15,Champions
14210,106.0,16.0,5814.320000000001,3,5,5,355,13,Loyal Customers
14211,53.0,18.0,4301.69,4,5,5,455,14,Champions
14212,90.0,2.0,2190.14,3,2,4,324,9,Potential Loyalists
14213,405.0,1.0,-1192.2,2,1,1,211,4,Hibernating/Lost
14214,31.0,5.0,1000.23,4,4,3,443,11,Champions
14215,12.0,9.0,3404.53,5,5,5,555,15,Champions
14216,3.0,5.0,2142.39,5,4,4,544,13,Champions
14217,2.0,23.0,3206.87,5,5,5,555,15,Champions
14218,43.0,1.0,169.48000000000002,4,1,1,411,6,New Customers
14219,4.0,3.0,633.83,5,3,3,533,11,Loyal Customers
14220,247.0,4.0,1515.0,2,3,4,234,9,At Risk
14221,42.0,17.0,6506.59,4,5,5,455,14,Champions
14222,177.0,1.0,683.17,3,1,3,313,7,Potential Loyalists
14223,92.0,3.0,975.23,3,3,3,333,9,Loyal Customers
14224,110.0,9.0,1897.9,3,5,4,354,12,Loyal Customers
14225,435.0,4.0,2015.12,1,3,4,134,8,At Risk
14226,29.0,6.0,2967.78,4,4,5,445,13,Champions
14227,26.0,15.0,6327.31,4,5,5,455,14,Champions
14228,438.0,3.0,745.5,1,3,3,133,7,At Risk
14229,52.0,7.0,2468.99,4,4,4,444,12,Champions
14230,436.0,3.0,979.8000000000001,1,3,3,133,7,At Risk
14231,184.0,4.0,1131.97,3,3,3,333,9,Loyal Customers
14232,43.0,5.0,2043.93,4,4,4,444,12,Champions
14233,49.0,7.0,2766.96,4,4,4,444,12,Champions
14234,22.0,4.0,775.46,4,3,3,433,10,Loyal Customers
14235,75.0,9.0,4666.99,3,5,5,355,13,Loyal Customers
14236,81.0,5.0,1732.74,3,4,4,344,11,Loyal Customers
14237,373.0,2.0,627.04,2,2,3,223,7,Hibernating/Lost
14238,326.0,3.0,434.23,2,3,2,232,7,At Risk
14239,43.0,21.0,4203.72,4,5,5,455,14,Champions
14240,30.0,3.0,1247.49,4,3,4,434,11,Loyal Customers
14241,184.0,2.0,333.70000000000005,3,2,2,322,7,Potential Loyalists
14242,235.0,2.0,280.55,2,2,2,222,6,Hibernating/Lost
14243,9.0,17.0,7365.36,5,5,5,555,15,Champions
14244,661.0,1.0,354.82,1,1,2,112,4,Hibernating/Lost
14245,220.0,2.0,1677.48,2,2,4,224,8,Hibernating/Lost
14246,111.0,3.0,1474.06,3,3,4,334,10,Loyal Customers
14247,278.0,5.0,769.71,2,4,3,243,9,Can't Lose Them
14248,318.0,3.0,1032.95,2,3,3,233,8,At Risk
14249,411.0,12.0,5625.461,1,5,5,155,11,Can't Lose Them
14250,7.0,3.0,1904.05,5,3,4,534,12,Loyal Customers
14251,2.0,5.0,2879.7000000000003,5,4,4,544,13,Champions
14252,381.0,1.0,350.99,2,1,2,212,5,Hibernating/Lost
14253,493.0,2.0,363.40000000000003,1,2,2,122,5,Hibernating/Lost
14254,433.0,1.0,601.03,1,1,3,113,5,Hibernating/Lost
14255,546.0,1.0,-1441.6,1,1,1,111,3,Hibernating/Lost
14256,260.0,5.0,2397.34,2,4,4,244,10,Can't Lose Them
14257,64.0,9.0,5942.0,3,5,5,355,13,Loyal Customers
14258,9.0,25.0,31027.35,5,5,5,555,15,Champions
14259,142.0,1.0,120.0,3,1,1,311,5,Potential Loyalists
14260,471.0,3.0,824.28,1,3,3,133,7,At Risk
14261,51.0,2.0,1163.45,4,2,3,423,9,New Customers
14262,8.0,8.0,2618.23,5,4,4,544,13,Champions
14263,423.0,1.0,322.93,1,1,2,112,4,Hibernating/Lost
14264,155.0,6.0,1461.3600000000001,3,4,4,344,11,Loyal Customers
14265,109.0,4.0,1373.35,3,3,4,334,10,Loyal Customers
14266,428.0,1.0,40.56,1,1,1,111,3,Hibernating/Lost
14267,163.0,3.0,1259.19,3,3,4,334,10,Loyal Customers
14268,471.0,1.0,354.85,1,1,2,112,4,Hibernating/Lost
14269,439.0,1.0,261.68,1,1,1,111,3,Hibernating/Lost
14270,332.0,1.0,492.65000000000003,2,1,2,212,5,Hibernating/Lost
14271,226.0,2.0,219.13,2,2,1,221,5,Hibernating/Lost
14272,74.0,4.0,920.81,3,3,3,333,9,Loyal Customers
14273,51.0,4.0,559.97,4,3,2,432,9,Loyal Customers
14274,686.0,1.0,256.6,1,1,1,111,3,Hibernating/Lost
14275,396.0,6.0,1189.3799999999999,2,4,3,243,9,Can't Lose Them
14276,99.0,7.0,1929.32,3,4,4,344,11,Loyal Customers
14277,15.0,9.0,4324.47,5,5,5,555,15,Champions
14278,410.0,1.0,205.83,2,1,1,211,4,Hibernating/Lost
14279,521.0,2.0,191.86,1,2,1,121,4,Hibernating/Lost
14280,197.0,1.0,134.04,2,1,1,211,4,Hibernating/Lost
14281,408.0,1.0,245.15,2,1,1,211,4,Hibernating/Lost
14282,3.0,25.0,7844.66,5,5,5,555,15,Champions
14283,463.0,4.0,628.4399999999999,1,3,3,133,7,At Risk
14284,31.0,3.0,1282.85,4,3,4,434,11,Loyal Customers
14285,21.0,8.0,3158.64,4,4,5,445,13,Champions
14286,24.0,7.0,8396.7,4,4,5,445,13,Champions
14287,8.0,3.0,151.23000000000002,5,3,1,531,9,Loyal Customers
14288,213.0,1.0,413.85,2,1,2,212,5,Hibernating/Lost
14289,9.0,6.0,911.26,5,4,3,543,12,Champions
14290,11.0,8.0,4208.93,5,4,5,545,14,Champions
14291,2.0,23.0,7844.4,5,5,5,555,15,Champions
14292,8.0,16.0,8887.9,5,5,5,555,15,Champions
14293,3.0,9.0,3174.33,5,5,5,555,15,Champions
14294,407.0,1.0,375.34,2,1,2,212,5,Hibernating/Lost
14295,40.0,5.0,2316.06,4,4,4,444,12,Champions
14296,421.0,2.0,448.45,1,2,2,122,5,Hibernating/Lost
14297,18.0,4.0,1284.06,5,3,4,534,12,Loyal Customers
14298,8.0,82.0,90489.31,5,5,5,555,15,Champions
14299,8.0,27.0,12827.77,5,5,5,555,15,Champions
14300,19.0,1.0,43.2,5,1,1,511,7,New Customers
14301,117.0,4.0,1956.23,3,3,4,334,10,Loyal Customers
14302,431.0,3.0,742.9000000000001,1,3,3,133,7,At Risk
14303,407.0,2.0,277.94,2,2,2,222,6,Hibernating/Lost
14304,223.0,3.0,1523.81,2,3,4,234,9,At Risk
14305,71.0,3.0,1803.76,3,3,4,334,10,Loyal Customers
14306,51.0,6.0,3141.5,4,4,5,445,13,Champions
14307,89.0,10.0,5063.08,3,5,5,355,13,Loyal Customers
14308,549.0,2.0,-849.45,1,2,1,121,4,Hibernating/Lost
14309,8.0,11.0,3747.96,5,5,5,555,15,Champions
14310,433.0,1.0,492.1,1,1,2,112,4,Hibernating/Lost
14311,243.0,2.0,435.90000000000003,2,2,2,222,6,Hibernating/Lost
14312,47.0,11.0,3090.29,4,5,5,455,14,Champions
14314,107.0,2.0,221.9,3,2,1,321,6,Potential Loyalists
14315,45.0,8.0,3168.72,4,4,5,445,13,Champions
14316,422.0,5.0,1355.34,1,4,4,144,9,Can't Lose Them
14317,65.0,1.0,508.58000000000004,3,1,2,312,6,Potential Loyalists
14318,460.0,1.0,158.02,1,1,1,111,3,Hibernating/Lost
14319,424.0,1.0,476.95000000000005,1,1,2,112,4,Hibernating/Lost
14320,207.0,5.0,1204.1200000000001,2,4,3,243,9,Can't Lose Them
14321,11.0,7.0,2198.58,5,4,4,544,13,Champions
14322,429.0,4.0,384.3,1,3,2,132,6,At Risk
14323,115.0,2.0,574.26,3,2,2,322,7,Potential Loyalists
14324,410.0,2.0,701.61,2,2,3,223,7,Hibernating/Lost
14325,570.0,1.0,245.48000000000002,1,1,1,111,3,Hibernating/Lost
14326,242.0,3.0,923.98,2,3,3,233,8,At Risk
14327,163.0,6.0,1894.93,3,4,4,344,11,Loyal Customers
14328,438.0,1.0,-445.06,1,1,1,111,3,Hibernating/Lost
14329,17.0,15.0,9735.52,5,5,5,555,15,Champions
14330,624.0,1.0,200.63,1,1,1,111,3,Hibernating/Lost
14331,124.0,2.0,462.65999999999997,3,2,2,322,7,Potential Loyalists
14332,23.0,5.0,1943.51,4,4,4,444,12,Champions
14333,68.0,1.0,351.45,3,1,2,312,6,Potential Loyalists
14334,17.0,12.0,4292.98,5,5,5,555,15,Champions
14335,16.0,2.0,468.26,5,2,2,522,9,New Customers
14336,17.0,4.0,1614.91,5,3,4,534,12,Loyal Customers
14338,161.0,3.0,894.1,3,3,3,333,9,Loyal Customers
14339,243.0,2.0,600.66,2,2,3,223,7,Hibernating/Lost
14340,219.0,1.0,134.7,2,1,1,211,4,Hibernating/Lost
14341,45.0,18.0,4443.47,4,5,5,455,14,Champions
14342,21.0,6.0,842.74,4,4,3,443,11,Champions
14343,421.0,4.0,1088.91,1,3,3,133,7,At Risk
14344,127.0,20.0,3333.7000000000003,3,5,5,355,13,Loyal Customers
14345,39.0,1.0,108.97999999999999,4,1,1,411,6,New Customers
14346,121.0,5.0,2315.75,3,4,4,344,11,Loyal Customers
14347,737.0,1.0,82.6,1,1,1,111,3,Hibernating/Lost
14348,260.0,1.0,409.57,2,1,2,212,5,Hibernating/Lost
14349,10.0,1.0,133.5,5,1,1,511,7,New Customers
14350,274.0,3.0,947.8,2,3,3,233,8,At Risk
14351,165.0,1.0,51.0,3,1,1,311,5,Potential Loyalists
14352,157.0,4.0,1078.96,3,3,3,333,9,Loyal Customers
14353,215.0,3.0,376.5,2,3,2,232,7,At Risk
14354,6.0,2.0,163.62,5,2,1,521,8,New Customers
14355,366.0,3.0,1014.45,2,3,3,233,8,At Risk
14356,80.0,2.0,666.9399999999999,3,2,3,323,8,Potential Loyalists
14357,43.0,1.0,225.77,4,1,1,411,6,New Customers
14358,389.0,2.0,384.29999999999995,2,2,2,222,6,Hibernating/Lost
14359,19.0,3.0,882.58,5,3,3,533,11,Loyal Customers
14360,32.0,4.0,2128.23,4,3,4,434,11,Loyal Customers
14361,579.0,1.0,214.70999999999998,1,1,1,111,3,Hibernating/Lost
14362,22.0,1.0,161.2,4,1,1,411,6,New Customers
14363,402.0,2.0,227.47000000000003,2,2,1,221,5,Hibernating/Lost
14364,109.0,8.0,3717.35,3,4,5,345,12,Loyal Customers
14365,395.0,2.0,634.68,2,2,3,223,7,Hibernating/Lost
14366,525.0,1.0,136.0,1,1,1,111,3,Hibernating/Lost
14367,8.0,16.0,9167.82,5,5,5,555,15,Champions
14368,320.0,1.0,155.0,2,1,1,211,4,Hibernating/Lost
14369,642.0,2.0,469.13,1,2,2,122,5,Hibernating/Lost
14370,451.0,6.0,1092.13,1,4,3,143,8,Can't Lose Them
14371,295.0,1.0,100.5,2,1,1,211,4,Hibernating/Lost
14372,443.0,2.0,830.1800000000001,1,2,3,123,6,Hibernating/Lost
14373,358.0,1.0,76.55,2,1,1,211,4,Hibernating/Lost
14374,541.0,1.0,108.0,1,1,1,111,3,Hibernating/Lost
14375,185.0,3.0,1132.99,3,3,3,333,9,Loyal Customers
14376,683.0,1.0,215.46,1,1,1,111,3,Hibernating/Lost
14377,191.0,2.0,617.05,2,2,3,223,7,Hibernating/Lost
14378,622.0,1.0,131.25,1,1,1,111,3,Hibernating/Lost
14379,44.0,4.0,1268.91,4,3,4,434,11,Loyal Customers
14380,682.0,1.0,-99.72999999999999,1,1,1,111,3,Hibernating/Lost
14381,52.0,2.0,631.34,4,2,3,423,9,New Customers
14382,26.0,2.0,1240.85,4,2,4,424,10,New Customers
14383,38.0,3.0,1247.69,4,3,4,434,11,Loyal Customers
14384,501.0,1.0,58.5,1,1,1,111,3,Hibernating/Lost
14385,9.0,3.0,202.11,5,3,1,531,9,Loyal Customers
14386,297.0,1.0,142.4,2,1,1,211,4,Hibernating/Lost
14387,33.0,3.0,1770.56,4,3,4,434,11,Loyal Customers
14388,10.0,16.0,6589.3,5,5,5,555,15,Champions
14389,65.0,5.0,1821.07,3,4,4,344,11,Loyal Customers
14390,10.0,13.0,6323.33,5,5,5,555,15,Champions
14391,577.0,1.0,135.6,1,1,1,111,3,Hibernating/Lost
14392,432.0,1.0,266.4,1,1,1,111,3,Hibernating/Lost
14393,218.0,1.0,67.95,2,1,1,211,4,Hibernating/Lost
14394,565.0,1.0,93.8,1,1,1,111,3,Hibernating/Lost
14395,2.0,20.0,8160.81,5,5,5,555,15,Champions
14396,65.0,7.0,2121.93,3,4,4,344,11,Loyal Customers
14397,3.0,19.0,2556.68,5,5,4,554,14,Champions
14398,401.0,2.0,707.79,2,2,3,223,7,Hibernating/Lost
14399,394.0,8.0,2098.16,2,4,4,244,10,Can't Lose Them
14400,149.0,3.0,1703.0,3,3,4,334,10,Loyal Customers
14401,4.0,22.0,6703.4,5,5,5,555,15,Champions
14402,652.0,1.0,285.6,1,1,2,112,4,Hibernating/Lost
14403,130.0,6.0,1822.76,3,4,4,344,11,Loyal Customers
14404,34.0,13.0,2800.11,4,5,4,454,13,Champions
14405,387.0,1.0,195.0,2,1,1,211,4,Hibernating/Lost
14406,119.0,1.0,156.75,3,1,1,311,5,Potential Loyalists
14407,107.0,6.0,2111.08,3,4,4,344,11,Loyal Customers
14408,11.0,11.0,4109.77,5,5,5,555,15,Champions
14409,71.0,9.0,3453.69,3,5,5,355,13,Loyal Customers
14410,92.0,11.0,2122.37,3,5,4,354,12,Loyal Customers
14411,311.0,1.0,1063.0,2,1,3,213,6,Hibernating/Lost
14412,43.0,3.0,1417.49,4,3,4,434,11,Loyal Customers
14413,362.0,4.0,770.37,2,3,3,233,8,At Risk
14414,92.0,8.0,2387.48,3,4,4,344,11,Loyal Customers
14415,1.0,23.0,11915.13,5,5,5,555,15,Champions
14416,22.0,2.0,490.22,4,2,2,422,8,New Customers
14417,388.0,1.0,604.2,2,1,3,213,6,Hibernating/Lost
14418,4.0,3.0,1937.25,5,3,4,534,12,Loyal Customers
14419,11.0,7.0,1260.91,5,4,4,544,13,Champions
14420,99.0,4.0,1627.72,3,3,4,334,10,Loyal Customers
14421,57.0,6.0,2456.62,4,4,4,444,12,Champions
14422,1.0,19.0,10200.92,5,5,5,555,15,Champions
14423,218.0,3.0,914.9599999999999,2,3,3,233,8,At Risk
14424,18.0,1.0,322.08,5,1,2,512,8,New Customers
14425,435.0,3.0,635.89,1,3,3,133,7,At Risk
14426,24.0,17.0,11103.97,4,5,5,455,14,Champions
14427,50.0,4.0,1263.52,4,3,4,434,11,Loyal Customers
14428,7.0,5.0,1230.14,5,4,4,544,13,Champions
14429,404.0,1.0,516.28,2,1,2,212,5,Hibernating/Lost
14430,512.0,3.0,956.4000000000001,1,3,3,133,7,At Risk
14431,303.0,4.0,2541.6,2,3,4,234,9,At Risk
14432,10.0,6.0,2255.51,5,4,4,544,13,Champions
14433,466.0,1.0,289.6,1,1,2,112,4,Hibernating/Lost
14434,22.0,6.0,1372.8,4,4,4,444,12,Champions
14435,502.0,1.0,90.42,1,1,1,111,3,Hibernating/Lost
14436,99.0,2.0,271.70000000000005,3,2,2,322,7,Potential Loyalists
14437,366.0,5.0,829.94,2,4,3,243,9,Can't Lose Them
14438,306.0,1.0,131.9,2,1,1,211,4,Hibernating/Lost
14439,320.0,5.0,9443.04,2,4,5,245,11,Can't Lose Them
14440,8.0,13.0,6526.83,5,5,5,555,15,Champions
14441,1.0,11.0,4361.59,5,5,5,555,15,Champions
14442,205.0,7.0,5272.02,2,4,5,245,11,Can't Lose Them
14443,54.0,5.0,2351.58,4,4,4,444,12,Champions
14444,456.0,1.0,132.04,1,1,1,111,3,Hibernating/Lost
14445,456.0,1.0,221.65,1,1,1,111,3,Hibernating/Lost
14446,1.0,5.0,1241.31,5,4,4,544,13,Champions
14447,19.0,6.0,1711.73,5,4,4,544,13,Champions
14448,9.0,2.0,375.35,5,2,2,522,9,New Customers
14449,19.0,8.0,2482.8,5,4,4,544,13,Champions
14450,181.0,7.0,1128.44,3,4,3,343,10,Loyal Customers
14451,60.0,12.0,3265.59,3,5,5,355,13,Loyal Customers
14452,11.0,4.0,665.59,5,3,3,533,11,Loyal Customers
14453,190.0,1.0,119.93,2,1,1,211,4,Hibernating/Lost
14454,376.0,5.0,970.7,2,4,3,243,9,Can't Lose Them
14455,432.0,4.0,594.86,1,3,2,132,6,At Risk
14456,5.0,9.0,3047.63,5,5,5,555,15,Champions
14457,311.0,1.0,113.64,2,1,1,211,4,Hibernating/Lost
14458,381.0,1.0,237.42,2,1,1,211,4,Hibernating/Lost
14459,155.0,2.0,5339.1410000000005,3,2,5,325,10,Potential Loyalists
14460,110.0,9.0,919.6,3,5,3,353,11,Loyal Customers
14461,148.0,13.0,6697.6,3,5,5,355,13,Loyal Customers
14462,66.0,12.0,2231.89,3,5,4,354,12,Loyal Customers
14463,98.0,4.0,786.5699999999999,3,3,3,333,9,Loyal Customers
14464,568.0,2.0,111.0,1,2,1,121,4,Hibernating/Lost
14465,247.0,11.0,3946.03,2,5,5,255,12,Can't Lose Them
14466,29.0,13.0,4646.9,4,5,5,455,14,Champions
14467,18.0,12.0,2220.9900000000002,5,5,4,554,14,Champions
14468,734.0,1.0,204.24,1,1,1,111,3,Hibernating/Lost
14469,416.0,4.0,2112.21,1,3,4,134,8,At Risk
14470,12.0,3.0,712.04,5,3,3,533,11,Loyal Customers
14471,591.0,2.0,400.95,1,2,2,122,5,Hibernating/Lost
14472,104.0,9.0,2228.22,3,5,4,354,12,Loyal Customers
14473,74.0,2.0,234.34000000000003,3,2,1,321,6,Potential Loyalists
14474,46.0,2.0,1268.1299999999999,4,2,4,424,10,New Customers
14475,72.0,4.0,1025.1200000000001,3,3,3,333,9,Loyal Customers
14476,257.0,1.0,215.7,2,1,1,211,4,Hibernating/Lost
14477,20.0,7.0,1960.61,4,4,4,444,12,Champions
14478,382.0,4.0,1276.66,2,3,4,234,9,At Risk
14479,254.0,4.0,1299.11,2,3,4,234,9,At Risk
14480,11.0,4.0,1295.27,5,3,4,534,12,Loyal Customers
14481,165.0,5.0,1935.32,3,4,4,344,11,Loyal Customers
14482,18.0,12.0,4192.25,5,5,5,555,15,Champions
14483,282.0,2.0,249.2,2,2,1,221,5,Hibernating/Lost
14484,50.0,4.0,1070.98,4,3,3,433,10,Loyal Customers
14485,39.0,1.0,165.75,4,1,1,411,6,New Customers
14486,512.0,2.0,175.5,1,2,1,121,4,Hibernating/Lost
14487,27.0,7.0,1428.11,4,4,4,444,12,Champions
14488,68.0,1.0,1047.43,3,1,3,313,7,Potential Loyalists
14489,207.0,4.0,1574.93,2,3,4,234,9,At Risk
14490,406.0,2.0,1273.47,2,2,4,224,8,Hibernating/Lost
14491,175.0,2.0,468.13,3,2,2,322,7,Potential Loyalists
14492,430.0,7.0,1574.3600000000001,1,4,4,144,9,Can't Lose Them
14493,7.0,10.0,5036.05,5,5,5,555,15,Champions
14494,26.0,3.0,401.46,4,3,2,432,9,Loyal Customers
14495,51.0,3.0,166.3,4,3,1,431,8,Loyal Customers
14496,312.0,7.0,2645.88,2,4,4,244,10,Can't Lose Them
14497,309.0,2.0,679.16,2,2,3,223,7,Hibernating/Lost
14498,43.0,10.0,3911.27,4,5,5,455,14,Champions
14499,26.0,7.0,2120.62,4,4,4,444,12,Champions
14500,88.0,3.0,356.85,3,3,2,332,8,Loyal Customers
14501,184.0,2.0,190.31,3,2,1,321,6,Potential Loyalists
14502,20.0,11.0,2351.02,4,5,4,454,13,Champions
14503,3.0,6.0,3543.26,5,4,5,545,14,Champions
14504,47.0,4.0,673.26,4,3,3,433,10,Loyal Customers
14505,17.0,19.0,11718.8,5,5,5,555,15,Champions
14506,17.0,7.0,3290.67,5,4,5,545,14,Champions
14507,24.0,11.0,3172.4900000000002,4,5,5,455,14,Champions
14508,22.0,5.0,856.09,4,4,3,443,11,Champions
14509,534.0,1.0,110.95,1,1,1,111,3,Hibernating/Lost
14510,376.0,3.0,991.98,2,3,3,233,8,At Risk
14511,11.0,5.0,1267.4099999999999,5,4,4,544,13,Champions
14512,188.0,7.0,1223.47,3,4,4,344,11,Loyal Customers
14513,101.0,6.0,770.9100000000001,3,4,3,343,10,Loyal Customers
14514,61.0,9.0,4594.7300000000005,3,5,5,355,13,Loyal Customers
14515,18.0,12.0,3718.9,5,5,5,555,15,Champions
14516,516.0,1.0,163.92,1,1,1,111,3,Hibernating/Lost
14517,33.0,2.0,330.45,4,2,2,422,8,New Customers
14518,64.0,1.0,174.37,3,1,1,311,5,Potential Loyalists
14519,684.0,2.0,206.09,1,2,1,121,4,Hibernating/Lost
14520,2.0,2.0,270.6,5,2,1,521,8,New Customers
14521,491.0,1.0,167.65,1,1,1,111,3,Hibernating/Lost
14522,24.0,8.0,1758.6200000000001,4,4,4,444,12,Champions
14523,108.0,1.0,241.09,3,1,1,311,5,Potential Loyalists
14524,32.0,13.0,2933.71,4,5,5,455,14,Champions
14525,20.0,17.0,8129.8099999999995,4,5,5,455,14,Champions
14526,389.0,1.0,262.4,2,1,1,211,4,Hibernating/Lost
14527,3.0,122.0,25774.54,5,5,5,555,15,Champions
14528,37.0,1.0,364.21999999999997,4,1,2,412,7,New Customers
14529,60.0,3.0,620.04,3,3,3,333,9,Loyal Customers
14530,26.0,16.0,6077.15,4,5,5,455,14,Champions
14531,480.0,1.0,376.34,1,1,2,112,4,Hibernating/Lost
14532,236.0,11.0,3846.4300000000003,2,5,5,255,12,Can't Lose Them
14533,25.0,11.0,3185.12,4,5,5,455,14,Champions
14534,3.0,26.0,5786.42,5,5,5,555,15,Champions
14535,60.0,9.0,5872.63,3,5,5,355,13,Loyal Customers
14536,260.0,1.0,171.8,2,1,1,211,4,Hibernating/Lost
14537,58.0,2.0,635.45,4,2,3,423,9,New Customers
14538,65.0,5.0,1370.8400000000001,3,4,4,344,11,Loyal Customers
14539,16.0,2.0,537.48,5,2,2,522,9,New Customers
14540,10.0,11.0,3785.44,5,5,5,555,15,Champions
14541,59.0,14.0,2499.68,3,5,4,354,12,Loyal Customers
14542,186.0,1.0,103.25,3,1,1,311,5,Potential Loyalists
14543,29.0,39.0,12194.01,4,5,5,455,14,Champions
14544,24.0,3.0,2982.43,4,3,5,435,12,Loyal Customers
14545,674.0,1.0,349.25,1,1,2,112,4,Hibernating/Lost
14546,5.0,11.0,5001.03,5,5,5,555,15,Champions
14547,4.0,8.0,3986.7400000000002,5,4,5,545,14,Champions
14548,151.0,9.0,2627.49,3,5,4,354,12,Loyal Customers
14549,311.0,4.0,916.5500000000001,2,3,3,233,8,At Risk
14550,11.0,4.0,1353.31,5,3,4,534,12,Loyal Customers
14551,18.0,7.0,858.59,5,4,3,543,12,Champions
14552,152.0,3.0,511.28000000000003,3,3,2,332,8,Loyal Customers
14553,19.0,9.0,1816.04,5,5,4,554,14,Champions
14554,10.0,4.0,2381.04,5,3,4,534,12,Loyal Customers
14555,57.0,6.0,2306.48,4,4,4,444,12,Champions
14556,596.0,3.0,835.34,1,3,3,133,7,At Risk
14557,85.0,1.0,0.0,3,1,1,311,5,Potential Loyalists
14558,654.0,3.0,614.1,1,3,3,133,7,At Risk
14559,390.0,1.0,75.6,2,1,1,211,4,Hibernating/Lost
14560,7.0,44.0,6050.44,5,5,5,555,15,Champions
14561,76.0,3.0,1080.76,3,3,3,333,9,Loyal Customers
14562,4.0,26.0,6363.85,5,5,5,555,15,Champions
14563,510.0,2.0,679.44,1,2,3,123,6,Hibernating/Lost
14564,435.0,2.0,2519.32,1,2,4,124,7,Hibernating/Lost
14565,96.0,5.0,3833.87,3,4,5,345,12,Loyal Customers
14566,111.0,4.0,4092.0,3,3,5,335,11,Loyal Customers
14567,57.0,2.0,1524.46,4,2,4,424,10,New Customers
14568,435.0,1.0,909.5,1,1,3,113,5,Hibernating/Lost
14569,1.0,4.0,598.98,5,3,2,532,10,Loyal Customers
14570,281.0,3.0,613.75,2,3,3,233,8,At Risk
14571,425.0,1.0,161.65,1,1,1,111,3,Hibernating/Lost
14572,3.0,11.0,5573.28,5,5,5,555,15,Champions
14573,180.0,13.0,2571.72,3,5,4,354,12,Loyal Customers
14574,733.0,1.0,143.70000000000002,1,1,1,111,3,Hibernating/Lost
14575,488.0,1.0,460.71,1,1,2,112,4,Hibernating/Lost
14576,372.0,1.0,70.80000000000001,2,1,1,211,4,Hibernating/Lost
14577,13.0,7.0,1374.25,5,4,4,544,13,Champions
14578,3.0,1.0,168.63,5,1,1,511,7,New Customers
14579,432.0,1.0,105.56,1,1,1,111,3,Hibernating/Lost
14580,518.0,1.0,14.850000000000001,1,1,1,111,3,Hibernating/Lost
14581,17.0,2.0,433.8,5,2,2,522,9,New Customers
14582,41.0,1.0,114.11,4,1,1,411,6,New Customers
14583,6.0,8.0,1781.03,5,4,4,544,13,Champions
14584,169.0,8.0,1734.91,3,4,4,344,11,Loyal Customers
14585,50.0,5.0,1143.27,4,4,3,443,11,Champions
14586,277.0,1.0,134.16,2,1,1,211,4,Hibernating/Lost
14587,19.0,9.0,1598.24,5,5,4,554,14,Champions
14588,578.0,1.0,135.39,1,1,1,111,3,Hibernating/Lost
14589,372.0,1.0,79.5,2,1,1,211,4,Hibernating/Lost
14590,425.0,20.0,2884.29,1,5,5,155,11,Can't Lose Them
14591,15.0,4.0,1447.14,5,3,4,534,12,Loyal Customers
14592,35.0,3.0,570.46,4,3,2,432,9,Loyal Customers
14593,22.0,12.0,3615.17,4,5,5,455,14,Champions
14594,7.0,2.0,634.83,5,2,3,523,10,New Customers
14595,20.0,8.0,2164.45,4,4,4,444,12,Champions
14596,627.0,1.0,229.47,1,1,1,111,3,Hibernating/Lost
14597,11.0,6.0,2201.54,5,4,4,544,13,Champions
14598,44.0,2.0,221.97,4,2,1,421,7,New Customers
14599,390.0,2.0,474.54,2,2,2,222,6,Hibernating/Lost
14600,306.0,2.0,865.1700000000001,2,2,3,223,7,Hibernating/Lost
14601,11.0,1.0,213.96,5,1,1,511,7,New Customers
14602,656.0,1.0,205.35999999999999,1,1,1,111,3,Hibernating/Lost
14603,275.0,1.0,660.0,2,1,3,213,6,Hibernating/Lost
14604,633.0,1.0,143.85999999999999,1,1,1,111,3,Hibernating/Lost
14605,374.0,4.0,937.16,2,3,3,233,8,At Risk
14606,1.0,192.0,30094.38,5,5,5,555,15,Champions
14607,16.0,22.0,18745.56,5,5,5,555,15,Champions
14608,4.0,11.0,3273.44,5,5,5,555,15,Champions
14609,72.0,10.0,1366.2,3,5,4,354,12,Loyal Customers
14610,396.0,2.0,24.35,2,2,1,221,5,Hibernating/Lost
14611,444.0,2.0,599.38,1,2,2,122,5,Hibernating/Lost
14612,415.0,1.0,877.7,1,1,3,113,5,Hibernating/Lost
14613,680.0,1.0,76.32000000000001,1,1,1,111,3,Hibernating/Lost
14614,386.0,1.0,295.13,2,1,2,212,5,Hibernating/Lost
14615,394.0,5.0,934.26,2,4,3,243,9,Can't Lose Them
14616,243.0,5.0,527.78,2,4,2,242,8,Can't Lose Them
14617,403.0,2.0,190.47000000000003,2,2,1,221,5,Hibernating/Lost
14618,9.0,7.0,1295.67,5,4,4,544,13,Champions
14619,246.0,2.0,1276.31,2,2,4,224,8,Hibernating/Lost
14620,206.0,2.0,393.28000000000003,2,2,2,222,6,Hibernating/Lost
14621,1.0,9.0,2878.27,5,5,4,554,14,Champions
14622,185.0,1.0,320.58000000000004,3,1,2,312,6,Potential Loyalists
14623,32.0,10.0,2030.83,4,5,4,454,13,Champions
14624,57.0,6.0,814.07,4,4,3,443,11,Champions
14625,196.0,11.0,4391.53,2,5,5,255,12,Can't Lose Them
14626,24.0,11.0,5374.77,4,5,5,455,14,Champions
14627,379.0,1.0,406.40000000000003,2,1,2,212,5,Hibernating/Lost
14628,91.0,5.0,1998.0,3,4,4,344,11,Loyal Customers
14629,4.0,2.0,939.21,5,2,3,523,10,New Customers
14630,484.0,1.0,338.65,1,1,2,112,4,Hibernating/Lost
14631,51.0,6.0,2023.17,4,4,4,444,12,Champions
14632,263.0,1.0,114.56,2,1,1,211,4,Hibernating/Lost
14633,266.0,1.0,344.90000000000003,2,1,2,212,5,Hibernating/Lost
14634,438.0,4.0,1971.82,1,3,4,134,8,At Risk
14635,454.0,1.0,215.22,1,1,1,111,3,Hibernating/Lost
14636,36.0,2.0,609.85,4,2,3,423,9,New Customers
14637,677.0,1.0,106.67999999999999,1,1,1,111,3,Hibernating/Lost
14638,51.0,1.0,443.6,4,1,2,412,7,New Customers
14639,52.0,9.0,4946.81,4,5,5,455,14,Champions
14640,24.0,10.0,3464.03,4,5,5,455,14,Champions
14641,22.0,1.0,110.46,4,1,1,411,6,New Customers
14642,59.0,1.0,96.12,3,1,1,311,5,Potential Loyalists
14643,170.0,5.0,1654.69,3,4,4,344,11,Loyal Customers
14644,68.0,7.0,2077.47,3,4,4,344,11,Loyal Customers
14645,157.0,3.0,840.24,3,3,3,333,9,Loyal Customers
14646,2.0,151.0,523342.07,5,5,5,555,15,Champions
14647,201.0,2.0,519.97,2,2,2,222,6,Hibernating/Lost
14648,416.0,15.0,4458.21,1,5,5,155,11,Can't Lose Them
14649,5.0,9.0,3754.16,5,5,5,555,15,Champions
14650,589.0,1.0,62.5,1,1,1,111,3,Hibernating/Lost
14651,67.0,9.0,2034.1200000000001,3,5,4,354,12,Loyal Customers
14652,77.0,1.0,114.18,3,1,1,311,5,Potential Loyalists
14653,1.0,12.0,3614.54,5,5,5,555,15,Champions
14654,738.0,1.0,246.86,1,1,1,111,3,Hibernating/Lost
14655,8.0,7.0,3829.23,5,4,5,545,14,Champions
14656,169.0,5.0,814.65,3,4,3,343,10,Loyal Customers
14657,18.0,6.0,1450.92,5,4,4,544,13,Champions
14658,5.0,2.0,247.15,5,2,1,521,8,New Customers
14659,9.0,9.0,2456.53,5,5,4,554,14,Champions
14660,87.0,2.0,285.74,3,2,2,322,7,Potential Loyalists
14661,27.0,1.0,107.95,4,1,1,411,6,New Customers
14662,29.0,7.0,1416.33,4,4,4,444,12,Champions
14663,430.0,2.0,490.6,1,2,2,122,5,Hibernating/Lost
14664,20.0,2.0,637.89,4,2,3,423,9,New Customers
14665,61.0,7.0,2172.33,3,4,4,344,11,Loyal Customers
14666,24.0,1.0,195.25,4,1,1,411,6,New Customers
14667,11.0,54.0,21720.59,5,5,5,555,15,Champions
14668,445.0,1.0,111.63,1,1,1,111,3,Hibernating/Lost
14669,242.0,7.0,3243.93,2,4,5,245,11,Can't Lose Them
14670,280.0,3.0,602.0,2,3,3,233,8,At Risk
14671,549.0,2.0,1127.45,1,2,3,123,6,Hibernating/Lost
14672,235.0,4.0,1113.14,2,3,3,233,8,At Risk
14673,3.0,7.0,3410.81,5,4,5,545,14,Champions
14674,509.0,1.0,173.66,1,1,1,111,3,Hibernating/Lost
14675,16.0,2.0,1066.9,5,2,3,523,10,New Customers
14676,31.0,12.0,8285.49,4,5,5,455,14,Champions
14677,593.0,1.0,184.91,1,1,1,111,3,Hibernating/Lost
14678,579.0,1.0,386.44,1,1,2,112,4,Hibernating/Lost
14679,382.0,3.0,1270.3999999999999,2,3,4,234,9,At Risk
14680,25.0,58.0,54801.34,4,5,5,455,14,Champions
14681,71.0,6.0,875.1500000000001,3,4,3,343,10,Loyal Customers
14682,188.0,6.0,1514.81,3,4,4,344,11,Loyal Customers
14683,588.0,1.0,146.56,1,1,1,111,3,Hibernating/Lost
14684,26.0,6.0,1468.55,4,4,4,444,12,Champions
14685,576.0,8.0,4324.31,1,4,5,145,10,Can't Lose Them
14686,414.0,5.0,877.88,1,4,3,143,8,Can't Lose Them
14687,107.0,3.0,1402.06,3,3,4,334,10,Loyal Customers
14688,8.0,28.0,7190.08,5,5,5,555,15,Champions
14689,209.0,1.0,112.8,2,1,1,211,4,Hibernating/Lost
14690,44.0,4.0,781.24,4,3,3,433,10,Loyal Customers
14691,31.0,5.0,2114.33,4,4,4,444,12,Champions
14692,137.0,12.0,1735.59,3,5,4,354,12,Loyal Customers
14693,265.0,7.0,1139.86,2,4,3,243,9,Can't Lose Them
14694,617.0,1.0,244.31,1,1,1,111,3,Hibernating/Lost
14695,519.0,3.0,1552.57,1,3,4,134,8,At Risk
14696,4.0,8.0,2758.67,5,4,4,544,13,Champions
14697,218.0,2.0,188.60999999999999,2,2,1,221,5,Hibernating/Lost
14698,2.0,5.0,1250.76,5,4,4,544,13,Champions
14699,214.0,4.0,702.6,2,3,3,233,8,At Risk
14700,32.0,5.0,3116.26,4,4,5,445,13,Champions
14701,11.0,15.0,4498.94,5,5,5,555,15,Champions
14702,1.0,29.0,6695.72,5,5,5,555,15,Champions
14703,15.0,1.0,318.17,5,1,2,512,8,New Customers
14704,11.0,11.0,1813.57,5,5,4,554,14,Champions
14705,199.0,1.0,179.0,2,1,1,211,4,Hibernating/Lost
14706,619.0,1.0,390.69,1,1,2,112,4,Hibernating/Lost
14707,436.0,2.0,139.2,1,2,1,121,4,Hibernating/Lost
14708,3.0,5.0,2182.58,5,4,4,544,13,Champions
14709,15.0,25.0,8866.48,5,5,5,555,15,Champions
14710,14.0,13.0,1922.59,5,5,4,554,14,Champions
14711,10.0,11.0,2838.2,5,5,4,554,14,Champions
14712,29.0,4.0,1328.0700000000002,4,3,4,434,11,Loyal Customers
14713,9.0,21.0,5372.47,5,5,5,555,15,Champions
14714,24.0,4.0,896.4,4,3,3,433,10,Loyal Customers
14715,25.0,8.0,1840.45,4,4,4,444,12,Champions
14716,43.0,3.0,565.45,4,3,2,432,9,Loyal Customers
14717,733.0,1.0,72.8,1,1,1,111,3,Hibernating/Lost
14718,410.0,1.0,226.42,2,1,1,211,4,Hibernating/Lost
14719,2.0,5.0,1592.18,5,4,4,544,13,Champions
14720,6.0,3.0,663.81,5,3,3,533,11,Loyal Customers
14721,379.0,1.0,115.77,2,1,1,211,4,Hibernating/Lost
14722,147.0,3.0,513.37,3,3,2,332,8,Loyal Customers
14723,10.0,11.0,2093.06,5,5,4,554,14,Champions
14724,590.0,1.0,345.25,1,1,2,112,4,Hibernating/Lost
14725,25.0,4.0,1264.84,4,3,4,434,11,Loyal Customers
14726,655.0,1.0,124.75,1,1,1,111,3,Hibernating/Lost
14727,274.0,3.0,291.13,2,3,2,232,7,At Risk
14728,413.0,1.0,190.58,1,1,1,111,3,Hibernating/Lost
14729,374.0,3.0,907.38,2,3,3,233,8,At Risk
14730,1.0,8.0,2005.06,5,4,4,544,13,Champions
14731,47.0,3.0,380.02,4,3,2,432,9,Loyal Customers
14732,8.0,19.0,5447.52,5,5,5,555,15,Champions
14733,16.0,15.0,16050.6,5,5,5,555,15,Champions
14734,426.0,4.0,1045.47,1,3,3,133,7,At Risk
14735,4.0,56.0,11909.710000000001,5,5,5,555,15,Champions
14736,485.0,2.0,401.08,1,2,2,122,5,Hibernating/Lost
14737,4.0,4.0,3554.17,5,3,5,535,13,Loyal Customers
14738,43.0,9.0,1763.64,4,5,4,454,13,Champions
14739,4.0,25.0,12269.57,5,5,5,555,15,Champions
14740,197.0,11.0,4068.86,2,5,5,255,12,Can't Lose Them
14741,12.0,7.0,1897.59,5,4,4,544,13,Champions
14742,435.0,1.0,579.85,1,1,2,112,4,Hibernating/Lost
14743,593.0,1.0,50.48,1,1,1,111,3,Hibernating/Lost
14744,16.0,14.0,3821.02,5,5,5,555,15,Champions
14745,113.0,12.0,2491.46,3,5,4,354,12,Loyal Customers
14746,406.0,4.0,593.5,2,3,2,232,7,At Risk
14747,249.0,1.0,294.3,2,1,2,212,5,Hibernating/Lost
14748,29.0,10.0,2672.25,4,5,4,454,13,Champions
14749,480.0,1.0,310.15,1,1,2,112,4,Hibernating/Lost
14750,736.0,1.0,112.03,1,1,1,111,3,Hibernating/Lost
14751,684.0,2.0,126.45,1,2,1,121,4,Hibernating/Lost
14752,44.0,1.0,389.64,4,1,2,412,7,New Customers
14753,87.0,2.0,869.51,3,2,3,323,8,Potential Loyalists
14754,45.0,6.0,1546.28,4,4,4,444,12,Champions
14755,10.0,25.0,9851.45,5,5,5,555,15,Champions
14756,15.0,3.0,2613.46,5,3,4,534,12,Loyal Customers
14757,75.0,1.0,420.5,3,1,2,312,6,Potential Loyalists
14758,145.0,7.0,2864.97,3,4,4,344,11,Loyal Customers
14759,5.0,3.0,1625.97,5,3,4,534,12,Loyal Customers
14760,297.0,1.0,53.8,2,1,1,211,4,Hibernating/Lost
14761,59.0,3.0,447.92,3,3,2,332,8,Loyal Customers
14762,264.0,2.0,417.57,2,2,2,222,6,Hibernating/Lost
14764,47.0,1.0,250.55,4,1,1,411,6,New Customers
14765,29.0,3.0,254.11,4,3,1,431,8,Loyal Customers
14766,8.0,11.0,6431.9800000000005,5,5,5,555,15,Champions
14767,474.0,1.0,382.81,1,1,2,112,4,Hibernating/Lost
14768,17.0,2.0,139.5,5,2,1,521,8,New Customers
14769,3.0,17.0,15696.67,5,5,5,555,15,Champions
14770,232.0,8.0,3624.89,2,4,5,245,11,Can't Lose Them
14771,621.0,2.0,579.92,1,2,2,122,5,Hibernating/Lost
14772,112.0,1.0,139.26,3,1,1,311,5,Potential Loyalists
14773,593.0,1.0,125.7,1,1,1,111,3,Hibernating/Lost
14774,529.0,1.0,241.45,1,1,1,111,3,Hibernating/Lost
14775,58.0,3.0,1418.46,4,3,4,434,11,Loyal Customers
14776,51.0,15.0,3339.02,4,5,5,455,14,Champions
14777,404.0,1.0,239.26,2,1,1,211,4,Hibernating/Lost
14778,127.0,2.0,730.86,3,2,3,323,8,Potential Loyalists
14779,281.0,3.0,386.15,2,3,2,232,7,At Risk
14780,55.0,2.0,447.68,4,2,2,422,8,New Customers
14782,320.0,1.0,200.10000000000002,2,1,1,211,4,Hibernating/Lost
14783,659.0,1.0,305.35,1,1,2,112,4,Hibernating/Lost
14784,26.0,3.0,449.93,4,3,2,432,9,Loyal Customers
14785,10.0,2.0,77.4,5,2,1,521,8,New Customers
14786,550.0,1.0,90.96,1,1,1,111,3,Hibernating/Lost
14787,471.0,1.0,110.65,1,1,1,111,3,Hibernating/Lost
14788,7.0,3.0,1156.32,5,3,3,533,11,Loyal Customers
14789,29.0,1.0,197.64,4,1,1,411,6,New Customers
14790,17.0,10.0,2526.62,5,5,4,554,14,Champions
14791,607.0,1.0,303.63,1,1,2,112,4,Hibernating/Lost
14792,64.0,1.0,0.0,3,1,1,311,5,Potential Loyalists
14793,21.0,2.0,611.0500000000001,4,2,3,423,9,New Customers
14794,3.0,10.0,1889.15,5,5,4,554,14,Champions
14795,166.0,1.0,131.45000000000002,3,1,1,311,5,Potential Loyalists
14796,1.0,27.0,10691.12,5,5,5,555,15,Champions
14797,507.0,1.0,300.31,1,1,2,112,4,Hibernating/Lost
14798,53.0,8.0,715.11,4,4,3,443,11,Champions
14799,51.0,2.0,338.15,4,2,2,422,8,New Customers
14800,48.0,17.0,7415.59,4,5,5,455,14,Champions
14801,61.0,1.0,193.14,3,1,1,311,5,Potential Loyalists
14802,438.0,2.0,-1502.98,1,2,1,121,4,Hibernating/Lost
14803,162.0,3.0,845.55,3,3,3,333,9,Loyal Customers
14804,9.0,1.0,353.27,5,1,2,512,8,New Customers
14805,15.0,7.0,1104.64,5,4,3,543,12,Champions
14806,75.0,2.0,303.43,3,2,2,322,7,Potential Loyalists
14807,391.0,2.0,519.29,2,2,2,222,6,Hibernating/Lost
14808,40.0,8.0,2175.37,4,4,4,444,12,Champions
14809,621.0,2.0,686.76,1,2,3,123,6,Hibernating/Lost
14810,41.0,13.0,2537.02,4,5,4,454,13,Champions
14811,387.0,1.0,170.5,2,1,1,211,4,Hibernating/Lost
14812,599.0,1.0,185.8,1,1,1,111,3,Hibernating/Lost
14813,370.0,4.0,1090.87,2,3,3,233,8,At Risk
14814,581.0,1.0,160.46,1,1,1,111,3,Hibernating/Lost
14815,37.0,2.0,778.5,4,2,3,423,9,New Customers
14816,197.0,1.0,271.85,2,1,2,212,5,Hibernating/Lost
14817,200.0,7.0,3889.21,2,4,5,245,11,Can't Lose Them
14818,74.0,6.0,1170.41,3,4,3,343,10,Loyal Customers
14819,64.0,4.0,470.16,3,3,2,332,8,Loyal Customers
14820,21.0,9.0,1274.76,4,5,4,454,13,Champions
14821,367.0,7.0,1286.45,2,4,4,244,10,Can't Lose Them
14822,485.0,1.0,157.70000000000002,1,1,1,111,3,Hibernating/Lost
14823,180.0,3.0,321.43,3,3,2,332,8,Loyal Customers
14824,10.0,10.0,3952.51,5,5,5,555,15,Champions
14825,4.0,24.0,4886.28,5,5,5,555,15,Champions
14826,582.0,2.0,385.2,1,2,2,122,5,Hibernating/Lost
14828,197.0,13.0,9803.460000000001,2,5,5,255,12,Can't Lose Them
14829,29.0,7.0,1639.94,4,4,4,444,12,Champions
14830,53.0,1.0,197.13,4,1,1,411,6,New Customers
14831,680.0,3.0,1623.97,1,3,4,134,8,At Risk
14832,630.0,1.0,-274.63,1,1,1,111,3,Hibernating/Lost
14833,499.0,1.0,94.8,1,1,1,111,3,Hibernating/Lost
14834,18.0,7.0,2184.21,5,4,4,544,13,Champions
14835,529.0,2.0,293.09999999999997,1,2,2,122,5,Hibernating/Lost
14836,10.0,3.0,102.44999999999999,5,3,1,531,9,Loyal Customers
14837,90.0,9.0,3445.82,3,5,5,355,13,Loyal Customers
14838,423.0,2.0,773.6700000000001,1,2,3,123,6,Hibernating/Lost
14839,418.0,3.0,915.28,1,3,3,133,7,At Risk
14840,268.0,2.0,340.21,2,2,2,222,6,Hibernating/Lost
14841,53.0,14.0,7163.0,4,5,5,455,14,Champions
14842,44.0,4.0,2456.8,4,3,4,434,11,Loyal Customers
14843,437.0,1.0,211.79999999999998,1,1,1,111,3,Hibernating/Lost
14844,64.0,10.0,6688.43,3,5,5,355,13,Loyal Customers
14845,600.0,1.0,150.0,1,1,1,111,3,Hibernating/Lost
14846,427.0,1.0,406.79999999999995,1,1,2,112,4,Hibernating/Lost
14847,149.0,3.0,1320.6,3,3,4,334,10,Loyal Customers
14848,405.0,1.0,310.56,2,1,2,212,5,Hibernating/Lost
14849,22.0,43.0,15542.44,4,5,5,455,14,Champions
14850,312.0,7.0,1575.21,2,4,4,244,10,Can't Lose Them
14851,23.0,3.0,829.4100000000001,4,3,3,433,10,Loyal Customers
14852,58.0,18.0,6123.63,4,5,5,455,14,Champions
14853,24.0,5.0,1351.37,4,4,4,444,12,Champions
14854,78.0,11.0,4302.17,3,5,5,355,13,Loyal Customers
14855,119.0,7.0,6520.3,3,4,5,345,12,Loyal Customers
14856,36.0,3.0,1311.3799999999999,4,3,4,434,11,Loyal Customers
14857,60.0,7.0,3578.931,3,4,5,345,12,Loyal Customers
14858,506.0,1.0,180.75,1,1,1,111,3,Hibernating/Lost
14859,13.0,5.0,1703.94,5,4,4,544,13,Champions
14860,19.0,1.0,168.62,5,1,1,511,7,New Customers
14861,52.0,10.0,1318.4,4,5,4,454,13,Champions
14862,26.0,2.0,841.1999999999999,4,2,3,423,9,New Customers
14863,29.0,1.0,266.76,4,1,1,411,6,New Customers
14865,7.0,4.0,129.72,5,3,1,531,9,Loyal Customers
14866,11.0,19.0,20657.77,5,5,5,555,15,Champions
14867,186.0,16.0,2901.46,3,5,5,355,13,Loyal Customers
14868,3.0,12.0,4170.06,5,5,5,555,15,Champions
14869,9.0,6.0,2776.8,5,4,4,544,13,Champions
14870,262.0,6.0,1794.6000000000001,2,4,4,244,10,Can't Lose Them
14871,3.0,9.0,1258.97,5,5,4,554,14,Champions
14872,484.0,3.0,802.6800000000001,1,3,3,133,7,At Risk
14873,210.0,2.0,854.13,2,2,3,223,7,Hibernating/Lost
14874,535.0,1.0,116.18,1,1,1,111,3,Hibernating/Lost
14875,108.0,3.0,2841.55,3,3,4,334,10,Loyal Customers
14876,521.0,2.0,256.7,1,2,1,121,4,Hibernating/Lost
14877,418.0,2.0,437.0,1,2,2,122,5,Hibernating/Lost
14878,13.0,25.0,3812.2200000000003,5,5,5,555,15,Champions
14879,685.0,1.0,185.06,1,1,1,111,3,Hibernating/Lost
14880,77.0,3.0,706.19,3,3,3,333,9,Loyal Customers
14881,20.0,1.0,255.4,4,1,1,411,6,New Customers
14882,27.0,14.0,3426.55,4,5,5,455,14,Champions
14883,19.0,6.0,756.64,5,4,3,543,12,Champions
14884,669.0,1.0,120.6,1,1,1,111,3,Hibernating/Lost
14885,132.0,3.0,1496.12,3,3,4,334,10,Loyal Customers
14886,253.0,1.0,364.8,2,1,2,212,5,Hibernating/Lost
14887,79.0,1.0,1862.0,3,1,4,314,8,Potential Loyalists
14888,207.0,1.0,369.2,2,1,2,212,5,Hibernating/Lost
14889,336.0,1.0,135.9,2,1,1,211,4,Hibernating/Lost
14890,254.0,3.0,817.25,2,3,3,233,8,At Risk
14891,148.0,4.0,1106.73,3,3,3,333,9,Loyal Customers
14892,691.0,1.0,202.35000000000002,1,1,1,111,3,Hibernating/Lost
14893,10.0,3.0,1782.26,5,3,4,534,12,Loyal Customers
14894,85.0,3.0,1412.21,3,3,4,334,10,Loyal Customers
14895,8.0,38.0,24488.82,5,5,5,555,15,Champions
14896,205.0,8.0,1973.47,2,4,4,244,10,Can't Lose Them
14897,8.0,8.0,3100.7400000000002,5,4,5,545,14,Champions
14898,23.0,14.0,3356.86,4,5,5,455,14,Champions
14899,395.0,1.0,1384.88,2,1,4,214,7,Hibernating/Lost
14900,522.0,1.0,13.919999999999998,1,1,1,111,3,Hibernating/Lost
14901,11.0,12.0,2277.05,5,5,4,554,14,Champions
14902,26.0,3.0,1000.27,4,3,3,433,10,Loyal Customers
14903,21.0,5.0,2744.48,4,4,4,444,12,Champions
14904,2.0,4.0,1640.64,5,3,4,534,12,Loyal Customers
14905,158.0,8.0,1939.69,3,4,4,344,11,Loyal Customers
14906,445.0,1.0,-66.98,1,1,1,111,3,Hibernating/Lost
14907,3.0,16.0,6094.6900000000005,5,5,5,555,15,Champions
14908,74.0,2.0,381.9,3,2,2,322,7,Potential Loyalists
14909,437.0,3.0,1380.98,1,3,4,134,8,At Risk
14910,3.0,4.0,389.86,5,3,2,532,10,Loyal Customers
14911,1.0,398.0,270248.53,5,5,5,555,15,Champions
14912,17.0,6.0,748.5799999999998,5,4,3,543,12,Champions
14913,36.0,8.0,4073.13,4,4,5,445,13,Champions
14915,91.0,11.0,1752.65,3,5,4,354,12,Loyal Customers
14916,71.0,8.0,2888.21,3,4,5,345,12,Loyal Customers
14917,597.0,2.0,1123.75,1,2,3,123,6,Hibernating/Lost
14918,116.0,9.0,5955.81,3,5,5,355,13,Loyal Customers
14919,539.0,1.0,359.35,1,1,2,112,4,Hibernating/Lost
14920,213.0,3.0,1607.17,2,3,4,234,9,At Risk
14921,30.0,2.0,1316.07,4,2,4,424,10,New Customers
14922,394.0,2.0,843.74,2,2,3,223,7,Hibernating/Lost
14923,51.0,1.0,749.1,4,1,3,413,8,New Customers
14924,246.0,3.0,931.01,2,3,3,233,8,At Risk
14926,382.0,2.0,337.65,2,2,2,222,6,Hibernating/Lost
14927,397.0,1.0,308.2,2,1,2,212,5,Hibernating/Lost
14928,628.0,1.0,204.46,1,1,1,111,3,Hibernating/Lost
14929,32.0,2.0,836.69,4,2,3,423,9,New Customers
14930,109.0,6.0,5136.64,3,4,5,345,12,Loyal Customers
14931,5.0,5.0,964.6800000000001,5,4,3,543,12,Champions
14932,366.0,2.0,1029.66,2,2,3,223,7,Hibernating/Lost
14933,444.0,4.0,885.0,1,3,3,133,7,At Risk
14934,82.0,5.0,2444.1,3,4,4,344,11,Loyal Customers
14935,297.0,2.0,2849.83,2,2,4,224,8,Hibernating/Lost
14936,34.0,12.0,12378.46,4,5,5,455,14,Champions
14937,57.0,3.0,1617.63,4,3,4,434,11,Loyal Customers
14938,562.0,2.0,2289.43,1,2,4,124,7,Hibernating/Lost
14940,418.0,2.0,531.49,1,2,2,122,5,Hibernating/Lost
14941,579.0,1.0,182.1,1,1,1,111,3,Hibernating/Lost
14942,402.0,4.0,706.56,2,3,3,233,8,At Risk
14943,663.0,1.0,107.62,1,1,1,111,3,Hibernating/Lost
14944,30.0,19.0,9674.92,4,5,5,455,14,Champions
14945,414.0,1.0,179.4,1,1,1,111,3,Hibernating/Lost
14946,14.0,1.0,100.9,5,1,1,511,7,New Customers
14947,72.0,6.0,1049.79,3,4,3,343,10,Loyal Customers
14948,23.0,6.0,1066.57,4,4,3,443,11,Champions
14949,469.0,4.0,498.55,1,3,2,132,6,At Risk
14950,19.0,1.0,361.25,5,1,2,512,8,New Customers
14951,79.0,1.0,311.69,3,1,2,312,6,Potential Loyalists
14952,60.0,32.0,17244.25,3,5,5,355,13,Loyal Customers
14953,25.0,4.0,1005.37,4,3,3,433,10,Loyal Customers
14954,12.0,2.0,503.44,5,2,2,522,9,New Customers
14955,733.0,1.0,163.77,1,1,1,111,3,Hibernating/Lost
14956,421.0,1.0,1325.0,1,1,4,114,6,Hibernating/Lost
14957,253.0,2.0,333.29,2,2,2,222,6,Hibernating/Lost
14958,147.0,6.0,957.9399999999999,3,4,3,343,10,Loyal Customers
14959,64.0,4.0,684.97,3,3,3,333,9,Loyal Customers
14960,8.0,2.0,221.27,5,2,1,521,8,New Customers
14961,11.0,22.0,16328.9,5,5,5,555,15,Champions
14962,271.0,4.0,366.91,2,3,2,232,7,At Risk
14963,10.0,12.0,3158.63,5,5,5,555,15,Champions
14964,247.0,1.0,206.21,2,1,1,211,4,Hibernating/Lost
14965,96.0,2.0,599.0,3,2,2,322,7,Potential Loyalists
14966,15.0,6.0,1115.8400000000001,5,4,3,543,12,Champions
14967,50.0,6.0,1680.52,4,4,4,444,12,Champions
14968,30.0,2.0,504.99,4,2,2,422,8,New Customers
14969,704.0,1.0,906.23,1,1,3,113,5,Hibernating/Lost
14970,68.0,12.0,3593.4,3,5,5,355,13,Loyal Customers
14971,35.0,3.0,1116.57,4,3,3,433,10,Loyal Customers
14972,128.0,2.0,145.07,3,2,1,321,6,Potential Loyalists
14973,107.0,3.0,1314.45,3,3,4,334,10,Loyal Customers
14974,37.0,1.0,114.39,4,1,1,411,6,New Customers
14975,57.0,2.0,472.39,4,2,2,422,8,New Customers
14976,57.0,7.0,765.86,4,4,3,443,11,Champions
14977,726.0,1.0,31.929999999999996,1,1,1,111,3,Hibernating/Lost
14978,72.0,10.0,3106.34,3,5,5,355,13,Loyal Customers
14979,735.0,1.0,439.46,1,1,2,112,4,Hibernating/Lost
14980,737.0,1.0,150.68,1,1,1,111,3,Hibernating/Lost
14981,246.0,2.0,313.52,2,2,2,222,6,Hibernating/Lost
14982,572.0,1.0,237.78,1,1,1,111,3,Hibernating/Lost
14983,689.0,1.0,183.20000000000002,1,1,1,111,3,Hibernating/Lost
14984,19.0,6.0,1271.41,5,4,4,544,13,Champions
14985,198.0,2.0,296.75,2,2,2,222,6,Hibernating/Lost
14986,376.0,2.0,566.9,2,2,2,222,6,Hibernating/Lost
14987,16.0,8.0,1632.25,5,4,4,544,13,Champions
14988,212.0,7.0,2066.6,2,4,4,244,10,Can't Lose Them
14989,662.0,1.0,342.4,1,1,2,112,4,Hibernating/Lost
14990,612.0,2.0,305.42,1,2,2,122,5,Hibernating/Lost
14991,430.0,1.0,314.67,1,1,2,112,4,Hibernating/Lost
14992,442.0,1.0,210.5,1,1,1,111,3,Hibernating/Lost
14993,564.0,1.0,36.13,1,1,1,111,3,Hibernating/Lost
14994,382.0,5.0,886.33,2,4,3,243,9,Can't Lose Them
14995,39.0,2.0,233.23000000000002,4,2,1,421,7,New Customers
14996,481.0,2.0,442.28999999999996,1,2,2,122,5,Hibernating/Lost
14997,46.0,4.0,771.38,4,3,3,433,10,Loyal Customers
14998,170.0,4.0,770.73,3,3,3,333,9,Loyal Customers
14999,593.0,1.0,129.48000000000002,1,1,1,111,3,Hibernating/Lost
15000,48.0,1.0,490.52,4,1,2,412,7,New Customers
15001,394.0,2.0,230.85999999999999,2,2,1,221,5,Hibernating/Lost
15002,116.0,9.0,4817.28,3,5,5,355,13,Loyal Customers
15003,473.0,6.0,1055.7,1,4,3,143,8,Can't Lose Them
15004,147.0,1.0,1246.32,3,1,4,314,8,Potential Loyalists
15005,16.0,56.0,13763.27,5,5,5,555,15,Champions
15006,51.0,2.0,825.14,4,2,3,423,9,New Customers
15007,159.0,1.0,156.91,3,1,1,311,5,Potential Loyalists
15008,480.0,2.0,360.0,1,2,2,122,5,Hibernating/Lost
15009,12.0,3.0,1261.78,5,3,4,534,12,Loyal Customers
15010,36.0,1.0,308.94,4,1,2,412,7,New Customers
15011,396.0,2.0,416.6,2,2,2,222,6,Hibernating/Lost
15012,54.0,3.0,860.62,4,3,3,433,10,Loyal Customers
15013,488.0,10.0,1641.3,1,5,4,154,10,Can't Lose Them
15014,43.0,2.0,260.17,4,2,1,421,7,New Customers
15015,501.0,13.0,2275.82,1,5,4,154,10,Can't Lose Them
15016,173.0,5.0,622.3,3,4,3,343,10,Loyal Customers
15017,34.0,1.0,125.58,4,1,1,411,6,New Customers
15018,39.0,3.0,567.51,4,3,2,432,9,Loyal Customers
15019,267.0,1.0,266.0,2,1,1,211,4,Hibernating/Lost
15020,379.0,1.0,203.42,2,1,1,211,4,Hibernating/Lost
15021,9.0,12.0,2689.59,5,5,4,554,14,Champions
15022,12.0,5.0,1186.09,5,4,3,543,12,Champions
15023,3.0,20.0,12092.19,5,5,5,555,15,Champions
15024,10.0,16.0,4075.51,5,5,5,555,15,Champions
15025,33.0,2.0,1013.09,4,2,3,423,9,New Customers
15026,80.0,5.0,1061.61,3,4,3,343,10,Loyal Customers
15027,31.0,10.0,2974.04,4,5,5,455,14,Champions
15028,8.0,6.0,1157.71,5,4,3,543,12,Champions
15029,620.0,1.0,362.15,1,1,2,112,4,Hibernating/Lost
15030,72.0,8.0,1964.66,3,4,4,344,11,Loyal Customers
15031,4.0,14.0,2857.37,5,5,4,554,14,Champions
15032,256.0,8.0,13285.65,2,4,5,245,11,Can't Lose Them
15033,5.0,10.0,2571.02,5,5,4,554,14,Champions
15034,16.0,14.0,8282.45,5,5,5,555,15,Champions
15035,90.0,1.0,252.73000000000002,3,1,1,311,5,Potential Loyalists
15036,72.0,3.0,465.55,3,3,2,332,8,Loyal Customers
15037,376.0,2.0,402.51,2,2,2,222,6,Hibernating/Lost
15038,59.0,9.0,1269.96,4,5,4,454,13,Champions
15039,10.0,93.0,39742.99,5,5,5,555,15,Champions
15040,542.0,1.0,7.49,1,1,1,111,3,Hibernating/Lost
15041,170.0,2.0,294.02,3,2,2,322,7,Potential Loyalists
15042,199.0,2.0,315.45,2,2,2,222,6,Hibernating/Lost
15043,31.0,6.0,2873.7999999999997,4,4,4,444,12,Champions
15044,19.0,35.0,15841.53,5,5,5,555,15,Champions
15045,152.0,2.0,633.66,3,2,3,323,8,Potential Loyalists
15046,9.0,25.0,7583.38,5,5,5,555,15,Champions
15047,270.0,1.0,343.62,2,1,2,212,5,Hibernating/Lost
15048,65.0,4.0,479.27,3,3,2,332,8,Loyal Customers
15049,274.0,1.0,121.17000000000002,2,1,1,211,4,Hibernating/Lost
15050,25.0,5.0,4138.87,4,4,5,445,13,Champions
15051,23.0,9.0,3920.16,4,5,5,455,14,Champions
15052,319.0,1.0,215.78,2,1,1,211,4,Hibernating/Lost
15053,5.0,3.0,697.79,5,3,3,533,11,Loyal Customers
15054,12.0,2.0,302.1,5,2,2,522,9,New Customers
15055,475.0,3.0,560.07,1,3,2,132,6,At Risk
15056,520.0,1.0,133.45,1,1,1,111,3,Hibernating/Lost
15057,275.0,5.0,3184.56,2,4,5,245,11,Can't Lose Them
15058,25.0,16.0,3377.18,4,5,5,455,14,Champions
15059,41.0,19.0,3427.62,4,5,5,455,14,Champions
15060,8.0,4.0,303.09,5,3,2,532,10,Loyal Customers
15061,4.0,127.0,136391.48,5,5,5,555,15,Champions
15062,71.0,8.0,2585.62,3,4,4,344,11,Loyal Customers
15063,213.0,1.0,370.79999999999995,2,1,2,212,5,Hibernating/Lost
15064,410.0,4.0,1254.41,2,3,4,234,9,At Risk
15065,38.0,5.0,3304.71,4,4,5,445,13,Champions
15066,53.0,1.0,760.59,4,1,3,413,8,New Customers
15067,78.0,5.0,3865.13,3,4,5,345,12,Loyal Customers
15068,46.0,4.0,1176.85,4,3,3,433,10,Loyal Customers
15069,179.0,1.0,1109.53,3,1,3,313,7,Potential Loyalists
15070,373.0,3.0,843.25,2,3,3,233,8,At Risk
15071,94.0,4.0,1455.56,3,3,4,334,10,Loyal Customers
15072,479.0,1.0,187.51999999999998,1,1,1,111,3,Hibernating/Lost
15073,10.0,8.0,2357.04,5,4,4,544,13,Champions
15074,105.0,3.0,1566.33,3,3,4,334,10,Loyal Customers
15075,78.0,1.0,773.03,3,1,3,313,7,Potential Loyalists
15076,173.0,3.0,1425.84,3,3,4,334,10,Loyal Customers
15077,495.0,2.0,2423.88,1,2,4,124,7,Hibernating/Lost
15078,7.0,53.0,17576.52,5,5,5,555,15,Champions
15079,213.0,11.0,3686.75,2,5,5,255,12,Can't Lose Them
15080,428.0,2.0,546.25,1,2,2,122,5,Hibernating/Lost
15081,22.0,12.0,1948.27,4,5,4,454,13,Champions
15082,669.0,1.0,93.35000000000001,1,1,1,111,3,Hibernating/Lost
15083,257.0,1.0,88.2,2,1,1,211,4,Hibernating/Lost
15084,380.0,2.0,965.2,2,2,3,223,7,Hibernating/Lost
15085,730.0,1.0,347.54,1,1,2,112,4,Hibernating/Lost
15086,565.0,2.0,218.53,1,2,1,121,4,Hibernating/Lost
15087,282.0,1.0,306.94,2,1,2,212,5,Hibernating/Lost
15088,21.0,2.0,1140.27,4,2,3,423,9,New Customers
15089,10.0,6.0,2420.84,5,4,4,544,13,Champions
15090,308.0,1.0,381.32,2,1,2,212,5,Hibernating/Lost
15091,68.0,3.0,1023.11,3,3,3,333,9,Loyal Customers
15092,215.0,3.0,773.16,2,3,3,233,8,At Risk
15093,18.0,23.0,13657.880000000001,5,5,5,555,15,Champions
15094,463.0,2.0,83.0,1,2,1,121,4,Hibernating/Lost
15095,104.0,10.0,3135.74,3,5,5,355,13,Loyal Customers
15096,43.0,1.0,219.39000000000001,4,1,1,411,6,New Customers
15097,4.0,3.0,587.05,5,3,2,532,10,Loyal Customers
15098,182.0,3.0,649.5,3,3,3,333,9,Loyal Customers
15099,84.0,1.0,410.48,3,1,2,312,6,Potential Loyalists
15100,334.0,7.0,2319.5,2,4,4,244,10,Can't Lose Them
15101,9.0,6.0,1303.49,5,4,4,544,13,Champions
15102,531.0,2.0,554.67,1,2,2,122,5,Hibernating/Lost
15103,31.0,2.0,703.36,4,2,3,423,9,New Customers
15104,197.0,2.0,1002.54,2,2,3,223,7,Hibernating/Lost
15105,18.0,9.0,3094.91,5,5,5,555,15,Champions
15106,18.0,5.0,1407.73,5,4,4,544,13,Champions
15107,311.0,9.0,856.26,2,5,3,253,10,Can't Lose Them
15108,142.0,4.0,1291.75,3,3,4,334,10,Loyal Customers
15109,246.0,3.0,961.9,2,3,3,233,8,At Risk
15110,24.0,6.0,1480.0,4,4,4,444,12,Champions
15111,29.0,5.0,2730.87,4,4,4,444,12,Champions
15112,611.0,1.0,209.4,1,1,1,111,3,Hibernating/Lost
15113,10.0,3.0,3439.41,5,3,5,535,13,Loyal Customers
15114,30.0,12.0,3400.12,4,5,5,455,14,Champions
15115,18.0,2.0,528.1,5,2,2,522,9,New Customers
15116,18.0,4.0,1352.75,5,3,4,534,12,Loyal Customers
15117,15.0,8.0,2484.32,5,4,4,544,13,Champions
15118,134.0,1.0,244.8,3,1,1,311,5,Potential Loyalists
15119,246.0,1.0,266.4,2,1,1,211,4,Hibernating/Lost
15120,134.0,1.0,343.82,3,1,2,312,6,Potential Loyalists
15121,50.0,2.0,457.72,4,2,2,422,8,New Customers
15122,114.0,11.0,4461.42,3,5,5,355,13,Loyal Customers
15123,7.0,5.0,4656.17,5,4,5,545,14,Champions
15124,23.0,4.0,450.82,4,3,2,432,9,Loyal Customers
15125,25.0,24.0,16124.33,4,5,5,455,14,Champions
15126,537.0,2.0,449.49,1,2,2,122,5,Hibernating/Lost
15127,66.0,2.0,711.5,3,2,3,323,8,Potential Loyalists
15128,60.0,5.0,1732.22,3,4,4,344,11,Loyal Customers
15129,50.0,23.0,6860.18,4,5,5,455,14,Champions
15130,170.0,1.0,330.11,3,1,2,312,6,Potential Loyalists
15131,395.0,1.0,80.28,2,1,1,211,4,Hibernating/Lost
15132,18.0,5.0,977.9300000000001,5,4,3,543,12,Champions
15133,128.0,5.0,1806.9,3,4,4,344,11,Loyal Customers
15134,15.0,10.0,1596.29,5,5,4,554,14,Champions
15135,239.0,2.0,293.78,2,2,2,222,6,Hibernating/Lost
15136,3.0,4.0,1282.45,5,3,4,534,12,Loyal Customers
15137,521.0,2.0,747.55,1,2,3,123,6,Hibernating/Lost
15138,394.0,1.0,486.59000000000003,2,1,2,212,5,Hibernating/Lost
15139,240.0,2.0,178.96,2,2,1,221,5,Hibernating/Lost
15140,52.0,8.0,3239.44,4,4,5,445,13,Champions
15141,458.0,7.0,1378.31,1,4,4,144,9,Can't Lose Them
15142,46.0,6.0,2608.97,4,4,4,444,12,Champions
15143,226.0,2.0,563.63,2,2,2,222,6,Hibernating/Lost
15144,8.0,29.0,12006.51,5,5,5,555,15,Champions
15145,4.0,4.0,1194.73,5,3,3,533,11,Loyal Customers
15146,165.0,2.0,1313.66,3,2,4,324,9,Potential Loyalists
15147,240.0,1.0,608.65,2,1,3,213,6,Hibernating/Lost
15148,11.0,1.0,301.29,5,1,2,512,8,New Customers
15149,134.0,5.0,1554.6100000000001,3,4,4,344,11,Loyal Customers
15150,17.0,13.0,8990.58,5,5,5,555,15,Champions
15151,423.0,2.0,2085.61,1,2,4,124,7,Hibernating/Lost
15152,10.0,14.0,5197.97,5,5,5,555,15,Champions
15153,31.0,1.0,329.25,4,1,2,412,7,New Customers
15154,75.0,3.0,1332.26,3,3,4,334,10,Loyal Customers
15155,383.0,1.0,383.96999999999997,2,1,2,212,5,Hibernating/Lost
15156,1.0,3.0,961.49,5,3,3,533,11,Loyal Customers
15157,4.0,5.0,2587.54,5,4,4,544,13,Champions
15158,45.0,2.0,437.66,4,2,2,422,8,New Customers
15159,2.0,34.0,22049.4,5,5,5,555,15,Champions
15160,357.0,4.0,589.27,2,3,2,232,7,At Risk
15161,388.0,1.0,119.92,2,1,1,211,4,Hibernating/Lost
15162,731.0,1.0,241.5,1,1,1,111,3,Hibernating/Lost
15163,18.0,2.0,304.47,5,2,2,522,9,New Customers
15164,69.0,9.0,2052.02,3,5,4,354,12,Loyal Customers
15165,373.0,1.0,975.5,2,1,3,213,6,Hibernating/Lost
15166,468.0,1.0,167.16,1,1,1,111,3,Hibernating/Lost
15167,321.0,5.0,1659.67,2,4,4,244,10,Can't Lose Them
15168,26.0,1.0,106.56,4,1,1,411,6,New Customers
15169,382.0,2.0,569.22,2,2,2,222,6,Hibernating/Lost
15170,407.0,1.0,81.15,2,1,1,211,4,Hibernating/Lost
15171,331.0,1.0,1034.5,2,1,3,213,6,Hibernating/Lost
15172,9.0,5.0,1624.05,5,4,4,544,13,Champions
15173,381.0,7.0,1399.26,2,4,4,244,10,Can't Lose Them
15174,323.0,2.0,481.46,2,2,2,222,6,Hibernating/Lost
15175,72.0,1.0,224.14,3,1,1,311,5,Potential Loyalists
15176,668.0,1.0,985.09,1,1,3,113,5,Hibernating/Lost
15177,426.0,1.0,948.93,1,1,3,113,5,Hibernating/Lost
15178,260.0,1.0,40.5,2,1,1,211,4,Hibernating/Lost
15179,18.0,13.0,7426.82,5,5,5,555,15,Champions
15180,367.0,3.0,904.4300000000001,2,3,3,233,8,At Risk
15181,66.0,5.0,948.4499999999999,3,4,3,343,10,Loyal Customers
15182,154.0,11.0,2942.752,3,5,5,355,13,Loyal Customers
15183,548.0,3.0,637.03,1,3,3,133,7,At Risk
15184,29.0,4.0,689.95,4,3,3,433,10,Loyal Customers
15185,70.0,1.0,310.62,3,1,2,312,6,Potential Loyalists
15186,14.0,5.0,1403.2,5,4,4,544,13,Champions
15187,2.0,16.0,4670.08,5,5,5,555,15,Champions
15188,725.0,1.0,310.43,1,1,2,112,4,Hibernating/Lost
15189,1.0,46.0,17101.13,5,5,5,555,15,Champions
15190,434.0,1.0,834.4399999999999,1,1,3,113,5,Hibernating/Lost
15191,463.0,3.0,588.05,1,3,2,132,6,At Risk
15192,120.0,5.0,1981.39,3,4,4,344,11,Loyal Customers
15193,61.0,1.0,499.32,3,1,2,312,6,Potential Loyalists
15194,3.0,28.0,12187.68,5,5,5,555,15,Champions
15195,3.0,1.0,3861.0,5,1,5,515,11,New Customers
15196,433.0,2.0,316.25,1,2,2,122,5,Hibernating/Lost
15197,11.0,6.0,1427.84,5,4,4,544,13,Champions
15198,92.0,5.0,559.45,3,4,2,342,9,Loyal Customers
15199,59.0,10.0,3122.4,4,5,5,455,14,Champions
15200,495.0,1.0,549.05,1,1,2,112,4,Hibernating/Lost
15201,87.0,7.0,1525.9,3,4,4,344,11,Loyal Customers
15202,420.0,3.0,-2570.1800000000003,1,3,1,131,5,At Risk
15203,26.0,15.0,4400.18,4,5,5,455,14,Champions
15204,357.0,1.0,316.58,2,1,2,212,5,Hibernating/Lost
15205,85.0,2.0,648.8299999999999,3,2,3,323,8,Potential Loyalists
15206,10.0,4.0,420.29999999999995,5,3,2,532,10,Loyal Customers
15207,416.0,3.0,653.77,1,3,3,133,7,At Risk
15208,1.0,6.0,968.02,5,4,3,543,12,Champions
15209,730.0,1.0,178.98000000000002,1,1,1,111,3,Hibernating/Lost
15210,225.0,3.0,1176.19,2,3,3,233,8,At Risk
15211,60.0,2.0,1277.48,3,2,4,324,9,Potential Loyalists
15212,241.0,2.0,195.42999999999998,2,2,1,221,5,Hibernating/Lost
15213,319.0,2.0,325.05,2,2,2,222,6,Hibernating/Lost
15214,2.0,8.0,1661.44,5,4,4,544,13,Champions
15215,47.0,7.0,1496.46,4,4,4,444,12,Champions
15216,88.0,2.0,486.09,3,2,2,322,7,Potential Loyalists
15217,563.0,1.0,426.24,1,1,2,112,4,Hibernating/Lost
15218,11.0,22.0,11456.0,5,5,5,555,15,Champions
15219,176.0,2.0,685.45,3,2,3,323,8,Potential Loyalists
15220,52.0,6.0,1758.92,4,4,4,444,12,Champions
15221,366.0,4.0,1816.1000000000001,2,3,4,234,9,At Risk
15222,319.0,11.0,3415.66,2,5,5,255,12,Can't Lose Them
15223,226.0,5.0,1117.1,2,4,3,243,9,Can't Lose Them
15224,358.0,5.0,837.26,2,4,3,243,9,Can't Lose Them
15225,234.0,1.0,409.40000000000003,2,1,2,212,5,Hibernating/Lost
15226,311.0,1.0,154.41,2,1,1,211,4,Hibernating/Lost
15227,37.0,9.0,2488.4900000000002,4,5,4,454,13,Champions
15228,66.0,6.0,5570.5199999999995,3,4,5,345,12,Loyal Customers
15229,586.0,1.0,160.5,1,1,1,111,3,Hibernating/Lost
15230,239.0,2.0,429.6,2,2,2,222,6,Hibernating/Lost
15231,621.0,1.0,228.35999999999999,1,1,1,111,3,Hibernating/Lost
15232,113.0,2.0,612.06,3,2,3,323,8,Potential Loyalists
15233,401.0,1.0,59.400000000000006,2,1,1,211,4,Hibernating/Lost
15234,277.0,1.0,197.0,2,1,1,211,4,Hibernating/Lost
15235,218.0,16.0,2937.81,2,5,5,255,12,Can't Lose Them
15236,299.0,1.0,321.05,2,1,2,212,5,Hibernating/Lost
15237,2.0,4.0,1412.32,5,3,4,534,12,Loyal Customers
15238,29.0,3.0,1056.54,4,3,3,433,10,Loyal Customers
15239,10.0,2.0,764.34,5,2,3,523,10,New Customers
15240,45.0,12.0,4315.0,4,5,5,455,14,Champions
15241,67.0,11.0,3032.31,3,5,5,355,13,Loyal Customers
15242,422.0,1.0,302.04,1,1,2,112,4,Hibernating/Lost
15243,74.0,2.0,927.2800000000001,3,2,3,323,8,Potential Loyalists
15244,65.0,3.0,850.1800000000001,3,3,3,333,9,Loyal Customers
15245,134.0,8.0,4610.84,3,4,5,345,12,Loyal Customers
15246,238.0,3.0,780.4,2,3,3,233,8,At Risk
15247,122.0,3.0,967.11,3,3,3,333,9,Loyal Customers
15248,411.0,3.0,1865.03,1,3,4,134,8,At Risk
15249,32.0,18.0,9147.15,4,5,5,455,14,Champions
15250,641.0,1.0,60.0,1,1,1,111,3,Hibernating/Lost
15251,9.0,21.0,20095.6,5,5,5,555,15,Champions
15252,36.0,5.0,2053.06,4,4,4,444,12,Champions
15253,16.0,8.0,2033.29,5,4,4,544,13,Champions
15254,127.0,3.0,1073.4,3,3,3,333,9,Loyal Customers
15255,67.0,9.0,3670.77,3,5,5,355,13,Loyal Customers
15256,149.0,2.0,170.4,3,2,1,321,6,Potential Loyalists
15257,283.0,2.0,600.9,2,2,3,223,7,Hibernating/Lost
15258,169.0,2.0,623.16,3,2,3,323,8,Potential Loyalists
15259,513.0,4.0,1182.3799999999999,1,3,3,133,7,At Risk
15260,100.0,25.0,9098.38,3,5,5,355,13,Loyal Customers
15261,135.0,4.0,1508.0,3,3,4,334,10,Loyal Customers
15262,324.0,3.0,418.82,2,3,2,232,7,At Risk
15263,107.0,1.0,156.51,3,1,1,311,5,Potential Loyalists
15264,64.0,2.0,844.2,3,2,3,323,8,Potential Loyalists
15265,151.0,4.0,3345.64,3,3,5,335,11,Loyal Customers
15266,338.0,5.0,841.7,2,4,3,243,9,Can't Lose Them
15267,22.0,5.0,1717.36,4,4,4,444,12,Champions
15268,479.0,3.0,941.2500000000001,1,3,3,133,7,At Risk
15269,24.0,3.0,1225.3600000000001,4,3,4,434,11,Loyal Customers
15270,16.0,21.0,7193.99,5,5,5,555,15,Champions
15271,7.0,24.0,4639.29,5,5,5,555,15,Champions
15272,57.0,6.0,2085.48,4,4,4,444,12,Champions
15273,600.0,1.0,228.96,1,1,1,111,3,Hibernating/Lost
15274,4.0,2.0,716.57,5,2,3,523,10,New Customers
15275,38.0,1.0,609.19,4,1,3,413,8,New Customers
15276,66.0,4.0,631.03,3,3,3,333,9,Loyal Customers
15277,47.0,2.0,476.34,4,2,2,422,8,New Customers
15278,562.0,4.0,496.15999999999997,1,3,2,132,6,At Risk
15279,355.0,5.0,1541.74,2,4,4,244,10,Can't Lose Them
15280,172.0,3.0,406.21999999999997,3,3,2,332,8,Loyal Customers
15281,59.0,16.0,8317.62,4,5,5,455,14,Champions
15282,570.0,1.0,348.59,1,1,2,112,4,Hibernating/Lost
15283,390.0,3.0,135.43,2,3,1,231,6,At Risk
15284,500.0,1.0,24.75,1,1,1,111,3,Hibernating/Lost
15285,408.0,1.0,94.92,2,1,1,211,4,Hibernating/Lost
15286,50.0,1.0,240.55,4,1,1,411,6,New Customers
15287,22.0,5.0,854.58,4,4,3,443,11,Champions
15288,43.0,10.0,3883.13,4,5,5,455,14,Champions
15289,29.0,5.0,1570.71,4,4,4,444,12,Champions
15290,5.0,26.0,10355.58,5,5,5,555,15,Champions
15291,26.0,40.0,13451.24,4,5,5,455,14,Champions
15292,201.0,1.0,180.94,2,1,1,211,4,Hibernating/Lost
15293,666.0,1.0,247.5,1,1,1,111,3,Hibernating/Lost
15294,411.0,1.0,222.3,1,1,1,111,3,Hibernating/Lost
15295,654.0,1.0,217.23999999999998,1,1,1,111,3,Hibernating/Lost
15296,51.0,12.0,10223.93,4,5,5,455,14,Champions
15297,10.0,3.0,635.04,5,3,3,533,11,Loyal Customers
15298,2.0,23.0,8356.03,5,5,5,555,15,Champions
15299,67.0,10.0,7243.62,3,5,5,355,13,Loyal Customers
15300,64.0,1.0,496.44,3,1,2,312,6,Potential Loyalists
15301,51.0,17.0,7561.21,4,5,5,455,14,Champions
15302,730.0,1.0,291.05,1,1,2,112,4,Hibernating/Lost
15303,290.0,3.0,1178.78,2,3,3,233,8,At Risk
15304,61.0,9.0,905.45,3,5,3,353,11,Loyal Customers
15305,555.0,1.0,93.6,1,1,1,111,3,Hibernating/Lost
15306,64.0,9.0,3480.98,3,5,5,355,13,Loyal Customers
15307,96.0,1.0,205.3,3,1,1,311,5,Potential Loyalists
15308,274.0,1.0,302.27,2,1,2,212,5,Hibernating/Lost
15309,611.0,4.0,715.53,1,3,3,133,7,At Risk
15310,479.0,1.0,1634.64,1,1,4,114,6,Hibernating/Lost
15311,1.0,208.0,113513.07,5,5,5,555,15,Champions
15312,75.0,12.0,2916.4900000000002,3,5,5,355,13,Loyal Customers
15313,110.0,1.0,52.0,3,1,1,311,5,Potential Loyalists
15314,199.0,3.0,800.65,2,3,3,233,8,At Risk
15315,64.0,2.0,551.54,3,2,2,322,7,Potential Loyalists
15316,327.0,1.0,165.0,2,1,1,211,4,Hibernating/Lost
15317,677.0,1.0,112.05000000000001,1,1,1,111,3,Hibernating/Lost
15318,4.0,1.0,312.62,5,1,2,512,8,New Customers
15319,284.0,1.0,204.5,2,1,1,211,4,Hibernating/Lost
15320,44.0,1.0,267.13,4,1,1,411,6,New Customers
15321,71.0,12.0,6560.650000000001,3,5,5,355,13,Loyal Customers
15322,86.0,2.0,1314.15,3,2,4,324,9,Potential Loyalists
15323,563.0,3.0,320.9,1,3,2,132,6,At Risk
15324,701.0,1.0,140.22000000000003,1,1,1,111,3,Hibernating/Lost
15325,104.0,8.0,1596.81,3,4,4,344,11,Loyal Customers
15326,334.0,5.0,1529.82,2,4,4,244,10,Can't Lose Them
15327,53.0,1.0,208.75,4,1,1,411,6,New Customers
15328,408.0,1.0,107.24,2,1,1,211,4,Hibernating/Lost
15329,39.0,11.0,2742.98,4,5,4,454,13,Champions
15330,32.0,2.0,714.96,4,2,3,423,9,New Customers
15331,500.0,3.0,755.41,1,3,3,133,7,At Risk
15332,366.0,6.0,6553.74,2,4,5,245,11,Can't Lose Them
15333,208.0,1.0,1028.56,2,1,3,213,6,Hibernating/Lost
15334,157.0,3.0,351.67,3,3,2,332,8,Loyal Customers
15335,54.0,1.0,173.97,4,1,1,411,6,New Customers
15336,402.0,1.0,240.5,2,1,1,211,4,Hibernating/Lost
15337,411.0,1.0,344.72,1,1,2,112,4,Hibernating/Lost
15338,677.0,1.0,283.43,1,1,2,112,4,Hibernating/Lost
15339,66.0,7.0,1634.09,3,4,4,344,11,Loyal Customers
15340,562.0,1.0,105.5,1,1,1,111,3,Hibernating/Lost
15341,81.0,2.0,2401.02,3,2,4,324,9,Potential Loyalists
15342,130.0,1.0,391.76,3,1,2,312,6,Potential Loyalists
15343,87.0,1.0,364.5,3,1,2,312,6,Potential Loyalists
15344,1.0,3.0,476.58,5,3,2,532,10,Loyal Customers
15345,46.0,1.0,367.69,4,1,2,412,7,New Customers
15346,333.0,3.0,591.65,2,3,2,232,7,At Risk
15347,366.0,4.0,1333.9,2,3,4,234,9,At Risk
15348,72.0,1.0,158.04,3,1,1,311,5,Potential Loyalists
15349,158.0,2.0,473.81,3,2,2,322,7,Potential Loyalists
15350,373.0,2.0,663.25,2,2,3,223,7,Hibernating/Lost
15351,12.0,10.0,3615.18,5,5,5,555,15,Champions
15352,549.0,1.0,114.95,1,1,1,111,3,Hibernating/Lost
15353,255.0,7.0,3154.05,2,4,5,245,11,Can't Lose Them
15354,603.0,3.0,-94.8,1,3,1,131,5,At Risk
15355,29.0,2.0,277.05,4,2,2,422,8,New Customers
15356,31.0,13.0,3464.95,4,5,5,455,14,Champions
15358,5.0,42.0,16837.35,5,5,5,555,15,Champions
15359,663.0,8.0,162.6,1,4,1,141,6,Can't Lose Them
15360,40.0,1.0,427.93,4,1,2,412,7,New Customers
15361,362.0,4.0,689.07,2,3,3,233,8,At Risk
15362,449.0,2.0,613.08,1,2,3,123,6,Hibernating/Lost
15363,373.0,2.0,996.16,2,2,3,223,7,Hibernating/Lost
15364,96.0,2.0,913.19,3,2,3,323,8,Potential Loyalists
15365,26.0,13.0,3573.26,4,5,5,455,14,Champions
15366,75.0,7.0,2389.08,3,4,4,344,11,Loyal Customers
15367,57.0,11.0,5005.7300000000005,4,5,5,455,14,Champions
15368,21.0,2.0,722.74,4,2,3,423,9,New Customers
15369,492.0,11.0,1713.39,1,5,4,154,10,Can't Lose Them
15370,41.0,8.0,3713.51,4,4,5,445,13,Champions
15371,662.0,1.0,59.400000000000006,1,1,1,111,3,Hibernating/Lost
15372,137.0,8.0,5954.42,3,4,5,345,12,Loyal Customers
15373,8.0,17.0,3218.59,5,5,5,555,15,Champions
15374,129.0,2.0,307.32,3,2,2,322,7,Potential Loyalists
15375,690.0,1.0,60.959999999999994,1,1,1,111,3,Hibernating/Lost
15376,40.0,3.0,1233.3600000000001,4,3,4,434,11,Loyal Customers
15377,383.0,4.0,1179.95,2,3,3,233,8,At Risk
15378,463.0,2.0,246.5,1,2,1,121,4,Hibernating/Lost
15379,169.0,8.0,4806.4400000000005,3,4,5,345,12,Loyal Customers
15380,9.0,11.0,3422.2000000000003,5,5,5,555,15,Champions
15381,214.0,5.0,1887.62,2,4,4,244,10,Can't Lose Them
15382,15.0,12.0,13646.5,5,5,5,555,15,Champions
15384,170.0,4.0,2014.49,3,3,4,334,10,Loyal Customers
15385,40.0,3.0,942.08,4,3,3,433,10,Loyal Customers
15386,186.0,1.0,394.14,3,1,2,312,6,Potential Loyalists
15387,492.0,1.0,468.65,1,1,2,112,4,Hibernating/Lost
15388,270.0,1.0,140.54,2,1,1,211,4,Hibernating/Lost
15389,172.0,5.0,2733.8,3,4,4,344,11,Loyal Customers
15390,396.0,2.0,1216.66,2,2,4,224,8,Hibernating/Lost
15391,584.0,1.0,282.92,1,1,2,112,4,Hibernating/Lost
15392,5.0,7.0,2891.82,5,4,5,545,14,Champions
15393,16.0,5.0,891.34,5,4,3,543,12,Champions
15394,10.0,11.0,5251.4,5,5,5,555,15,Champions
15395,326.0,1.0,107.45,2,1,1,211,4,Hibernating/Lost
15396,113.0,2.0,796.38,3,2,3,323,8,Potential Loyalists
15397,290.0,1.0,94.0,2,1,1,211,4,Hibernating/Lost
15398,16.0,2.0,1339.63,5,2,4,524,11,New Customers
15399,1.0,3.0,815.77,5,3,3,533,11,Loyal Customers
15400,92.0,8.0,1252.8,3,4,4,344,11,Loyal Customers
15401,452.0,2.0,216.95000000000002,1,2,1,121,4,Hibernating/Lost
15402,149.0,6.0,1816.64,3,4,4,344,11,Loyal Customers
15403,492.0,2.0,170.88,1,2,1,121,4,Hibernating/Lost
15404,376.0,1.0,257.06,2,1,1,211,4,Hibernating/Lost
15405,189.0,2.0,659.84,2,2,3,223,7,Hibernating/Lost
15406,31.0,4.0,891.77,4,3,3,433,10,Loyal Customers
15407,34.0,4.0,1056.44,4,3,3,433,10,Loyal Customers
15408,264.0,1.0,267.18,2,1,1,211,4,Hibernating/Lost
15409,721.0,1.0,117.2,1,1,1,111,3,Hibernating/Lost
15410,84.0,10.0,4685.72,3,5,5,355,13,Loyal Customers
15411,26.0,4.0,1346.38,4,3,4,434,11,Loyal Customers
15412,171.0,1.0,190.53,3,1,1,311,5,Potential Loyalists
15413,692.0,5.0,-2531.3799999999997,1,4,1,141,6,Can't Lose Them
15414,10.0,3.0,774.9000000000001,5,3,3,533,11,Loyal Customers
15415,313.0,1.0,572.8100000000001,2,1,2,212,5,Hibernating/Lost
15416,65.0,7.0,4554.65,3,4,5,345,12,Loyal Customers
15417,85.0,1.0,508.8,3,1,2,312,6,Potential Loyalists
15418,425.0,2.0,452.32,1,2,2,122,5,Hibernating/Lost
15419,25.0,1.0,135.86,4,1,1,411,6,New Customers
15420,434.0,6.0,743.0,1,4,3,143,8,Can't Lose Them
15421,59.0,10.0,3805.34,4,5,5,455,14,Champions
15422,323.0,7.0,1615.02,2,4,4,244,10,Can't Lose Them
15423,38.0,3.0,219.14,4,3,1,431,8,Loyal Customers
15424,254.0,3.0,597.78,2,3,2,232,7,At Risk
15425,400.0,4.0,1944.57,2,3,4,234,9,At Risk
15426,19.0,9.0,2592.95,5,5,4,554,14,Champions
15427,33.0,3.0,1483.14,4,3,4,434,11,Loyal Customers
15428,15.0,4.0,762.75,5,3,3,533,11,Loyal Customers
15429,27.0,2.0,364.90000000000003,4,2,2,422,8,New Customers
15430,468.0,2.0,903.75,1,2,3,123,6,Hibernating/Lost
15431,503.0,1.0,153.24,1,1,1,111,3,Hibernating/Lost
15432,23.0,2.0,301.26,4,2,2,422,8,New Customers
15433,214.0,2.0,417.87,2,2,2,222,6,Hibernating/Lost
15434,8.0,11.0,2517.11,5,5,4,554,14,Champions
15435,22.0,1.0,149.29,4,1,1,411,6,New Customers
15436,12.0,3.0,1122.53,5,3,3,533,11,Loyal Customers
15437,262.0,2.0,393.45,2,2,2,222,6,Hibernating/Lost
15438,131.0,1.0,156.57999999999998,3,1,1,311,5,Potential Loyalists
15439,405.0,4.0,1269.05,2,3,4,234,9,At Risk
15440,55.0,3.0,383.68,4,3,2,432,9,Loyal Customers
15441,396.0,3.0,1254.21,2,3,4,234,9,At Risk
15442,249.0,1.0,594.0,2,1,2,212,5,Hibernating/Lost
15443,2.0,14.0,5116.14,5,5,5,555,15,Champions
15444,9.0,2.0,1418.26,5,2,4,524,11,New Customers
15445,264.0,2.0,284.5,2,2,2,222,6,Hibernating/Lost
15446,377.0,3.0,398.85,2,3,2,232,7,At Risk
15447,331.0,5.0,484.93,2,4,2,242,8,Can't Lose Them
15448,313.0,2.0,788.81,2,2,3,223,7,Hibernating/Lost
15449,26.0,3.0,971.22,4,3,3,433,10,Loyal Customers
15450,30.0,1.0,429.84,4,1,2,412,7,New Customers
15451,434.0,2.0,233.21,1,2,1,121,4,Hibernating/Lost
15452,30.0,6.0,1799.1100000000001,4,4,4,444,12,Champions
15453,2.0,7.0,1388.37,5,4,4,544,13,Champions
15454,362.0,2.0,307.69,2,2,2,222,6,Hibernating/Lost
15455,598.0,1.0,38.25,1,1,1,111,3,Hibernating/Lost
15456,283.0,10.0,2119.27,2,5,4,254,11,Can't Lose Them
15457,262.0,1.0,237.07,2,1,1,211,4,Hibernating/Lost
15458,25.0,2.0,370.43999999999994,4,2,2,422,8,New Customers
15459,417.0,2.0,202.82999999999998,1,2,1,121,4,Hibernating/Lost
15460,354.0,1.0,216.76,2,1,1,211,4,Hibernating/Lost
15461,461.0,2.0,391.29999999999995,1,2,2,122,5,Hibernating/Lost
15462,94.0,4.0,737.05,3,3,3,333,9,Loyal Customers
15463,29.0,1.0,126.14,4,1,1,411,6,New Customers
15464,338.0,1.0,1048.85,2,1,3,213,6,Hibernating/Lost
15465,20.0,32.0,12226.15,4,5,5,455,14,Champions
15466,85.0,4.0,1571.01,3,3,4,334,10,Loyal Customers
15467,9.0,3.0,511.88,5,3,2,532,10,Loyal Customers
15468,51.0,3.0,1387.48,4,3,4,434,11,Loyal Customers
15469,50.0,3.0,834.4,4,3,3,433,10,Loyal Customers
15470,576.0,1.0,63.419999999999995,1,1,1,111,3,Hibernating/Lost
15471,2.0,3.0,1316.56,5,3,4,534,12,Loyal Customers
15472,113.0,1.0,371.56,3,1,2,312,6,Potential Loyalists
15473,14.0,8.0,1740.0,5,4,4,544,13,Champions
15474,596.0,1.0,163.1,1,1,1,111,3,Hibernating/Lost
15475,77.0,1.0,454.10999999999996,3,1,2,312,6,Potential Loyalists
15476,380.0,4.0,2180.28,2,3,4,234,9,At Risk
15477,650.0,1.0,368.4,1,1,2,112,4,Hibernating/Lost
15478,40.0,3.0,2024.98,4,3,4,434,11,Loyal Customers
15479,733.0,1.0,147.4,1,1,1,111,3,Hibernating/Lost
15480,116.0,5.0,3592.25,3,4,5,345,12,Loyal Customers
15481,401.0,1.0,1993.34,2,1,4,214,7,Hibernating/Lost
15482,16.0,19.0,8107.83,5,5,5,555,15,Champions
15483,161.0,10.0,862.2,3,5,3,353,11,Loyal Customers
15484,1.0,6.0,4624.8,5,4,5,545,14,Champions
15485,30.0,7.0,5624.51,4,4,5,445,13,Champions
15486,527.0,1.0,102.0,1,1,1,111,3,Hibernating/Lost
15487,680.0,1.0,231.32,1,1,1,111,3,Hibernating/Lost
15488,93.0,5.0,431.92,3,4,2,342,9,Loyal Customers
15489,23.0,8.0,2327.36,4,4,4,444,12,Champions
15490,430.0,1.0,188.1,1,1,1,111,3,Hibernating/Lost
15491,95.0,6.0,3090.85,3,4,5,345,12,Loyal Customers
15492,28.0,2.0,659.4599999999999,4,2,3,423,9,New Customers
15493,33.0,9.0,4280.43,4,5,5,455,14,Champions
15494,21.0,5.0,3770.95,4,4,5,445,13,Champions
15495,379.0,1.0,246.5,2,1,1,211,4,Hibernating/Lost
15496,631.0,1.0,146.14000000000001,1,1,1,111,3,Hibernating/Lost
15497,18.0,9.0,8643.46,5,5,5,555,15,Champions
15498,3.0,44.0,23860.81,5,5,5,555,15,Champions
15499,724.0,1.0,161.6,1,1,1,111,3,Hibernating/Lost
15500,8.0,4.0,1131.56,5,3,3,533,11,Loyal Customers
15501,405.0,2.0,402.5,2,2,2,222,6,Hibernating/Lost
15502,16.0,14.0,8673.53,5,5,5,555,15,Champions
15503,363.0,2.0,267.15,2,2,1,221,5,Hibernating/Lost
15504,81.0,4.0,413.9,3,3,2,332,8,Loyal Customers
15505,53.0,5.0,3497.14,4,4,5,445,13,Champions
15506,23.0,6.0,2040.03,4,4,4,444,12,Champions
15507,172.0,1.0,492.36,3,1,2,312,6,Potential Loyalists
15508,189.0,6.0,1000.27,2,4,3,243,9,Can't Lose Them
15509,380.0,1.0,166.51,2,1,1,211,4,Hibernating/Lost
15510,331.0,1.0,250.0,2,1,1,211,4,Hibernating/Lost
15511,12.0,5.0,909.23,5,4,3,543,12,Champions
15512,156.0,4.0,331.58,3,3,2,332,8,Loyal Customers
15513,33.0,35.0,27264.45,4,5,5,455,14,Champions
15514,12.0,18.0,5422.28,5,5,5,555,15,Champions
15515,387.0,1.0,171.81,2,1,1,211,4,Hibernating/Lost
15516,45.0,3.0,62.43,4,3,1,431,8,Loyal Customers
15517,233.0,1.0,267.03,2,1,1,211,4,Hibernating/Lost
15518,64.0,15.0,4103.78,3,5,5,355,13,Loyal Customers
15519,383.0,2.0,344.61,2,2,2,222,6,Hibernating/Lost
15520,2.0,1.0,343.5,5,1,2,512,8,New Customers
15521,40.0,16.0,6674.44,4,5,5,455,14,Champions
15522,33.0,2.0,398.84,4,2,2,422,8,New Customers
15523,84.0,16.0,17220.04,3,5,5,355,13,Loyal Customers
15524,25.0,2.0,591.4,4,2,2,422,8,New Customers
15525,2.0,4.0,1280.8,5,3,4,534,12,Loyal Customers
15526,33.0,2.0,148.44,4,2,1,421,7,New Customers
15527,19.0,23.0,5041.78,5,5,5,555,15,Champions
15528,254.0,1.0,229.33,2,1,1,211,4,Hibernating/Lost
15529,23.0,12.0,5084.5,4,5,5,455,14,Champions
15530,22.0,5.0,1813.72,4,4,4,444,12,Champions
15531,8.0,2.0,2007.44,5,2,4,524,11,New Customers
15532,25.0,10.0,3708.05,4,5,5,455,14,Champions
15533,19.0,3.0,746.92,5,3,3,533,11,Loyal Customers
15534,726.0,1.0,162.25,1,1,1,111,3,Hibernating/Lost
15535,173.0,6.0,985.82,3,4,3,343,10,Loyal Customers
15536,409.0,1.0,259.09,2,1,1,211,4,Hibernating/Lost
15537,163.0,1.0,110.92,3,1,1,311,5,Potential Loyalists
15538,538.0,6.0,3027.15,1,4,5,145,10,Can't Lose Them
15539,7.0,1.0,538.46,5,1,2,512,8,New Customers
15540,11.0,2.0,460.68,5,2,2,522,9,New Customers
15541,114.0,1.0,85.13000000000001,3,1,1,311,5,Potential Loyalists
15542,512.0,3.0,895.9,1,3,3,133,7,At Risk
15543,288.0,2.0,242.84,2,2,1,221,5,Hibernating/Lost
15544,9.0,20.0,8134.12,5,5,5,555,15,Champions
15545,54.0,2.0,428.05,4,2,2,422,8,New Customers
15546,607.0,2.0,539.5500000000001,1,2,2,122,5,Hibernating/Lost
15547,7.0,26.0,10140.89,5,5,5,555,15,Champions
15548,596.0,1.0,158.09,1,1,1,111,3,Hibernating/Lost
15549,77.0,8.0,2308.46,3,4,4,344,11,Loyal Customers
15550,4.0,12.0,1995.6,5,5,4,554,14,Champions
15551,37.0,7.0,1659.28,4,4,4,444,12,Champions
15552,217.0,2.0,252.52,2,2,1,221,5,Hibernating/Lost
15553,60.0,1.0,437.23,3,1,2,312,6,Potential Loyalists
15554,278.0,1.0,217.2,2,1,1,211,4,Hibernating/Lost
15555,12.0,36.0,11744.08,5,5,5,555,15,Champions
15556,24.0,1.0,279.77,4,1,2,412,7,New Customers
15557,29.0,1.0,473.65000000000003,4,1,2,412,7,New Customers
15558,639.0,1.0,143.32999999999998,1,1,1,111,3,Hibernating/Lost
15559,568.0,1.0,1109.4,1,1,3,113,5,Hibernating/Lost
15560,398.0,2.0,153.52,2,2,1,221,5,Hibernating/Lost
15561,12.0,8.0,1856.54,5,4,4,544,13,Champions
15562,352.0,3.0,673.3800000000001,2,3,3,233,8,At Risk
15563,22.0,7.0,2781.21,4,4,4,444,12,Champions
15564,463.0,2.0,70.74000000000001,1,2,1,121,4,Hibernating/Lost
15565,50.0,2.0,173.16,4,2,1,421,7,New Customers
15566,393.0,2.0,227.87,2,2,1,221,5,Hibernating/Lost
15567,19.0,1.0,186.01,5,1,1,511,7,New Customers
15568,3.0,3.0,758.29,5,3,3,533,11,Loyal Customers
15569,104.0,10.0,3586.35,3,5,5,355,13,Loyal Customers
15570,7.0,25.0,9246.99,5,5,5,555,15,Champions
15571,12.0,14.0,4051.63,5,5,5,555,15,Champions
15572,5.0,10.0,4068.67,5,5,5,555,15,Champions
15573,32.0,5.0,1207.18,4,4,3,443,11,Champions
15574,178.0,6.0,1476.7,3,4,4,344,11,Loyal Customers
15575,620.0,1.0,30.1,1,1,1,111,3,Hibernating/Lost
15576,38.0,1.0,940.6700000000001,4,1,3,413,8,New Customers
15577,151.0,5.0,397.98,3,4,2,342,9,Loyal Customers
15578,162.0,1.0,127.1,3,1,1,311,5,Potential Loyalists
15579,69.0,5.0,1267.25,3,4,4,344,11,Loyal Customers
15580,377.0,8.0,1221.95,2,4,4,244,10,Can't Lose Them
15581,121.0,38.0,5797.780000000001,3,5,5,355,13,Loyal Customers
15582,25.0,3.0,682.9100000000001,4,3,3,433,10,Loyal Customers
15583,376.0,1.0,107.86,2,1,1,211,4,Hibernating/Lost
15584,24.0,6.0,1275.0,4,4,4,444,12,Champions
15585,177.0,1.0,455.3,3,1,2,312,6,Potential Loyalists
15586,593.0,3.0,1128.66,1,3,3,133,7,At Risk
15587,50.0,7.0,1522.0800000000002,4,4,4,444,12,Champions
15588,678.0,1.0,579.6,1,1,2,112,4,Hibernating/Lost
15589,256.0,3.0,456.58,2,3,2,232,7,At Risk
15590,382.0,5.0,1466.41,2,4,4,244,10,Can't Lose Them
15591,583.0,3.0,217.9,1,3,1,131,5,At Risk
15592,47.0,1.0,388.58,4,1,2,412,7,New Customers
15593,71.0,1.0,199.8,3,1,1,311,5,Potential Loyalists
15594,16.0,5.0,1767.53,5,4,4,544,13,Champions
15595,488.0,1.0,357.6,1,1,2,112,4,Hibernating/Lost
15596,101.0,9.0,3023.59,3,5,5,355,13,Loyal Customers
15597,35.0,2.0,554.52,4,2,2,422,8,New Customers
15598,53.0,2.0,543.02,4,2,2,422,8,New Customers
15599,27.0,3.0,1250.06,4,3,4,434,11,Loyal Customers
15600,428.0,4.0,1178.71,1,3,3,133,7,At Risk
15601,11.0,30.0,14919.220000000001,5,5,5,555,15,Champions
15602,8.0,16.0,2975.9700000000003,5,5,5,555,15,Champions
15603,79.0,2.0,74.73,3,2,1,321,6,Potential Loyalists
15604,52.0,1.0,216.39,4,1,1,411,6,New Customers
15605,36.0,9.0,1933.4,4,5,4,454,13,Champions
15606,61.0,17.0,4733.47,3,5,5,355,13,Loyal Customers
15607,337.0,9.0,1578.57,2,5,4,254,11,Can't Lose Them
15608,28.0,5.0,1785.98,4,4,4,444,12,Champions
15609,184.0,1.0,270.03000000000003,3,1,1,311,5,Potential Loyalists
15610,52.0,1.0,112.46000000000001,4,1,1,411,6,New Customers
15611,10.0,26.0,2858.37,5,5,4,554,14,Champions
15612,36.0,2.0,195.15,4,2,1,421,7,New Customers
15613,610.0,1.0,433.71999999999997,1,1,2,112,4,Hibernating/Lost
15614,438.0,4.0,3008.86,1,3,5,135,9,At Risk
15615,10.0,47.0,21282.07,5,5,5,555,15,Champions
15616,438.0,1.0,317.11,1,1,2,112,4,Hibernating/Lost
15617,396.0,3.0,828.5500000000001,2,3,3,233,8,At Risk
15618,33.0,4.0,747.031,4,3,3,433,10,Loyal Customers
15619,11.0,1.0,336.40000000000003,5,1,2,512,8,New Customers
15620,57.0,4.0,1909.93,4,3,4,434,11,Loyal Customers
15621,4.0,4.0,1158.77,5,3,3,533,11,Loyal Customers
15622,43.0,17.0,7318.08,4,5,5,455,14,Champions
15623,141.0,8.0,2437.05,3,4,4,344,11,Loyal Customers
15624,117.0,4.0,588.13,3,3,2,332,8,Loyal Customers
15625,104.0,9.0,3203.25,3,5,5,355,13,Loyal Customers
15626,75.0,3.0,1049.37,3,3,3,333,9,Loyal Customers
15627,457.0,2.0,566.9,1,2,2,122,5,Hibernating/Lost
15628,5.0,17.0,5603.360000000001,5,5,5,555,15,Champions
15629,450.0,4.0,2240.9,1,3,4,134,8,At Risk
15630,45.0,3.0,1475.45,4,3,4,434,11,Loyal Customers
15631,642.0,1.0,596.67,1,1,2,112,4,Hibernating/Lost
15632,16.0,8.0,3147.31,5,4,5,545,14,Champions
15633,509.0,13.0,4173.41,1,5,5,155,11,Can't Lose Them
15634,17.0,2.0,554.65,5,2,2,522,9,New Customers
15635,396.0,1.0,100.35,2,1,1,211,4,Hibernating/Lost
15636,90.0,4.0,1444.58,3,3,4,334,10,Loyal Customers
15637,53.0,5.0,797.59,4,4,3,443,11,Champions
15638,379.0,6.0,2137.2,2,4,4,244,10,Can't Lose Them
15639,134.0,3.0,1028.33,3,3,3,333,9,Loyal Customers
15640,4.0,29.0,23835.41,5,5,5,555,15,Champions
15641,105.0,12.0,5345.55,3,5,5,355,13,Loyal Customers
15642,730.0,1.0,105.78000000000002,1,1,1,111,3,Hibernating/Lost
15643,192.0,3.0,647.4,2,3,3,233,8,At Risk
15644,166.0,4.0,813.0,3,3,3,333,9,Loyal Customers
15645,19.0,3.0,1042.57,5,3,3,533,11,Loyal Customers
15646,158.0,5.0,952.11,3,4,3,343,10,Loyal Customers
15647,415.0,1.0,169.0,1,1,1,111,3,Hibernating/Lost
15648,204.0,2.0,599.9,2,2,2,222,6,Hibernating/Lost
15649,336.0,4.0,2170.35,2,3,4,234,9,At Risk
15650,522.0,2.0,539.03,1,2,2,122,5,Hibernating/Lost
15651,37.0,5.0,1259.06,4,4,4,444,12,Champions
15652,91.0,5.0,1411.84,3,4,4,344,11,Loyal Customers
15653,93.0,2.0,877.4399999999999,3,2,3,323,8,Potential Loyalists
15654,9.0,2.0,922.53,5,2,3,523,10,New Customers
15655,243.0,1.0,511.32,2,1,2,212,5,Hibernating/Lost
15656,45.0,4.0,748.5,4,3,3,433,10,Loyal Customers
15657,23.0,1.0,30.0,4,1,1,411,6,New Customers
15658,190.0,8.0,2270.34,2,4,4,244,10,Can't Lose Them
15659,44.0,3.0,532.49,4,3,2,432,9,Loyal Customers
15660,25.0,15.0,2764.14,4,5,4,454,13,Champions
15661,317.0,8.0,1215.95,2,4,4,244,10,Can't Lose Them
15662,661.0,2.0,283.73,1,2,2,122,5,Hibernating/Lost
15663,106.0,1.0,138.14,3,1,1,311,5,Potential Loyalists
15664,51.0,4.0,1212.35,4,3,4,434,11,Loyal Customers
15665,168.0,5.0,4015.12,3,4,5,345,12,Loyal Customers
15666,472.0,2.0,632.9399999999999,1,2,3,123,6,Hibernating/Lost
15667,40.0,1.0,301.32,4,1,2,412,7,New Customers
15668,218.0,1.0,76.32000000000001,2,1,1,211,4,Hibernating/Lost
15669,40.0,4.0,677.69,4,3,3,433,10,Loyal Customers
15670,297.0,2.0,315.2,2,2,2,222,6,Hibernating/Lost
15671,19.0,7.0,2635.4900000000002,5,4,4,544,13,Champions
15672,725.0,1.0,45.300000000000004,1,1,1,111,3,Hibernating/Lost
15673,88.0,9.0,6409.84,3,5,5,355,13,Loyal Customers
15674,73.0,13.0,6217.85,3,5,5,355,13,Loyal Customers
15675,81.0,4.0,542.04,3,3,2,332,8,Loyal Customers
15676,19.0,3.0,3324.09,5,3,5,535,13,Loyal Customers
15677,49.0,3.0,1305.63,4,3,4,434,11,Loyal Customers
15678,53.0,3.0,1893.89,4,3,4,434,11,Loyal Customers
15679,24.0,4.0,781.28,4,3,3,433,10,Loyal Customers
15680,9.0,10.0,4464.4800000000005,5,5,5,555,15,Champions
15681,25.0,14.0,2480.2,4,5,4,454,13,Champions
15682,599.0,2.0,316.99,1,2,2,122,5,Hibernating/Lost
15683,117.0,2.0,524.54,3,2,2,322,7,Potential Loyalists
15684,547.0,3.0,147.8,1,3,1,131,5,At Risk
15685,450.0,1.0,55.980000000000004,1,1,1,111,3,Hibernating/Lost
15686,420.0,1.0,90.0,1,1,1,111,3,Hibernating/Lost
15687,9.0,9.0,2981.5,5,5,5,555,15,Champions
15688,419.0,1.0,190.57,1,1,1,111,3,Hibernating/Lost
15689,120.0,3.0,521.03,3,3,2,332,8,Loyal Customers
15690,4.0,2.0,239.76,5,2,1,521,8,New Customers
15691,252.0,4.0,511.8,2,3,2,232,7,At Risk
15692,28.0,1.0,191.04,4,1,1,411,6,New Customers
15693,659.0,1.0,37.5,1,1,1,111,3,Hibernating/Lost
15694,1.0,24.0,10566.46,5,5,5,555,15,Champions
15695,267.0,4.0,1131.04,2,3,3,233,8,At Risk
15696,33.0,13.0,3757.4700000000003,4,5,5,455,14,Champions
15697,690.0,1.0,246.75,1,1,1,111,3,Hibernating/Lost
15698,624.0,1.0,46.2,1,1,1,111,3,Hibernating/Lost
15699,18.0,1.0,309.65,5,1,2,512,8,New Customers
15700,172.0,2.0,664.03,3,2,3,323,8,Potential Loyalists
15701,2.0,4.0,1542.14,5,3,4,534,12,Loyal Customers
15702,476.0,2.0,140.39000000000001,1,2,1,121,4,Hibernating/Lost
15703,265.0,1.0,211.5,2,1,1,211,4,Hibernating/Lost
15704,140.0,6.0,3744.1800000000003,3,4,5,345,12,Loyal Customers
15705,201.0,1.0,143.1,2,1,1,211,4,Hibernating/Lost
15706,64.0,4.0,1001.8100000000001,3,3,3,333,9,Loyal Customers
15707,35.0,4.0,945.58,4,3,3,433,10,Loyal Customers
15708,41.0,9.0,4323.9800000000005,4,5,5,455,14,Champions
15709,284.0,2.0,327.85,2,2,2,222,6,Hibernating/Lost
15710,417.0,1.0,898.87,1,1,3,113,5,Hibernating/Lost
15711,557.0,2.0,420.25,1,2,2,122,5,Hibernating/Lost
15712,9.0,12.0,3467.46,5,5,5,555,15,Champions
15713,143.0,4.0,985.99,3,3,3,333,9,Loyal Customers
15714,12.0,5.0,784.8100000000001,5,4,3,543,12,Champions
15715,556.0,5.0,658.02,1,4,3,143,8,Can't Lose Them
15716,146.0,11.0,3056.81,3,5,5,355,13,Loyal Customers
15717,234.0,5.0,607.0,2,4,3,243,9,Can't Lose Them
15718,540.0,1.0,293.79,1,1,2,112,4,Hibernating/Lost
15719,33.0,31.0,10134.36,4,5,5,455,14,Champions
15720,24.0,2.0,741.92,4,2,3,423,9,New Customers
15721,12.0,1.0,507.08,5,1,2,512,8,New Customers
15722,36.0,11.0,5120.05,4,5,5,455,14,Champions
15723,365.0,4.0,947.65,2,3,3,233,8,At Risk
15724,201.0,3.0,299.8,2,3,2,232,7,At Risk
15725,15.0,1.0,415.25,5,1,2,512,8,New Customers
15726,390.0,1.0,321.91,2,1,2,212,5,Hibernating/Lost
15727,17.0,15.0,9445.51,5,5,5,555,15,Champions
15728,380.0,2.0,409.80000000000007,2,2,2,222,6,Hibernating/Lost
15729,213.0,3.0,154.70000000000002,2,3,1,231,6,At Risk
15730,66.0,5.0,1708.18,3,4,4,344,11,Loyal Customers
15731,554.0,1.0,125.3,1,1,1,111,3,Hibernating/Lost
15732,212.0,10.0,1637.52,2,5,4,254,11,Can't Lose Them
15733,283.0,1.0,162.3,2,1,1,211,4,Hibernating/Lost
15734,115.0,4.0,2263.3,3,3,4,334,10,Loyal Customers
15735,421.0,1.0,327.68,1,1,2,112,4,Hibernating/Lost
15736,435.0,2.0,1717.27,1,2,4,124,7,Hibernating/Lost
15737,15.0,8.0,1121.21,5,4,3,543,12,Champions
15738,19.0,41.0,13342.12,5,5,5,555,15,Champions
15739,66.0,1.0,449.12,3,1,2,312,6,Potential Loyalists
15740,49.0,1.0,154.88,4,1,1,411,6,New Customers
15741,458.0,2.0,208.62,1,2,1,121,4,Hibernating/Lost
15742,619.0,1.0,156.87,1,1,1,111,3,Hibernating/Lost
15743,16.0,4.0,784.46,5,3,3,533,11,Loyal Customers
15744,78.0,1.0,34.8,3,1,1,311,5,Potential Loyalists
15745,19.0,4.0,1071.24,5,3,3,533,11,Loyal Customers
15746,134.0,1.0,182.96,3,1,1,311,5,Potential Loyalists
15747,13.0,9.0,2560.66,5,5,4,554,14,Champions
15748,40.0,3.0,614.7600000000001,4,3,3,433,10,Loyal Customers
15749,235.0,3.0,21535.9,2,3,5,235,10,At Risk
15750,3.0,18.0,6692.551,5,5,5,555,15,Champions
15751,461.0,11.0,1318.84,1,5,4,154,10,Can't Lose Them
15752,40.0,9.0,4199.09,4,5,5,455,14,Champions
15753,305.0,1.0,79.2,2,1,1,211,4,Hibernating/Lost
15754,51.0,9.0,3001.86,4,5,5,455,14,Champions
15755,10.0,17.0,5936.95,5,5,5,555,15,Champions
15756,61.0,4.0,532.96,3,3,2,332,8,Loyal Customers
15757,66.0,6.0,2940.36,3,4,5,345,12,Loyal Customers
15758,25.0,1.0,205.25,4,1,1,411,6,New Customers
15759,218.0,7.0,810.98,2,4,3,243,9,Can't Lose Them
15760,631.0,2.0,-5795.87,1,2,1,121,4,Hibernating/Lost
15761,443.0,1.0,143.05,1,1,1,111,3,Hibernating/Lost
15762,65.0,2.0,583.75,3,2,2,322,7,Potential Loyalists
15763,32.0,2.0,1048.67,4,2,3,423,9,New Customers
15764,88.0,8.0,4453.28,3,4,5,345,12,Loyal Customers
15765,667.0,1.0,370.63,1,1,2,112,4,Hibernating/Lost
15766,64.0,3.0,799.66,3,3,3,333,9,Loyal Customers
15768,116.0,34.0,15559.46,3,5,5,355,13,Loyal Customers
15769,7.0,46.0,84269.38,5,5,5,555,15,Champions
15770,613.0,1.0,321.45,1,1,2,112,4,Hibernating/Lost
15771,604.0,3.0,1006.54,1,3,3,133,7,At Risk
15772,418.0,1.0,280.88,1,1,2,112,4,Hibernating/Lost
15773,6.0,2.0,774.52,5,2,3,523,10,New Customers
15774,69.0,6.0,1324.2,3,4,4,344,11,Loyal Customers
15775,245.0,2.0,150.5,2,2,1,221,5,Hibernating/Lost
15776,133.0,1.0,241.62,3,1,1,311,5,Potential Loyalists
15777,241.0,7.0,1732.1599999999999,2,4,4,244,10,Can't Lose Them
15778,431.0,1.0,307.95,1,1,2,112,4,Hibernating/Lost
15779,463.0,2.0,124.08000000000001,1,2,1,121,4,Hibernating/Lost
15780,184.0,3.0,475.28000000000003,3,3,2,332,8,Loyal Customers
15781,25.0,3.0,333.56,4,3,2,432,9,Loyal Customers
15782,10.0,4.0,3985.65,5,3,5,535,13,Loyal Customers
15783,11.0,1.0,246.3,5,1,1,511,7,New Customers
15784,468.0,2.0,848.3299999999999,1,2,3,123,6,Hibernating/Lost
15785,33.0,16.0,5825.33,4,5,5,455,14,Champions
15786,46.0,5.0,8392.85,4,4,5,445,13,Champions
15787,26.0,3.0,948.05,4,3,3,433,10,Loyal Customers
15788,509.0,1.0,215.53,1,1,1,111,3,Hibernating/Lost
15789,358.0,6.0,1932.01,2,4,4,244,10,Can't Lose Them
15790,10.0,1.0,220.85,5,1,1,511,7,New Customers
15791,44.0,5.0,3541.79,4,4,5,445,13,Champions
15792,400.0,2.0,933.84,2,2,3,223,7,Hibernating/Lost
15793,15.0,8.0,2382.92,5,4,4,544,13,Champions
15794,736.0,2.0,777.0,1,2,3,123,6,Hibernating/Lost
15795,150.0,8.0,1979.8700000000001,3,4,4,344,11,Loyal Customers
15796,1.0,17.0,5019.95,5,5,5,555,15,Champions
15797,113.0,6.0,2821.08,3,4,4,344,11,Loyal Customers
15798,493.0,3.0,1535.37,1,3,4,134,8,At Risk
15799,76.0,4.0,1424.29,3,3,4,334,10,Loyal Customers
15800,107.0,7.0,1242.58,3,4,4,344,11,Loyal Customers
15801,46.0,3.0,1042.19,4,3,3,433,10,Loyal Customers
15802,143.0,1.0,-451.42,3,1,1,311,5,Potential Loyalists
15803,51.0,4.0,1929.66,4,3,4,434,11,Loyal Customers
15804,1.0,13.0,3848.55,5,5,5,555,15,Champions
15805,23.0,30.0,9708.92,4,5,5,455,14,Champions
15806,46.0,3.0,784.58,4,3,3,433,10,Loyal Customers
15807,50.0,5.0,1807.57,4,4,4,444,12,Champions
15808,306.0,21.0,18248.83,2,5,5,255,12,Can't Lose Them
15809,36.0,7.0,862.88,4,4,3,443,11,Champions
15810,79.0,8.0,2724.8,3,4,4,344,11,Loyal Customers
15811,22.0,7.0,3843.2200000000003,4,4,5,445,13,Champions
15812,107.0,12.0,5186.17,3,5,5,355,13,Loyal Customers
15813,208.0,2.0,1303.9099999999999,2,2,4,224,8,Hibernating/Lost
15814,17.0,6.0,2531.84,5,4,4,544,13,Champions
15815,64.0,5.0,2100.6,3,4,4,344,11,Loyal Customers
15816,542.0,2.0,93.3,1,2,1,121,4,Hibernating/Lost
15817,421.0,3.0,2766.4,1,3,4,134,8,At Risk
15818,588.0,1.0,340.5,1,1,2,112,4,Hibernating/Lost
15819,49.0,10.0,3911.28,4,5,5,455,14,Champions
15820,320.0,1.0,206.98,2,1,1,211,4,Hibernating/Lost
15821,44.0,2.0,570.96,4,2,2,422,8,New Customers
15822,3.0,6.0,1777.91,5,4,4,544,13,Champions
15823,372.0,3.0,3033.86,2,3,5,235,10,At Risk
15824,453.0,2.0,890.94,1,2,3,123,6,Hibernating/Lost
15825,172.0,1.0,532.94,3,1,2,312,6,Potential Loyalists
15826,56.0,4.0,2583.13,4,3,4,434,11,Loyal Customers
15827,73.0,28.0,3430.96,3,5,5,355,13,Loyal Customers
15828,375.0,1.0,1108.82,2,1,3,213,6,Hibernating/Lost
15829,99.0,2.0,636.14,3,2,3,323,8,Potential Loyalists
15830,38.0,1.0,547.7,4,1,2,412,7,New Customers
15831,58.0,3.0,747.76,4,3,3,433,10,Loyal Customers
15832,254.0,1.0,836.79,2,1,3,213,6,Hibernating/Lost
15833,738.0,1.0,80.4,1,1,1,111,3,Hibernating/Lost
15834,70.0,7.0,3600.29,3,4,5,345,12,Loyal Customers
15835,44.0,4.0,954.09,4,3,3,433,10,Loyal Customers
15836,50.0,1.0,117.47,4,1,1,411,6,New Customers
15837,65.0,2.0,777.01,3,2,3,323,8,Potential Loyalists
15838,11.0,34.0,73404.11,5,5,5,555,15,Champions
15839,33.0,3.0,1020.74,4,3,3,433,10,Loyal Customers
15840,59.0,2.0,345.66,4,2,2,422,8,New Customers
15841,73.0,9.0,2716.5,3,5,4,354,12,Loyal Customers
15842,393.0,2.0,528.75,2,2,2,222,6,Hibernating/Lost
15843,304.0,1.0,118.95000000000002,2,1,1,211,4,Hibernating/Lost
15844,46.0,1.0,130.73999999999998,4,1,1,411,6,New Customers
15845,18.0,11.0,4273.65,5,5,5,555,15,Champions
15846,385.0,1.0,107.01,2,1,1,211,4,Hibernating/Lost
15847,38.0,5.0,822.57,4,4,3,443,11,Champions
15848,622.0,1.0,139.94,1,1,1,111,3,Hibernating/Lost
15850,19.0,6.0,1058.72,5,4,3,543,12,Champions
15851,527.0,1.0,109.73,1,1,1,111,3,Hibernating/Lost
15852,187.0,3.0,257.26,3,3,1,331,7,Loyal Customers
15853,52.0,1.0,110.8,4,1,1,411,6,New Customers
15854,4.0,21.0,5583.81,5,5,5,555,15,Champions
15855,137.0,6.0,1052.72,3,4,3,343,10,Loyal Customers
15856,4.0,52.0,33817.44,5,5,5,555,15,Champions
15857,19.0,2.0,570.48,5,2,2,522,9,New Customers
15858,16.0,13.0,3917.87,5,5,5,555,15,Champions
15859,432.0,1.0,438.46,1,1,2,112,4,Hibernating/Lost
15860,41.0,17.0,2505.21,4,5,4,454,13,Champions
15861,12.0,12.0,4217.99,5,5,5,555,15,Champions
15862,8.0,13.0,2928.29,5,5,5,555,15,Champions
15863,26.0,5.0,358.7,4,4,2,442,10,Champions
15864,22.0,7.0,2014.22,4,4,4,444,12,Champions
15865,41.0,5.0,2248.92,4,4,4,444,12,Champions
15866,101.0,1.0,230.53,3,1,1,311,5,Potential Loyalists
15867,5.0,31.0,8974.85,5,5,5,555,15,Champions
15868,583.0,1.0,94.53,1,1,1,111,3,Hibernating/Lost
15869,277.0,3.0,323.65999999999997,2,3,2,232,7,At Risk
15870,33.0,4.0,862.61,4,3,3,433,10,Loyal Customers
15871,437.0,1.0,33.099999999999994,1,1,1,111,3,Hibernating/Lost
15872,15.0,4.0,795.68,5,3,3,533,11,Loyal Customers
15873,500.0,4.0,138.23999999999998,1,3,1,131,5,At Risk
15874,64.0,21.0,11135.0,3,5,5,355,13,Loyal Customers
15875,646.0,1.0,111.72,1,1,1,111,3,Hibernating/Lost
15876,409.0,2.0,1449.1399999999999,2,2,4,224,8,Hibernating/Lost
15877,2.0,2.0,440.78,5,2,2,522,9,New Customers
15878,562.0,2.0,330.77,1,2,2,122,5,Hibernating/Lost
15879,404.0,4.0,1157.3,2,3,3,233,8,At Risk
15880,369.0,1.0,626.5600000000001,2,1,3,213,6,Hibernating/Lost
15881,312.0,5.0,438.24,2,4,2,242,8,Can't Lose Them
15882,199.0,8.0,1448.91,2,4,4,244,10,Can't Lose Them
15883,2.0,2.0,396.48,5,2,2,522,9,New Customers
15884,432.0,2.0,243.75000000000003,1,2,1,121,4,Hibernating/Lost
15885,93.0,15.0,1737.57,3,5,4,354,12,Loyal Customers
15886,60.0,4.0,1052.8700000000001,3,3,3,333,9,Loyal Customers
15887,407.0,3.0,1027.15,2,3,3,233,8,At Risk
15888,81.0,3.0,402.12,3,3,2,332,8,Loyal Customers
15889,157.0,8.0,1795.83,3,4,4,344,11,Loyal Customers
15890,395.0,5.0,535.65,2,4,2,242,8,Can't Lose Them
15891,227.0,1.0,524.52,2,1,2,212,5,Hibernating/Lost
15892,669.0,1.0,128.2,1,1,1,111,3,Hibernating/Lost
15893,482.0,1.0,305.28000000000003,1,1,2,112,4,Hibernating/Lost
15894,253.0,2.0,420.29,2,2,2,222,6,Hibernating/Lost
15895,150.0,1.0,179.17,3,1,1,311,5,Potential Loyalists
15897,194.0,2.0,222.05,2,2,1,221,5,Hibernating/Lost
15898,1.0,25.0,5534.36,5,5,5,555,15,Champions
15899,369.0,1.0,112.5,2,1,1,211,4,Hibernating/Lost
15900,24.0,4.0,890.5,4,3,3,433,10,Loyal Customers
15901,17.0,7.0,684.23,5,4,3,543,12,Champions
15902,380.0,1.0,145.01,2,1,1,211,4,Hibernating/Lost
15903,10.0,12.0,8859.82,5,5,5,555,15,Champions
15904,8.0,1.0,164.68,5,1,1,511,7,New Customers
15905,543.0,1.0,114.69,1,1,1,111,3,Hibernating/Lost
15906,20.0,10.0,2467.89,4,5,4,454,13,Champions
15907,4.0,3.0,967.45,5,3,3,533,11,Loyal Customers
15908,491.0,2.0,764.57,1,2,3,123,6,Hibernating/Lost
15909,174.0,1.0,191.94,3,1,1,311,5,Potential Loyalists
15910,1.0,15.0,2681.8,5,5,4,554,14,Champions
15911,624.0,8.0,1401.55,1,4,4,144,9,Can't Lose Them
15912,178.0,9.0,1074.7,3,5,3,353,11,Loyal Customers
15913,534.0,1.0,6.300000000000001,1,1,1,111,3,Hibernating/Lost
15914,378.0,2.0,205.99,2,2,1,221,5,Hibernating/Lost
15915,402.0,1.0,429.21,2,1,2,212,5,Hibernating/Lost
15916,16.0,13.0,3277.67,5,5,5,555,15,Champions
15917,248.0,5.0,560.63,2,4,2,242,8,Can't Lose Them
15918,191.0,3.0,582.88,2,3,2,232,7,At Risk
15919,20.0,2.0,910.61,4,2,3,423,9,New Customers
15920,154.0,9.0,571.64,3,5,2,352,10,Loyal Customers
15921,173.0,4.0,802.11,3,4,3,343,10,Loyal Customers
15922,373.0,1.0,727.2,2,1,3,213,6,Hibernating/Lost
15923,373.0,1.0,254.16,2,1,1,211,4,Hibernating/Lost
15924,731.0,1.0,102.82,1,1,1,111,3,Hibernating/Lost
15925,194.0,1.0,207.15,2,1,1,211,4,Hibernating/Lost
15926,542.0,1.0,134.44,1,1,1,111,3,Hibernating/Lost
15927,647.0,1.0,123.39,1,1,1,111,3,Hibernating/Lost
15928,656.0,1.0,293.53,1,1,2,112,4,Hibernating/Lost
15929,644.0,1.0,594.0,1,1,2,112,4,Hibernating/Lost
15930,67.0,1.0,426.63,3,1,2,312,6,Potential Loyalists
15931,428.0,1.0,239.9,1,1,1,111,3,Hibernating/Lost
15932,4.0,8.0,2461.85,5,4,4,544,13,Champions
15933,21.0,3.0,1107.46,4,3,3,433,10,Loyal Customers
15934,418.0,2.0,2190.66,1,2,4,124,7,Hibernating/Lost
15935,239.0,2.0,108.03999999999999,2,2,1,221,5,Hibernating/Lost
15936,379.0,2.0,282.79,2,2,2,222,6,Hibernating/Lost
15937,64.0,1.0,145.35,3,1,1,311,5,Potential Loyalists
15938,112.0,9.0,734.81,3,5,3,353,11,Loyal Customers
15939,90.0,16.0,9047.64,3,5,5,355,13,Loyal Customers
15940,311.0,1.0,-3.552713678800501e-15,2,1,1,211,4,Hibernating/Lost
15941,637.0,1.0,230.6,1,1,1,111,3,Hibernating/Lost
15942,134.0,1.0,337.44,3,1,2,312,6,Potential Loyalists
15943,650.0,2.0,271.28999999999996,1,2,1,121,4,Hibernating/Lost
15944,277.0,4.0,2164.24,2,4,4,244,10,Can't Lose Them
15945,365.0,4.0,827.27,2,4,3,243,9,Can't Lose Them
15946,503.0,3.0,2304.18,1,3,4,134,8,At Risk
15947,83.0,1.0,1708.24,3,1,4,314,8,Potential Loyalists
15948,8.0,3.0,1509.0900000000001,5,3,4,534,12,Loyal Customers
15949,17.0,2.0,364.72,5,2,2,522,9,New Customers
15950,32.0,10.0,6938.51,4,5,5,455,14,Champions
15951,9.0,3.0,974.52,5,3,3,533,11,Loyal Customers
15952,34.0,4.0,806.57,4,4,3,443,11,Champions
15953,15.0,18.0,3524.7,5,5,5,555,15,Champions
15954,589.0,1.0,190.75,1,1,1,111,3,Hibernating/Lost
15955,24.0,22.0,8622.61,4,5,5,455,14,Champions
15956,551.0,2.0,617.6,1,2,3,123,6,Hibernating/Lost
15957,32.0,3.0,930.1,4,3,3,433,10,Loyal Customers
15958,74.0,4.0,492.99,3,4,2,342,9,Loyal Customers
15959,682.0,3.0,579.49,1,3,2,132,6,At Risk
15960,374.0,4.0,394.0,2,4,2,242,8,Can't Lose Them
15961,379.0,1.0,451.28999999999996,2,1,2,212,5,Hibernating/Lost
15962,449.0,1.0,295.83,1,1,2,112,4,Hibernating/Lost
15963,20.0,2.0,470.76,4,2,2,422,8,New Customers
15964,663.0,1.0,272.96000000000004,1,1,2,112,4,Hibernating/Lost
15965,17.0,13.0,2999.34,5,5,5,555,15,Champions
15966,451.0,1.0,399.58,1,1,2,112,4,Hibernating/Lost
15967,23.0,12.0,3019.2,4,5,5,455,14,Champions
15968,388.0,1.0,418.05,2,1,2,212,5,Hibernating/Lost
15969,3.0,5.0,1043.85,5,4,3,543,12,Champions
15970,304.0,2.0,1017.32,2,2,3,223,7,Hibernating/Lost
15971,18.0,18.0,4930.43,5,5,5,555,15,Champions
15972,456.0,5.0,1810.27,1,4,4,144,9,Can't Lose Them
15973,367.0,3.0,780.39,2,3,3,233,8,At Risk
15974,39.0,7.0,3429.55,4,4,5,445,13,Champions
15975,84.0,1.0,371.01,3,1,2,312,6,Potential Loyalists
15976,165.0,6.0,1746.6399999999999,3,4,4,344,11,Loyal Customers
15977,17.0,2.0,1054.73,5,2,3,523,10,New Customers
15978,77.0,3.0,3272.62,3,3,5,335,11,Loyal Customers
15979,603.0,1.0,329.22,1,1,2,112,4,Hibernating/Lost
15980,89.0,7.0,6546.28,3,4,5,345,12,Loyal Customers
15981,25.0,21.0,9268.07,4,5,5,455,14,Champions
15982,605.0,1.0,324.51,1,1,2,112,4,Hibernating/Lost
15983,22.0,8.0,3958.8199999999997,4,4,5,445,13,Champions
15984,3.0,30.0,8671.12,5,5,5,555,15,Champions
15985,123.0,7.0,2610.28,3,4,4,344,11,Loyal Customers
15986,30.0,2.0,354.42,4,2,2,422,8,New Customers
15987,12.0,8.0,1682.13,5,4,4,544,13,Champions
15988,19.0,3.0,770.09,5,3,3,533,11,Loyal Customers
15989,376.0,2.0,372.51,2,2,2,222,6,Hibernating/Lost
15990,44.0,7.0,2010.05,4,4,4,444,12,Champions
15991,534.0,1.0,150.55,1,1,1,111,3,Hibernating/Lost
15992,4.0,3.0,896.6,5,3,3,533,11,Loyal Customers
15993,9.0,7.0,2756.82,5,4,4,544,13,Champions
15994,55.0,3.0,1198.84,4,3,3,433,10,Loyal Customers
15995,414.0,1.0,696.19,1,1,3,113,5,Hibernating/Lost
15996,88.0,7.0,1671.0,3,4,4,344,11,Loyal Customers
15998,37.0,16.0,8220.39,4,5,5,455,14,Champions
15999,736.0,1.0,20.4,1,1,1,111,3,Hibernating/Lost
16000,3.0,3.0,12393.7,5,3,5,535,13,Loyal Customers
16001,381.0,1.0,519.06,2,1,2,212,5,Hibernating/Lost
16002,625.0,1.0,169.21,1,1,1,111,3,Hibernating/Lost
16003,30.0,10.0,5613.83,4,5,5,455,14,Champions
16004,475.0,5.0,2146.39,1,4,4,144,9,Can't Lose Them
16005,12.0,10.0,2403.77,5,5,4,554,14,Champions
16006,211.0,2.0,347.17,2,2,2,222,6,Hibernating/Lost
16007,48.0,7.0,3075.14,4,4,5,445,13,Champions
16008,24.0,15.0,5384.13,4,5,5,455,14,Champions
16009,22.0,4.0,992.71,4,4,3,443,11,Champions
16010,246.0,11.0,1722.1100000000001,2,5,4,254,11,Can't Lose Them
16011,8.0,29.0,5867.01,5,5,5,555,15,Champions
16012,35.0,5.0,2989.79,4,4,5,445,13,Champions
16013,4.0,84.0,52788.92,5,5,5,555,15,Champions
16014,38.0,5.0,1121.02,4,4,3,443,11,Champions
16015,4.0,3.0,690.54,5,3,3,533,11,Loyal Customers
16016,3.0,11.0,2495.04,5,5,4,554,14,Champions
16017,47.0,5.0,1553.83,4,4,4,444,12,Champions
16018,39.0,4.0,698.13,4,4,3,443,11,Champions
16019,47.0,27.0,16640.15,4,5,5,455,14,Champions
16020,17.0,3.0,851.01,5,3,3,533,11,Loyal Customers
16021,395.0,2.0,532.25,2,2,2,222,6,Hibernating/Lost
16022,260.0,1.0,628.28,2,1,3,213,6,Hibernating/Lost
16023,46.0,3.0,719.81,4,3,3,433,10,Loyal Customers
16024,12.0,3.0,484.2,5,3,2,532,10,Loyal Customers
16025,30.0,1.0,439.65999999999997,4,1,2,412,7,New Customers
16026,43.0,1.0,236.09,4,1,1,411,6,New Customers
16027,92.0,15.0,1799.8400000000001,3,5,4,354,12,Loyal Customers
16028,596.0,1.0,82.2,1,1,1,111,3,Hibernating/Lost
16029,39.0,107.0,91800.91,4,5,5,455,14,Champions
16030,310.0,1.0,331.24,2,1,2,212,5,Hibernating/Lost
16031,92.0,2.0,548.94,3,2,2,322,7,Potential Loyalists
16032,456.0,6.0,1970.45,1,4,4,144,9,Can't Lose Them
16033,6.0,27.0,10692.39,5,5,5,555,15,Champions
16034,196.0,6.0,925.77,2,4,3,243,9,Can't Lose Them
16035,560.0,1.0,217.73,1,1,1,111,3,Hibernating/Lost
16036,87.0,4.0,2556.84,3,4,4,344,11,Loyal Customers
16037,270.0,5.0,1489.44,2,4,4,244,10,Can't Lose Them
16038,8.0,3.0,454.33000000000004,5,3,2,532,10,Loyal Customers
16039,424.0,2.0,449.65,1,2,2,122,5,Hibernating/Lost
16040,65.0,7.0,2383.7000000000003,3,4,4,344,11,Loyal Customers
16041,31.0,3.0,3166.4,4,3,5,435,12,Loyal Customers
16042,22.0,8.0,2153.0,4,4,4,444,12,Champions
16043,38.0,8.0,1856.5900000000001,4,4,4,444,12,Champions
16044,435.0,1.0,340.84000000000003,1,1,2,112,4,Hibernating/Lost
16045,120.0,8.0,3187.03,3,5,5,355,13,Loyal Customers
16046,562.0,1.0,235.78,1,1,1,111,3,Hibernating/Lost
16047,682.0,1.0,107.14,1,1,1,111,3,Hibernating/Lost
16048,373.0,4.0,1056.53,2,4,3,243,9,Can't Lose Them
16049,40.0,6.0,1899.68,4,4,4,444,12,Champions
16050,174.0,3.0,300.7,3,3,2,332,8,Loyal Customers
16051,682.0,1.0,188.44,1,1,1,111,3,Hibernating/Lost
16052,54.0,1.0,362.06,4,1,2,412,7,New Customers
16053,33.0,6.0,3606.14,4,4,5,445,13,Champions
16054,145.0,4.0,2090.68,3,4,4,344,11,Loyal Customers
16055,221.0,1.0,134.8,2,1,1,211,4,Hibernating/Lost
16056,45.0,1.0,664.85,4,1,3,413,8,New Customers
16057,16.0,10.0,3202.07,5,5,5,555,15,Champions
16058,406.0,1.0,62.7,2,1,1,211,4,Hibernating/Lost
16059,66.0,12.0,3217.77,3,5,5,355,13,Loyal Customers
16060,401.0,3.0,541.95,2,3,2,232,7,At Risk
16061,431.0,1.0,44.95,1,1,1,111,3,Hibernating/Lost
16062,10.0,8.0,2863.45,5,5,4,554,14,Champions
16063,260.0,1.0,335.32,2,1,2,212,5,Hibernating/Lost
16064,725.0,1.0,111.0,1,1,1,111,3,Hibernating/Lost
16065,365.0,8.0,2365.62,2,5,4,254,11,Can't Lose Them
16066,17.0,5.0,1521.87,5,4,4,544,13,Champions
16067,563.0,3.0,3026.19,1,3,5,135,9,At Risk
16068,594.0,1.0,122.93,1,1,1,111,3,Hibernating/Lost
16069,418.0,1.0,457.7,1,1,2,112,4,Hibernating/Lost
16070,22.0,2.0,852.15,4,2,3,423,9,New Customers
16071,45.0,4.0,1076.8,4,4,3,443,11,Champions
16072,288.0,4.0,4328.89,2,4,5,245,11,Can't Lose Them
16073,297.0,1.0,94.35,2,1,1,211,4,Hibernating/Lost
16074,390.0,1.0,265.25,2,1,1,211,4,Hibernating/Lost
16075,503.0,2.0,726.98,1,2,3,123,6,Hibernating/Lost
16076,3.0,10.0,2173.53,5,5,4,554,14,Champions
16077,626.0,1.0,600.0,1,1,2,112,4,Hibernating/Lost
16078,284.0,2.0,362.99,2,2,2,222,6,Hibernating/Lost
16079,17.0,3.0,1352.0,5,3,4,534,12,Loyal Customers
16080,82.0,4.0,472.9,3,4,2,342,9,Loyal Customers
16081,56.0,8.0,4460.18,4,5,5,455,14,Champions
16082,670.0,1.0,106.75,1,1,1,111,3,Hibernating/Lost
16083,101.0,4.0,2351.42,3,4,4,344,11,Loyal Customers
16084,299.0,1.0,436.18,2,1,2,212,5,Hibernating/Lost
16085,23.0,12.0,2337.73,4,5,4,454,13,Champions
16086,59.0,10.0,2862.91,4,5,4,454,13,Champions
16087,389.0,5.0,1739.92,2,4,4,244,10,Can't Lose Them
16088,576.0,2.0,1437.43,1,2,4,124,7,Hibernating/Lost
16089,386.0,2.0,271.44,2,2,2,222,6,Hibernating/Lost
16090,624.0,1.0,205.91,1,1,1,111,3,Hibernating/Lost
16091,155.0,2.0,315.06,3,2,2,322,7,Potential Loyalists
16092,115.0,6.0,1515.49,3,4,4,344,11,Loyal Customers
16093,107.0,1.0,17.0,3,1,1,311,5,Potential Loyalists
16094,12.0,11.0,3599.16,5,5,5,555,15,Champions
16095,456.0,1.0,447.05,1,1,2,112,4,Hibernating/Lost
16096,264.0,4.0,1584.97,2,4,4,244,10,Can't Lose Them
16097,240.0,1.0,185.04999999999998,2,1,1,211,4,Hibernating/Lost
16098,88.0,14.0,4448.1,3,5,5,355,13,Loyal Customers
16099,50.0,7.0,1568.25,4,4,4,444,12,Champions
16100,463.0,1.0,582.64,1,1,2,112,4,Hibernating/Lost
16101,71.0,4.0,3167.42,3,4,5,345,12,Loyal Customers
16102,42.0,3.0,1842.14,4,3,4,434,11,Loyal Customers
16103,7.0,22.0,6002.76,5,5,5,555,15,Champions
16104,62.0,9.0,2515.36,3,5,4,354,12,Loyal Customers
16105,249.0,5.0,2386.19,2,4,4,244,10,Can't Lose Them
16106,66.0,1.0,108.38,3,1,1,311,5,Potential Loyalists
16107,18.0,7.0,3204.1600000000003,5,4,5,545,14,Champions
16108,85.0,4.0,2171.93,3,4,4,344,11,Loyal Customers
16109,219.0,3.0,923.58,2,3,3,233,8,At Risk
16110,45.0,4.0,1819.27,4,4,4,444,12,Champions
16111,428.0,1.0,562.48,1,1,2,112,4,Hibernating/Lost
16112,143.0,4.0,195.73999999999998,3,4,1,341,8,Loyal Customers
16113,183.0,1.0,161.38,3,1,1,311,5,Potential Loyalists
16114,171.0,1.0,135.75000000000003,3,1,1,311,5,Potential Loyalists
16115,10.0,12.0,2575.14,5,5,4,554,14,Champions
16116,212.0,1.0,592.88,2,1,2,212,5,Hibernating/Lost
16117,190.0,3.0,650.05,2,3,3,233,8,At Risk
16118,653.0,1.0,4255.43,1,1,5,115,7,Hibernating/Lost
16119,8.0,8.0,1720.81,5,5,4,554,14,Champions
16120,59.0,6.0,3041.91,4,4,5,445,13,Champions
16121,57.0,5.0,1457.19,4,4,4,444,12,Champions
16122,73.0,6.0,1001.34,3,4,3,343,10,Loyal Customers
16123,52.0,1.0,307.78,4,1,2,412,7,New Customers
16124,317.0,4.0,1709.39,2,4,4,244,10,Can't Lose Them
16125,367.0,14.0,4587.65,2,5,5,255,12,Can't Lose Them
16126,29.0,15.0,14646.800000000001,4,5,5,455,14,Champions
16127,39.0,2.0,801.31,4,2,3,423,9,New Customers
16128,18.0,11.0,3748.4,5,5,5,555,15,Champions
16129,407.0,3.0,1396.05,2,3,4,234,9,At Risk
16130,422.0,4.0,987.48,1,4,3,143,8,Can't Lose Them
16131,52.0,12.0,9866.27,4,5,5,455,14,Champions
16132,544.0,2.0,664.1999999999999,1,2,3,123,6,Hibernating/Lost
16133,4.0,56.0,22228.88,5,5,5,555,15,Champions
16134,22.0,5.0,2119.99,4,4,4,444,12,Champions
16135,263.0,2.0,819.45,2,2,3,223,7,Hibernating/Lost
16136,60.0,4.0,921.08,3,4,3,343,10,Loyal Customers
16137,680.0,1.0,422.7,1,1,2,112,4,Hibernating/Lost
16138,379.0,3.0,894.45,2,3,3,233,8,At Risk
16139,19.0,5.0,1111.15,5,4,3,543,12,Champions
16140,66.0,3.0,1536.19,3,3,4,334,10,Loyal Customers
16141,88.0,2.0,955.94,3,2,3,323,8,Potential Loyalists
16142,250.0,1.0,535.34,2,1,2,212,5,Hibernating/Lost
16143,3.0,12.0,4866.88,5,5,5,555,15,Champions
16144,247.0,1.0,175.2,2,1,1,211,4,Hibernating/Lost
16145,9.0,19.0,6693.6,5,5,5,555,15,Champions
16146,157.0,4.0,946.38,3,4,3,343,10,Loyal Customers
16147,134.0,5.0,2367.02,3,4,4,344,11,Loyal Customers
16148,296.0,2.0,370.37,2,2,2,222,6,Hibernating/Lost
16149,5.0,3.0,422.22,5,3,2,532,10,Loyal Customers
16150,43.0,10.0,4154.69,4,5,5,455,14,Champions
16152,269.0,1.0,1829.04,2,1,4,214,7,Hibernating/Lost
16153,50.0,11.0,5037.51,4,5,5,455,14,Champions
16155,382.0,5.0,781.05,2,4,3,243,9,Can't Lose Them
16156,9.0,20.0,5933.59,5,5,5,555,15,Champions
16157,16.0,3.0,644.24,5,3,3,533,11,Loyal Customers
16158,522.0,9.0,611.32,1,5,3,153,9,Can't Lose Them
16159,282.0,4.0,1230.29,2,4,4,244,10,Can't Lose Them
16160,65.0,2.0,1009.4499999999999,3,2,3,323,8,Potential Loyalists
16161,2.0,43.0,12448.960000000001,5,5,5,555,15,Champions
16162,252.0,1.0,37.4,2,1,1,211,4,Hibernating/Lost
16163,232.0,6.0,2263.63,2,4,4,244,10,Can't Lose Them
16164,17.0,3.0,802.53,5,3,3,533,11,Loyal Customers
16165,505.0,1.0,79.9,1,1,1,111,3,Hibernating/Lost
16166,428.0,2.0,327.48,1,2,2,122,5,Hibernating/Lost
16167,414.0,5.0,1149.8700000000001,1,4,3,143,8,Can't Lose Them
16168,11.0,66.0,10539.08,5,5,5,555,15,Champions
16169,8.0,4.0,1822.97,5,4,4,544,13,Champions
16170,51.0,20.0,6813.67,4,5,5,455,14,Champions
16171,59.0,1.0,73.2,4,1,1,411,6,New Customers
16172,95.0,8.0,1884.55,3,5,4,354,12,Loyal Customers
16173,16.0,6.0,1406.57,5,4,4,544,13,Champions
16174,126.0,7.0,2246.75,3,4,4,344,11,Loyal Customers
16175,94.0,7.0,1836.44,3,4,4,344,11,Loyal Customers
16176,421.0,4.0,1964.04,1,4,4,144,9,Can't Lose Them
16177,50.0,8.0,2141.61,4,5,4,454,13,Champions
16178,138.0,2.0,612.6,3,2,3,323,8,Potential Loyalists
16179,61.0,1.0,215.83,3,1,1,311,5,Potential Loyalists
16180,100.0,13.0,16170.27,3,5,5,355,13,Loyal Customers
16181,73.0,1.0,305.54,3,1,2,312,6,Potential Loyalists
16182,72.0,9.0,9971.65,3,5,5,355,13,Loyal Customers
16183,67.0,4.0,1077.81,3,4,3,343,10,Loyal Customers
16184,64.0,6.0,1155.54,3,4,3,343,10,Loyal Customers
16185,17.0,3.0,644.72,5,3,3,533,11,Loyal Customers
16186,23.0,26.0,8983.91,4,5,5,455,14,Champions
16187,32.0,15.0,6841.24,4,5,5,455,14,Champions
16188,45.0,5.0,1077.71,4,4,3,443,11,Champions
16189,16.0,2.0,215.48,5,2,1,521,8,New Customers
16190,40.0,8.0,2723.55,4,5,4,454,13,Champions
16191,3.0,24.0,15162.12,5,5,5,555,15,Champions
16192,736.0,1.0,351.3,1,1,2,112,4,Hibernating/Lost
16193,237.0,2.0,630.43,2,2,3,223,7,Hibernating/Lost
16194,375.0,1.0,308.59999999999997,2,1,2,212,5,Hibernating/Lost
16195,723.0,1.0,323.25,1,1,2,112,4,Hibernating/Lost
16196,489.0,1.0,93.3,1,1,1,111,3,Hibernating/Lost
16197,469.0,9.0,2016.71,1,5,4,154,10,Can't Lose Them
16198,75.0,2.0,1030.0410000000002,3,2,3,323,8,Potential Loyalists
16199,392.0,7.0,942.75,2,4,3,243,9,Can't Lose Them
16200,4.0,12.0,5629.95,5,5,5,555,15,Champions
16201,3.0,5.0,2070.17,5,4,4,544,13,Champions
16202,361.0,9.0,2467.04,2,5,4,254,11,Can't Lose Them
16203,59.0,6.0,1110.79,4,4,3,443,11,Champions
16204,23.0,3.0,939.24,4,3,3,433,10,Loyal Customers
16205,31.0,7.0,1830.61,4,4,4,444,12,Champions
16206,55.0,13.0,2597.37,4,5,4,454,13,Champions
16207,25.0,1.0,394.38,4,1,2,412,7,New Customers
16208,45.0,10.0,3440.45,4,5,5,455,14,Champions
16209,89.0,9.0,4146.78,3,5,5,355,13,Loyal Customers
16210,2.0,35.0,38304.06,5,5,5,555,15,Champions
16211,89.0,3.0,1086.34,3,3,3,333,9,Loyal Customers
16212,19.0,4.0,1284.56,5,4,4,544,13,Champions
16213,79.0,1.0,159.0,3,1,1,311,5,Potential Loyalists
16214,171.0,4.0,2038.25,3,4,4,344,11,Loyal Customers
16215,81.0,1.0,242.35,3,1,1,311,5,Potential Loyalists
16216,267.0,1.0,914.9300000000001,2,1,3,213,6,Hibernating/Lost
16217,235.0,2.0,259.39000000000004,2,2,1,221,5,Hibernating/Lost
16218,30.0,13.0,4343.6,4,5,5,455,14,Champions
16219,501.0,1.0,40.8,1,1,1,111,3,Hibernating/Lost
16221,37.0,9.0,2229.0099999999998,4,5,4,454,13,Champions
16222,318.0,2.0,1345.22,2,2,4,224,8,Hibernating/Lost
16223,375.0,2.0,1102.3500000000001,2,2,3,223,7,Hibernating/Lost
16224,57.0,5.0,1616.54,4,4,4,444,12,Champions
16225,45.0,15.0,2821.9100000000003,4,5,4,454,13,Champions
16226,203.0,5.0,672.1700000000001,2,4,3,243,9,Can't Lose Them
16227,225.0,3.0,948.82,2,3,3,233,8,At Risk
16228,385.0,3.0,886.1600000000001,2,3,3,233,8,At Risk
16229,87.0,6.0,2835.36,3,4,4,344,11,Loyal Customers
16230,190.0,2.0,542.03,2,2,2,222,6,Hibernating/Lost
16231,379.0,4.0,1078.22,2,4,3,243,9,Can't Lose Them
16232,44.0,7.0,2692.02,4,4,4,444,12,Champions
16233,71.0,9.0,1818.71,3,5,4,354,12,Loyal Customers
16234,476.0,3.0,312.78,1,3,2,132,6,At Risk
16235,41.0,9.0,1990.6100000000001,4,5,4,454,13,Champions
16236,78.0,1.0,432.2,3,1,2,312,6,Potential Loyalists
16237,437.0,1.0,136.65,1,1,1,111,3,Hibernating/Lost
16238,423.0,1.0,63.66,1,1,1,111,3,Hibernating/Lost
16239,57.0,6.0,1450.9,4,4,4,444,12,Champions
16240,24.0,2.0,3693.81,4,2,5,425,11,New Customers
16241,10.0,16.0,4329.31,5,5,5,555,15,Champions
16242,8.0,14.0,7433.3,5,5,5,555,15,Champions
16243,34.0,2.0,409.1,4,2,2,422,8,New Customers
16244,212.0,2.0,2579.38,2,2,4,224,8,Hibernating/Lost
16245,24.0,3.0,1352.3600000000001,4,3,4,434,11,Loyal Customers
16246,460.0,2.0,827.25,1,2,3,123,6,Hibernating/Lost
16247,170.0,1.0,114.56,3,1,1,311,5,Potential Loyalists
16248,62.0,1.0,152.94,3,1,1,311,5,Potential Loyalists
16249,53.0,5.0,1800.07,4,4,4,444,12,Champions
16250,261.0,3.0,791.38,2,3,3,233,8,At Risk
16251,512.0,1.0,128.31,1,1,1,111,3,Hibernating/Lost
16252,383.0,1.0,-295.09,2,1,1,211,4,Hibernating/Lost
16253,67.0,7.0,7276.91,3,4,5,345,12,Loyal Customers
16254,378.0,3.0,985.14,2,3,3,233,8,At Risk
16255,17.0,15.0,4834.39,5,5,5,555,15,Champions
16256,267.0,3.0,1609.57,2,3,4,234,9,At Risk
16257,177.0,1.0,46.95,3,1,1,311,5,Potential Loyalists
16258,45.0,15.0,11833.52,4,5,5,455,14,Champions
16259,410.0,3.0,361.94,2,3,2,232,7,At Risk
16260,51.0,1.0,1035.45,4,1,3,413,8,New Customers
16261,17.0,6.0,1059.45,5,4,3,543,12,Champions
16262,378.0,1.0,677.78,2,1,3,213,6,Hibernating/Lost
16263,423.0,1.0,351.01,1,1,2,112,4,Hibernating/Lost
16264,438.0,2.0,837.53,1,2,3,123,6,Hibernating/Lost
16265,9.0,12.0,6893.62,5,5,5,555,15,Champions
16266,74.0,14.0,1757.95,3,5,4,354,12,Loyal Customers
16267,591.0,1.0,186.66,1,1,1,111,3,Hibernating/Lost
16268,71.0,2.0,667.65,3,2,3,323,8,Potential Loyalists
16269,438.0,1.0,714.59,1,1,3,113,5,Hibernating/Lost
16270,353.0,1.0,1141.24,2,1,3,213,6,Hibernating/Lost
16271,3.0,10.0,3457.07,5,5,5,555,15,Champions
16272,117.0,1.0,411.7,3,1,2,312,6,Potential Loyalists
16273,648.0,2.0,336.03999999999996,1,2,2,122,5,Hibernating/Lost
16274,373.0,1.0,715.9,2,1,3,213,6,Hibernating/Lost
16275,197.0,3.0,2151.11,2,3,4,234,9,At Risk
16276,177.0,3.0,2629.3900000000003,3,3,4,334,10,Loyal Customers
16277,734.0,1.0,188.69,1,1,1,111,3,Hibernating/Lost
16278,100.0,3.0,1056.59,3,3,3,333,9,Loyal Customers
16279,21.0,9.0,5692.18,4,5,5,455,14,Champions
16280,725.0,1.0,238.05,1,1,1,111,3,Hibernating/Lost
16281,72.0,3.0,3416.52,3,3,5,335,11,Loyal Customers
16282,340.0,3.0,1307.58,2,3,4,234,9,At Risk
16283,6.0,8.0,4311.37,5,5,5,555,15,Champions
16284,31.0,3.0,1029.77,4,3,3,433,10,Loyal Customers
16285,646.0,1.0,176.9,1,1,1,111,3,Hibernating/Lost
16286,477.0,2.0,263.65,1,2,1,121,4,Hibernating/Lost
16287,170.0,5.0,1006.98,3,4,3,343,10,Loyal Customers
16288,470.0,1.0,129.85,1,1,1,111,3,Hibernating/Lost
16289,462.0,1.0,98.81,1,1,1,111,3,Hibernating/Lost
16290,465.0,4.0,2069.3,1,4,4,144,9,Can't Lose Them
16291,682.0,1.0,117.72,1,1,1,111,3,Hibernating/Lost
16292,122.0,5.0,1171.46,3,4,3,343,10,Loyal Customers
16293,22.0,15.0,4632.2,4,5,5,455,14,Champions
16294,477.0,1.0,126.05000000000001,1,1,1,111,3,Hibernating/Lost
16295,10.0,4.0,1328.55,5,4,4,544,13,Champions
16296,626.0,4.0,1245.97,1,4,4,144,9,Can't Lose Them
16297,269.0,1.0,275.4,2,1,2,212,5,Hibernating/Lost
16298,23.0,7.0,1080.0,4,4,3,443,11,Champions
16299,477.0,1.0,178.65,1,1,1,111,3,Hibernating/Lost
16300,430.0,3.0,1392.43,1,3,4,134,8,At Risk
16301,737.0,1.0,107.33,1,1,1,111,3,Hibernating/Lost
16302,127.0,1.0,212.82,3,1,1,311,5,Potential Loyalists
16303,26.0,7.0,7823.72,4,4,5,445,13,Champions
16304,695.0,1.0,381.66,1,1,2,112,4,Hibernating/Lost
16305,139.0,1.0,361.21999999999997,3,1,2,312,6,Potential Loyalists
16306,214.0,7.0,1162.82,2,4,3,243,9,Can't Lose Them
16307,429.0,3.0,1194.92,1,3,3,133,7,At Risk
16308,38.0,7.0,5120.0,4,4,5,445,13,Champions
16309,106.0,2.0,686.67,3,2,3,323,8,Potential Loyalists
16310,414.0,2.0,460.08,1,2,2,122,5,Hibernating/Lost
16311,18.0,2.0,616.26,5,2,3,523,10,New Customers
16312,432.0,1.0,171.15,1,1,1,111,3,Hibernating/Lost
16313,3.0,2.0,274.15000000000003,5,2,2,522,9,New Customers
16314,390.0,3.0,1491.4,2,3,4,234,9,At Risk
16315,331.0,2.0,402.71,2,2,2,222,6,Hibernating/Lost
16316,64.0,13.0,5533.31,3,5,5,355,13,Loyal Customers
16317,120.0,5.0,2179.76,3,4,4,344,11,Loyal Customers
16318,35.0,1.0,328.15,4,1,2,412,7,New Customers
16319,218.0,1.0,404.40000000000003,2,1,2,212,5,Hibernating/Lost
16320,172.0,6.0,4428.849999999999,3,4,5,345,12,Loyal Customers
16321,72.0,7.0,265.5,3,4,1,341,8,Loyal Customers
16322,1.0,2.0,326.75,5,2,2,522,9,New Customers
16323,196.0,2.0,353.66,2,2,2,222,6,Hibernating/Lost
16324,128.0,3.0,428.68,3,3,2,332,8,Loyal Customers
16325,47.0,12.0,3463.84,4,5,5,455,14,Champions
16326,6.0,24.0,4706.99,5,5,5,555,15,Champions
16327,14.0,16.0,10705.52,5,5,5,555,15,Champions
16328,563.0,1.0,310.83,1,1,2,112,4,Hibernating/Lost
16329,428.0,4.0,1703.07,1,4,4,144,9,Can't Lose Them
16330,18.0,7.0,624.63,5,4,3,543,12,Champions
16331,432.0,6.0,2037.7,1,4,4,144,9,Can't Lose Them
16332,28.0,11.0,1989.97,4,5,4,454,13,Champions
16333,8.0,22.0,26626.8,5,5,5,555,15,Champions
16334,492.0,1.0,277.48,1,1,2,112,4,Hibernating/Lost
16335,552.0,7.0,2747.0,1,4,4,144,9,Can't Lose Them
16336,421.0,4.0,3517.69,1,4,5,145,10,Can't Lose Them
16337,37.0,1.0,151.05,4,1,1,411,6,New Customers
16338,157.0,1.0,214.79999999999998,3,1,1,311,5,Potential Loyalists
16339,284.0,1.0,109.95,2,1,1,211,4,Hibernating/Lost
16340,107.0,3.0,1526.06,3,3,4,334,10,Loyal Customers
16341,25.0,7.0,3832.29,4,4,5,445,13,Champions
16342,75.0,4.0,322.41,3,4,2,342,9,Loyal Customers
16343,16.0,3.0,687.0699999999999,5,3,3,533,11,Loyal Customers
16344,158.0,4.0,842.42,3,4,3,343,10,Loyal Customers
16345,44.0,2.0,1198.74,4,2,3,423,9,New Customers
16346,385.0,1.0,224.51,2,1,1,211,4,Hibernating/Lost
16347,11.0,11.0,3482.01,5,5,5,555,15,Champions
16348,32.0,8.0,1798.22,4,5,4,454,13,Champions
16349,291.0,1.0,53.5,2,1,1,211,4,Hibernating/Lost
16350,21.0,9.0,2206.49,4,5,4,454,13,Champions
16351,333.0,13.0,3279.13,2,5,5,255,12,Can't Lose Them
16352,18.0,2.0,494.44,5,2,2,522,9,New Customers
16353,4.0,38.0,9985.93,5,5,5,555,15,Champions
16354,63.0,5.0,1129.51,3,4,3,343,10,Loyal Customers
16355,375.0,1.0,349.2,2,1,2,212,5,Hibernating/Lost
16356,198.0,6.0,414.42,2,4,2,242,8,Can't Lose Them
16357,33.0,4.0,868.37,4,4,3,443,11,Champions
16358,1.0,5.0,2917.1,5,4,5,545,14,Champions
16359,7.0,16.0,2379.4,5,5,4,554,14,Champions
16360,5.0,6.0,3411.69,5,4,5,545,14,Champions
16361,10.0,4.0,896.66,5,4,3,543,12,Champions
16362,32.0,6.0,841.74,4,4,3,443,11,Champions
16363,53.0,1.0,109.36000000000001,4,1,1,411,6,New Customers
16364,12.0,2.0,707.04,5,2,3,523,10,New Customers
16365,18.0,15.0,3296.7999999999997,5,5,5,555,15,Champions
16366,19.0,4.0,1548.1299999999999,5,4,4,544,13,Champions
16367,37.0,3.0,1362.4,4,3,4,434,11,Loyal Customers
16368,2.0,3.0,640.21,5,3,3,533,11,Loyal Customers
16369,18.0,7.0,2664.81,5,4,4,544,13,Champions
16370,82.0,4.0,1320.56,3,4,4,344,11,Loyal Customers
16371,449.0,1.0,157.2,1,1,1,111,3,Hibernating/Lost
16372,33.0,5.0,1298.61,4,4,4,444,12,Champions
16373,382.0,2.0,309.49,2,2,2,222,6,Hibernating/Lost
16374,66.0,5.0,1771.45,3,4,4,344,11,Loyal Customers
16375,470.0,2.0,104.0,1,2,1,121,4,Hibernating/Lost
16376,9.0,2.0,977.52,5,2,3,523,10,New Customers
16377,267.0,2.0,1308.48,2,2,4,224,8,Hibernating/Lost
16378,247.0,3.0,362.95,2,3,2,232,7,At Risk
16379,4.0,4.0,2131.9,5,4,4,544,13,Champions
16380,61.0,1.0,1780.59,3,1,4,314,8,Potential Loyalists
16381,396.0,2.0,258.7,2,2,1,221,5,Hibernating/Lost
16382,408.0,2.0,353.1,2,2,2,222,6,Hibernating/Lost
16383,75.0,7.0,2910.84,3,4,5,345,12,Loyal Customers
16384,90.0,4.0,1358.95,3,4,4,344,11,Loyal Customers
16385,60.0,5.0,1030.61,3,4,3,343,10,Loyal Customers
16386,29.0,3.0,1102.59,4,3,3,433,10,Loyal Customers
16387,323.0,5.0,918.55,2,4,3,243,9,Can't Lose Them
16388,654.0,1.0,186.05,1,1,1,111,3,Hibernating/Lost
16389,53.0,4.0,1362.27,4,4,4,444,12,Champions
16390,537.0,3.0,467.5,1,3,2,132,6,At Risk
16391,401.0,4.0,1103.61,2,4,3,243,9,Can't Lose Them
16392,270.0,3.0,763.05,2,3,3,233,8,At Risk
16393,2.0,23.0,5456.5,5,5,5,555,15,Champions
16394,57.0,5.0,1412.06,4,4,4,444,12,Champions
16395,61.0,14.0,3458.95,3,5,5,355,13,Loyal Customers
16396,476.0,1.0,102.69999999999999,1,1,1,111,3,Hibernating/Lost
16397,628.0,1.0,127.88,1,1,1,111,3,Hibernating/Lost
16398,154.0,2.0,1631.15,3,2,4,324,9,Potential Loyalists
16399,19.0,3.0,641.82,5,3,3,533,11,Loyal Customers
16400,95.0,9.0,3159.44,3,5,5,355,13,Loyal Customers
16401,1.0,23.0,6628.99,5,5,5,555,15,Champions
16402,265.0,2.0,511.4,2,2,2,222,6,Hibernating/Lost
16403,312.0,1.0,161.04999999999998,2,1,1,211,4,Hibernating/Lost
16404,70.0,1.0,430.3,3,1,2,312,6,Potential Loyalists
16405,302.0,2.0,167.25,2,2,1,221,5,Hibernating/Lost
16406,19.0,3.0,533.98,5,3,2,532,10,Loyal Customers
16407,13.0,14.0,2821.65,5,5,4,554,14,Champions
16408,591.0,1.0,231.93,1,1,1,111,3,Hibernating/Lost
16409,36.0,12.0,5709.04,4,5,5,455,14,Champions
16410,734.0,1.0,130.32,1,1,1,111,3,Hibernating/Lost
16411,19.0,4.0,910.1899999999999,5,4,3,543,12,Champions
16412,54.0,5.0,647.23,4,4,3,443,11,Champions
16413,57.0,2.0,528.98,4,2,2,422,8,New Customers
16414,22.0,5.0,559.71,4,4,2,442,10,Champions
16415,44.0,3.0,719.44,4,3,3,433,10,Loyal Customers
16416,27.0,9.0,2948.47,4,5,5,455,14,Champions
16417,493.0,1.0,35.7,1,1,1,111,3,Hibernating/Lost
16418,45.0,5.0,1101.94,4,4,3,443,11,Champions
16419,113.0,8.0,1474.67,3,5,4,354,12,Loyal Customers
16420,396.0,1.0,75.0,2,1,1,211,4,Hibernating/Lost
16421,376.0,3.0,526.27,2,3,2,232,7,At Risk
16422,17.0,109.0,61110.54,5,5,5,555,15,Champions
16423,25.0,1.0,346.12,4,1,2,412,7,New Customers
16424,191.0,2.0,392.06,2,2,2,222,6,Hibernating/Lost
16425,302.0,1.0,302.7,2,1,2,212,5,Hibernating/Lost
16426,2.0,10.0,1908.25,5,5,4,554,14,Champions
16427,263.0,2.0,241.06,2,2,1,221,5,Hibernating/Lost
16428,414.0,3.0,657.33,1,3,3,133,7,At Risk
16429,106.0,1.0,284.55,3,1,2,312,6,Potential Loyalists
16430,57.0,7.0,1117.94,4,4,3,443,11,Champions
16431,213.0,3.0,642.81,2,3,3,233,8,At Risk
16432,64.0,1.0,287.4,3,1,2,312,6,Potential Loyalists
16433,28.0,2.0,384.52,4,2,2,422,8,New Customers
16434,29.0,12.0,2727.04,4,5,4,454,13,Champions
16435,512.0,3.0,1011.5699999999999,1,3,3,133,7,At Risk
16436,668.0,3.0,242.04,1,3,1,131,5,At Risk
16437,381.0,2.0,301.25,2,2,2,222,6,Hibernating/Lost
16438,6.0,5.0,798.35,5,4,3,543,12,Champions
16439,722.0,1.0,310.70000000000005,1,1,2,112,4,Hibernating/Lost
16440,8.0,6.0,3856.9700000000003,5,4,5,545,14,Champions
16441,67.0,5.0,1023.48,3,4,3,343,10,Loyal Customers
16442,2.0,5.0,899.47,5,4,3,543,12,Champions
16443,521.0,1.0,162.24,1,1,1,111,3,Hibernating/Lost
16444,46.0,17.0,3582.38,4,5,5,455,14,Champions
16445,34.0,4.0,602.73,4,4,3,443,11,Champions
16446,1.0,2.0,2.8999999999941792,5,2,1,521,8,New Customers
16447,136.0,3.0,775.14,3,3,3,333,9,Loyal Customers
16448,198.0,2.0,367.87,2,2,2,222,6,Hibernating/Lost
16449,198.0,2.0,674.69,2,2,3,223,7,Hibernating/Lost
16450,150.0,3.0,1475.73,3,3,4,334,10,Loyal Customers
16451,88.0,3.0,1009.4,3,3,3,333,9,Loyal Customers
16452,631.0,2.0,332.17,1,2,2,122,5,Hibernating/Lost
16453,531.0,2.0,251.71,1,2,1,121,4,Hibernating/Lost
16454,45.0,3.0,-11.6,4,3,1,431,8,Loyal Customers
16455,64.0,11.0,4306.72,3,5,5,355,13,Loyal Customers
16456,99.0,13.0,6185.41,3,5,5,355,13,Loyal Customers
16457,218.0,1.0,208.36,2,1,1,211,4,Hibernating/Lost
16458,3.0,30.0,5715.34,5,5,5,555,15,Champions
16459,730.0,1.0,71.78999999999999,1,1,1,111,3,Hibernating/Lost
16460,28.0,3.0,814.72,4,3,3,433,10,Loyal Customers
16461,178.0,3.0,1615.22,3,3,4,334,10,Loyal Customers
16462,74.0,3.0,102.0,3,3,1,331,7,Loyal Customers
16463,21.0,4.0,1383.7,4,4,4,444,12,Champions
16464,20.0,3.0,1314.68,4,3,4,434,11,Loyal Customers
16465,421.0,2.0,726.34,1,2,3,123,6,Hibernating/Lost
16466,34.0,15.0,3713.59,4,5,5,455,14,Champions
16467,509.0,7.0,2862.4,1,4,4,144,9,Can't Lose Them
16468,74.0,3.0,787.52,3,3,3,333,9,Loyal Customers
16469,24.0,5.0,828.91,4,4,3,443,11,Champions
16470,52.0,11.0,2453.65,4,5,4,454,13,Champions
16471,275.0,4.0,1186.18,2,4,3,243,9,Can't Lose Them
16472,434.0,2.0,789.6,1,2,3,123,6,Hibernating/Lost
16473,165.0,4.0,469.58,3,4,2,342,9,Loyal Customers
16474,7.0,7.0,1811.47,5,4,4,544,13,Champions
16475,88.0,4.0,544.3,3,4,2,342,9,Loyal Customers
16476,432.0,1.0,337.0,1,1,2,112,4,Hibernating/Lost
16477,64.0,11.0,4320.02,3,5,5,355,13,Loyal Customers
16478,25.0,3.0,331.0,4,3,2,432,9,Loyal Customers
16479,10.0,2.0,300.83,5,2,2,522,9,New Customers
16480,76.0,1.0,769.29,3,1,3,313,7,Potential Loyalists
16481,682.0,1.0,428.23,1,1,2,112,4,Hibernating/Lost
16482,16.0,1.0,220.62,5,1,1,511,7,New Customers
16483,192.0,1.0,139.35,2,1,1,211,4,Hibernating/Lost
16484,174.0,2.0,379.4,3,2,2,322,7,Potential Loyalists
16485,77.0,5.0,2137.68,3,4,4,344,11,Loyal Customers
16486,538.0,1.0,134.36,1,1,1,111,3,Hibernating/Lost
16487,577.0,2.0,209.4,1,2,1,121,4,Hibernating/Lost
16488,33.0,3.0,492.2,4,3,2,432,9,Loyal Customers
16489,380.0,2.0,303.7,2,2,2,222,6,Hibernating/Lost
16490,436.0,1.0,179.16000000000003,1,1,1,111,3,Hibernating/Lost
16491,47.0,2.0,1524.31,4,2,4,424,10,New Customers
16492,541.0,1.0,385.56,1,1,2,112,4,Hibernating/Lost
16493,80.0,7.0,2110.12,3,4,4,344,11,Loyal Customers
16494,297.0,1.0,826.53,2,1,3,213,6,Hibernating/Lost
16495,3.0,3.0,684.41,5,3,3,533,11,Loyal Customers
16496,9.0,6.0,2293.47,5,4,4,544,13,Champions
16497,50.0,23.0,6695.28,4,5,5,455,14,Champions
16498,161.0,2.0,86.12,3,2,1,321,6,Potential Loyalists
16499,360.0,8.0,2491.7400000000002,2,5,4,254,11,Can't Lose Them
16500,5.0,9.0,835.96,5,5,3,553,13,Champions
16501,383.0,1.0,1237.23,2,1,4,214,7,Hibernating/Lost
16502,620.0,2.0,266.5,1,2,1,121,4,Hibernating/Lost
16503,107.0,11.0,3597.89,3,5,5,355,13,Loyal Customers
16504,25.0,1.0,484.38,4,1,2,412,7,New Customers
16505,32.0,1.0,777.6,4,1,3,413,8,New Customers
16506,20.0,2.0,90.30000000000001,4,2,1,421,7,New Customers
16507,572.0,1.0,152.76,1,1,1,111,3,Hibernating/Lost
16508,630.0,1.0,248.8,1,1,1,111,3,Hibernating/Lost
16509,297.0,1.0,363.7,2,1,2,212,5,Hibernating/Lost
16510,372.0,6.0,2100.0,2,4,4,244,10,Can't Lose Them
16511,22.0,6.0,1819.02,4,4,4,444,12,Champions
16513,5.0,4.0,874.59,5,4,3,543,12,Champions
16515,52.0,10.0,3216.3,4,5,5,455,14,Champions
16516,30.0,1.0,101.69999999999999,4,1,1,411,6,New Customers
16517,277.0,1.0,162.7,2,1,1,211,4,Hibernating/Lost
16518,61.0,4.0,938.27,3,4,3,343,10,Loyal Customers
16519,25.0,4.0,556.26,4,4,2,442,10,Champions
16520,186.0,6.0,2465.92,3,4,4,344,11,Loyal Customers
16521,415.0,3.0,1148.01,1,3,3,133,7,At Risk
16522,436.0,2.0,433.36,1,2,2,122,5,Hibernating/Lost
16523,2.0,28.0,11760.54,5,5,5,555,15,Champions
16524,446.0,2.0,308.14,1,2,2,122,5,Hibernating/Lost
16525,2.0,48.0,23350.74,5,5,5,555,15,Champions
16526,172.0,2.0,717.21,3,2,3,323,8,Potential Loyalists
16527,81.0,2.0,1272.44,3,2,4,324,9,Potential Loyalists
16528,4.0,1.0,244.41,5,1,1,511,7,New Customers
16529,190.0,4.0,2012.0,2,4,4,244,10,Can't Lose Them
16530,668.0,1.0,48.349999999999994,1,1,1,111,3,Hibernating/Lost
16531,22.0,11.0,2263.58,4,5,4,454,13,Champions
16532,18.0,5.0,8756.64,5,4,5,545,14,Champions
16533,19.0,3.0,1026.94,5,3,3,533,11,Loyal Customers
16534,642.0,1.0,635.9,1,1,3,113,5,Hibernating/Lost
16535,5.0,3.0,1001.59,5,3,3,533,11,Loyal Customers
16536,110.0,1.0,539.02,3,1,2,312,6,Potential Loyalists
16537,641.0,1.0,23.35,1,1,1,111,3,Hibernating/Lost
16538,541.0,3.0,399.62,1,3,2,132,6,At Risk
16539,3.0,10.0,3732.01,5,5,5,555,15,Champions
16540,414.0,1.0,226.70000000000002,1,1,1,111,3,Hibernating/Lost
16541,735.0,1.0,419.78,1,1,2,112,4,Hibernating/Lost
16542,54.0,2.0,257.32,4,2,1,421,7,New Customers
16543,592.0,1.0,277.80999999999995,1,1,2,112,4,Hibernating/Lost
16544,520.0,4.0,110.3,1,4,1,141,6,Can't Lose Them
16545,165.0,2.0,689.82,3,2,3,323,8,Potential Loyalists
16546,291.0,5.0,3837.36,2,4,5,245,11,Can't Lose Them
16547,546.0,1.0,111.71,1,1,1,111,3,Hibernating/Lost
16548,599.0,1.0,30.15,1,1,1,111,3,Hibernating/Lost
16549,10.0,34.0,13159.64,5,5,5,555,15,Champions
16550,109.0,18.0,9169.32,3,5,5,355,13,Loyal Customers
16551,96.0,7.0,2237.12,3,4,4,344,11,Loyal Customers
16552,243.0,2.0,475.02000000000004,2,2,2,222,6,Hibernating/Lost
16553,163.0,33.0,16555.87,3,5,5,355,13,Loyal Customers
16554,42.0,8.0,2407.17,4,5,4,454,13,Champions
16555,35.0,6.0,285.89,4,4,2,442,10,Champions
16556,67.0,17.0,7610.2300000000005,3,5,5,355,13,Loyal Customers
16557,24.0,2.0,281.85,4,2,2,422,8,New Customers
16558,1.0,38.0,13718.960000000001,5,5,5,555,15,Champions
16559,397.0,1.0,185.20000000000002,2,1,1,211,4,Hibernating/Lost
16560,27.0,8.0,3010.73,4,5,5,455,14,Champions
16561,6.0,2.0,511.12,5,2,2,522,9,New Customers
16562,477.0,1.0,223.85999999999999,1,1,1,111,3,Hibernating/Lost
16563,54.0,6.0,4412.56,4,4,5,445,13,Champions
16564,569.0,1.0,87.8,1,1,1,111,3,Hibernating/Lost
16565,364.0,4.0,700.45,2,4,3,243,9,Can't Lose Them
16566,15.0,5.0,614.01,5,4,3,543,12,Champions
16567,194.0,2.0,865.6,2,2,3,223,7,Hibernating/Lost
16568,428.0,2.0,1020.9000000000001,1,2,3,123,6,Hibernating/Lost
16569,3.0,5.0,1455.23,5,4,4,544,13,Champions
16570,15.0,20.0,6841.82,5,5,5,555,15,Champions
16571,27.0,10.0,4025.05,4,5,5,455,14,Champions
16572,127.0,3.0,999.7,3,3,3,333,9,Loyal Customers
16573,85.0,2.0,648.41,3,2,3,323,8,Potential Loyalists
16574,71.0,3.0,1301.78,3,3,4,334,10,Loyal Customers
16576,420.0,2.0,513.1700000000001,1,2,2,122,5,Hibernating/Lost
16577,667.0,1.0,380.0,1,1,2,112,4,Hibernating/Lost
16578,626.0,1.0,156.6,1,1,1,111,3,Hibernating/Lost
16579,426.0,1.0,233.85,1,1,1,111,3,Hibernating/Lost
16581,183.0,1.0,70.44,3,1,1,311,5,Potential Loyalists
16582,113.0,1.0,313.62,3,1,2,312,6,Potential Loyalists
16583,374.0,2.0,531.4,2,2,2,222,6,Hibernating/Lost
16584,80.0,5.0,3085.4700000000003,3,4,5,345,12,Loyal Customers
16585,594.0,2.0,341.59,1,2,2,122,5,Hibernating/Lost
16586,249.0,3.0,1462.78,2,3,4,234,9,At Risk
16587,232.0,1.0,225.15,2,1,1,211,4,Hibernating/Lost
16588,386.0,4.0,1361.28,2,4,4,244,10,Can't Lose Them
16589,71.0,4.0,612.36,3,4,3,343,10,Loyal Customers
16590,401.0,2.0,563.6,2,2,2,222,6,Hibernating/Lost
16591,69.0,1.0,213.5,3,1,1,311,5,Potential Loyalists
16592,4.0,28.0,7624.46,5,5,5,555,15,Champions
16593,51.0,8.0,1051.24,4,5,3,453,12,Champions
16594,75.0,1.0,181.09,3,1,1,311,5,Potential Loyalists
16595,61.0,5.0,1810.18,3,4,4,344,11,Loyal Customers
16596,16.0,4.0,579.63,5,4,2,542,11,Champions
16597,4.0,1.0,90.04,5,1,1,511,7,New Customers
16598,286.0,1.0,140.7,2,1,1,211,4,Hibernating/Lost
16599,386.0,1.0,172.8,2,1,1,211,4,Hibernating/Lost
16600,4.0,13.0,2093.56,5,5,4,554,14,Champions
16601,41.0,3.0,684.25,4,3,3,433,10,Loyal Customers
16602,36.0,2.0,711.63,4,2,3,423,9,New Customers
16603,75.0,2.0,482.47,3,2,2,322,7,Potential Loyalists
16604,563.0,2.0,326.25,1,2,2,122,5,Hibernating/Lost
16605,724.0,1.0,60.48,1,1,1,111,3,Hibernating/Lost
16606,404.0,2.0,357.66,2,2,2,222,6,Hibernating/Lost
16607,18.0,25.0,5375.18,5,5,5,555,15,Champions
16608,454.0,2.0,1288.72,1,2,4,124,7,Hibernating/Lost
16609,15.0,7.0,5450.96,5,4,5,545,14,Champions
16610,219.0,1.0,75.66,2,1,1,211,4,Hibernating/Lost
16611,186.0,6.0,1776.63,3,4,4,344,11,Loyal Customers
16612,33.0,9.0,3243.48,4,5,5,455,14,Champions
16613,70.0,1.0,618.59,3,1,3,313,7,Potential Loyalists
16614,183.0,3.0,1179.79,3,3,3,333,9,Loyal Customers
16615,626.0,1.0,264.5,1,1,1,111,3,Hibernating/Lost
16616,15.0,2.0,500.42,5,2,2,522,9,New Customers
16617,236.0,1.0,151.85,2,1,1,211,4,Hibernating/Lost
16618,31.0,5.0,2630.64,4,4,4,444,12,Champions
16619,264.0,4.0,1916.53,2,4,4,244,10,Can't Lose Them
16620,4.0,6.0,1758.93,5,4,4,544,13,Champions
16621,52.0,4.0,813.48,4,4,3,443,11,Champions
16622,544.0,1.0,205.6,1,1,1,111,3,Hibernating/Lost
16623,246.0,4.0,1002.49,2,4,3,243,9,Can't Lose Them
16624,81.0,2.0,810.5699999999999,3,2,3,323,8,Potential Loyalists
16625,275.0,5.0,1651.08,2,4,4,244,10,Can't Lose Them
16626,1.0,17.0,4379.65,5,5,5,555,15,Champions
16627,79.0,1.0,322.8,3,1,2,312,6,Potential Loyalists
16628,30.0,7.0,2313.09,4,4,4,444,12,Champions
16629,74.0,2.0,417.73,3,2,2,322,7,Potential Loyalists
16630,407.0,1.0,104.30000000000001,2,1,1,211,4,Hibernating/Lost
16631,482.0,7.0,1867.02,1,4,4,144,9,Can't Lose Them
16632,486.0,2.0,406.4,1,2,2,122,5,Hibernating/Lost
16633,17.0,6.0,2878.15,5,4,4,544,13,Champions
16634,223.0,6.0,1363.1,2,4,4,244,10,Can't Lose Them
16635,407.0,1.0,473.0,2,1,2,212,5,Hibernating/Lost
16636,438.0,4.0,3802.04,1,4,5,145,10,Can't Lose Them
16637,32.0,4.0,1124.59,4,4,3,443,11,Champions
16638,23.0,15.0,2426.28,4,5,4,454,13,Champions
16639,31.0,4.0,1659.85,4,4,4,444,12,Champions
16640,398.0,1.0,179.4,2,1,1,211,4,Hibernating/Lost
16641,106.0,2.0,554.5,3,2,2,322,7,Potential Loyalists
16642,5.0,3.0,1051.46,5,3,3,533,11,Loyal Customers
16643,246.0,2.0,915.5600000000001,2,2,3,223,7,Hibernating/Lost
16644,178.0,2.0,833.78,3,2,3,323,8,Potential Loyalists
16645,736.0,1.0,160.39,1,1,1,111,3,Hibernating/Lost
16646,449.0,1.0,675.05,1,1,3,113,5,Hibernating/Lost
16647,170.0,4.0,541.9,3,4,2,342,9,Loyal Customers
16648,43.0,3.0,653.0,4,3,3,433,10,Loyal Customers
16649,520.0,1.0,306.58000000000004,1,1,2,112,4,Hibernating/Lost
16650,72.0,7.0,1916.11,3,4,4,344,11,Loyal Customers
16651,587.0,1.0,136.2,1,1,1,111,3,Hibernating/Lost
16652,59.0,16.0,17312.83,4,5,5,455,14,Champions
16653,16.0,2.0,1166.92,5,2,3,523,10,New Customers
16654,141.0,8.0,1705.17,3,5,4,354,12,Loyal Customers
16655,18.0,13.0,6513.27,5,5,5,555,15,Champions
16656,22.0,30.0,16307.72,4,5,5,455,14,Champions
16657,10.0,4.0,933.62,5,4,3,543,12,Champions
16658,368.0,6.0,696.72,2,4,3,243,9,Can't Lose Them
16659,189.0,1.0,39.12,2,1,1,211,4,Hibernating/Lost
16660,16.0,7.0,1422.35,5,4,4,544,13,Champions
16661,540.0,4.0,842.1800000000001,1,4,3,143,8,Can't Lose Them
16662,394.0,1.0,163.8,2,1,1,211,4,Hibernating/Lost
16663,729.0,1.0,165.0,1,2,1,121,4,Hibernating/Lost
16664,569.0,1.0,109.2,1,2,1,121,4,Hibernating/Lost
16665,362.0,1.0,135.39999999999998,2,2,1,221,5,Hibernating/Lost
16666,19.0,2.0,225.94,5,2,1,521,8,New Customers
16667,68.0,2.0,570.13,3,2,2,322,7,Potential Loyalists
16668,15.0,13.0,862.42,5,5,3,553,13,Champions
16669,24.0,3.0,226.14000000000001,4,3,1,431,8,Loyal Customers
16670,17.0,20.0,7786.66,5,5,5,555,15,Champions
16671,28.0,3.0,1692.27,4,3,4,434,11,Loyal Customers
16672,2.0,20.0,8093.59,5,5,5,555,15,Champions
16673,679.0,1.0,188.83,1,2,1,121,4,Hibernating/Lost
16674,55.0,2.0,319.61,4,2,2,422,8,New Customers
16675,442.0,2.0,608.86,1,2,3,123,6,Hibernating/Lost
16676,34.0,6.0,2328.5,4,4,4,444,12,Champions
16677,411.0,2.0,849.77,1,2,3,123,6,Hibernating/Lost
16678,3.0,12.0,3013.83,5,5,5,555,15,Champions
16679,366.0,3.0,793.06,2,3,3,233,8,At Risk
16680,43.0,3.0,821.45,4,3,3,433,10,Loyal Customers
16681,73.0,7.0,1921.84,3,4,4,344,11,Loyal Customers
16682,5.0,5.0,1028.0,5,4,3,543,12,Champions
16683,534.0,1.0,309.35,1,2,2,122,5,Hibernating/Lost
16684,4.0,55.0,141502.25,5,5,5,555,15,Champions
16685,61.0,2.0,324.24,3,2,2,322,7,Potential Loyalists
16686,47.0,16.0,5051.57,4,5,5,455,14,Champions
16687,391.0,1.0,157.63,2,2,1,221,5,Hibernating/Lost
16688,1.0,4.0,1260.86,5,4,4,544,13,Champions
16689,76.0,2.0,303.26,3,2,2,322,7,Potential Loyalists
16690,72.0,4.0,336.08,3,4,2,342,9,Loyal Customers
16691,418.0,2.0,178.83,1,2,1,121,4,Hibernating/Lost
16692,256.0,4.0,1914.6999999999998,2,4,4,244,10,Can't Lose Them
16693,69.0,5.0,1199.46,3,4,3,343,10,Loyal Customers
16694,723.0,1.0,98.30000000000001,1,2,1,121,4,Hibernating/Lost
16695,562.0,2.0,193.15,1,2,1,121,4,Hibernating/Lost
16696,135.0,4.0,657.9000000000001,3,4,3,343,10,Loyal Customers
16697,241.0,1.0,112.75,2,2,1,221,5,Hibernating/Lost
16698,227.0,2.0,1998.0,2,2,4,224,8,Hibernating/Lost
16699,380.0,7.0,964.9,2,4,3,243,9,Can't Lose Them
16700,9.0,25.0,9084.06,5,5,5,555,15,Champions
16701,9.0,26.0,9614.59,5,5,5,555,15,Champions
16702,415.0,4.0,1100.8799999999999,1,4,3,143,8,Can't Lose Them
16704,618.0,2.0,695.66,1,2,3,123,6,Hibernating/Lost
16705,1.0,42.0,42653.141,5,5,5,555,15,Champions
16706,37.0,3.0,531.35,4,3,2,432,9,Loyal Customers
16707,400.0,4.0,551.11,2,4,2,242,8,Can't Lose Them
16708,46.0,1.0,656.63,4,2,3,423,9,New Customers
16709,85.0,14.0,9087.460000000001,3,5,5,355,13,Loyal Customers
16710,19.0,22.0,6336.34,5,5,5,555,15,Champions
16711,3.0,9.0,2751.48,5,5,4,554,14,Champions
16712,9.0,13.0,4266.99,5,5,5,555,15,Champions
16713,19.0,32.0,14380.54,5,5,5,555,15,Champions
16714,219.0,4.0,1254.71,2,4,4,244,10,Can't Lose Them
16715,78.0,2.0,625.52,3,2,3,323,8,Potential Loyalists
16716,267.0,3.0,1568.2800000000002,2,3,4,234,9,At Risk
16717,24.0,14.0,6309.96,4,5,5,455,14,Champions
16718,369.0,5.0,3647.53,2,4,5,245,11,Can't Lose Them
16719,15.0,14.0,3828.55,5,5,5,555,15,Champions
16720,26.0,3.0,593.43,4,3,2,432,9,Loyal Customers
16721,262.0,1.0,292.47,2,2,2,222,6,Hibernating/Lost
16722,17.0,22.0,8967.83,5,5,5,555,15,Champions
16723,91.0,4.0,1301.63,3,4,4,344,11,Loyal Customers
16724,405.0,1.0,147.35,2,2,1,221,5,Hibernating/Lost
16725,302.0,14.0,1870.71,2,5,4,254,11,Can't Lose Them
16726,26.0,7.0,2088.41,4,4,4,444,12,Champions
16727,364.0,4.0,1437.42,2,4,4,244,10,Can't Lose Them
16728,46.0,4.0,1054.67,4,4,3,443,11,Champions
16729,38.0,21.0,7076.28,4,5,5,455,14,Champions
16730,52.0,3.0,702.79,4,3,3,433,10,Loyal Customers
16731,648.0,1.0,174.05,1,2,1,121,4,Hibernating/Lost
16732,32.0,4.0,3966.79,4,4,5,445,13,Champions
16733,530.0,1.0,259.68,1,2,1,121,4,Hibernating/Lost
16734,52.0,3.0,650.51,4,3,3,433,10,Loyal Customers
16735,79.0,14.0,5632.01,3,5,5,355,13,Loyal Customers
16736,506.0,5.0,2904.51,1,4,5,145,10,Can't Lose Them
16737,53.0,2.0,835.1999999999999,4,2,3,423,9,New Customers
16738,298.0,1.0,3.75,2,2,1,221,5,Hibernating/Lost
16739,177.0,2.0,772.23,3,2,3,323,8,Potential Loyalists
16740,395.0,1.0,236.81,2,2,1,221,5,Hibernating/Lost
16741,625.0,1.0,173.06,1,2,1,121,4,Hibernating/Lost
16742,47.0,14.0,2387.71,4,5,4,454,13,Champions
16743,29.0,14.0,4207.01,4,5,5,455,14,Champions
16744,11.0,7.0,1304.76,5,4,4,544,13,Champions
16745,87.0,17.0,7170.7,3,5,5,355,13,Loyal Customers
16746,5.0,42.0,18031.85,5,5,5,555,15,Champions
16747,38.0,2.0,826.96,4,2,3,423,9,New Customers
16748,18.0,14.0,3632.29,5,5,5,555,15,Champions
16749,591.0,2.0,4387.08,1,2,5,125,8,Hibernating/Lost
16750,45.0,5.0,623.93,4,4,3,443,11,Champions
16751,31.0,1.0,1764.72,4,2,4,424,10,New Customers
16752,373.0,1.0,415.0,2,2,2,222,6,Hibernating/Lost
16753,58.0,1.0,223.92000000000002,4,2,1,421,7,New Customers
16754,372.0,29.0,56560.58,2,5,5,255,12,Can't Lose Them
16755,114.0,7.0,2882.03,3,4,5,345,12,Loyal Customers
16756,215.0,7.0,1287.42,2,4,4,244,10,Can't Lose Them
16757,319.0,2.0,270.48,2,2,1,221,5,Hibernating/Lost
16758,65.0,1.0,369.34000000000003,3,2,2,322,7,Potential Loyalists
16759,8.0,3.0,772.84,5,3,3,533,11,Loyal Customers
16760,430.0,1.0,228.0,1,2,1,121,4,Hibernating/Lost
16761,97.0,1.0,316.62,3,2,2,322,7,Potential Loyalists
16762,20.0,3.0,1501.38,4,3,4,434,11,Loyal Customers
16763,199.0,2.0,947.75,2,2,3,223,7,Hibernating/Lost
16764,4.0,13.0,2758.25,5,5,4,554,14,Champions
16765,294.0,2.0,454.75,2,2,2,222,6,Hibernating/Lost
16766,273.0,2.0,1145.6,2,2,3,223,7,Hibernating/Lost
16767,31.0,15.0,7971.8,4,5,5,455,14,Champions
16768,48.0,9.0,1647.07,4,5,4,454,13,Champions
16769,260.0,4.0,1141.75,2,4,3,243,9,Can't Lose Them
16770,58.0,9.0,1900.03,4,5,4,454,13,Champions
16771,33.0,10.0,3967.6,4,5,5,455,14,Champions
16772,423.0,3.0,2785.6,1,3,4,134,8,At Risk
16773,57.0,3.0,421.24,4,3,2,432,9,Loyal Customers
16774,68.0,8.0,1587.85,3,5,4,354,12,Loyal Customers
16775,10.0,16.0,2975.29,5,5,5,555,15,Champions
16776,60.0,2.0,619.85,3,2,3,323,8,Potential Loyalists
16777,80.0,5.0,1277.01,3,4,4,344,11,Loyal Customers
16778,74.0,2.0,245.94,3,2,1,321,6,Potential Loyalists
16779,2.0,53.0,32981.61,5,5,5,555,15,Champions
16780,100.0,3.0,605.55,3,3,3,333,9,Loyal Customers
16781,372.0,2.0,901.05,2,2,3,223,7,Hibernating/Lost
16782,10.0,38.0,10348.960000000001,5,5,5,555,15,Champions
16783,437.0,1.0,391.95,1,2,2,122,5,Hibernating/Lost
16784,20.0,5.0,896.53,4,4,3,443,11,Champions
16785,410.0,1.0,533.78,2,2,2,222,6,Hibernating/Lost
16786,394.0,1.0,51.839999999999996,2,2,1,221,5,Hibernating/Lost
16787,398.0,4.0,1035.43,2,4,3,243,9,Can't Lose Them
16788,123.0,5.0,1950.3,3,4,4,344,11,Loyal Customers
16789,8.0,1.0,80.8,5,2,1,521,8,New Customers
16790,4.0,6.0,1520.1200000000001,5,4,4,544,13,Champions
16791,29.0,15.0,3946.12,4,5,5,455,14,Champions
16792,282.0,5.0,623.46,2,4,3,243,9,Can't Lose Them
16793,57.0,1.0,243.84,4,2,1,421,7,New Customers
16794,1.0,15.0,2069.71,5,5,4,554,14,Champions
16795,365.0,3.0,2465.19,2,3,4,234,9,At Risk
16796,89.0,1.0,305.62,3,2,2,322,7,Potential Loyalists
16797,393.0,5.0,1786.77,2,4,4,244,10,Can't Lose Them
16798,554.0,3.0,837.56,1,3,3,133,7,At Risk
16799,432.0,2.0,491.03000000000003,1,2,2,122,5,Hibernating/Lost
16800,11.0,1.0,1201.49,5,2,3,523,10,New Customers
16801,163.0,4.0,867.83,3,4,3,343,10,Loyal Customers
16802,679.0,2.0,582.61,1,2,2,122,5,Hibernating/Lost
16803,65.0,1.0,332.3,3,2,2,322,7,Potential Loyalists
16804,23.0,3.0,536.99,4,3,2,432,9,Loyal Customers
16805,174.0,5.0,1097.24,3,4,3,343,10,Loyal Customers
16806,103.0,4.0,801.49,3,4,3,343,10,Loyal Customers
16807,143.0,6.0,2064.88,3,4,4,344,11,Loyal Customers
16808,99.0,2.0,288.42,3,2,2,322,7,Potential Loyalists
16809,23.0,9.0,1725.48,4,5,4,454,13,Champions
16810,192.0,2.0,786.14,2,2,3,223,7,Hibernating/Lost
16811,5.0,2.0,547.07,5,2,2,522,9,New Customers
16812,361.0,4.0,2216.8,2,4,4,244,10,Can't Lose Them
16813,8.0,10.0,1692.98,5,5,4,554,14,Champions
16814,14.0,36.0,12491.210000000001,5,5,5,555,15,Champions
16815,454.0,2.0,410.97,1,2,2,122,5,Hibernating/Lost
16816,103.0,4.0,417.06,3,4,2,342,9,Loyal Customers
16817,3.0,13.0,2594.55,5,5,4,554,14,Champions
16818,11.0,11.0,3317.97,5,5,5,555,15,Champions
16819,465.0,2.0,182.59,1,2,1,121,4,Hibernating/Lost
16820,96.0,1.0,497.61,3,2,2,322,7,Potential Loyalists
16821,382.0,1.0,113.35,2,2,1,221,5,Hibernating/Lost
16822,686.0,1.0,144.84,1,2,1,121,4,Hibernating/Lost
16823,227.0,7.0,2253.14,2,4,4,244,10,Can't Lose Them
16824,16.0,3.0,686.24,5,3,3,533,11,Loyal Customers
16825,39.0,5.0,1826.89,4,4,4,444,12,Champions
16826,51.0,1.0,341.7,4,2,2,422,8,New Customers
16827,393.0,5.0,392.13,2,4,2,242,8,Can't Lose Them
16828,93.0,2.0,128.5,3,2,1,321,6,Potential Loyalists
16829,157.0,2.0,513.32,3,2,2,322,7,Potential Loyalists
16830,39.0,4.0,1183.7,4,4,3,443,11,Champions
16831,565.0,1.0,91.8,1,2,1,121,4,Hibernating/Lost
16832,184.0,5.0,417.61,3,4,2,342,9,Loyal Customers
16833,1.0,6.0,2409.04,5,4,4,544,13,Champions
16834,228.0,2.0,898.96,2,3,3,233,8,At Risk
16835,128.0,6.0,1471.51,3,4,4,344,11,Loyal Customers
16836,40.0,4.0,782.37,4,4,3,443,11,Champions
16837,31.0,11.0,3167.73,4,5,5,455,14,Champions
16838,197.0,4.0,1126.66,2,4,3,243,9,Can't Lose Them
16839,9.0,44.0,20968.27,5,5,5,555,15,Champions
16840,603.0,2.0,126.71000000000001,1,3,1,131,5,At Risk
16841,37.0,12.0,3841.16,4,5,5,455,14,Champions
16842,101.0,3.0,1260.44,3,3,4,334,10,Loyal Customers
16843,43.0,35.0,19528.78,4,5,5,455,14,Champions
16844,563.0,2.0,614.34,1,3,3,133,7,At Risk
16845,618.0,1.0,253.88,1,2,1,121,4,Hibernating/Lost
16846,50.0,3.0,842.41,4,3,3,433,10,Loyal Customers
16847,43.0,2.0,614.89,4,3,3,433,10,Loyal Customers
16848,53.0,4.0,1411.62,4,4,4,444,12,Champions
16849,187.0,1.0,124.57,3,2,1,321,6,Potential Loyalists
16850,334.0,1.0,332.41,2,2,2,222,6,Hibernating/Lost
16851,4.0,3.0,342.45,5,3,2,532,10,Loyal Customers
16852,10.0,2.0,144.91000000000003,5,3,1,531,9,Loyal Customers
16854,417.0,2.0,1408.96,1,3,4,134,8,At Risk
16855,24.0,2.0,328.4,4,3,2,432,9,Loyal Customers
16856,15.0,3.0,358.49,5,3,2,532,10,Loyal Customers
16857,443.0,1.0,352.8,1,2,2,122,5,Hibernating/Lost
16858,369.0,10.0,4431.63,2,5,5,255,12,Can't Lose Them
16859,145.0,7.0,1657.74,3,4,4,344,11,Loyal Customers
16860,453.0,3.0,1593.67,1,3,4,134,8,At Risk
16861,60.0,5.0,902.37,3,4,3,343,10,Loyal Customers
16862,547.0,4.0,662.33,1,4,3,143,8,Can't Lose Them
16863,31.0,3.0,977.07,4,3,3,433,10,Loyal Customers
16864,434.0,2.0,409.25,1,3,2,132,6,At Risk
16865,402.0,1.0,130.95,2,2,1,221,5,Hibernating/Lost
16866,141.0,3.0,207.73999999999998,3,3,1,331,7,Loyal Customers
16867,690.0,1.0,76.74000000000001,1,2,1,121,4,Hibernating/Lost
16868,394.0,3.0,393.39,2,3,2,232,7,At Risk
16869,23.0,4.0,805.62,4,4,3,443,11,Champions
16870,469.0,1.0,450.15999999999997,1,2,2,122,5,Hibernating/Lost
16871,22.0,6.0,2761.4900000000002,4,4,4,444,12,Champions
16872,77.0,6.0,1213.13,3,4,4,344,11,Loyal Customers
16873,5.0,12.0,14547.03,5,5,5,555,15,Champions
16874,379.0,1.0,217.74,2,2,1,221,5,Hibernating/Lost
16875,67.0,11.0,4053.2,3,5,5,355,13,Loyal Customers
16876,404.0,1.0,136.01,2,2,1,221,5,Hibernating/Lost
16877,12.0,6.0,853.72,5,4,3,543,12,Champions
16878,84.0,1.0,0.0,3,2,1,321,6,Potential Loyalists
16880,31.0,8.0,1840.86,4,5,4,454,13,Champions
16881,67.0,1.0,432.0,3,2,2,322,7,Potential Loyalists
16882,67.0,3.0,705.12,3,3,3,333,9,Loyal Customers
16883,187.0,19.0,2386.64,3,5,4,354,12,Loyal Customers
16884,38.0,4.0,1073.92,4,4,3,443,11,Champions
16885,15.0,4.0,710.74,5,4,3,543,12,Champions
16886,456.0,1.0,0.0,1,2,1,121,4,Hibernating/Lost
16887,35.0,3.0,660.72,4,3,3,433,10,Loyal Customers
16888,401.0,3.0,437.15,2,3,2,232,7,At Risk
16889,195.0,6.0,2530.9,2,4,4,244,10,Can't Lose Them
16890,477.0,3.0,285.41,1,3,2,132,6,At Risk
16891,2.0,11.0,2056.82,5,5,4,554,14,Champions
16892,1.0,7.0,733.4,5,4,3,543,12,Champions
16893,367.0,2.0,401.77,2,3,2,232,7,At Risk
16894,502.0,3.0,1282.36,1,3,4,134,8,At Risk
16895,65.0,5.0,1121.42,3,4,3,343,10,Loyal Customers
16896,555.0,1.0,103.95,1,2,1,121,4,Hibernating/Lost
16897,299.0,2.0,213.03,2,3,1,231,6,At Risk
16898,26.0,5.0,887.67,4,4,3,443,11,Champions
16899,8.0,8.0,1721.02,5,5,4,554,14,Champions
16900,17.0,3.0,187.6900000000001,5,3,1,531,9,Loyal Customers
16901,729.0,1.0,204.26,1,2,1,121,4,Hibernating/Lost
16902,116.0,1.0,1706.88,3,2,4,324,9,Potential Loyalists
16903,29.0,3.0,1029.98,4,3,3,433,10,Loyal Customers
16904,4.0,21.0,5132.37,5,5,5,555,15,Champions
16905,5.0,17.0,5004.5,5,5,5,555,15,Champions
16906,82.0,7.0,1448.8,3,4,4,344,11,Loyal Customers
16907,29.0,9.0,1707.9,4,5,4,454,13,Champions
16908,722.0,1.0,153.59,1,2,1,121,4,Hibernating/Lost
16909,72.0,1.0,364.14,3,2,2,322,7,Potential Loyalists
16910,4.0,8.0,1510.06,5,5,4,554,14,Champions
16911,636.0,2.0,251.35,1,3,1,131,5,At Risk
16912,29.0,15.0,4433.6,4,5,5,455,14,Champions
16913,290.0,3.0,423.90999999999997,2,3,2,232,7,At Risk
16914,36.0,1.0,208.46,4,2,1,421,7,New Customers
16915,9.0,11.0,1543.18,5,5,4,554,14,Champions
16916,24.0,4.0,1123.4,4,4,3,443,11,Champions
16917,277.0,2.0,1848.88,2,3,4,234,9,At Risk
16918,50.0,16.0,3138.06,4,5,5,455,14,Champions
16919,156.0,24.0,5053.81,3,5,5,355,13,Loyal Customers
16920,411.0,1.0,355.45,1,2,2,122,5,Hibernating/Lost
16921,61.0,3.0,446.67,3,3,2,332,8,Loyal Customers
16922,573.0,1.0,611.08,1,2,3,123,6,Hibernating/Lost
16923,12.0,32.0,12793.380000000001,5,5,5,555,15,Champions
16924,21.0,3.0,739.5,4,3,3,433,10,Loyal Customers
16925,540.0,1.0,125.65,1,2,1,121,4,Hibernating/Lost
16926,371.0,5.0,1410.4,2,4,4,244,10,Can't Lose Them
16927,116.0,3.0,543.05,3,3,2,332,8,Loyal Customers
16928,80.0,29.0,3993.58,3,5,5,355,13,Loyal Customers
16929,4.0,7.0,1295.39,5,4,4,544,13,Champions
16930,26.0,3.0,380.55,4,3,2,432,9,Loyal Customers
16931,5.0,23.0,5233.62,5,5,5,555,15,Champions
16932,53.0,3.0,440.71,4,3,2,432,9,Loyal Customers
16933,1.0,9.0,3099.6,5,5,5,555,15,Champions
16934,55.0,6.0,2090.7400000000002,4,4,4,444,12,Champions
16935,382.0,3.0,535.1,2,3,2,232,7,At Risk
16936,26.0,2.0,551.17,4,3,2,432,9,Loyal Customers
16937,499.0,1.0,202.1,1,2,1,121,4,Hibernating/Lost
16938,9.0,9.0,6209.93,5,5,5,555,15,Champions
16939,489.0,3.0,449.0,1,3,2,132,6,At Risk
16940,52.0,8.0,6245.41,4,5,5,455,14,Champions
16941,612.0,1.0,33.0,1,2,1,121,4,Hibernating/Lost
16942,13.0,9.0,1894.11,5,5,4,554,14,Champions
16943,212.0,5.0,816.73,2,4,3,243,9,Can't Lose Them
16944,610.0,1.0,101.36,1,2,1,121,4,Hibernating/Lost
16945,22.0,33.0,8530.66,4,5,5,455,14,Champions
16946,383.0,5.0,1199.54,2,4,3,243,9,Can't Lose Them
16947,236.0,5.0,896.73,2,4,3,243,9,Can't Lose Them
16948,139.0,7.0,868.77,3,4,3,343,10,Loyal Customers
16949,4.0,6.0,1161.27,5,4,3,543,12,Champions
16950,57.0,10.0,3725.19,4,5,5,455,14,Champions
16951,135.0,3.0,1262.75,3,3,4,334,10,Loyal Customers
16952,109.0,5.0,798.78,3,4,3,343,10,Loyal Customers
16953,30.0,1.0,20.8,4,2,1,421,7,New Customers
16954,1.0,20.0,6037.33,5,5,5,555,15,Champions
16955,185.0,6.0,1261.16,3,4,4,344,11,Loyal Customers
16956,18.0,1.0,292.34,5,2,2,522,9,New Customers
16957,239.0,2.0,416.64,2,3,2,232,7,At Risk
16958,435.0,1.0,809.44,1,2,3,123,6,Hibernating/Lost
16959,87.0,1.0,117.35000000000001,3,2,1,321,6,Potential Loyalists
16960,39.0,8.0,2021.98,4,5,4,454,13,Champions
16961,116.0,3.0,773.01,3,3,3,333,9,Loyal Customers
16962,410.0,1.0,251.04,2,2,1,221,5,Hibernating/Lost
16963,187.0,1.0,110.55000000000001,3,2,1,321,6,Potential Loyalists
16964,733.0,2.0,207.85,1,3,1,131,5,At Risk
16965,227.0,1.0,201.19,2,2,1,221,5,Hibernating/Lost
16966,8.0,7.0,2148.47,5,4,4,544,13,Champions
16967,189.0,1.0,319.02,3,2,2,322,7,Potential Loyalists
16968,4.0,2.0,439.43,5,3,2,532,10,Loyal Customers
16969,39.0,3.0,650.41,4,3,3,433,10,Loyal Customers
16970,626.0,1.0,71.4,1,2,1,121,4,Hibernating/Lost
16971,38.0,1.0,232.20999999999998,4,2,1,421,7,New Customers
16972,383.0,2.0,786.25,2,3,3,233,8,At Risk
16973,386.0,1.0,127.0,2,2,1,221,5,Hibernating/Lost
16974,523.0,2.0,365.5,1,3,2,132,6,At Risk
16975,423.0,3.0,902.4200000000001,1,3,3,133,7,At Risk
16976,267.0,1.0,251.51999999999998,2,2,1,221,5,Hibernating/Lost
16977,395.0,4.0,496.0,2,4,2,242,8,Can't Lose Them
16978,78.0,3.0,768.88,3,3,3,333,9,Loyal Customers
16979,4.0,9.0,2787.09,5,5,4,554,14,Champions
16980,255.0,3.0,1473.3300000000002,2,3,4,234,9,At Risk
16982,61.0,1.0,384.06,3,2,2,322,7,Potential Loyalists
16983,13.0,11.0,3699.17,5,5,5,555,15,Champions
16984,88.0,9.0,10599.42,3,5,5,355,13,Loyal Customers
16985,17.0,23.0,10545.76,5,5,5,555,15,Champions
16986,30.0,11.0,4888.75,4,5,5,455,14,Champions
16987,3.0,11.0,2524.0,5,5,4,554,14,Champions
16988,5.0,2.0,382.67,5,3,2,532,10,Loyal Customers
16989,7.0,6.0,1133.25,5,4,3,543,12,Champions
16990,219.0,2.0,344.0,2,3,2,232,7,At Risk
16991,421.0,1.0,1041.21,1,2,3,123,6,Hibernating/Lost
16992,11.0,13.0,5460.1,5,5,5,555,15,Champions
16993,464.0,2.0,1688.15,1,3,4,134,8,At Risk
16996,30.0,9.0,2044.16,4,5,4,454,13,Champions
16997,288.0,3.0,702.0,2,3,3,233,8,At Risk
16998,150.0,5.0,394.02000000000004,3,4,2,342,9,Loyal Customers
16999,23.0,2.0,484.82,4,3,2,432,9,Loyal Customers
17000,396.0,2.0,406.3,2,3,2,232,7,At Risk
17001,1.0,19.0,6640.8,5,5,5,555,15,Champions
17002,86.0,7.0,2565.6,3,4,4,344,11,Loyal Customers
17003,402.0,4.0,830.16,2,4,3,243,9,Can't Lose Them
17004,46.0,4.0,2425.16,4,4,4,444,12,Champions
17005,471.0,2.0,732.41,1,3,3,133,7,At Risk
17006,5.0,8.0,1636.32,5,5,4,554,14,Champions
17007,51.0,7.0,1107.6,4,4,3,443,11,Champions
17008,429.0,1.0,81.36,1,2,1,121,4,Hibernating/Lost
17009,551.0,1.0,242.06,1,2,1,121,4,Hibernating/Lost
17010,18.0,1.0,185.46,5,2,1,521,8,New Customers
17011,30.0,3.0,536.7,4,3,2,432,9,Loyal Customers
17012,725.0,1.0,384.16,1,2,2,122,5,Hibernating/Lost
17014,8.0,3.0,565.58,5,3,2,532,10,Loyal Customers
17015,29.0,3.0,1842.56,4,3,4,434,11,Loyal Customers
17016,577.0,1.0,552.4,1,2,2,122,5,Hibernating/Lost
17017,3.0,29.0,8087.41,5,5,5,555,15,Champions
17018,41.0,6.0,2287.7,4,4,4,444,12,Champions
17019,11.0,11.0,3951.5,5,5,5,555,15,Champions
17020,542.0,2.0,935.62,1,3,3,133,7,At Risk
17021,442.0,6.0,1182.22,1,4,3,143,8,Can't Lose Them
17022,31.0,2.0,260.0,4,3,1,431,8,Loyal Customers
17023,417.0,3.0,800.18,1,3,3,133,7,At Risk
17024,45.0,3.0,95.85,4,3,1,431,8,Loyal Customers
17025,61.0,5.0,1510.6399999999999,3,4,4,344,11,Loyal Customers
17026,185.0,3.0,208.98,3,3,1,331,7,Loyal Customers
17027,79.0,9.0,1285.41,3,5,4,354,12,Loyal Customers
17028,581.0,3.0,1593.83,1,3,4,134,8,At Risk
17029,111.0,7.0,2137.3,3,4,4,344,11,Loyal Customers
17030,64.0,1.0,146.87,3,2,1,321,6,Potential Loyalists
17031,12.0,6.0,2773.85,5,4,4,544,13,Champions
17032,548.0,8.0,2150.06,1,5,4,154,10,Can't Lose Them
17033,86.0,4.0,1332.79,3,4,4,344,11,Loyal Customers
17034,16.0,5.0,1239.32,5,4,4,544,13,Champions
17035,246.0,4.0,568.39,2,4,2,242,8,Can't Lose Them
17036,383.0,1.0,176.9,2,2,1,221,5,Hibernating/Lost
17037,88.0,1.0,1253.22,3,2,4,324,9,Potential Loyalists
17038,30.0,2.0,743.17,4,3,3,433,10,Loyal Customers
17039,604.0,1.0,1954.99,1,2,4,124,7,Hibernating/Lost
17040,138.0,2.0,463.25,3,3,2,332,8,Loyal Customers
17041,27.0,6.0,1670.48,4,4,4,444,12,Champions
17042,3.0,5.0,1044.3799999999999,5,4,3,543,12,Champions
17043,32.0,8.0,2616.55,4,5,4,454,13,Champions
17044,25.0,12.0,11867.6,4,5,5,455,14,Champions
17045,113.0,5.0,827.6800000000001,3,4,3,343,10,Loyal Customers
17046,157.0,5.0,1906.07,3,4,4,344,11,Loyal Customers
17047,85.0,6.0,2289.23,3,4,4,344,11,Loyal Customers
17048,118.0,7.0,1991.45,3,4,4,344,11,Loyal Customers
17049,3.0,19.0,9593.78,5,5,5,555,15,Champions
17050,96.0,11.0,4391.66,3,5,5,355,13,Loyal Customers
17051,194.0,4.0,714.39,2,4,3,243,9,Can't Lose Them
17052,28.0,1.0,413.75,4,2,2,422,8,New Customers
17053,131.0,1.0,496.38,3,2,2,322,7,Potential Loyalists
17054,28.0,5.0,1353.83,4,4,4,444,12,Champions
17055,446.0,1.0,239.55,1,2,1,121,4,Hibernating/Lost
17056,738.0,1.0,128.60000000000002,1,2,1,121,4,Hibernating/Lost
17057,596.0,1.0,294.74,1,2,2,122,5,Hibernating/Lost
17058,82.0,3.0,1179.89,3,3,3,333,9,Loyal Customers
17059,30.0,9.0,5584.83,4,5,5,455,14,Champions
17060,266.0,1.0,234.24,2,2,1,221,5,Hibernating/Lost
17061,74.0,11.0,5116.13,3,5,5,355,13,Loyal Customers
17062,314.0,6.0,1204.32,2,4,3,243,9,Can't Lose Them
17063,21.0,13.0,3576.88,4,5,5,455,14,Champions
17064,59.0,3.0,859.35,4,3,3,433,10,Loyal Customers
17065,638.0,2.0,82.35,1,3,1,131,5,At Risk
17066,726.0,1.0,228.34,1,2,1,121,4,Hibernating/Lost
17067,725.0,3.0,454.54,1,3,2,132,6,At Risk
17068,12.0,47.0,9126.43,5,5,5,555,15,Champions
17069,28.0,14.0,5718.4,4,5,5,455,14,Champions
17070,114.0,2.0,445.32,3,3,2,332,8,Loyal Customers
17071,28.0,13.0,3738.45,4,5,5,455,14,Champions
17072,625.0,1.0,282.05,1,2,2,122,5,Hibernating/Lost
17073,18.0,4.0,1446.09,5,4,4,544,13,Champions
17074,563.0,1.0,203.05,1,2,1,121,4,Hibernating/Lost
17075,18.0,10.0,2221.38,5,5,4,554,14,Champions
17076,36.0,6.0,1242.75,4,4,4,444,12,Champions
17077,578.0,1.0,306.0,1,2,2,122,5,Hibernating/Lost
17078,36.0,2.0,378.2,4,3,2,432,9,Loyal Customers
17079,78.0,1.0,118.80000000000001,3,2,1,321,6,Potential Loyalists
17080,22.0,7.0,955.41,4,4,3,443,11,Champions
17081,25.0,6.0,964.39,4,4,3,443,11,Champions
17082,33.0,6.0,4732.03,4,4,5,445,13,Champions
17083,109.0,9.0,4035.08,3,5,5,355,13,Loyal Customers
17084,35.0,3.0,5199.72,4,3,5,435,12,Loyal Customers
17085,123.0,28.0,7757.41,3,5,5,355,13,Loyal Customers
17086,7.0,6.0,2050.08,5,4,4,544,13,Champions
17087,738.0,1.0,221.53,1,2,1,121,4,Hibernating/Lost
17088,28.0,4.0,1991.01,4,4,4,444,12,Champions
17089,386.0,1.0,128.45,2,2,1,221,5,Hibernating/Lost
17090,4.0,13.0,3055.94,5,5,5,555,15,Champions
17091,3.0,19.0,7777.5,5,5,5,555,15,Champions
17092,50.0,11.0,5563.31,4,5,5,455,14,Champions
17093,593.0,1.0,235.88,1,2,1,121,4,Hibernating/Lost
17094,322.0,2.0,370.40000000000003,2,3,2,232,7,At Risk
17095,23.0,7.0,2312.59,4,4,4,444,12,Champions
17096,15.0,11.0,3690.83,5,5,5,555,15,Champions
17097,2.0,9.0,1323.95,5,5,4,554,14,Champions
17098,382.0,3.0,591.0699999999999,2,3,2,232,7,At Risk
17099,533.0,1.0,582.17,1,2,2,122,5,Hibernating/Lost
17100,18.0,2.0,971.74,5,3,3,533,11,Loyal Customers
17101,10.0,7.0,2507.05,5,4,4,544,13,Champions
17102,262.0,1.0,25.5,2,2,1,221,5,Hibernating/Lost
17103,722.0,1.0,424.3,1,2,2,122,5,Hibernating/Lost
17104,424.0,1.0,474.03,1,2,2,122,5,Hibernating/Lost
17105,159.0,2.0,665.78,3,3,3,333,9,Loyal Customers
17106,389.0,1.0,491.23,2,2,2,222,6,Hibernating/Lost
17107,33.0,10.0,15616.82,4,5,5,455,14,Champions
17108,664.0,1.0,174.95,1,2,1,121,4,Hibernating/Lost
17109,29.0,8.0,1280.1,4,5,4,454,13,Champions
17110,165.0,3.0,510.7,3,3,2,332,8,Loyal Customers
17111,47.0,2.0,476.58,4,3,2,432,9,Loyal Customers
17112,503.0,1.0,205.17,1,2,1,121,4,Hibernating/Lost
17113,574.0,6.0,2109.16,1,4,4,144,9,Can't Lose Them
17114,6.0,8.0,747.22,5,5,3,553,13,Champions
17115,8.0,7.0,2616.29,5,4,4,544,13,Champions
17116,648.0,1.0,389.78,1,2,2,122,5,Hibernating/Lost
17117,288.0,1.0,116.19999999999999,2,2,1,221,5,Hibernating/Lost
17118,318.0,1.0,157.02,2,2,1,221,5,Hibernating/Lost
17119,3.0,2.0,593.61,5,3,2,532,10,Loyal Customers
17120,233.0,1.0,307.46,2,2,2,222,6,Hibernating/Lost
17121,403.0,1.0,314.74,2,2,2,222,6,Hibernating/Lost
17122,119.0,4.0,570.5,3,4,2,342,9,Loyal Customers
17123,162.0,3.0,977.17,3,3,3,333,9,Loyal Customers
17124,185.0,1.0,298.89,3,2,2,322,7,Potential Loyalists
17125,50.0,1.0,259.35,4,2,1,421,7,New Customers
17126,152.0,9.0,2057.54,3,5,4,354,12,Loyal Customers
17127,429.0,5.0,1155.0300000000002,1,4,3,143,8,Can't Lose Them
17128,335.0,1.0,157.09,2,2,1,221,5,Hibernating/Lost
17129,520.0,1.0,31.85,1,2,1,121,4,Hibernating/Lost
17131,5.0,5.0,2463.17,5,4,4,544,13,Champions
17132,452.0,2.0,1272.8,1,3,4,134,8,At Risk
17133,16.0,12.0,12972.09,5,5,5,555,15,Champions
17134,107.0,3.0,637.1,3,3,3,333,9,Loyal Customers
17135,16.0,10.0,1943.24,5,5,4,554,14,Champions
17136,662.0,1.0,231.68,1,2,1,121,4,Hibernating/Lost
17137,416.0,6.0,1133.63,1,4,3,143,8,Can't Lose Them
17138,276.0,7.0,4417.27,2,4,5,245,11,Can't Lose Them
17139,16.0,25.0,19491.61,5,5,5,555,15,Champions
17140,247.0,1.0,465.32,2,2,2,222,6,Hibernating/Lost
17141,418.0,4.0,754.33,1,4,3,143,8,Can't Lose Them
17142,239.0,4.0,1283.75,2,4,4,244,10,Can't Lose Them
17143,417.0,2.0,924.11,1,3,3,133,7,At Risk
17144,1.0,2.0,984.57,5,3,3,533,11,Loyal Customers
17145,513.0,4.0,3014.64,1,4,5,145,10,Can't Lose Them
17146,106.0,13.0,5795.99,3,5,5,355,13,Loyal Customers
17147,23.0,9.0,3069.15,4,5,5,455,14,Champions
17148,52.0,1.0,124.88,4,2,1,421,7,New Customers
17149,451.0,1.0,143.10000000000002,1,2,1,121,4,Hibernating/Lost
17150,377.0,6.0,1375.65,2,4,4,244,10,Can't Lose Them
17151,735.0,1.0,231.90000000000003,1,2,1,121,4,Hibernating/Lost
17152,195.0,4.0,1830.5,2,4,4,244,10,Can't Lose Them
17153,24.0,1.0,213.78,4,2,1,421,7,New Customers
17154,75.0,1.0,329.34,3,2,2,322,7,Potential Loyalists
17155,18.0,7.0,892.46,5,4,3,543,12,Champions
17156,492.0,1.0,572.07,1,2,2,122,5,Hibernating/Lost
17157,8.0,19.0,5139.45,5,5,5,555,15,Champions
17158,32.0,5.0,1962.3,4,4,4,444,12,Champions
17159,22.0,5.0,2095.44,4,4,4,444,12,Champions
17160,31.0,17.0,10201.36,4,5,5,455,14,Champions
17161,444.0,1.0,856.01,1,2,3,123,6,Hibernating/Lost
17162,29.0,10.0,1707.21,4,5,4,454,13,Champions
17163,22.0,4.0,699.78,4,4,3,443,11,Champions
17164,33.0,7.0,2466.4,4,4,4,444,12,Champions
17165,284.0,6.0,1783.63,2,4,4,244,10,Can't Lose Them
17166,39.0,2.0,189.49,4,3,1,431,8,Loyal Customers
17167,380.0,3.0,867.11,2,3,3,233,8,At Risk
17168,499.0,1.0,400.2,1,2,2,122,5,Hibernating/Lost
17169,58.0,3.0,1129.8799999999999,4,3,3,433,10,Loyal Customers
17170,374.0,2.0,118.98,2,3,1,231,6,At Risk
17171,289.0,2.0,384.59,2,3,2,232,7,At Risk
17172,79.0,3.0,910.99,3,3,3,333,9,Loyal Customers
17173,5.0,8.0,3755.65,5,5,5,555,15,Champions
17174,218.0,1.0,59.9,2,2,1,221,5,Hibernating/Lost
17175,44.0,4.0,1430.94,4,4,4,444,12,Champions
17176,202.0,3.0,902.3199999999999,2,3,3,233,8,At Risk
17177,505.0,1.0,119.5,1,2,1,121,4,Hibernating/Lost
17178,731.0,1.0,436.71,1,2,2,122,5,Hibernating/Lost
17179,178.0,6.0,1507.26,3,4,4,344,11,Loyal Customers
17180,56.0,11.0,2236.33,4,5,4,454,13,Champions
17181,57.0,3.0,465.37,4,3,2,432,9,Loyal Customers
17182,423.0,2.0,321.3,1,3,2,132,6,At Risk
17183,8.0,6.0,3286.9100000000003,5,4,5,545,14,Champions
17184,569.0,2.0,198.41000000000003,1,3,1,131,5,At Risk
17185,592.0,3.0,229.46,1,3,1,131,5,At Risk
17186,47.0,2.0,144.0,4,3,1,431,8,Loyal Customers
17187,227.0,2.0,467.71,2,3,2,232,7,At Risk
17188,11.0,13.0,4361.83,5,5,5,555,15,Champions
17189,106.0,5.0,957.63,3,4,3,343,10,Loyal Customers
17190,59.0,7.0,1548.04,4,4,4,444,12,Champions
17191,28.0,15.0,4810.55,4,5,5,455,14,Champions
17192,536.0,1.0,77.83,1,2,1,121,4,Hibernating/Lost
17193,36.0,9.0,2254.6,4,5,4,454,13,Champions
17194,274.0,3.0,812.5,2,3,3,233,8,At Risk
17195,655.0,1.0,562.98,1,2,2,122,5,Hibernating/Lost
17196,428.0,1.0,352.9,1,2,2,122,5,Hibernating/Lost
17197,30.0,1.0,1013.01,4,2,3,423,9,New Customers
17198,24.0,3.0,1213.88,4,3,4,434,11,Loyal Customers
17199,582.0,1.0,145.12,1,2,1,121,4,Hibernating/Lost
17200,387.0,4.0,356.71,2,4,2,242,8,Can't Lose Them
17201,54.0,4.0,1226.44,4,4,4,444,12,Champions
17202,421.0,1.0,160.65,1,2,1,121,4,Hibernating/Lost
17203,36.0,10.0,5575.88,4,5,5,455,14,Champions
17204,175.0,9.0,5263.69,3,5,5,355,13,Loyal Customers
17205,54.0,3.0,999.35,4,3,3,433,10,Loyal Customers
17206,53.0,1.0,204.24,4,2,1,421,7,New Customers
17207,652.0,1.0,303.21999999999997,1,2,2,122,5,Hibernating/Lost
17208,396.0,1.0,115.35,2,2,1,221,5,Hibernating/Lost
17209,649.0,3.0,611.6,1,3,3,133,7,At Risk
17210,393.0,1.0,253.37,2,2,1,221,5,Hibernating/Lost
17211,27.0,13.0,4002.1,4,5,5,455,14,Champions
17212,253.0,3.0,794.41,2,3,3,233,8,At Risk
17213,40.0,13.0,5078.93,4,5,5,455,14,Champions
17214,60.0,6.0,984.12,3,4,3,343,10,Loyal Customers
17215,464.0,1.0,186.15,1,2,1,121,4,Hibernating/Lost
17216,554.0,1.0,65.05,1,2,1,121,4,Hibernating/Lost
17217,234.0,2.0,218.0,2,3,1,231,6,At Risk
17218,4.0,18.0,4192.68,5,5,5,555,15,Champions
17219,32.0,2.0,259.13,4,3,1,431,8,Loyal Customers
17220,24.0,21.0,4481.75,4,5,5,455,14,Champions
17221,7.0,5.0,978.52,5,4,3,543,12,Champions
17222,65.0,6.0,1605.01,3,4,4,344,11,Loyal Customers
17223,310.0,3.0,873.53,2,3,3,233,8,At Risk
17224,501.0,1.0,100.86,1,2,1,121,4,Hibernating/Lost
17225,582.0,1.0,131.15,1,2,1,121,4,Hibernating/Lost
17226,309.0,3.0,900.12,2,3,3,233,8,At Risk
17227,19.0,12.0,2022.03,5,5,4,554,14,Champions
17228,16.0,13.0,3177.24,5,5,5,555,15,Champions
17229,96.0,2.0,318.76,3,3,2,332,8,Loyal Customers
17230,264.0,18.0,9695.91,2,5,5,255,12,Can't Lose Them
17231,12.0,25.0,7091.07,5,5,5,555,15,Champions
17232,3.0,2.0,421.52,5,3,2,532,10,Loyal Customers
17233,35.0,3.0,560.86,4,3,2,432,9,Loyal Customers
17234,183.0,1.0,149.89000000000001,3,2,1,321,6,Potential Loyalists
17235,25.0,8.0,1904.8799999999999,4,5,4,454,13,Champions
17236,13.0,12.0,1929.26,5,5,4,554,14,Champions
17237,11.0,4.0,1002.08,5,4,3,543,12,Champions
17238,3.0,32.0,7783.1,5,5,5,555,15,Champions
17239,313.0,4.0,1174.15,2,4,3,243,9,Can't Lose Them
17240,596.0,1.0,130.6,1,2,1,121,4,Hibernating/Lost
17241,385.0,12.0,2744.14,2,5,4,254,11,Can't Lose Them
17242,108.0,5.0,2889.28,3,4,5,345,12,Loyal Customers
17243,1.0,69.0,20709.21,5,5,5,555,15,Champions
17244,53.0,5.0,1826.04,4,4,4,444,12,Champions
17245,205.0,2.0,371.63,2,3,2,232,7,At Risk
17246,547.0,2.0,38.92,1,3,1,131,5,At Risk
17247,15.0,1.0,282.19,5,2,2,522,9,New Customers
17248,120.0,2.0,546.16,3,3,2,332,8,Loyal Customers
17249,429.0,1.0,68.03,1,2,1,121,4,Hibernating/Lost
17250,4.0,2.0,384.52,5,3,2,532,10,Loyal Customers
17251,363.0,3.0,803.73,2,3,3,233,8,At Risk
17252,117.0,2.0,353.86,3,3,2,332,8,Loyal Customers
17253,18.0,1.0,178.26,5,2,1,521,8,New Customers
17254,5.0,3.0,470.73,5,3,2,532,10,Loyal Customers
17255,41.0,4.0,799.13,4,4,3,443,11,Champions
17256,107.0,5.0,498.93,3,4,2,342,9,Loyal Customers
17257,436.0,2.0,192.73,1,3,1,131,5,At Risk
17258,397.0,2.0,417.3,2,3,2,232,7,At Risk
17259,148.0,6.0,1889.34,3,4,4,344,11,Loyal Customers
17260,411.0,1.0,120.95,1,2,1,121,4,Hibernating/Lost
17261,510.0,1.0,230.44,1,2,1,121,4,Hibernating/Lost
17262,52.0,11.0,2757.62,4,5,4,454,13,Champions
17263,208.0,1.0,63.440000000000005,2,2,1,221,5,Hibernating/Lost
17264,424.0,1.0,279.59,1,2,2,122,5,Hibernating/Lost
17265,139.0,2.0,562.9,3,3,2,332,8,Loyal Customers
17266,2.0,5.0,517.73,5,4,2,542,11,Champions
17267,127.0,2.0,317.62,3,3,2,332,8,Loyal Customers
17268,108.0,11.0,1733.8899999999999,3,5,4,354,12,Loyal Customers
17269,386.0,1.0,537.46,2,2,2,222,6,Hibernating/Lost
17270,469.0,2.0,604.4,1,3,3,133,7,At Risk
17271,736.0,1.0,210.39,1,2,1,121,4,Hibernating/Lost
17272,42.0,4.0,2144.53,4,4,4,444,12,Champions
17273,424.0,1.0,141.12,1,2,1,121,4,Hibernating/Lost
17274,35.0,2.0,577.38,4,3,2,432,9,Loyal Customers
17275,383.0,1.0,114.52,2,2,1,221,5,Hibernating/Lost
17276,402.0,1.0,451.34000000000003,2,2,2,222,6,Hibernating/Lost
17277,228.0,2.0,1065.3500000000001,2,3,3,233,8,At Risk
17278,241.0,2.0,271.24,2,3,1,231,6,At Risk
17279,58.0,1.0,187.82999999999998,4,2,1,421,7,New Customers
17280,438.0,1.0,118.85999999999999,1,2,1,121,4,Hibernating/Lost
17281,374.0,6.0,797.8499999999999,2,4,3,243,9,Can't Lose Them
17282,130.0,5.0,2339.66,3,4,4,344,11,Loyal Customers
17283,379.0,1.0,188.46,2,2,1,221,5,Hibernating/Lost
17284,60.0,8.0,2328.22,3,5,4,354,12,Loyal Customers
17285,628.0,2.0,428.34,1,3,2,132,6,At Risk
17286,22.0,3.0,395.48,4,3,2,432,9,Loyal Customers
17287,26.0,21.0,4095.71,4,5,5,455,14,Champions
17288,9.0,11.0,2499.98,5,5,4,554,14,Champions
17289,32.0,9.0,2069.89,4,5,4,454,13,Champions
17290,4.0,8.0,1501.44,5,5,4,554,14,Champions
17291,308.0,1.0,550.8000000000001,2,2,2,222,6,Hibernating/Lost
17292,472.0,2.0,271.75,1,3,2,132,6,At Risk
17293,8.0,17.0,3774.23,5,5,5,555,15,Champions
17294,669.0,2.0,467.78999999999996,1,3,2,132,6,At Risk
17295,29.0,3.0,556.95,4,3,2,432,9,Loyal Customers
17296,730.0,1.0,338.13,1,2,2,122,5,Hibernating/Lost
17297,17.0,1.0,131.78,5,2,1,521,8,New Customers
17298,101.0,5.0,952.52,3,4,3,343,10,Loyal Customers
17299,12.0,6.0,1016.08,5,4,3,543,12,Champions
17300,391.0,2.0,393.64,2,3,2,232,7,At Risk
17301,21.0,2.0,330.43,4,3,2,432,9,Loyal Customers
17302,15.0,5.0,1119.93,5,4,3,543,12,Champions
17303,361.0,1.0,250.04,2,2,1,221,5,Hibernating/Lost
17304,534.0,1.0,111.5,1,2,1,121,4,Hibernating/Lost
17305,649.0,1.0,2135.46,1,2,4,124,7,Hibernating/Lost
17306,11.0,21.0,9751.77,5,5,5,555,15,Champions
17307,395.0,11.0,3225.67,2,5,5,255,12,Can't Lose Them
17308,393.0,2.0,4511.76,2,3,5,235,10,At Risk
17309,95.0,3.0,330.59000000000003,3,3,2,332,8,Loyal Customers
17310,387.0,2.0,1025.1,2,3,3,233,8,At Risk
17311,78.0,6.0,3490.66,3,4,5,345,12,Loyal Customers
17312,139.0,3.0,644.3,3,3,3,333,9,Loyal Customers
17313,31.0,1.0,2288.13,4,2,4,424,10,New Customers
17314,25.0,17.0,4514.7,4,5,5,455,14,Champions
17315,2.0,43.0,9558.55,5,5,5,555,15,Champions
17316,420.0,1.0,124.45,1,2,1,121,4,Hibernating/Lost
17317,46.0,3.0,2524.02,4,3,4,434,11,Loyal Customers
17318,725.0,1.0,164.28,1,2,1,121,4,Hibernating/Lost
17319,669.0,1.0,29.1,1,2,1,121,4,Hibernating/Lost
17320,100.0,6.0,2895.77,3,4,5,345,12,Loyal Customers
17321,8.0,6.0,1741.18,5,4,4,544,13,Champions
17322,376.0,5.0,900.64,2,4,3,243,9,Can't Lose Them
17323,15.0,12.0,1553.51,5,5,4,554,14,Champions
17324,18.0,12.0,2148.87,5,5,4,554,14,Champions
17325,280.0,3.0,609.5699999999999,2,3,3,233,8,At Risk
17326,408.0,2.0,321.95,2,3,2,232,7,At Risk
17327,410.0,2.0,152.35,2,3,1,231,6,At Risk
17328,673.0,1.0,104.7,1,2,1,121,4,Hibernating/Lost
17329,14.0,5.0,1004.4300000000001,5,4,3,543,12,Champions
17330,23.0,4.0,423.8,4,4,2,442,10,Champions
17331,124.0,1.0,175.2,3,2,1,321,6,Potential Loyalists
17332,528.0,5.0,838.27,1,4,3,143,8,Can't Lose Them
17333,86.0,1.0,494.25,3,2,2,322,7,Potential Loyalists
17334,302.0,3.0,634.73,2,3,3,233,8,At Risk
17335,384.0,2.0,508.0,2,3,2,232,7,At Risk
17336,472.0,1.0,81.12,1,2,1,121,4,Hibernating/Lost
17337,151.0,4.0,1944.32,3,4,4,344,11,Loyal Customers
17338,17.0,17.0,12036.57,5,5,5,555,15,Champions
17339,94.0,3.0,303.36,3,3,2,332,8,Loyal Customers
17340,30.0,18.0,21411.64,4,5,5,455,14,Champions
17341,157.0,5.0,1889.83,3,4,4,344,11,Loyal Customers
17342,380.0,4.0,1155.8400000000001,2,4,3,243,9,Can't Lose Them
17343,355.0,6.0,1259.94,2,4,4,244,10,Can't Lose Them
17344,46.0,2.0,454.61,4,3,2,432,9,Loyal Customers
17345,15.0,10.0,1484.3799999999999,5,5,4,554,14,Champions
17346,4.0,26.0,5258.02,5,5,5,555,15,Champions
17347,86.0,1.0,228.96,3,2,1,321,6,Potential Loyalists
17348,15.0,9.0,2476.41,5,5,4,554,14,Champions
17349,179.0,5.0,852.25,3,4,3,343,10,Loyal Customers
17350,8.0,7.0,1876.161,5,4,4,544,13,Champions
17351,36.0,12.0,1988.23,4,5,4,454,13,Champions
17352,696.0,1.0,36.25,1,2,1,121,4,Hibernating/Lost
17353,129.0,4.0,3155.55,3,4,5,345,12,Loyal Customers
17354,51.0,4.0,3143.46,4,4,5,445,13,Champions
17355,386.0,1.0,285.11,2,2,2,222,6,Hibernating/Lost
17356,312.0,5.0,946.47,2,4,3,243,9,Can't Lose Them
17357,24.0,2.0,388.14,4,3,2,432,9,Loyal Customers
17358,303.0,5.0,866.05,2,4,3,243,9,Can't Lose Them
17359,11.0,2.0,284.46,5,3,2,532,10,Loyal Customers
17360,17.0,6.0,1201.43,5,4,3,543,12,Champions
17361,49.0,5.0,880.64,4,4,3,443,11,Champions
17362,239.0,7.0,1010.54,2,4,3,243,9,Can't Lose Them
17363,395.0,3.0,940.86,2,3,3,233,8,At Risk
17364,1.0,28.0,11684.55,5,5,5,555,15,Champions
17365,13.0,15.0,8205.83,5,5,5,555,15,Champions
17366,432.0,2.0,1094.59,1,3,3,133,7,At Risk
17367,238.0,1.0,168.4,2,2,1,221,5,Hibernating/Lost
17368,23.0,14.0,2213.24,4,5,4,454,13,Champions
17369,456.0,1.0,979.1999999999999,1,2,3,123,6,Hibernating/Lost
17370,73.0,4.0,446.18,3,4,2,342,9,Loyal Customers
17371,17.0,6.0,662.55,5,4,3,543,12,Champions
17372,41.0,28.0,4325.43,4,5,5,455,14,Champions
17373,40.0,7.0,1167.5,4,4,3,443,11,Champions
17374,219.0,3.0,711.21,2,3,3,233,8,At Risk
17375,199.0,4.0,632.95,2,4,3,243,9,Can't Lose Them
17376,71.0,4.0,453.64,3,4,2,342,9,Loyal Customers
17377,24.0,78.0,17851.41,4,5,5,455,14,Champions
17378,374.0,1.0,0.0,2,2,1,221,5,Hibernating/Lost
17379,11.0,1.0,404.66,5,2,2,522,9,New Customers
17380,434.0,3.0,643.75,1,3,3,133,7,At Risk
17381,9.0,38.0,39999.19,5,5,5,555,15,Champions
17382,65.0,8.0,902.28,3,5,3,353,11,Loyal Customers
17383,4.0,2.0,309.99,5,3,2,532,10,Loyal Customers
17384,19.0,3.0,507.55,5,3,2,532,10,Loyal Customers
17385,15.0,1.0,261.11,5,2,1,521,8,New Customers
17386,8.0,7.0,2812.77,5,4,4,544,13,Champions
17387,20.0,2.0,784.11,4,3,3,433,10,Loyal Customers
17388,78.0,11.0,2691.57,3,5,4,354,12,Loyal Customers
17389,1.0,61.0,54587.03,5,5,5,555,15,Champions
17390,421.0,1.0,149.3,1,2,1,121,4,Hibernating/Lost
17391,164.0,2.0,508.8,3,3,2,332,8,Loyal Customers
17392,307.0,3.0,626.56,2,3,3,233,8,At Risk
17393,411.0,2.0,381.15,1,3,2,132,6,At Risk
17394,219.0,1.0,203.86999999999998,2,2,1,221,5,Hibernating/Lost
17395,508.0,1.0,97.5,1,2,1,121,4,Hibernating/Lost
17396,39.0,14.0,8529.6,4,5,5,455,14,Champions
17397,22.0,3.0,1233.18,4,3,4,434,11,Loyal Customers
17398,115.0,3.0,653.38,3,3,3,333,9,Loyal Customers
17400,126.0,8.0,4677.05,3,5,5,355,13,Loyal Customers
17401,541.0,1.0,114.85,1,2,1,121,4,Hibernating/Lost
17402,5.0,23.0,5047.08,5,5,5,555,15,Champions
17403,36.0,2.0,400.57,4,3,2,432,9,Loyal Customers
17404,4.0,23.0,46006.82,5,5,5,555,15,Champions
17405,1.0,3.0,967.22,5,3,3,533,11,Loyal Customers
17406,333.0,13.0,4592.1,2,5,5,255,12,Can't Lose Them
17407,412.0,1.0,552.9,1,2,2,122,5,Hibernating/Lost
17408,163.0,3.0,164.89000000000001,3,3,1,331,7,Loyal Customers
17409,185.0,10.0,7793.51,3,5,5,355,13,Loyal Customers
17410,16.0,5.0,1214.72,5,4,4,544,13,Champions
17411,12.0,5.0,1286.53,5,4,4,544,13,Champions
17412,3.0,16.0,4384.98,5,5,5,555,15,Champions
17413,405.0,2.0,560.14,2,3,2,232,7,At Risk
17414,44.0,6.0,2249.52,4,4,4,444,12,Champions
17415,80.0,1.0,507.84,3,2,2,322,7,Potential Loyalists
17416,30.0,22.0,17221.47,4,5,5,455,14,Champions
17417,549.0,1.0,164.18,1,2,1,121,4,Hibernating/Lost
17418,42.0,3.0,670.0600000000001,4,3,3,433,10,Loyal Customers
17419,11.0,18.0,6474.92,5,5,5,555,15,Champions
17420,50.0,6.0,1074.53,4,4,3,443,11,Champions
17421,386.0,3.0,1059.41,2,3,3,233,8,At Risk
17422,16.0,11.0,3341.65,5,5,5,555,15,Champions
17423,46.0,3.0,1084.17,4,3,3,433,10,Loyal Customers
17425,19.0,2.0,759.17,5,3,3,533,11,Loyal Customers
17426,8.0,13.0,7606.37,5,5,5,555,15,Champions
17427,72.0,1.0,100.8,3,2,1,321,6,Potential Loyalists
17428,1.0,45.0,31238.06,5,5,5,555,15,Champions
17429,128.0,5.0,1342.16,3,4,4,344,11,Loyal Customers
17430,33.0,4.0,735.17,4,4,3,443,11,Champions
17431,313.0,1.0,403.3,2,2,2,222,6,Hibernating/Lost
17432,18.0,9.0,1751.39,5,5,4,554,14,Champions
17433,88.0,2.0,569.96,3,3,2,332,8,Loyal Customers
17434,2.0,7.0,2333.42,5,4,4,544,13,Champions
17435,411.0,1.0,331.35,1,2,2,122,5,Hibernating/Lost
17436,2.0,5.0,521.31,5,4,2,542,11,Champions
17437,530.0,1.0,373.17,1,2,2,122,5,Hibernating/Lost
17438,254.0,5.0,1412.6200000000001,2,4,4,244,10,Can't Lose Them
17439,656.0,1.0,325.74,1,2,2,122,5,Hibernating/Lost
17440,157.0,4.0,314.26,3,4,2,342,9,Loyal Customers
17441,732.0,1.0,293.35,1,2,2,122,5,Hibernating/Lost
17442,37.0,15.0,4500.7,4,5,5,455,14,Champions
17443,220.0,1.0,534.24,2,2,2,222,6,Hibernating/Lost
17444,148.0,3.0,2940.04,3,3,5,335,11,Loyal Customers
17446,177.0,2.0,120.9,3,3,1,331,7,Loyal Customers
17447,40.0,2.0,541.53,4,3,2,432,9,Loyal Customers
17448,497.0,46.0,10192.73,1,5,5,155,11,Can't Lose Them
17449,2.0,13.0,4935.15,5,5,5,555,15,Champions
17450,8.0,51.0,233579.38999999998,5,5,5,555,15,Champions
17451,1.0,7.0,1648.95,5,4,4,544,13,Champions
17453,18.0,2.0,486.71999999999997,5,3,2,532,10,Loyal Customers
17454,192.0,10.0,1532.64,2,5,4,254,11,Can't Lose Them
17455,204.0,1.0,131.7,2,2,1,221,5,Hibernating/Lost
17456,365.0,2.0,1225.42,2,3,4,234,9,At Risk
17457,127.0,14.0,5799.01,3,5,5,355,13,Loyal Customers
17458,15.0,2.0,529.58,5,3,2,532,10,Loyal Customers
17459,43.0,2.0,657.3,4,3,3,433,10,Loyal Customers
17460,94.0,16.0,2007.4,3,5,4,354,12,Loyal Customers
17461,23.0,3.0,757.46,4,3,3,433,10,Loyal Customers
17462,60.0,2.0,662.94,3,3,3,333,9,Loyal Customers
17463,16.0,7.0,2537.91,5,4,4,544,13,Champions
17464,158.0,3.0,879.74,3,3,3,333,9,Loyal Customers
17465,426.0,7.0,2533.64,1,4,4,144,9,Can't Lose Them
17466,10.0,2.0,763.28,5,3,3,533,11,Loyal Customers
17467,395.0,1.0,102.6,2,2,1,221,5,Hibernating/Lost
17468,10.0,3.0,194.8,5,3,1,531,9,Loyal Customers
17469,16.0,17.0,4958.34,5,5,5,555,15,Champions
17470,45.0,11.0,2804.87,4,5,4,454,13,Champions
17471,475.0,1.0,321.65000000000003,1,2,2,122,5,Hibernating/Lost
17472,191.0,4.0,935.1,2,4,3,243,9,Can't Lose Them
17473,409.0,2.0,592.15,2,3,2,232,7,At Risk
17474,600.0,1.0,1047.0,1,2,3,123,6,Hibernating/Lost
17475,79.0,1.0,194.37,3,2,1,321,6,Potential Loyalists
17476,396.0,2.0,446.51,2,3,2,232,7,At Risk
17477,613.0,2.0,1079.0,1,3,3,133,7,At Risk
17478,408.0,2.0,1272.8,2,3,4,234,9,At Risk
17479,633.0,1.0,389.26000000000005,1,2,2,122,5,Hibernating/Lost
17480,78.0,2.0,896.72,3,3,3,333,9,Loyal Customers
17481,4.0,4.0,1249.34,5,4,4,544,13,Champions
17482,487.0,2.0,778.19,1,3,3,133,7,At Risk
17483,65.0,4.0,591.73,3,4,2,342,9,Loyal Customers
17484,576.0,2.0,209.57,1,3,1,131,5,At Risk
17486,261.0,1.0,396.87,2,2,2,222,6,Hibernating/Lost
17487,728.0,1.0,160.55,1,2,1,121,4,Hibernating/Lost
17488,641.0,1.0,336.5,1,2,2,122,5,Hibernating/Lost
17489,59.0,2.0,376.64,4,3,2,432,9,Loyal Customers
17490,1.0,9.0,2585.06,5,5,4,554,14,Champions
17491,1.0,17.0,5964.12,5,5,5,555,15,Champions
17492,248.0,3.0,1122.42,2,3,3,233,8,At Risk
17493,385.0,1.0,100.91000000000001,2,2,1,221,5,Hibernating/Lost
17494,502.0,1.0,54.699999999999996,1,2,1,121,4,Hibernating/Lost
17495,8.0,3.0,759.07,5,3,3,533,11,Loyal Customers
17496,359.0,4.0,1385.89,2,4,4,244,10,Can't Lose Them
17497,390.0,2.0,287.25,2,3,2,232,7,At Risk
17498,76.0,1.0,272.22,3,2,2,322,7,Potential Loyalists
17499,290.0,2.0,1296.84,2,3,4,234,9,At Risk
17500,17.0,3.0,1138.0,5,3,3,533,11,Loyal Customers
17501,221.0,2.0,288.6,2,3,2,232,7,At Risk
17502,9.0,4.0,689.1,5,4,3,543,12,Champions
17503,3.0,2.0,558.96,5,3,2,532,10,Loyal Customers
17504,206.0,18.0,9313.37,2,5,5,255,12,Can't Lose Them
17505,162.0,5.0,2435.48,3,4,4,344,11,Loyal Customers
17506,76.0,1.0,294.29,3,2,2,322,7,Potential Loyalists
17507,262.0,2.0,605.58,2,3,3,233,8,At Risk
17508,281.0,8.0,4546.78,2,5,5,255,12,Can't Lose Them
17509,58.0,8.0,6100.74,4,5,5,455,14,Champions
17510,25.0,2.0,514.56,4,3,2,432,9,Loyal Customers
17511,3.0,60.0,171885.98,5,5,5,555,15,Champions
17512,29.0,18.0,5432.27,4,5,5,455,14,Champions
17513,72.0,3.0,1158.8,3,3,3,333,9,Loyal Customers
17514,128.0,2.0,542.83,3,3,2,332,8,Loyal Customers
17515,31.0,9.0,1617.46,4,5,4,454,13,Champions
17516,15.0,6.0,957.55,5,4,3,543,12,Champions
17517,309.0,1.0,153.94,2,2,1,221,5,Hibernating/Lost
17518,426.0,2.0,329.42,1,3,2,132,6,At Risk
17519,17.0,15.0,5102.8,5,5,5,555,15,Champions
17520,54.0,1.0,546.81,4,2,2,422,8,New Customers
17521,30.0,5.0,1276.81,4,4,4,444,12,Champions
17522,2.0,5.0,1070.71,5,4,3,543,12,Champions
17523,11.0,4.0,652.74,5,4,3,543,12,Champions
17524,361.0,3.0,508.9,2,3,2,232,7,At Risk
17525,360.0,3.0,1161.9,2,3,3,233,8,At Risk
17526,5.0,12.0,3676.84,5,5,5,555,15,Champions
17527,54.0,4.0,888.86,4,4,3,443,11,Champions
17528,1.0,8.0,3540.1,5,5,5,555,15,Champions
17529,610.0,2.0,1240.25,1,3,4,134,8,At Risk
17530,1.0,12.0,3140.56,5,5,5,555,15,Champions
17531,190.0,3.0,1191.22,2,3,3,233,8,At Risk
17532,386.0,1.0,65.34,2,2,1,221,5,Hibernating/Lost
17533,435.0,1.0,34.8,1,2,1,121,4,Hibernating/Lost
17534,54.0,5.0,1668.83,4,4,4,444,12,Champions
17535,280.0,1.0,164.4,2,2,1,221,5,Hibernating/Lost
17536,177.0,3.0,364.83,3,3,2,332,8,Loyal Customers
17537,30.0,2.0,897.62,4,3,3,433,10,Loyal Customers
17538,26.0,1.0,98.42,4,2,1,421,7,New Customers
17539,618.0,4.0,1047.07,1,4,3,143,8,Can't Lose Them
17540,25.0,6.0,1582.1000000000001,4,4,4,444,12,Champions
17541,510.0,1.0,124.46,1,2,1,121,4,Hibernating/Lost
17542,270.0,3.0,341.7,2,3,2,232,7,At Risk
17543,550.0,1.0,120.05,1,2,1,121,4,Hibernating/Lost
17544,390.0,3.0,960.69,2,3,3,233,8,At Risk
17545,43.0,6.0,1448.54,4,4,4,444,12,Champions
17547,376.0,2.0,680.5500000000001,2,3,3,233,8,At Risk
17548,234.0,4.0,345.0,2,4,2,242,8,Can't Lose Them
17549,24.0,2.0,148.86,4,3,1,431,8,Loyal Customers
17550,197.0,9.0,2206.54,2,5,4,254,11,Can't Lose Them
17551,359.0,1.0,306.84,2,2,2,222,6,Hibernating/Lost
17552,60.0,12.0,3039.2,3,5,5,355,13,Loyal Customers
17553,130.0,4.0,3757.6,3,4,5,345,12,Loyal Customers
17554,1.0,5.0,1952.45,5,4,4,544,13,Champions
17555,20.0,5.0,1057.74,4,4,3,443,11,Champions
17556,206.0,2.0,300.67,2,3,2,232,7,At Risk
17557,14.0,4.0,575.46,5,4,2,542,11,Champions
17558,393.0,1.0,259.17,2,2,1,221,5,Hibernating/Lost
17559,513.0,1.0,167.62,1,2,1,121,4,Hibernating/Lost
17560,95.0,8.0,1895.8,3,5,4,354,12,Loyal Customers
17561,19.0,4.0,722.34,5,4,3,543,12,Champions
17562,14.0,7.0,1107.38,5,4,3,543,12,Champions
17563,578.0,2.0,309.28000000000003,1,3,2,132,6,At Risk
17564,24.0,3.0,454.01,4,3,2,432,9,Loyal Customers
17565,587.0,1.0,131.83,1,2,1,121,4,Hibernating/Lost
17566,8.0,2.0,901.21,5,3,3,533,11,Loyal Customers
17567,7.0,9.0,5037.11,5,5,5,555,15,Champions
17568,633.0,1.0,382.79,1,2,2,122,5,Hibernating/Lost
17569,332.0,1.0,344.14,2,2,2,222,6,Hibernating/Lost
17570,382.0,1.0,0.0,2,2,1,221,5,Hibernating/Lost
17571,50.0,5.0,1703.75,4,4,4,444,12,Champions
17572,71.0,10.0,723.01,3,5,3,353,11,Loyal Customers
17573,29.0,3.0,362.9,4,3,2,432,9,Loyal Customers
17574,243.0,1.0,185.65,2,2,1,221,5,Hibernating/Lost
17575,667.0,1.0,171.7,1,2,1,121,4,Hibernating/Lost
17576,8.0,41.0,8885.66,5,5,5,555,15,Champions
17577,645.0,2.0,348.75,1,3,2,132,6,At Risk
17578,218.0,7.0,1003.73,2,4,3,243,9,Can't Lose Them
17579,5.0,4.0,744.58,5,4,3,543,12,Champions
17580,253.0,5.0,545.27,2,4,2,242,8,Can't Lose Them
17581,1.0,43.0,18247.47,5,5,5,555,15,Champions
17582,236.0,5.0,1433.7,2,4,4,244,10,Can't Lose Them
17583,560.0,1.0,135.95,1,2,1,121,4,Hibernating/Lost
17584,7.0,6.0,5294.42,5,4,5,545,14,Champions
17585,109.0,7.0,2093.3,3,4,4,344,11,Loyal Customers
17586,619.0,1.0,167.4,1,2,1,121,4,Hibernating/Lost
17587,628.0,1.0,181.66,1,2,1,121,4,Hibernating/Lost
17588,100.0,7.0,2901.65,3,4,5,345,12,Loyal Customers
17589,60.0,18.0,13904.82,3,5,5,355,13,Loyal Customers
17590,2.0,3.0,1479.22,5,3,4,534,12,Loyal Customers
17591,73.0,8.0,2765.7200000000003,3,5,4,354,12,Loyal Customers
17592,739.0,1.0,0.0,1,2,1,121,4,Hibernating/Lost
17593,4.0,11.0,8044.0,5,5,5,555,15,Champions
17594,85.0,4.0,2497.88,3,4,4,344,11,Loyal Customers
17595,12.0,2.0,388.79,5,3,2,532,10,Loyal Customers
17596,23.0,13.0,4907.32,4,5,5,455,14,Champions
17597,214.0,5.0,3425.29,2,4,5,245,11,Can't Lose Them
17598,381.0,1.0,409.98,2,2,2,222,6,Hibernating/Lost
17599,478.0,1.0,44.55,1,2,1,121,4,Hibernating/Lost
17600,18.0,1.0,161.67000000000002,5,2,1,521,8,New Customers
17601,239.0,2.0,421.48,2,3,2,232,7,At Risk
17602,2.0,14.0,7337.43,5,5,5,555,15,Champions
17603,78.0,4.0,120.01000000000002,3,4,1,341,8,Loyal Customers
17604,217.0,6.0,945.9300000000001,2,4,3,243,9,Can't Lose Them
17605,590.0,1.0,160.75,1,2,1,121,4,Hibernating/Lost
17606,737.0,1.0,87.30000000000001,1,2,1,121,4,Hibernating/Lost
17607,376.0,1.0,333.81,2,2,2,222,6,Hibernating/Lost
17608,33.0,4.0,498.53,4,4,2,442,10,Champions
17609,41.0,11.0,1758.99,4,5,4,454,13,Champions
17610,540.0,5.0,1427.84,1,4,4,144,9,Can't Lose Them
17611,7.0,28.0,8205.38,5,5,5,555,15,Champions
17612,53.0,18.0,5156.14,4,5,5,455,14,Champions
17613,23.0,14.0,4509.37,4,5,5,455,14,Champions
17614,57.0,1.0,390.07,4,2,2,422,8,New Customers
17615,130.0,6.0,725.7,3,4,3,343,10,Loyal Customers
17616,174.0,4.0,1060.8,3,4,3,343,10,Loyal Customers
17617,559.0,1.0,237.28,1,2,1,121,4,Hibernating/Lost
17618,6.0,11.0,4047.94,5,5,5,555,15,Champions
17619,312.0,1.0,218.52,2,2,1,221,5,Hibernating/Lost
17620,60.0,1.0,81.44,3,2,1,321,6,Potential Loyalists
17621,21.0,6.0,3029.32,4,4,5,445,13,Champions
17622,598.0,2.0,1125.17,1,3,3,133,7,At Risk
17623,33.0,7.0,2383.67,4,4,4,444,12,Champions
17624,15.0,4.0,1568.63,5,4,4,544,13,Champions
17625,18.0,8.0,6067.8,5,5,5,555,15,Champions
17626,603.0,1.0,254.0,1,2,1,121,4,Hibernating/Lost
17627,479.0,1.0,285.11,1,2,2,122,5,Hibernating/Lost
17628,81.0,1.0,75.75,3,2,1,321,6,Potential Loyalists
17629,6.0,10.0,2425.52,5,5,4,554,14,Champions
17630,170.0,2.0,503.59999999999997,3,3,2,332,8,Loyal Customers
17631,2.0,7.0,998.49,5,4,3,543,12,Champions
17633,31.0,7.0,1974.89,4,4,4,444,12,Champions
17634,36.0,9.0,2361.9700000000003,4,5,4,454,13,Champions
17635,424.0,3.0,1256.83,1,3,4,134,8,At Risk
17636,19.0,1.0,265.93,5,2,1,521,8,New Customers
17637,31.0,2.0,547.0600000000001,4,3,2,432,9,Loyal Customers
17638,647.0,2.0,842.4,1,3,3,133,7,At Risk
17639,276.0,6.0,615.17,2,4,3,243,9,Can't Lose Them
17640,87.0,6.0,3107.59,3,4,5,345,12,Loyal Customers
17642,120.0,5.0,1824.49,3,4,4,344,11,Loyal Customers
17643,373.0,2.0,541.25,2,3,2,232,7,At Risk
17644,1.0,20.0,5864.54,5,5,5,555,15,Champions
17646,219.0,12.0,4094.1600000000003,2,5,5,255,12,Can't Lose Them
17647,65.0,3.0,331.65999999999997,3,3,2,332,8,Loyal Customers
17648,61.0,5.0,2208.42,3,4,4,344,11,Loyal Customers
17649,138.0,3.0,1542.44,3,3,4,334,10,Loyal Customers
17650,21.0,1.0,166.08,4,2,1,421,7,New Customers
17651,12.0,16.0,5632.59,5,5,5,555,15,Champions
17652,25.0,12.0,4737.13,4,5,5,455,14,Champions
17653,37.0,4.0,1175.88,4,4,3,443,11,Champions
17654,277.0,1.0,117.55,2,2,1,221,5,Hibernating/Lost
17655,11.0,9.0,3585.28,5,5,5,555,15,Champions
17656,73.0,5.0,1674.69,3,4,4,344,11,Loyal Customers
17657,430.0,1.0,126.0,1,2,1,121,4,Hibernating/Lost
17658,26.0,2.0,485.88,4,3,2,432,9,Loyal Customers
17659,17.0,14.0,3784.13,5,5,5,555,15,Champions
17660,141.0,2.0,359.47,3,3,2,332,8,Loyal Customers
17662,662.0,2.0,412.92,1,3,2,132,6,At Risk
17663,26.0,17.0,5081.04,4,5,5,455,14,Champions
17664,19.0,4.0,1166.23,5,4,3,543,12,Champions
17665,493.0,1.0,563.1,1,2,2,122,5,Hibernating/Lost
17666,4.0,5.0,2047.8,5,4,4,544,13,Champions
17667,66.0,9.0,3883.8,3,5,5,355,13,Loyal Customers
17668,1.0,2.0,347.75,5,3,2,532,10,Loyal Customers
17669,43.0,10.0,6142.35,4,5,5,455,14,Champions
17670,228.0,1.0,205.7,2,2,1,221,5,Hibernating/Lost
17671,16.0,5.0,2114.71,5,4,4,544,13,Champions
17672,50.0,7.0,5707.08,4,4,5,445,13,Champions
17673,2.0,13.0,4216.33,5,5,5,555,15,Champions
17674,74.0,2.0,851.7,3,3,3,333,9,Loyal Customers
17675,1.0,70.0,37605.840000000004,5,5,5,555,15,Champions
17676,4.0,10.0,2722.52,5,5,4,554,14,Champions
17677,2.0,54.0,35866.63,5,5,5,555,15,Champions
17678,264.0,2.0,579.81,2,3,2,232,7,At Risk
17679,53.0,7.0,3166.56,4,4,5,445,13,Champions
17680,24.0,3.0,462.5,4,3,2,432,9,Loyal Customers
17681,597.0,5.0,529.6,1,4,2,142,7,Can't Lose Them
17682,10.0,11.0,4441.78,5,5,5,555,15,Champions
17683,386.0,3.0,819.01,2,3,3,233,8,At Risk
17684,44.0,1.0,239.41,4,2,1,421,7,New Customers
17685,17.0,12.0,5928.17,5,5,5,555,15,Champions
17686,7.0,9.0,8296.81,5,5,5,555,15,Champions
17687,421.0,1.0,432.68,1,2,2,122,5,Hibernating/Lost
17688,394.0,1.0,286.5,2,2,2,222,6,Hibernating/Lost
17689,388.0,2.0,317.08,2,3,2,232,7,At Risk
17690,30.0,20.0,7438.6,4,5,5,455,14,Champions
17691,358.0,4.0,769.85,2,4,3,243,9,Can't Lose Them
17692,127.0,12.0,2962.4,3,5,5,355,13,Loyal Customers
17693,137.0,1.0,187.02,3,2,1,321,6,Potential Loyalists
17694,142.0,3.0,1695.97,3,3,4,334,10,Loyal Customers
17695,132.0,5.0,1720.54,3,4,4,344,11,Loyal Customers
17696,38.0,27.0,7380.89,4,5,5,455,14,Champions
17697,236.0,1.0,338.95,2,2,2,222,6,Hibernating/Lost
17698,261.0,1.0,154.95,2,2,1,221,5,Hibernating/Lost
17699,477.0,2.0,442.0,1,3,2,132,6,At Risk
17700,17.0,14.0,6630.87,5,5,5,555,15,Champions
17701,253.0,1.0,417.95,2,2,2,222,6,Hibernating/Lost
17702,30.0,6.0,2911.79,4,4,5,445,13,Champions
17703,35.0,4.0,1094.84,4,4,3,443,11,Champions
17704,169.0,2.0,885.19,3,3,3,333,9,Loyal Customers
17705,3.0,11.0,2041.5,5,5,4,554,14,Champions
17706,4.0,31.0,19543.9,5,5,5,555,15,Champions
17707,185.0,8.0,605.0500000000001,3,5,3,353,11,Loyal Customers
17708,188.0,4.0,887.9300000000001,3,4,3,343,10,Loyal Customers
17709,170.0,5.0,671.01,3,4,3,343,10,Loyal Customers
17710,424.0,1.0,293.5,1,2,2,122,5,Hibernating/Lost
17711,11.0,2.0,385.1,5,3,2,532,10,Loyal Customers
17712,45.0,1.0,522.91,4,2,2,422,8,New Customers
17713,382.0,4.0,1198.09,2,4,3,243,9,Can't Lose Them
17714,321.0,5.0,1376.58,2,4,4,244,10,Can't Lose Them
17715,201.0,2.0,489.59999999999997,2,3,2,232,7,At Risk
17716,23.0,24.0,15671.32,4,5,5,455,14,Champions
17717,421.0,1.0,376.92,1,2,2,122,5,Hibernating/Lost
17718,232.0,2.0,386.98,2,3,2,232,7,At Risk
17719,38.0,15.0,5367.8,4,5,5,455,14,Champions
17720,26.0,10.0,2715.06,4,5,4,454,13,Champions
17721,659.0,1.0,307.21000000000004,1,2,2,122,5,Hibernating/Lost
17722,96.0,5.0,4386.96,3,4,5,345,12,Loyal Customers
17723,127.0,7.0,3378.4000000000005,3,4,5,345,12,Loyal Customers
17724,71.0,3.0,995.6500000000001,3,3,3,333,9,Loyal Customers
17725,16.0,11.0,3371.13,5,5,5,555,15,Champions
17726,395.0,7.0,1089.56,2,4,3,243,9,Can't Lose Them
17727,15.0,1.0,1042.55,5,2,3,523,10,New Customers
17728,4.0,5.0,3861.13,5,4,5,545,14,Champions
17729,596.0,1.0,438.65000000000003,1,2,2,122,5,Hibernating/Lost
17730,3.0,20.0,7757.35,5,5,5,555,15,Champions
17731,79.0,6.0,1347.08,3,4,4,344,11,Loyal Customers
17732,373.0,8.0,2448.14,2,5,4,254,11,Can't Lose Them
17733,39.0,2.0,692.19,4,3,3,433,10,Loyal Customers
17734,54.0,6.0,1442.32,4,4,4,444,12,Champions
17735,2.0,26.0,17162.58,5,5,5,555,15,Champions
17736,9.0,3.0,337.49,5,3,2,532,10,Loyal Customers
17737,9.0,2.0,168.24,5,3,1,531,9,Loyal Customers
17738,19.0,13.0,4145.36,5,5,5,555,15,Champions
17739,12.0,18.0,7718.14,5,5,5,555,15,Champions
17740,389.0,6.0,426.9,2,4,2,242,8,Can't Lose Them
17741,407.0,2.0,101.1,2,3,1,231,6,At Risk
17742,113.0,11.0,2098.48,3,5,4,354,12,Loyal Customers
17743,448.0,1.0,208.85,1,2,1,121,4,Hibernating/Lost
17744,4.0,7.0,2617.82,5,4,4,544,13,Champions
17745,478.0,2.0,600.34,1,3,2,132,6,At Risk
17746,240.0,4.0,873.4300000000001,2,4,3,243,9,Can't Lose Them
17747,113.0,1.0,64.65,3,2,1,321,6,Potential Loyalists
17748,527.0,1.0,358.15,1,2,2,122,5,Hibernating/Lost
17749,178.0,3.0,1026.18,3,3,3,333,9,Loyal Customers
17750,5.0,9.0,1797.57,5,5,4,554,14,Champions
17751,421.0,1.0,157.85999999999999,1,2,1,121,4,Hibernating/Lost
17752,359.0,1.0,80.64,2,2,1,221,5,Hibernating/Lost
17753,464.0,4.0,388.06,1,4,2,142,7,Can't Lose Them
17754,1.0,13.0,4509.39,5,5,5,555,15,Champions
17756,376.0,3.0,733.7,2,3,3,233,8,At Risk
17757,1.0,56.0,9342.84,5,5,5,555,15,Champions
17758,19.0,12.0,5012.53,5,5,5,555,15,Champions
17759,17.0,5.0,1276.91,5,4,4,544,13,Champions
17760,22.0,6.0,911.68,4,4,3,443,11,Champions
17761,33.0,1.0,712.78,4,2,3,423,9,New Customers
17762,456.0,1.0,129.75,1,2,1,121,4,Hibernating/Lost
17763,263.0,4.0,51.15,2,4,1,241,7,Can't Lose Them
17764,51.0,5.0,1623.64,4,4,4,444,12,Champions
17765,159.0,4.0,530.8,3,4,2,342,9,Loyal Customers
17766,381.0,2.0,299.61,2,3,2,232,7,At Risk
17767,15.0,2.0,413.05,5,3,2,532,10,Loyal Customers
17768,8.0,7.0,3504.56,5,4,5,545,14,Champions
17769,13.0,17.0,6994.66,5,5,5,555,15,Champions
17770,199.0,5.0,1143.27,2,4,3,243,9,Can't Lose Them
17771,57.0,4.0,387.41,4,4,2,442,10,Champions
17772,11.0,3.0,384.77,5,3,2,532,10,Loyal Customers
17773,514.0,2.0,585.27,1,3,2,132,6,At Risk
17774,97.0,9.0,2945.7,3,5,5,355,13,Loyal Customers
17775,255.0,1.0,56.4,2,2,1,221,5,Hibernating/Lost
17776,387.0,2.0,331.81,2,3,2,232,7,At Risk
17777,25.0,3.0,665.86,4,3,3,433,10,Loyal Customers
17778,662.0,1.0,197.70000000000002,1,2,1,121,4,Hibernating/Lost
17779,21.0,3.0,642.17,4,3,3,433,10,Loyal Customers
17780,667.0,3.0,352.91,1,3,2,132,6,At Risk
17781,159.0,2.0,188.02,3,3,1,331,7,Loyal Customers
17782,383.0,2.0,679.02,2,3,3,233,8,At Risk
17783,72.0,3.0,379.91,3,3,2,332,8,Loyal Customers
17784,550.0,1.0,112.86,1,2,1,121,4,Hibernating/Lost
17785,53.0,3.0,403.38,4,3,2,432,9,Loyal Customers
17786,85.0,2.0,278.74,3,3,2,332,8,Loyal Customers
17787,153.0,4.0,2601.4700000000003,3,4,4,344,11,Loyal Customers
17788,74.0,2.0,1117.9,3,3,3,333,9,Loyal Customers
17789,281.0,2.0,397.15,2,3,2,232,7,At Risk
17790,27.0,20.0,2783.61,4,5,4,454,13,Champions
17791,30.0,1.0,106.1,4,2,1,421,7,New Customers
17792,467.0,2.0,370.05,1,3,2,132,6,At Risk
17793,25.0,1.0,323.04,4,2,2,422,8,New Customers
17794,687.0,2.0,147.3,1,3,1,131,5,At Risk
17795,180.0,2.0,350.39,3,3,2,332,8,Loyal Customers
17796,40.0,7.0,1361.99,4,4,4,444,12,Champions
17797,22.0,8.0,1985.87,4,5,4,454,13,Champions
17798,582.0,1.0,183.09,1,2,1,121,4,Hibernating/Lost
17799,22.0,20.0,6216.74,4,5,5,455,14,Champions
17800,37.0,9.0,1199.01,4,5,3,453,12,Champions
17801,451.0,3.0,795.78,1,3,3,133,7,At Risk
17802,82.0,10.0,4915.84,3,5,5,355,13,Loyal Customers
17803,392.0,1.0,184.66,2,2,1,221,5,Hibernating/Lost
17804,376.0,3.0,380.13,2,3,2,232,7,At Risk
17805,74.0,2.0,927.03,3,3,3,333,9,Loyal Customers
17806,11.0,1.0,546.04,5,2,2,522,9,New Customers
17807,395.0,3.0,437.87,2,3,2,232,7,At Risk
17808,549.0,4.0,262.64,1,4,1,141,6,Can't Lose Them
17809,16.0,20.0,10498.85,5,5,5,555,15,Champions
17810,669.0,2.0,344.86,1,3,2,132,6,At Risk
17811,4.0,47.0,9448.53,5,5,5,555,15,Champions
17812,13.0,7.0,1165.8899999999999,5,4,3,543,12,Champions
17813,14.0,5.0,1714.6,5,4,4,544,13,Champions
17814,375.0,2.0,1617.32,2,3,4,234,9,At Risk
17815,393.0,1.0,591.96,2,2,2,222,6,Hibernating/Lost
17816,37.0,6.0,112.32,4,4,1,441,9,Champions
17817,4.0,6.0,801.15,5,4,3,543,12,Champions
17818,738.0,1.0,130.18,1,2,1,121,4,Hibernating/Lost
17819,72.0,12.0,6568.719999999999,3,5,5,355,13,Loyal Customers
17820,374.0,1.0,159.51,2,2,1,221,5,Hibernating/Lost
17821,406.0,1.0,334.62,2,2,2,222,6,Hibernating/Lost
17822,420.0,5.0,2188.5,1,4,4,144,9,Can't Lose Them
17823,421.0,2.0,494.25,1,3,2,132,6,At Risk
17824,51.0,1.0,298.4,4,2,2,422,8,New Customers
17825,599.0,4.0,731.96,1,4,3,143,8,Can't Lose Them
17826,374.0,1.0,134.59,2,2,1,221,5,Hibernating/Lost
17827,5.0,6.0,2381.3,5,4,4,544,13,Champions
17828,23.0,4.0,1599.97,4,4,4,444,12,Champions
17829,299.0,5.0,4680.42,2,4,5,245,11,Can't Lose Them
17830,2.0,3.0,398.7,5,3,2,532,10,Loyal Customers
17831,33.0,1.0,35.400000000000006,4,2,1,421,7,New Customers
17832,50.0,1.0,155.37,4,2,1,421,7,New Customers
17833,723.0,1.0,342.36,1,2,2,122,5,Hibernating/Lost
17834,415.0,2.0,730.47,1,3,3,133,7,At Risk
17835,3.0,3.0,350.64,5,3,2,532,10,Loyal Customers
17836,47.0,1.0,110.21000000000001,4,2,1,421,7,New Customers
17837,42.0,8.0,1560.53,4,5,4,454,13,Champions
17838,27.0,13.0,6239.55,4,5,5,455,14,Champions
17839,42.0,1.0,338.8,4,2,2,422,8,New Customers
17840,444.0,1.0,185.72,1,2,1,121,4,Hibernating/Lost
17841,2.0,211.0,69516.19,5,5,5,555,15,Champions
17842,602.0,1.0,430.69,1,2,2,122,5,Hibernating/Lost
17843,303.0,2.0,326.23,2,3,2,232,7,At Risk
17844,107.0,1.0,51.559999999999995,3,2,1,321,6,Potential Loyalists
17845,555.0,4.0,598.19,1,4,2,142,7,Can't Lose Them
17846,85.0,1.0,2033.1,3,2,4,324,9,Potential Loyalists
17847,516.0,2.0,129.69,1,3,1,131,5,At Risk
17848,81.0,30.0,3638.15,3,5,5,355,13,Loyal Customers
17849,218.0,8.0,1063.76,2,5,3,253,10,Can't Lose Them
17850,372.0,155.0,55703.130000000005,2,5,5,255,12,Can't Lose Them
17851,422.0,6.0,1563.34,1,4,4,144,9,Can't Lose Them
17852,12.0,5.0,663.21,5,4,3,543,12,Champions
17853,407.0,3.0,1608.19,2,3,4,234,9,At Risk
17854,185.0,6.0,1071.45,3,4,3,343,10,Loyal Customers
17855,373.0,1.0,417.94,2,2,2,222,6,Hibernating/Lost
17856,2.0,4.0,1393.79,5,4,4,544,13,Champions
17857,4.0,24.0,28566.54,5,5,5,555,15,Champions
17858,6.0,30.0,12723.3,5,5,5,555,15,Champions
17859,305.0,1.0,148.21,2,2,1,221,5,Hibernating/Lost
17860,369.0,4.0,1015.54,2,4,3,243,9,Can't Lose Them
17861,3.0,18.0,5064.59,5,5,5,555,15,Champions
17862,324.0,4.0,1279.09,2,4,4,244,10,Can't Lose Them
17863,59.0,12.0,5745.2,4,5,5,455,14,Champions
17864,13.0,5.0,924.32,5,4,3,543,12,Champions
17865,31.0,46.0,25649.05,4,5,5,455,14,Champions
17866,143.0,3.0,1131.0,3,3,3,333,9,Loyal Customers
17867,30.0,15.0,895.78,4,5,3,453,12,Champions
17868,386.0,1.0,234.65,2,2,1,221,5,Hibernating/Lost
17869,107.0,7.0,1036.16,3,4,3,343,10,Loyal Customers
17870,2.0,13.0,3103.2,5,5,5,555,15,Champions
17871,205.0,5.0,1118.99,2,4,3,243,9,Can't Lose Them
17872,382.0,1.0,235.87,2,2,1,221,5,Hibernating/Lost
17873,80.0,18.0,6229.56,3,5,5,355,13,Loyal Customers
17874,185.0,6.0,658.26,3,4,3,343,10,Loyal Customers
17875,688.0,1.0,167.1,1,2,1,121,4,Hibernating/Lost
17876,400.0,3.0,3424.02,2,3,5,235,10,At Risk
17877,170.0,1.0,237.61,3,2,1,321,6,Potential Loyalists
17878,44.0,3.0,1412.33,4,3,4,434,11,Loyal Customers
17879,174.0,1.0,178.51999999999998,3,2,1,321,6,Potential Loyalists
17880,365.0,3.0,824.9200000000001,2,3,3,233,8,At Risk
17881,304.0,1.0,133.35000000000002,2,2,1,221,5,Hibernating/Lost
17882,379.0,2.0,313.46,2,3,2,232,7,At Risk
17883,3.0,7.0,979.95,5,4,3,543,12,Champions
17884,4.0,20.0,3028.89,5,5,5,555,15,Champions
17885,12.0,1.0,190.19,5,2,1,521,8,New Customers
17886,32.0,6.0,1598.43,4,4,4,444,12,Champions
17887,129.0,1.0,111.35,3,2,1,321,6,Potential Loyalists
17888,21.0,25.0,1318.9,4,5,4,454,13,Champions
17889,212.0,7.0,774.87,2,4,3,243,9,Can't Lose Them
17890,323.0,2.0,602.09,2,3,3,233,8,At Risk
17891,162.0,1.0,203.85999999999999,3,2,1,321,6,Potential Loyalists
17892,56.0,3.0,244.1,4,3,1,431,8,Loyal Customers
17893,225.0,1.0,112.25,2,2,1,221,5,Hibernating/Lost
17894,72.0,18.0,2397.66,3,5,4,354,12,Loyal Customers
17895,44.0,1.0,98.0,4,2,1,421,7,New Customers
17896,23.0,1.0,256.32,4,2,1,421,7,New Customers
17897,173.0,9.0,2534.0,3,5,4,354,12,Loyal Customers
17898,85.0,4.0,299.18,3,4,2,342,9,Loyal Customers
17899,159.0,1.0,155.8,3,2,1,321,6,Potential Loyalists
17900,190.0,2.0,15.0,2,3,1,231,6,At Risk
17901,29.0,3.0,260.08,4,3,1,431,8,Loyal Customers
17902,547.0,1.0,216.39999999999998,1,2,1,121,4,Hibernating/Lost
17903,394.0,1.0,381.09000000000003,2,2,2,222,6,Hibernating/Lost
17904,21.0,1.0,178.92,4,2,1,421,7,New Customers
17905,71.0,13.0,2374.22,3,5,4,354,12,Loyal Customers
17906,247.0,1.0,72.9,2,2,1,221,5,Hibernating/Lost
17907,641.0,1.0,291.76,1,2,2,122,5,Hibernating/Lost
17908,374.0,5.0,1357.89,2,4,4,244,10,Can't Lose Them
17909,737.0,1.0,132.55,1,2,1,121,4,Hibernating/Lost
17910,726.0,1.0,261.7,1,2,1,121,4,Hibernating/Lost
17911,9.0,1.0,366.23,5,2,2,522,9,New Customers
17912,310.0,6.0,360.1,2,4,2,242,8,Can't Lose Them
17913,59.0,14.0,3479.64,4,5,5,455,14,Champions
17914,4.0,1.0,336.43,5,2,2,522,9,New Customers
17915,551.0,1.0,242.13,1,2,1,121,4,Hibernating/Lost
17916,629.0,2.0,43.87,1,3,1,131,5,At Risk
17917,45.0,3.0,341.28,4,3,2,432,9,Loyal Customers
17918,501.0,3.0,396.39,1,3,2,132,6,At Risk
17919,88.0,2.0,1840.32,3,3,4,334,10,Loyal Customers
17920,4.0,54.0,24509.91,5,5,5,555,15,Champions
17921,64.0,10.0,2383.35,3,5,4,354,12,Loyal Customers
17922,543.0,1.0,170.4,1,2,1,121,4,Hibernating/Lost
17923,282.0,3.0,497.0,2,3,2,232,7,At Risk
17924,12.0,8.0,3445.28,5,5,5,555,15,Champions
17925,373.0,1.0,488.16,2,2,2,222,6,Hibernating/Lost
17926,133.0,5.0,1035.49,3,4,3,343,10,Loyal Customers
17927,722.0,1.0,294.0,1,2,2,122,5,Hibernating/Lost
17928,45.0,3.0,341.24,4,3,2,432,9,Loyal Customers
17929,11.0,12.0,3073.6,5,5,5,555,15,Champions
17930,36.0,13.0,4242.92,4,5,5,455,14,Champions
17931,134.0,14.0,3305.96,3,5,5,355,13,Loyal Customers
17932,29.0,3.0,1331.57,4,3,4,434,11,Loyal Customers
17933,632.0,1.0,114.69,1,2,1,121,4,Hibernating/Lost
17934,52.0,3.0,1049.15,4,3,3,433,10,Loyal Customers
17935,138.0,7.0,655.54,3,4,3,343,10,Loyal Customers
17936,5.0,1.0,389.84,5,2,2,522,9,New Customers
17937,9.0,7.0,4301.22,5,4,5,545,14,Champions
17938,420.0,1.0,144.29,1,2,1,121,4,Hibernating/Lost
17939,160.0,1.0,99.14,3,2,1,321,6,Potential Loyalists
17940,49.0,16.0,26960.02,4,5,5,455,14,Champions
17941,131.0,4.0,1433.28,3,4,4,344,11,Loyal Customers
17942,8.0,1.0,77.50000000000001,5,2,1,521,8,New Customers
17944,423.0,1.0,75.41,1,2,1,121,4,Hibernating/Lost
17945,697.0,3.0,360.35,1,3,2,132,6,At Risk
17946,233.0,2.0,149.57999999999998,2,3,1,231,6,At Risk
17947,37.0,1.0,176.68,4,2,1,421,7,New Customers
17948,147.0,1.0,358.56000000000006,3,2,2,322,7,Potential Loyalists
17949,1.0,118.0,98895.59,5,5,5,555,15,Champions
17950,72.0,7.0,1412.65,3,4,4,344,11,Loyal Customers
17951,40.0,4.0,1618.38,4,4,4,444,12,Champions
17952,378.0,4.0,819.61,2,4,3,243,9,Can't Lose Them
17953,540.0,1.0,160.82,1,2,1,121,4,Hibernating/Lost
17954,5.0,19.0,3831.56,5,5,5,555,15,Champions
17955,199.0,6.0,949.9,2,4,3,243,9,Can't Lose Them
17956,249.0,1.0,12.75,2,2,1,221,5,Hibernating/Lost
17957,66.0,1.0,111.68,3,2,1,321,6,Potential Loyalists
17958,117.0,2.0,973.88,3,3,3,333,9,Loyal Customers
17959,592.0,1.0,140.75,1,2,1,121,4,Hibernating/Lost
17960,171.0,3.0,135.08,3,3,1,331,7,Loyal Customers
17961,21.0,100.0,2979.09,4,5,5,455,14,Champions
17962,142.0,4.0,673.02,3,4,3,343,10,Loyal Customers
17963,471.0,4.0,651.51,1,4,3,143,8,Can't Lose Them
17964,32.0,2.0,733.46,4,3,3,433,10,Loyal Customers
17965,38.0,29.0,7117.78,4,5,5,455,14,Champions
17966,38.0,10.0,1974.42,4,5,4,454,13,Champions
17967,372.0,2.0,357.28999999999996,2,3,2,232,7,At Risk
17968,374.0,4.0,888.04,2,4,3,243,9,Can't Lose Them
17969,166.0,20.0,2251.19,3,5,4,354,12,Loyal Customers
17970,211.0,1.0,582.59,2,2,2,222,6,Hibernating/Lost
17971,548.0,1.0,161.94,1,2,1,121,4,Hibernating/Lost
17972,242.0,1.0,136.04,2,2,1,221,5,Hibernating/Lost
17973,52.0,1.0,337.04,4,2,2,422,8,New Customers
17974,25.0,6.0,1858.06,4,4,4,444,12,Champions
17975,15.0,24.0,6927.68,5,5,5,555,15,Champions
17976,372.0,1.0,706.38,2,2,3,223,7,Hibernating/Lost
17977,29.0,2.0,1507.73,4,3,4,434,11,Loyal Customers
17978,365.0,4.0,1461.76,2,4,4,244,10,Can't Lose Them
17979,36.0,4.0,737.81,4,4,3,443,11,Champions
17980,166.0,4.0,1033.42,3,4,3,343,10,Loyal Customers
17981,411.0,1.0,239.12,1,2,1,121,4,Hibernating/Lost
17982,681.0,1.0,138.18,1,2,1,121,4,Hibernating/Lost
17983,395.0,1.0,171.71,2,2,1,221,5,Hibernating/Lost
17984,145.0,5.0,1191.27,3,4,3,343,10,Loyal Customers
17985,22.0,1.0,634.95,4,2,3,423,9,New Customers
17986,56.0,1.0,20.8,4,2,1,421,7,New Customers
17987,185.0,5.0,928.12,3,4,3,343,10,Loyal Customers
17988,12.0,14.0,479.59,5,5,2,552,12,Champions
17989,379.0,1.0,228.82999999999998,2,2,1,221,5,Hibernating/Lost
17990,237.0,6.0,1522.5700000000002,2,4,4,244,10,Can't Lose Them
17991,225.0,3.0,320.55,2,3,2,232,7,At Risk
17992,389.0,1.0,254.13,2,2,1,221,5,Hibernating/Lost
17993,617.0,1.0,235.19,1,2,1,121,4,Hibernating/Lost
17994,122.0,11.0,2262.87,3,5,4,354,12,Loyal Customers
17995,282.0,3.0,495.48,2,3,2,232,7,At Risk
17996,380.0,3.0,482.33,2,3,2,232,7,At Risk
17997,74.0,8.0,1511.3,3,5,4,354,12,Loyal Customers
17998,380.0,3.0,601.74,2,3,3,233,8,At Risk
17999,37.0,3.0,730.9,4,3,3,433,10,Loyal Customers
18000,564.0,1.0,124.25,1,2,1,121,4,Hibernating/Lost
18001,12.0,6.0,953.84,5,4,3,543,12,Champions
18002,376.0,4.0,249.92,2,4,1,241,7,Can't Lose Them
18003,376.0,1.0,358.61,2,2,2,222,6,Hibernating/Lost
18004,362.0,1.0,169.47,2,2,1,221,5,Hibernating/Lost
18005,4.0,2.0,249.72,5,3,1,531,9,Loyal Customers
18006,23.0,4.0,997.86,4,4,3,443,11,Champions
18007,393.0,1.0,220.32,2,2,1,221,5,Hibernating/Lost
18008,70.0,23.0,19787.13,3,5,5,355,13,Loyal Customers
18009,235.0,8.0,2077.08,2,5,4,254,11,Can't Lose Them
18010,257.0,1.0,174.8,2,2,1,221,5,Hibernating/Lost
18011,373.0,2.0,527.03,2,3,2,232,7,At Risk
18012,723.0,1.0,115.3,1,2,1,121,4,Hibernating/Lost
18013,155.0,2.0,187.29,3,3,1,331,7,Loyal Customers
18014,28.0,1.0,166.42,4,2,1,421,7,New Customers
18015,4.0,1.0,120.03,5,2,1,521,8,New Customers
18016,32.0,7.0,1960.46,4,4,4,444,12,Champions
18017,81.0,4.0,688.0,3,4,3,343,10,Loyal Customers
18018,108.0,4.0,156.69,3,4,1,341,8,Loyal Customers
18019,52.0,1.0,38.45,4,2,1,421,7,New Customers
18020,544.0,1.0,129.28,1,2,1,121,4,Hibernating/Lost
18021,510.0,2.0,227.06,1,3,1,131,5,At Risk
18022,36.0,5.0,1651.79,4,4,4,444,12,Champions
18024,153.0,2.0,236.77999999999997,3,3,1,331,7,Loyal Customers
18025,380.0,6.0,1177.72,2,4,3,243,9,Can't Lose Them
18026,501.0,2.0,2074.07,1,3,4,134,8,At Risk
18027,99.0,1.0,115.31,3,2,1,321,6,Potential Loyalists
18028,583.0,1.0,192.05,1,2,1,121,4,Hibernating/Lost
18029,642.0,1.0,433.77,1,2,2,122,5,Hibernating/Lost
18030,4.0,2.0,220.7,5,3,1,531,9,Loyal Customers
18031,379.0,1.0,462.09999999999997,2,2,2,222,6,Hibernating/Lost
18032,334.0,1.0,73.5,2,2,1,221,5,Hibernating/Lost
18033,65.0,1.0,97.97,3,2,1,321,6,Potential Loyalists
18034,22.0,3.0,793.7,4,3,3,433,10,Loyal Customers
18035,36.0,5.0,1276.74,4,4,4,444,12,Champions
18036,32.0,11.0,1563.6399999999999,4,5,4,454,13,Champions
18037,154.0,15.0,167.42,3,5,1,351,9,Loyal Customers
18038,556.0,1.0,149.41,1,2,1,121,4,Hibernating/Lost
18039,374.0,4.0,579.17,2,4,2,242,8,Can't Lose Them
18040,19.0,2.0,357.20000000000005,5,3,2,532,10,Loyal Customers
18041,12.0,38.0,8669.65,5,5,5,555,15,Champions
18042,54.0,2.0,281.15,4,3,2,432,9,Loyal Customers
18043,25.0,3.0,875.97,4,3,3,433,10,Loyal Customers
18044,4.0,18.0,3502.66,5,5,5,555,15,Champions
18045,45.0,1.0,189.4,4,2,1,421,7,New Customers
18046,650.0,1.0,189.63,1,2,1,121,4,Hibernating/Lost
18047,381.0,2.0,342.69,2,3,2,232,7,At Risk
18048,203.0,3.0,401.73,2,3,2,232,7,At Risk
18049,437.0,2.0,556.52,1,3,2,132,6,At Risk
18050,359.0,2.0,412.06,2,3,2,232,7,At Risk
18051,634.0,7.0,2275.98,1,4,4,144,9,Can't Lose Them
18052,565.0,1.0,10877.18,1,2,5,125,8,Hibernating/Lost
18053,71.0,3.0,527.77,3,3,2,332,8,Loyal Customers
18054,393.0,1.0,176.5,2,2,1,221,5,Hibernating/Lost
18055,7.0,14.0,11163.52,5,5,5,555,15,Champions
18056,288.0,2.0,539.75,2,3,2,232,7,At Risk
18057,393.0,3.0,1203.56,2,3,3,233,8,At Risk
18058,10.0,3.0,774.06,5,3,3,533,11,Loyal Customers
18059,23.0,3.0,296.71,4,3,2,432,9,Loyal Customers
18060,408.0,2.0,1185.46,2,3,3,233,8,At Risk
18061,22.0,28.0,6480.47,4,5,5,455,14,Champions
18062,173.0,6.0,1523.3700000000001,3,4,4,344,11,Loyal Customers
18063,391.0,2.0,186.60000000000002,2,3,1,231,6,At Risk
18064,133.0,11.0,4441.18,3,5,5,355,13,Loyal Customers
18065,6.0,29.0,5836.88,5,5,5,555,15,Champions
18066,75.0,3.0,1440.4,3,3,4,334,10,Loyal Customers
18067,40.0,1.0,396.33,4,2,2,422,8,New Customers
18068,289.0,1.0,101.69999999999999,2,2,1,221,5,Hibernating/Lost
18069,26.0,11.0,4525.71,4,5,5,455,14,Champions
18070,669.0,1.0,307.75,1,2,2,122,5,Hibernating/Lost
18071,258.0,6.0,1428.63,2,4,4,244,10,Can't Lose Them
18072,186.0,1.0,-5.329070518200751e-15,3,2,1,321,6,Potential Loyalists
18073,114.0,12.0,3864.44,3,5,5,355,13,Loyal Customers
18074,374.0,2.0,1509.04,2,3,4,234,9,At Risk
18075,23.0,20.0,5579.91,4,5,5,455,14,Champions
18076,380.0,1.0,151.49,2,2,1,221,5,Hibernating/Lost
18077,8.0,18.0,4338.56,5,5,5,555,15,Champions
18078,217.0,4.0,844.6,2,4,3,243,9,Can't Lose Them
18079,45.0,5.0,4242.75,4,4,5,445,13,Champions
18080,19.0,2.0,1231.5,5,3,4,534,12,Loyal Customers
18081,36.0,3.0,343.45,4,3,2,432,9,Loyal Customers
18082,26.0,1.0,703.37,4,2,3,423,9,New Customers
18083,398.0,1.0,470.72999999999996,2,2,2,222,6,Hibernating/Lost
18084,16.0,3.0,193.72999999999996,5,3,1,531,9,Loyal Customers
18085,330.0,4.0,1645.75,2,4,4,244,10,Can't Lose Them
18086,274.0,1.0,101.34,2,2,1,221,5,Hibernating/Lost
18087,98.0,17.0,14411.619999999999,3,5,5,355,13,Loyal Customers
18088,61.0,1.0,167.67000000000002,3,2,1,321,6,Potential Loyalists
18089,447.0,1.0,428.45,1,2,2,122,5,Hibernating/Lost
18090,422.0,1.0,349.4,1,2,2,122,5,Hibernating/Lost
18091,593.0,1.0,360.85,1,2,2,122,5,Hibernating/Lost
18092,2.0,18.0,16173.19,5,5,5,555,15,Champions
18093,93.0,8.0,4429.61,3,5,5,355,13,Loyal Customers
18094,82.0,13.0,6322.62,3,5,5,355,13,Loyal Customers
18095,313.0,5.0,2303.09,2,4,4,244,10,Can't Lose Them
18096,12.0,6.0,1805.28,5,4,4,544,13,Champions
18097,8.0,11.0,4652.17,5,5,5,555,15,Champions
18098,396.0,1.0,550.84,2,2,2,222,6,Hibernating/Lost
18099,127.0,1.0,168.31,3,2,1,321,6,Potential Loyalists
18100,550.0,1.0,451.56,1,2,2,122,5,Hibernating/Lost
18101,11.0,5.0,629.16,5,4,3,543,12,Champions
18102,1.0,145.0,598215.22,5,5,5,555,15,Champions
18103,549.0,1.0,105.8,1,2,1,121,4,Hibernating/Lost
18104,37.0,1.0,754.64,4,2,3,423,9,New Customers
18105,38.0,1.0,113.48000000000002,4,2,1,421,7,New Customers
18106,330.0,6.0,1461.46,2,4,4,244,10,Can't Lose Them
18107,442.0,1.0,167.13,1,2,1,121,4,Hibernating/Lost
18108,254.0,3.0,842.46,2,3,3,233,8,At Risk
18109,2.0,38.0,9754.66,5,5,5,555,15,Champions
18110,20.0,2.0,405.18,4,3,2,432,9,Loyal Customers
18111,589.0,1.0,398.9,1,2,2,122,5,Hibernating/Lost
18112,12.0,4.0,775.96,5,4,3,543,12,Champions
18113,369.0,1.0,152.64000000000001,2,2,1,221,5,Hibernating/Lost
18114,290.0,1.0,220.1,2,2,1,221,5,Hibernating/Lost
18115,698.0,1.0,9.700000000000001,1,2,1,121,4,Hibernating/Lost
18116,68.0,13.0,2154.3,3,5,4,354,12,Loyal Customers
18117,26.0,1.0,320.72,4,2,2,422,8,New Customers
18118,11.0,29.0,6670.07,5,5,5,555,15,Champions
18119,368.0,1.0,362.24,2,2,2,222,6,Hibernating/Lost
18120,214.0,1.0,111.15,2,2,1,221,5,Hibernating/Lost
18121,149.0,2.0,673.1,3,3,3,333,9,Loyal Customers
18122,8.0,6.0,1826.21,5,4,4,544,13,Champions
18123,24.0,3.0,684.59,4,3,3,433,10,Loyal Customers
18124,472.0,1.0,111.53,1,2,1,121,4,Hibernating/Lost
18125,30.0,4.0,1141.34,4,4,3,443,11,Champions
18126,61.0,1.0,206.82999999999998,3,2,1,321,6,Potential Loyalists
18127,19.0,4.0,561.53,5,4,2,542,11,Champions
18128,537.0,1.0,420.04,1,2,2,122,5,Hibernating/Lost
18129,243.0,1.0,112.55000000000001,2,2,1,221,5,Hibernating/Lost
18130,15.0,3.0,1045.74,5,3,3,533,11,Loyal Customers
18131,632.0,1.0,222.95999999999998,1,2,1,121,4,Hibernating/Lost
18132,504.0,1.0,226.9,1,2,1,121,4,Hibernating/Lost
18133,212.0,1.0,715.4999999999999,2,2,3,223,7,Hibernating/Lost
18134,598.0,2.0,445.0,1,3,2,132,6,At Risk
18135,29.0,10.0,1229.22,4,5,4,454,13,Champions
18136,63.0,5.0,1531.71,3,4,4,344,11,Loyal Customers
18137,551.0,2.0,145.99,1,3,1,131,5,At Risk
18138,295.0,1.0,152.65,2,2,1,221,5,Hibernating/Lost
18139,18.0,6.0,8393.22,5,4,5,545,14,Champions
18140,474.0,1.0,536.41,1,2,2,122,5,Hibernating/Lost
18141,402.0,2.0,838.57,2,3,3,233,8,At Risk
18142,157.0,2.0,1014.9,3,3,3,333,9,Loyal Customers
18143,117.0,2.0,1000.16,3,3,3,333,9,Loyal Customers
18144,8.0,19.0,5058.0,5,5,5,555,15,Champions
18145,13.0,11.0,5600.09,5,5,5,555,15,Champions
18146,141.0,2.0,160.35000000000002,3,3,1,331,7,Loyal Customers
18147,46.0,2.0,179.33999999999997,4,3,1,431,8,Loyal Customers
18148,647.0,1.0,114.10000000000001,1,2,1,121,4,Hibernating/Lost
18149,51.0,7.0,1624.71,4,4,4,444,12,Champions
18150,32.0,3.0,566.58,4,3,2,432,9,Loyal Customers
18151,135.0,6.0,1853.94,3,4,4,344,11,Loyal Customers
18152,646.0,1.0,426.69,1,2,2,122,5,Hibernating/Lost
18153,659.0,1.0,246.22,1,2,1,121,4,Hibernating/Lost
18154,3.0,5.0,932.6,5,4,3,543,12,Champions
18155,75.0,3.0,347.82,3,3,2,332,8,Loyal Customers
18156,13.0,2.0,941.1700000000001,5,3,3,533,11,Loyal Customers
18157,571.0,1.0,215.35,1,2,1,121,4,Hibernating/Lost
18158,9.0,2.0,451.75,5,3,2,532,10,Loyal Customers
18159,301.0,1.0,530.15,2,2,2,222,6,Hibernating/Lost
18160,57.0,3.0,1003.88,4,3,3,433,10,Loyal Customers
18161,15.0,6.0,1797.2,5,4,4,544,13,Champions
18162,732.0,1.0,379.16,1,2,2,122,5,Hibernating/Lost
18163,584.0,1.0,639.34,1,2,3,123,6,Hibernating/Lost
18164,37.0,1.0,394.7,4,2,2,422,8,New Customers
18165,177.0,1.0,302.46000000000004,3,2,2,322,7,Potential Loyalists
18166,624.0,1.0,175.5,1,2,1,121,4,Hibernating/Lost
18167,23.0,3.0,1355.51,4,3,4,434,11,Loyal Customers
18168,176.0,16.0,3670.12,3,5,5,355,13,Loyal Customers
18169,61.0,1.0,202.65,3,2,1,321,6,Potential Loyalists
18170,33.0,9.0,2878.0,4,5,4,454,13,Champions
18171,59.0,9.0,2414.51,4,5,4,454,13,Champions
18172,15.0,52.0,17301.83,5,5,5,555,15,Champions
18173,87.0,5.0,2696.36,3,4,4,344,11,Loyal Customers
18174,7.0,2.0,162.5,5,3,1,531,9,Loyal Customers
18175,676.0,1.0,176.1,1,2,1,121,4,Hibernating/Lost
18176,358.0,1.0,448.65,2,2,2,222,6,Hibernating/Lost
18177,31.0,9.0,2189.62,4,5,4,454,13,Champions
18178,129.0,11.0,6054.49,3,5,5,355,13,Loyal Customers
18179,9.0,8.0,2547.55,5,5,4,554,14,Champions
18180,5.0,6.0,1843.75,5,4,4,544,13,Champions
18181,24.0,5.0,1184.21,4,4,3,443,11,Champions
18182,463.0,1.0,291.13,1,2,2,122,5,Hibernating/Lost
18183,227.0,2.0,600.52,2,3,2,232,7,At Risk
18184,15.0,1.0,49.8,5,2,1,521,8,New Customers
18185,249.0,1.0,304.25,2,2,2,222,6,Hibernating/Lost
18186,723.0,1.0,329.58,1,2,2,122,5,Hibernating/Lost
18187,632.0,1.0,682.19,1,2,3,123,6,Hibernating/Lost
18188,15.0,6.0,3263.19,5,4,5,545,14,Champions
18189,78.0,3.0,1396.58,3,3,4,334,10,Loyal Customers
18190,192.0,5.0,735.6700000000001,2,4,3,243,9,Can't Lose Them
18191,262.0,2.0,529.4,2,3,2,232,7,At Risk
18192,72.0,1.0,957.97,3,2,3,323,8,Potential Loyalists
18193,165.0,3.0,1155.7,3,3,3,333,9,Loyal Customers
18194,82.0,6.0,4084.2000000000003,3,4,5,345,12,Loyal Customers
18195,387.0,1.0,101.16,2,2,1,221,5,Hibernating/Lost
18196,95.0,4.0,1464.31,3,4,4,344,11,Loyal Customers
18197,576.0,1.0,221.4,1,2,1,121,4,Hibernating/Lost
18198,4.0,17.0,5083.06,5,5,5,555,15,Champions
18199,684.0,1.0,342.2,1,2,2,122,5,Hibernating/Lost
18200,106.0,1.0,163.8,3,2,1,321,6,Potential Loyalists
18201,723.0,1.0,447.53000000000003,1,2,2,122,5,Hibernating/Lost
18202,200.0,3.0,1396.99,2,3,4,234,9,At Risk
18203,157.0,4.0,504.42,3,4,2,342,9,Loyal Customers
18204,71.0,3.0,1979.3,3,3,4,334,10,Loyal Customers
18205,36.0,2.0,517.36,4,3,2,432,9,Loyal Customers
18206,553.0,1.0,314.65999999999997,1,2,2,122,5,Hibernating/Lost
18207,499.0,1.0,505.12,1,2,2,122,5,Hibernating/Lost
18208,566.0,1.0,360.08,1,2,2,122,5,Hibernating/Lost
18209,29.0,1.0,139.10000000000002,4,2,1,421,7,New Customers
18210,2.0,7.0,2768.83,5,4,4,544,13,Champions
18211,26.0,5.0,600.07,4,4,2,442,10,Champions
18212,326.0,2.0,546.72,2,3,2,232,7,At Risk
18213,237.0,1.0,232.48000000000002,2,2,1,221,5,Hibernating/Lost
18214,531.0,4.0,1480.99,1,4,4,144,9,Can't Lose Them
18215,89.0,5.0,2238.9900000000002,3,4,4,344,11,Loyal Customers
18216,31.0,1.0,481.75,4,2,2,422,8,New Customers
18217,29.0,4.0,902.8,4,4,3,443,11,Champions
18218,211.0,4.0,1106.3,2,4,3,243,9,Can't Lose Them
18219,3.0,17.0,3507.39,5,5,5,555,15,Champions
18220,227.0,6.0,1771.7,2,4,4,244,10,Can't Lose Them
18221,22.0,6.0,1370.34,4,4,4,444,12,Champions
18222,93.0,1.0,443.0,3,2,2,322,7,Potential Loyalists
18223,5.0,26.0,13497.58,5,5,5,555,15,Champions
18224,264.0,1.0,158.95000000000002,2,2,1,221,5,Hibernating/Lost
18225,3.0,26.0,12650.91,5,5,5,555,15,Champions
18226,44.0,26.0,11748.58,4,5,5,455,14,Champions
18227,218.0,2.0,93.75,2,3,1,231,6,At Risk
18228,57.0,2.0,769.2,4,3,3,433,10,Loyal Customers
18229,12.0,28.0,10803.710000000001,5,5,5,555,15,Champions
18230,9.0,9.0,4190.71,5,5,5,555,15,Champions
18231,192.0,28.0,6848.17,2,5,5,255,12,Can't Lose Them
18232,82.0,4.0,582.47,3,4,2,342,9,Loyal Customers
18233,326.0,1.0,440.0,2,2,2,222,6,Hibernating/Lost
18234,552.0,1.0,179.6,1,2,1,121,4,Hibernating/Lost
18235,72.0,3.0,1796.48,3,3,4,334,10,Loyal Customers
18236,30.0,12.0,1795.3500000000001,4,5,4,454,13,Champions
18237,3.0,5.0,987.1,5,4,3,543,12,Champions
18238,515.0,1.0,270.92,1,2,1,121,4,Hibernating/Lost
18239,219.0,6.0,2150.36,2,4,4,244,10,Can't Lose Them
18240,46.0,1.0,422.58,4,2,2,422,8,New Customers
18241,10.0,21.0,2954.09,5,5,5,555,15,Champions
18242,72.0,8.0,3605.21,3,5,5,355,13,Loyal Customers
18243,414.0,1.0,515.78,1,2,2,122,5,Hibernating/Lost
18244,431.0,2.0,568.64,1,3,2,132,6,At Risk
18245,7.0,20.0,6236.2300000000005,5,5,5,555,15,Champions
18246,24.0,3.0,758.8199999999999,4,3,3,433,10,Loyal Customers
18247,415.0,3.0,721.43,1,3,3,133,7,At Risk
18248,123.0,2.0,783.02,3,3,3,333,9,Loyal Customers
18249,17.0,1.0,95.34,5,2,1,521,8,New Customers
18250,310.0,1.0,342.92,2,2,2,222,6,Hibernating/Lost
18251,87.0,9.0,26278.86,3,5,5,355,13,Loyal Customers
18252,51.0,7.0,1465.59,4,4,4,444,12,Champions
18253,643.0,1.0,317.88,1,2,2,122,5,Hibernating/Lost
18254,581.0,1.0,267.9,1,2,1,121,4,Hibernating/Lost
18255,89.0,2.0,303.15,3,3,2,332,8,Loyal Customers
18256,388.0,1.0,60.599999999999994,2,2,1,221,5,Hibernating/Lost
18257,39.0,12.0,4496.8,4,5,5,455,14,Champions
18258,464.0,6.0,2040.97,1,4,4,144,9,Can't Lose Them
18259,25.0,7.0,4318.200000000001,4,4,5,445,13,Champions
18260,173.0,23.0,9751.95,3,5,5,355,13,Loyal Customers
18261,43.0,2.0,324.24,4,3,2,432,9,Loyal Customers
18262,140.0,3.0,577.54,3,3,2,332,8,Loyal Customers
18263,26.0,3.0,1211.08,4,3,4,434,11,Loyal Customers
18264,499.0,1.0,603.25,1,2,3,123,6,Hibernating/Lost
18265,72.0,2.0,801.51,3,3,3,333,9,Loyal Customers
18266,434.0,1.0,251.1,1,2,1,121,4,Hibernating/Lost
18267,673.0,1.0,252.87,1,2,1,121,4,Hibernating/Lost
18268,134.0,6.0,1451.22,3,4,4,344,11,Loyal Customers
18269,366.0,1.0,307.5,2,2,2,222,6,Hibernating/Lost
18270,38.0,3.0,400.35,4,3,2,432,9,Loyal Customers
18271,610.0,2.0,680.85,1,3,3,133,7,At Risk
18272,3.0,9.0,4347.33,5,5,5,555,15,Champions
18273,2.0,4.0,357.0,5,4,2,542,11,Champions
18274,30.0,1.0,1.7763568394002505e-15,4,2,1,421,7,New Customers
18275,578.0,2.0,741.85,1,3,3,133,7,At Risk
18276,44.0,6.0,1620.67,4,4,4,444,12,Champions
18277,58.0,5.0,1111.38,4,4,3,443,11,Champions
18278,74.0,2.0,414.20000000000005,3,3,2,332,8,Loyal Customers
18279,519.0,1.0,231.33999999999997,1,2,1,121,4,Hibernating/Lost
18280,278.0,2.0,472.45000000000005,2,3,2,232,7,At Risk
18281,181.0,2.0,201.14,3,3,1,331,7,Loyal Customers
18282,8.0,2.0,176.6,5,3,1,531,9,Loyal Customers
18283,4.0,22.0,2736.65,5,5,4,554,14,Champions
18284,432.0,1.0,436.68,1,2,2,122,5,Hibernating/Lost
18285,661.0,1.0,427.0,1,2,2,122,5,Hibernating/Lost
18286,477.0,2.0,1188.43,1,3,3,133,7,At Risk
18287,43.0,7.0,4177.89,4,4,5,445,13,Champions
